# Blender 4.0.1
# www.blender.org
mtllib bicep.mtl
o arm_assembly_v7
v -1.600000 1.265000 -0.139788
v -1.600000 1.230859 -0.136426
v -1.600000 1.198030 -0.126467
v -1.600000 1.167775 -0.110295
v -1.600000 1.141256 -0.088532
v -1.600000 1.119493 -0.062013
v -1.600000 1.103321 -0.031758
v -1.600000 1.093363 0.001071
v -1.600000 1.090000 0.035212
v -1.600000 1.093363 0.069353
v -1.600000 1.103321 0.102182
v -1.600000 1.119493 0.132437
v -1.600000 1.141256 0.158956
v -1.600000 1.167775 0.180719
v -1.600000 1.198030 0.196891
v -1.600000 1.230859 0.206849
v -1.600000 1.265000 0.210212
v -1.600000 1.299141 0.206849
v -1.600000 1.331970 0.196891
v -1.600000 1.362225 0.180719
v -1.600000 1.388744 0.158956
v -1.600000 1.410507 0.132437
v -1.600000 1.426679 0.102182
v -1.600000 1.436637 0.069353
v -1.600000 1.440000 0.035212
v -1.600000 1.436637 0.001071
v -1.600000 1.426679 -0.031758
v -1.600000 1.410507 -0.062013
v -1.600000 1.388744 -0.088532
v -1.600000 1.362225 -0.110295
v -1.600000 1.331970 -0.126467
v -1.600000 1.299141 -0.136426
v -1.551450 1.265000 -0.091238
v -1.551450 1.294161 -0.087830
v -1.551450 1.321751 -0.077788
v -1.551450 1.346280 -0.061654
v -1.551450 1.366429 -0.040299
v -1.551450 1.381109 -0.014872
v -1.551450 1.389529 0.013254
v -1.551450 1.391236 0.042564
v -1.551450 1.386138 0.071478
v -1.551450 1.374509 0.098437
v -1.551450 1.356976 0.121987
v -1.551450 1.334485 0.140859
v -1.551450 1.308248 0.154036
v -1.551450 1.279680 0.160807
v -1.551450 1.250320 0.160807
v -1.551450 1.221752 0.154036
v -1.551450 1.195515 0.140859
v -1.551450 1.173024 0.121987
v -1.551450 1.155491 0.098437
v -1.551450 1.143862 0.071478
v -1.551450 1.138764 0.042564
v -1.551450 1.140471 0.013254
v -1.551450 1.148892 -0.014872
v -1.551450 1.163572 -0.040299
v -1.551450 1.183720 -0.061654
v -1.551450 1.208249 -0.077788
v -1.551450 1.235839 -0.087830
v -0.200000 1.265000 -0.091238
v -0.200000 1.294161 -0.087830
v -0.200000 1.321751 -0.077788
v -0.200000 1.346280 -0.061654
v -0.200000 1.366429 -0.040299
v -0.200000 1.381109 -0.014872
v -0.200000 1.389529 0.013254
v -0.200000 1.391236 0.042564
v -0.200000 1.386138 0.071478
v -0.200000 1.374509 0.098437
v -0.200000 1.356976 0.121987
v -0.200000 1.334485 0.140859
v -0.200000 1.308248 0.154036
v -0.200000 1.279680 0.160807
v -0.200000 1.250320 0.160807
v -0.200000 1.221752 0.154036
v -0.200000 1.195515 0.140859
v -0.200000 1.173024 0.121987
v -0.200000 1.155491 0.098437
v -0.200000 1.143862 0.071478
v -0.200000 1.138764 0.042564
v -0.200000 1.140471 0.013254
v -0.200000 1.148892 -0.014872
v -0.200000 1.163572 -0.040299
v -0.200000 1.183720 -0.061654
v -0.200000 1.208249 -0.077788
v -0.200000 1.235839 -0.087830
v -1.100967 1.265000 0.161662
v -0.650483 1.265000 0.161662
v -1.100967 1.250320 -0.090383
v -0.650483 1.250320 -0.090383
v -0.650483 1.279680 -0.090383
v -1.100967 1.279680 -0.090383
v -1.100967 1.221752 -0.083612
v -0.650483 1.221752 -0.083612
v -1.100967 1.195515 -0.070436
v -0.650483 1.195515 -0.070436
v -1.100967 1.173024 -0.051563
v -0.650483 1.173024 -0.051563
v -1.100967 1.155491 -0.028013
v -0.650483 1.155491 -0.028013
v -1.100967 1.143862 -0.001054
v -0.650483 1.143862 -0.001054
v -1.100967 1.138764 0.027859
v -0.650483 1.138764 0.027859
v -1.100967 1.140471 0.057170
v -0.650483 1.140471 0.057170
v -1.100967 1.148892 0.085296
v -0.650483 1.148892 0.085296
v -1.100967 1.163572 0.110723
v -0.650483 1.163572 0.110723
v -1.100967 1.183720 0.132078
v -0.650483 1.183720 0.132078
v -1.100967 1.208249 0.148212
v -0.650483 1.208249 0.148212
v -1.100967 1.235839 0.158253
v -0.650483 1.235839 0.158253
v -1.100967 1.294161 0.158253
v -0.650483 1.294161 0.158253
v -1.100967 1.321751 0.148212
v -0.650483 1.321751 0.148212
v -1.100967 1.346280 0.132078
v -0.650483 1.346280 0.132078
v -1.100967 1.366429 0.110723
v -0.650483 1.366429 0.110723
v -1.100967 1.381109 0.085296
v -0.650483 1.381109 0.085296
v -1.100967 1.389529 0.057170
v -0.650483 1.389529 0.057170
v -1.100967 1.391236 0.027859
v -0.650483 1.391236 0.027859
v -1.100967 1.386138 -0.001054
v -0.650483 1.386138 -0.001054
v -1.100967 1.374509 -0.028013
v -0.650483 1.374509 -0.028013
v -1.100967 1.356976 -0.051563
v -0.650483 1.356976 -0.051563
v -1.100967 1.334485 -0.070436
v -0.650483 1.334485 -0.070436
v -1.100967 1.308248 -0.083612
v -0.650483 1.308248 -0.083612
v 5.161150 0.830000 0.035212
v 5.157852 0.830000 0.067651
v 5.148090 0.830000 0.098762
v 5.132266 0.830000 0.127272
v 5.111027 0.830000 0.152012
v 5.085243 0.830000 0.171971
v 5.055968 0.830000 0.186331
v 5.024403 0.830000 0.194504
v 4.991838 0.830000 0.196155
v 4.959608 0.830000 0.191218
v 4.929031 0.830000 0.179893
v 4.901359 0.830000 0.162646
v 4.877726 0.830000 0.140181
v 4.859099 0.830000 0.113418
v 4.846241 0.830000 0.083454
v 4.839677 0.830000 0.051515
v 4.839677 0.830000 0.018909
v 4.846241 0.830000 -0.013030
v 4.859099 0.830000 -0.042995
v 4.877726 0.830000 -0.069757
v 4.901359 0.830000 -0.092222
v 4.929031 0.830000 -0.109469
v 4.959608 0.830000 -0.120794
v 4.991838 0.830000 -0.125731
v 5.024403 0.830000 -0.124080
v 5.055968 0.830000 -0.115907
v 5.085243 0.830000 -0.101547
v 5.111027 0.830000 -0.081588
v 5.132266 0.830000 -0.056848
v 5.148090 0.830000 -0.028339
v 5.157852 0.830000 0.002773
v 5.126450 0.864700 0.035212
v 5.123042 0.864700 0.006051
v 5.113000 0.864700 -0.021539
v 5.096866 0.864700 -0.046069
v 5.075511 0.864700 -0.066216
v 5.050085 0.864700 -0.080897
v 5.021958 0.864700 -0.089317
v 4.992648 0.864700 -0.091024
v 4.963734 0.864700 -0.085926
v 4.936775 0.864700 -0.074297
v 4.913225 0.864700 -0.056764
v 4.894353 0.864700 -0.034274
v 4.881176 0.864700 -0.008037
v 4.874405 0.864700 0.020532
v 4.874405 0.864700 0.049892
v 4.881176 0.864700 0.078460
v 4.894353 0.864700 0.104697
v 4.913225 0.864700 0.127188
v 4.936775 0.864700 0.144721
v 4.963734 0.864700 0.156350
v 4.992648 0.864700 0.161448
v 5.021958 0.864700 0.159741
v 5.050085 0.864700 0.151320
v 5.075511 0.864700 0.136640
v 5.096866 0.864700 0.116492
v 5.113000 0.864700 0.091963
v 5.123042 0.864700 0.064373
v 4.873550 1.700000 0.035212
v 4.876958 1.700000 0.064373
v 4.887001 1.700000 0.091963
v 4.903134 1.700000 0.116492
v 4.924489 1.700000 0.136640
v 4.949916 1.700000 0.151320
v 4.978042 1.700000 0.159741
v 5.007352 1.700000 0.161448
v 5.036266 1.700000 0.156350
v 5.063225 1.700000 0.144721
v 5.086775 1.700000 0.127188
v 5.105648 1.700000 0.104697
v 5.118824 1.700000 0.078460
v 5.125595 1.700000 0.049892
v 5.125595 1.700000 0.020532
v 5.118824 1.700000 -0.008037
v 5.105648 1.700000 -0.034274
v 5.086775 1.700000 -0.056764
v 5.063225 1.700000 -0.074297
v 5.036266 1.700000 -0.085926
v 5.007352 1.700000 -0.091024
v 4.978042 1.700000 -0.089317
v 4.949916 1.700000 -0.080897
v 4.924489 1.700000 -0.066217
v 4.903134 1.700000 -0.046069
v 4.887001 1.700000 -0.021539
v 4.876958 1.700000 0.006051
v 4.873550 1.282350 0.035212
v 5.125595 1.282350 0.049892
v 5.125595 1.282350 0.020532
v 5.118824 1.282350 0.078460
v 5.105648 1.282350 0.104697
v 5.086775 1.282350 0.127188
v 5.063225 1.282350 0.144721
v 5.036266 1.282350 0.156350
v 5.007352 1.282350 0.161448
v 4.978042 1.282350 0.159741
v 4.949916 1.282350 0.151320
v 4.924489 1.282350 0.136640
v 4.903134 1.282350 0.116492
v 4.887001 1.282350 0.091963
v 4.876958 1.282350 0.064373
v 4.876958 1.282350 0.006051
v 4.887001 1.282350 -0.021539
v 4.903134 1.282350 -0.046069
v 4.924489 1.282350 -0.066217
v 4.949916 1.282350 -0.080897
v 4.978042 1.282350 -0.089317
v 5.007352 1.282350 -0.091024
v 5.036266 1.282350 -0.085926
v 5.063225 1.282350 -0.074297
v 5.086775 1.282350 -0.056764
v 5.105648 1.282350 -0.034274
v 5.118824 1.282350 -0.008037
v -0.200000 1.700000 0.193405
v -0.200000 1.700000 -0.122981
v -0.171333 1.700000 -0.153653
v -0.138022 1.700000 -0.179206
v -0.100970 1.700000 -0.198946
v -0.061180 1.700000 -0.212340
v -0.019733 1.700000 -0.219023
v 0.022250 1.700000 -0.218816
v 0.063629 1.700000 -0.211722
v 0.103284 1.700000 -0.197935
v 0.140139 1.700000 -0.177828
v 0.173195 1.700000 -0.151947
v 0.201557 1.700000 -0.120992
v 0.224455 1.700000 -0.085804
v 0.241270 1.700000 -0.047335
v 0.251544 1.700000 -0.006629
v 0.255000 1.700000 0.035212
v 0.251544 1.700000 0.077052
v 0.241270 1.700000 0.117759
v 0.224455 1.700000 0.156228
v 0.201557 1.700000 0.191416
v 0.173195 1.700000 0.222371
v 0.140139 1.700000 0.248252
v 0.103284 1.700000 0.268359
v 0.063629 1.700000 0.282146
v 0.022250 1.700000 0.289239
v -0.019733 1.700000 0.289447
v -0.061180 1.700000 0.282764
v -0.100970 1.700000 0.269370
v -0.138022 1.700000 0.249630
v -0.171333 1.700000 0.224077
v -1.600000 1.700000 -0.564788
v -1.600000 1.700000 0.635212
v 0.000000 1.700000 0.635212
v 5.000000 1.700000 0.535212
v 5.058046 1.700000 0.531831
v 5.115308 1.700000 0.521734
v 5.171010 1.700000 0.505058
v 5.224400 1.700000 0.482028
v 5.274755 1.700000 0.452956
v 5.321394 1.700000 0.418234
v 5.363687 1.700000 0.378333
v 5.401062 1.700000 0.333791
v 5.433013 1.700000 0.285212
v 5.459108 1.700000 0.233252
v 5.478995 1.700000 0.178614
v 5.492404 1.700000 0.122036
v 5.499155 1.700000 0.064284
v 5.499155 1.700000 0.006139
v 5.492404 1.700000 -0.051612
v 5.478995 1.700000 -0.108190
v 5.459108 1.700000 -0.162828
v 5.433013 1.700000 -0.214788
v 5.401062 1.700000 -0.263367
v 5.363687 1.700000 -0.307909
v 5.321394 1.700000 -0.347810
v 5.274755 1.700000 -0.382532
v 5.224400 1.700000 -0.411604
v 5.171010 1.700000 -0.434634
v 5.115308 1.700000 -0.451311
v 5.058046 1.700000 -0.461407
v 5.000000 1.700000 -0.464788
v 0.000000 1.700000 -0.564788
v -0.200000 0.880000 -0.122981
v -0.171333 0.880000 -0.153653
v -0.138022 0.880000 -0.179206
v -0.100970 0.880000 -0.198946
v -0.061180 0.880000 -0.212340
v -0.019733 0.880000 -0.219023
v 0.022250 0.880000 -0.218815
v 0.063629 0.880000 -0.211722
v 0.103284 0.880000 -0.197935
v 0.140139 0.880000 -0.177828
v 0.173195 0.880000 -0.151947
v 0.201557 0.880000 -0.120992
v 0.224455 0.880000 -0.085804
v 0.241270 0.880000 -0.047335
v 0.251544 0.880000 -0.006629
v 0.255000 0.880000 0.035212
v 0.251544 0.880000 0.077052
v 0.241270 0.880000 0.117759
v 0.224455 0.880000 0.156228
v 0.201557 0.880000 0.191416
v 0.173195 0.880000 0.222371
v 0.140139 0.880000 0.248252
v 0.103284 0.880000 0.268359
v 0.063629 0.880000 0.282146
v 0.022250 0.880000 0.289239
v -0.019733 0.880000 0.289447
v -0.061180 0.880000 0.282764
v -0.100970 0.880000 0.269370
v -0.138022 0.880000 0.249630
v -0.171333 0.880000 0.224077
v -0.200000 0.880000 0.193405
v -1.600000 0.830000 0.635212
v 0.000000 0.830000 0.635212
v 5.000000 0.830000 0.535212
v 5.058046 0.830000 0.531831
v 5.115308 0.830000 0.521734
v 5.171010 0.830000 0.505058
v 5.224400 0.830000 0.482028
v 5.274755 0.830000 0.452956
v 5.321394 0.830000 0.418234
v 5.363687 0.830000 0.378333
v 5.401062 0.830000 0.333791
v 5.433013 0.830000 0.285212
v 5.459108 0.830000 0.233252
v 5.478995 0.830000 0.178614
v 5.492404 0.830000 0.122036
v 5.499155 0.830000 0.064284
v 5.499155 0.830000 0.006139
v 5.492404 0.830000 -0.051612
v 5.478995 0.830000 -0.108190
v 5.459108 0.830000 -0.162828
v 5.433013 0.830000 -0.214788
v 5.401062 0.830000 -0.263367
v 5.363687 0.830000 -0.307909
v 5.321394 0.830000 -0.347810
v 5.274755 0.830000 -0.382532
v 5.224400 0.830000 -0.411604
v 5.171010 0.830000 -0.434634
v 5.115308 0.830000 -0.451310
v 5.058046 0.830000 -0.461407
v 5.000000 0.830000 -0.464788
v 0.000000 0.830000 -0.564788
v -1.600000 0.830000 -0.564788
v -0.250000 0.830000 -0.139502
v -0.221311 0.830000 -0.174661
v -0.187722 0.830000 -0.205174
v -0.149979 0.830000 -0.230365
v -0.108915 0.830000 -0.249678
v -0.065440 0.830000 -0.262685
v -0.020517 0.830000 -0.269097
v 0.024860 0.830000 -0.268773
v 0.069687 0.830000 -0.261720
v 0.112972 0.830000 -0.248094
v 0.153756 0.830000 -0.228197
v 0.191136 0.830000 -0.202469
v 0.224285 0.830000 -0.171479
v 0.252469 0.830000 -0.135915
v 0.275065 0.830000 -0.096562
v 0.291572 0.830000 -0.054292
v 0.301624 0.830000 -0.010041
v 0.305000 0.830000 0.035212
v 0.301624 0.830000 0.080465
v 0.291572 0.830000 0.124716
v 0.275065 0.830000 0.166986
v 0.252469 0.830000 0.206339
v 0.224285 0.830000 0.241903
v 0.191136 0.830000 0.272893
v 0.153756 0.830000 0.298621
v 0.112972 0.830000 0.318518
v 0.069687 0.830000 0.332144
v 0.024860 0.830000 0.339197
v -0.020517 0.830000 0.339521
v -0.065440 0.830000 0.333109
v -0.108915 0.830000 0.320102
v -0.149979 0.830000 0.300789
v -0.187722 0.830000 0.275598
v -0.221311 0.830000 0.245085
v -0.250000 0.830000 0.209926
v -0.024615 1.118650 0.035212
v -0.024615 1.122072 0.003751
v -0.024615 1.132176 -0.026239
v -0.024615 1.148492 -0.053355
v -0.024615 1.170255 -0.076331
v -0.024615 1.196448 -0.094090
v -0.024615 1.225847 -0.105804
v -0.024615 1.257077 -0.110923
v -0.024615 1.288677 -0.109210
v -0.024615 1.319170 -0.100744
v -0.024615 1.347130 -0.085920
v -0.024615 1.371249 -0.065433
v -0.024615 1.390401 -0.040239
v -0.024615 1.403689 -0.011518
v -0.024615 1.410492 0.019389
v -0.024615 1.410492 0.051035
v -0.024615 1.403689 0.081942
v -0.024615 1.390401 0.110663
v -0.024615 1.371249 0.135857
v -0.024615 1.347130 0.156344
v -0.024615 1.319170 0.171168
v -0.024615 1.288677 0.179634
v -0.024615 1.257077 0.181347
v -0.024615 1.225847 0.176227
v -0.024615 1.196448 0.164514
v -0.024615 1.170255 0.146754
v -0.024615 1.148492 0.123779
v -0.024615 1.132176 0.096663
v -0.024615 1.122072 0.066673
v 0.000000 1.384328 0.035212
v 0.000000 1.380860 0.006655
v 0.000000 1.370659 -0.020242
v 0.000000 1.354318 -0.043917
v 0.000000 1.332786 -0.062993
v 0.000000 1.307314 -0.076361
v 0.000000 1.279383 -0.083246
v 0.000000 1.250617 -0.083246
v 0.000000 1.222686 -0.076361
v 0.000000 1.197214 -0.062993
v 0.000000 1.175682 -0.043917
v 0.000000 1.159341 -0.020242
v 0.000000 1.149140 0.006655
v 0.000000 1.145672 0.035212
v 0.000000 1.149140 0.063769
v 0.000000 1.159341 0.090666
v 0.000000 1.175682 0.114341
v 0.000000 1.197214 0.133417
v 0.000000 1.222686 0.146785
v 0.000000 1.250617 0.153669
v 0.000000 1.279383 0.153669
v 0.000000 1.307314 0.146785
v 0.000000 1.332786 0.133417
v 0.000000 1.354318 0.114341
v 0.000000 1.370659 0.090666
v 0.000000 1.380860 0.063769
v -1.900000 1.510000 0.035212
v -1.900000 1.506659 0.075538
v -1.900000 1.496725 0.114763
v -1.900000 1.480471 0.151819
v -1.900000 1.458339 0.185694
v -1.900000 1.430934 0.215464
v -1.900000 1.399002 0.240318
v -1.900000 1.363415 0.259576
v -1.900000 1.325144 0.272715
v -1.900000 1.285232 0.279375
v -1.900000 1.244768 0.279375
v -1.900000 1.204856 0.272715
v -1.900000 1.166585 0.259576
v -1.900000 1.130998 0.240318
v -1.900000 1.099066 0.215464
v -1.900000 1.071661 0.185694
v -1.900000 1.049529 0.151819
v -1.900000 1.033275 0.114763
v -1.900000 1.023342 0.075538
v -1.900000 1.020000 0.035212
v -1.900000 1.023342 -0.005114
v -1.900000 1.033275 -0.044339
v -1.900000 1.049529 -0.081395
v -1.900000 1.071661 -0.115270
v -1.900000 1.099066 -0.145040
v -1.900000 1.130998 -0.169894
v -1.900000 1.166585 -0.189153
v -1.900000 1.204856 -0.202291
v -1.900000 1.244768 -0.208951
v -1.900000 1.285232 -0.208951
v -1.900000 1.325144 -0.202291
v -1.900000 1.363415 -0.189153
v -1.900000 1.399002 -0.169894
v -1.900000 1.430934 -0.145040
v -1.900000 1.458339 -0.115270
v -1.900000 1.480471 -0.081395
v -1.900000 1.496725 -0.044339
v -1.900000 1.506659 -0.005114
v -1.870000 1.540000 0.035212
v -1.870000 1.536614 -0.007808
v -1.870000 1.526541 -0.049768
v -1.870000 1.510027 -0.089635
v -1.870000 1.487480 -0.126429
v -1.870000 1.459454 -0.159242
v -1.870000 1.426641 -0.187268
v -1.870000 1.389847 -0.209815
v -1.870000 1.349980 -0.226329
v -1.870000 1.308020 -0.236402
v -1.870000 1.265000 -0.239788
v -1.870000 1.221980 -0.236402
v -1.870000 1.180020 -0.226329
v -1.870000 1.140153 -0.209815
v -1.870000 1.103359 -0.187268
v -1.870000 1.070546 -0.159242
v -1.870000 1.042520 -0.126429
v -1.870000 1.019973 -0.089635
v -1.870000 1.003459 -0.049768
v -1.870000 0.993386 -0.007808
v -1.870000 0.990000 0.035212
v -1.870000 0.993386 0.078231
v -1.870000 1.003459 0.120192
v -1.870000 1.019973 0.160059
v -1.870000 1.042520 0.196853
v -1.870000 1.070546 0.229666
v -1.870000 1.103359 0.257692
v -1.870000 1.140153 0.280239
v -1.870000 1.180020 0.296752
v -1.870000 1.221980 0.306826
v -1.870000 1.265000 0.310212
v -1.870000 1.308020 0.306826
v -1.870000 1.349980 0.296752
v -1.870000 1.389847 0.280239
v -1.870000 1.426641 0.257692
v -1.870000 1.459454 0.229666
v -1.870000 1.487480 0.196853
v -1.870000 1.510027 0.160059
v -1.870000 1.526541 0.120192
v -1.870000 1.536614 0.078231
v -1.898978 1.012235 0.035212
v -1.895981 1.005000 0.035212
v -1.891213 0.998787 0.035212
v -1.885000 0.994019 0.035212
v -1.877765 0.991022 0.035212
v -1.898978 1.514653 0.074753
v -1.895981 1.521799 0.075885
v -1.891213 1.527936 0.076857
v -1.885000 1.532645 0.077603
v -1.877765 1.535605 0.078071
v -1.877765 1.538978 0.035212
v -1.885000 1.535981 0.035212
v -1.891213 1.531213 0.035212
v -1.895981 1.525000 0.035212
v -1.898978 1.517765 0.035212
v -1.898978 1.505394 0.113320
v -1.895981 1.512275 0.115556
v -1.891213 1.518184 0.117476
v -1.885000 1.522718 0.118950
v -1.877765 1.525568 0.119876
v -1.898978 1.490215 0.149965
v -1.895981 1.496662 0.153249
v -1.891213 1.502198 0.156070
v -1.885000 1.506446 0.158235
v -1.877765 1.509116 0.159595
v -1.898978 1.469491 0.183783
v -1.895981 1.475345 0.188036
v -1.891213 1.480371 0.191688
v -1.885000 1.484228 0.194490
v -1.877765 1.486653 0.196252
v -1.898978 1.443732 0.213943
v -1.895981 1.448848 0.219060
v -1.891213 1.453241 0.223453
v -1.885000 1.456612 0.226824
v -1.877765 1.458732 0.228943
v -1.898978 1.413571 0.239703
v -1.895981 1.417824 0.245556
v -1.891213 1.421476 0.250583
v -1.885000 1.424278 0.254440
v -1.877765 1.426040 0.256865
v -1.898978 1.379753 0.260427
v -1.895981 1.383038 0.266874
v -1.891213 1.385858 0.272410
v -1.885000 1.388023 0.276658
v -1.877765 1.389383 0.279328
v -1.898978 1.343109 0.275605
v -1.895981 1.345344 0.282487
v -1.891213 1.347265 0.288396
v -1.885000 1.348738 0.292930
v -1.877765 1.349664 0.295780
v -1.898978 1.304541 0.284865
v -1.895981 1.305673 0.292011
v -1.891213 1.306645 0.298148
v -1.885000 1.307391 0.302856
v -1.877765 1.307860 0.305817
v -1.898978 1.265000 0.287976
v -1.895981 1.265000 0.295212
v -1.891213 1.265000 0.301425
v -1.885000 1.265000 0.306193
v -1.877765 1.265000 0.309190
v -1.898978 1.225459 0.284865
v -1.895981 1.224327 0.292011
v -1.891213 1.223355 0.298148
v -1.885000 1.222609 0.302856
v -1.877765 1.222140 0.305817
v -1.898978 1.186892 0.275605
v -1.895981 1.184656 0.282487
v -1.891213 1.182736 0.288396
v -1.885000 1.181262 0.292930
v -1.877765 1.180336 0.295780
v -1.898978 1.150247 0.260427
v -1.895981 1.146963 0.266874
v -1.891213 1.144142 0.272410
v -1.885000 1.141977 0.276658
v -1.877765 1.140617 0.279328
v -1.898978 1.116429 0.239703
v -1.895981 1.112176 0.245556
v -1.891213 1.108524 0.250583
v -1.885000 1.105721 0.254440
v -1.877765 1.103960 0.256865
v -1.898978 1.086269 0.213943
v -1.895981 1.081152 0.219060
v -1.891213 1.076759 0.223453
v -1.885000 1.073388 0.226824
v -1.877765 1.071268 0.228943
v -1.898978 1.060509 0.183783
v -1.895981 1.054656 0.188036
v -1.891213 1.049629 0.191688
v -1.885000 1.045772 0.194490
v -1.877765 1.043347 0.196252
v -1.898978 1.039785 0.149965
v -1.895981 1.033338 0.153249
v -1.891213 1.027802 0.156070
v -1.885000 1.023554 0.158235
v -1.877765 1.020884 0.159595
v -1.898978 1.024607 0.113320
v -1.895981 1.017725 0.115556
v -1.891213 1.011816 0.117476
v -1.885000 1.007282 0.118950
v -1.877765 1.004432 0.119876
v -1.898978 1.015347 0.074753
v -1.895981 1.008201 0.075885
v -1.891213 1.002064 0.076857
v -1.885000 0.997355 0.077603
v -1.877765 0.994395 0.078071
v -1.898978 1.015347 -0.004329
v -1.895981 1.008201 -0.005461
v -1.891213 1.002064 -0.006433
v -1.885000 0.997355 -0.007179
v -1.877765 0.994395 -0.007648
v -1.898978 1.024607 -0.042897
v -1.895981 1.017725 -0.045133
v -1.891213 1.011816 -0.047053
v -1.885000 1.007282 -0.048526
v -1.877765 1.004432 -0.049452
v -1.898978 1.039785 -0.079541
v -1.895981 1.033338 -0.082826
v -1.891213 1.027802 -0.085646
v -1.885000 1.023554 -0.087811
v -1.877765 1.020884 -0.089171
v -1.898978 1.060509 -0.113359
v -1.895981 1.054656 -0.117612
v -1.891213 1.049629 -0.121264
v -1.885000 1.045772 -0.124067
v -1.877765 1.043347 -0.125828
v -1.898978 1.086269 -0.143520
v -1.895981 1.081152 -0.148636
v -1.891213 1.076759 -0.153029
v -1.885000 1.073388 -0.156400
v -1.877765 1.071268 -0.158520
v -1.898978 1.116429 -0.169279
v -1.895981 1.112176 -0.175133
v -1.891213 1.108524 -0.180159
v -1.885000 1.105721 -0.184016
v -1.877765 1.103960 -0.186441
v -1.898978 1.150247 -0.190003
v -1.895981 1.146963 -0.196450
v -1.891213 1.144142 -0.201986
v -1.885000 1.141977 -0.206234
v -1.877765 1.140617 -0.208904
v -1.898978 1.186892 -0.205181
v -1.895981 1.184656 -0.212063
v -1.891213 1.182736 -0.217972
v -1.885000 1.181262 -0.222506
v -1.877765 1.180336 -0.225356
v -1.898978 1.225459 -0.214441
v -1.895981 1.224327 -0.221587
v -1.891213 1.223355 -0.227724
v -1.885000 1.222609 -0.232433
v -1.877765 1.222140 -0.235393
v -1.898978 1.265000 -0.217553
v -1.895981 1.265000 -0.224788
v -1.891213 1.265000 -0.231001
v -1.885000 1.265000 -0.235769
v -1.877765 1.265000 -0.238766
v -1.898978 1.304541 -0.214441
v -1.895981 1.305673 -0.221587
v -1.891213 1.306645 -0.227724
v -1.885000 1.307391 -0.232433
v -1.877765 1.307860 -0.235393
v -1.898978 1.343109 -0.205181
v -1.895981 1.345344 -0.212063
v -1.891213 1.347265 -0.217972
v -1.885000 1.348738 -0.222506
v -1.877765 1.349664 -0.225356
v -1.898978 1.379753 -0.190003
v -1.895981 1.383038 -0.196450
v -1.891213 1.385858 -0.201986
v -1.885000 1.388023 -0.206234
v -1.877765 1.389383 -0.208904
v -1.898978 1.413571 -0.169279
v -1.895981 1.417824 -0.175133
v -1.891213 1.421476 -0.180159
v -1.885000 1.424278 -0.184016
v -1.877765 1.426040 -0.186441
v -1.898978 1.443732 -0.143520
v -1.895981 1.448848 -0.148636
v -1.891213 1.453241 -0.153029
v -1.885000 1.456612 -0.156400
v -1.877765 1.458732 -0.158520
v -1.898978 1.469491 -0.113359
v -1.895981 1.475345 -0.117612
v -1.891213 1.480371 -0.121264
v -1.885000 1.484228 -0.124067
v -1.877765 1.486653 -0.125828
v -1.898978 1.490215 -0.079541
v -1.895981 1.496662 -0.082826
v -1.891213 1.502198 -0.085646
v -1.885000 1.506446 -0.087811
v -1.877765 1.509116 -0.089171
v -1.898978 1.505394 -0.042897
v -1.895981 1.512275 -0.045133
v -1.891213 1.518184 -0.047053
v -1.885000 1.522718 -0.048526
v -1.877765 1.525568 -0.049452
v -1.898978 1.514653 -0.004329
v -1.895981 1.521799 -0.005461
v -1.891213 1.527936 -0.006433
v -1.885000 1.532645 -0.007179
v -1.877765 1.535605 -0.007648
v -1.900000 1.140000 -0.036957
v -1.900000 1.265000 -0.109126
v -1.900000 1.390000 -0.036957
v -1.900000 1.390000 0.107381
v -1.900000 1.265000 0.179549
v -1.900000 1.140000 0.107381
v -1.600000 1.540000 0.035212
v -1.600000 1.536614 -0.007808
v -1.600000 1.526541 -0.049768
v -1.600000 1.510027 -0.089635
v -1.600000 1.487480 -0.126429
v -1.600000 1.459454 -0.159242
v -1.600000 1.426641 -0.187268
v -1.600000 1.389847 -0.209815
v -1.600000 1.349980 -0.226329
v -1.600000 1.308020 -0.236402
v -1.600000 1.265000 -0.239788
v -1.600000 1.221980 -0.236402
v -1.600000 1.180020 -0.226329
v -1.600000 1.140153 -0.209815
v -1.600000 1.103359 -0.187268
v -1.600000 1.070546 -0.159242
v -1.600000 1.042520 -0.126429
v -1.600000 1.019973 -0.089635
v -1.600000 1.003459 -0.049768
v -1.600000 0.993386 -0.007808
v -1.600000 0.990000 0.035212
v -1.600000 0.993386 0.078231
v -1.600000 1.003459 0.120192
v -1.600000 1.019973 0.160059
v -1.600000 1.042520 0.196853
v -1.600000 1.070546 0.229666
v -1.600000 1.103359 0.257692
v -1.600000 1.140153 0.280239
v -1.600000 1.180020 0.296752
v -1.600000 1.221980 0.306826
v -1.600000 1.265000 0.310212
v -1.600000 1.308020 0.306826
v -1.600000 1.349980 0.296752
v -1.600000 1.389847 0.280239
v -1.600000 1.426641 0.257692
v -1.600000 1.459454 0.229666
v -1.600000 1.487480 0.196853
v -1.600000 1.510027 0.160059
v -1.600000 1.526541 0.120192
v -1.600000 1.536614 0.078231
v -1.759064 1.265000 0.035212
v -1.770000 1.265000 -0.109126
v -1.770000 1.140000 -0.036957
v -1.770000 1.140000 0.107381
v -1.770000 1.265000 0.179549
v -1.770000 1.390000 0.107381
v -1.770000 1.390000 -0.036957
v -1.600000 1.118650 0.035212
v -1.600000 1.122072 0.003751
v -1.600000 1.132176 -0.026239
v -1.600000 1.148492 -0.053355
v -1.600000 1.170255 -0.076331
v -1.600000 1.196448 -0.094090
v -1.600000 1.225847 -0.105804
v -1.600000 1.257077 -0.110923
v -1.600000 1.288677 -0.109210
v -1.600000 1.319170 -0.100744
v -1.600000 1.347130 -0.085920
v -1.600000 1.371249 -0.065433
v -1.600000 1.390401 -0.040239
v -1.600000 1.403689 -0.011518
v -1.600000 1.410492 0.019389
v -1.600000 1.410492 0.051035
v -1.600000 1.403689 0.081942
v -1.600000 1.390401 0.110663
v -1.600000 1.371249 0.135857
v -1.600000 1.347130 0.156344
v -1.600000 1.319170 0.171168
v -1.600000 1.288677 0.179634
v -1.600000 1.257077 0.181347
v -1.600000 1.225847 0.176227
v -1.600000 1.196448 0.164514
v -1.600000 1.170255 0.146754
v -1.600000 1.148492 0.123779
v -1.600000 1.132176 0.096663
v -1.600000 1.122072 0.066673
v -0.549743 1.118650 0.035212
v -1.074872 1.118650 0.035212
v -0.549743 1.122072 0.066673
v -1.074872 1.122072 0.066673
v -0.549743 1.132176 0.096663
v -1.074872 1.132176 0.096663
v -0.549743 1.148492 0.123779
v -1.074872 1.148492 0.123779
v -0.549743 1.170255 0.146754
v -1.074872 1.170255 0.146754
v -0.549743 1.196448 0.164514
v -1.074872 1.196448 0.164514
v -0.549743 1.225847 0.176227
v -1.074872 1.225847 0.176227
v -0.549743 1.257077 0.181347
v -1.074872 1.257077 0.181347
v -0.549743 1.288677 0.179634
v -1.074872 1.288677 0.179634
v -0.549743 1.319170 0.171168
v -1.074872 1.319170 0.171168
v -0.549743 1.347130 0.156344
v -1.074872 1.347130 0.156344
v -0.549743 1.371249 0.135857
v -1.074872 1.371249 0.135857
v -0.549743 1.390401 0.110663
v -1.074872 1.390401 0.110663
v -0.549743 1.403689 0.081942
v -1.074872 1.403689 0.081942
v -0.549743 1.410492 0.051035
v -1.074872 1.410492 0.051035
v -0.549743 1.410492 0.019389
v -1.074872 1.410492 0.019389
v -0.549743 1.403689 -0.011518
v -1.074872 1.403689 -0.011518
v -0.549743 1.390401 -0.040239
v -1.074872 1.390401 -0.040239
v -0.549743 1.371249 -0.065433
v -1.074872 1.371249 -0.065433
v -0.549743 1.347130 -0.085920
v -1.074872 1.347130 -0.085920
v -0.549743 1.319170 -0.100744
v -1.074872 1.319170 -0.100744
v -0.549743 1.288677 -0.109210
v -1.074872 1.288677 -0.109210
v -0.549743 1.257077 -0.110923
v -1.074872 1.257077 -0.110923
v -0.549743 1.225847 -0.105804
v -1.074872 1.225847 -0.105804
v -0.549743 1.196448 -0.094090
v -1.074872 1.196448 -0.094090
v -0.549743 1.170255 -0.076331
v -1.074872 1.170255 -0.076331
v -0.549743 1.148492 -0.053355
v -1.074872 1.148492 -0.053355
v -0.549743 1.132176 -0.026239
v -1.074872 1.132176 -0.026239
v -0.549743 1.122072 0.003751
v -1.074872 1.122072 0.003751
v 4.853650 0.478102 0.035212
v 4.857072 0.478102 0.003751
v 4.867177 0.478102 -0.026239
v 4.883492 0.478102 -0.053355
v 4.905255 0.478102 -0.076330
v 4.931448 0.478102 -0.094090
v 4.960847 0.478102 -0.105804
v 4.992077 0.478102 -0.110923
v 5.023677 0.478102 -0.109210
v 5.054170 0.478102 -0.100744
v 5.082130 0.478102 -0.085920
v 5.106249 0.478102 -0.065433
v 5.125401 0.478102 -0.040239
v 5.138689 0.478102 -0.011518
v 5.145492 0.478102 0.019389
v 5.145492 0.478102 0.051035
v 5.138689 0.478102 0.081942
v 5.125401 0.478102 0.110663
v 5.106249 0.478102 0.135857
v 5.082130 0.478102 0.156344
v 5.054170 0.478102 0.171168
v 5.023677 0.478102 0.179634
v 4.992077 0.478102 0.181347
v 4.960847 0.478102 0.176228
v 4.931448 0.478102 0.164514
v 4.905255 0.478102 0.146754
v 4.883492 0.478102 0.123779
v 4.867177 0.478102 0.096663
v 4.857072 0.478102 0.066673
v 5.000000 -0.500000 0.035212
v 4.798143 0.457443 0.035212
v 4.745469 0.430365 0.035212
v 4.696366 0.397249 0.035212
v 4.651524 0.358558 0.035212
v 4.611570 0.314837 0.035212
v 4.577068 0.266698 0.035212
v 4.548499 0.214817 0.035212
v 4.526265 0.159923 0.035212
v 4.510679 0.102784 0.035212
v 4.501958 0.044203 0.035212
v 4.500225 -0.014999 0.035212
v 4.505505 -0.073990 0.035212
v 4.517723 -0.131942 0.035212
v 4.536708 -0.188044 0.035212
v 4.562193 -0.241506 0.035212
v 4.593822 -0.291581 0.035212
v 4.631150 -0.337564 0.035212
v 4.673653 -0.378811 0.035212
v 4.720735 -0.414742 0.035212
v 4.771736 -0.444854 0.035212
v 4.825939 -0.468724 0.035212
v 4.882585 -0.486018 0.035212
v 4.940877 -0.496492 0.035212
v 4.810776 0.457443 0.105499
v 4.832579 0.457443 0.147979
v 4.847091 0.457443 0.166988
v 4.882322 0.457443 0.199218
v 4.970197 0.457443 0.234856
v 5.017924 0.457443 0.236271
v 5.064649 0.457443 0.226436
v 5.086812 0.457443 0.217448
v 5.127187 0.457443 0.191958
v 5.184728 0.457443 0.116585
v 5.198674 0.457443 0.070918
v 5.201502 0.457443 0.023254
v 5.198674 0.457443 -0.000494
v 5.184728 0.457443 -0.046161
v 5.127187 0.457443 -0.121534
v 5.086812 0.457443 -0.147024
v 5.064649 0.457443 -0.156012
v 5.017924 0.457443 -0.165847
v 4.970197 0.457443 -0.164432
v 4.882322 0.457443 -0.128794
v 4.847091 0.457443 -0.096564
v 4.832579 0.457443 -0.077555
v 4.810776 0.457443 -0.035075
v 4.799560 0.457443 0.011338
v 4.747256 0.430365 0.005108
v 4.698497 0.397249 -0.000700
v 4.653970 0.358558 -0.006003
v 4.614297 0.314837 -0.010729
v 4.580036 0.266698 -0.014810
v 4.551668 0.214817 -0.018188
v 4.529590 0.159923 -0.020818
v 4.514113 0.102784 -0.022662
v 4.505454 0.044203 -0.023693
v 4.503733 -0.014999 -0.023898
v 4.508976 -0.073990 -0.023274
v 4.521108 -0.131942 -0.021828
v 4.539960 -0.188044 -0.019583
v 4.565267 -0.241506 -0.016569
v 4.596673 -0.291581 -0.012828
v 4.633739 -0.337564 -0.008413
v 4.675943 -0.378811 -0.003386
v 4.722695 -0.414742 0.002182
v 4.773338 -0.444854 0.008214
v 4.827160 -0.468725 0.014625
v 4.883409 -0.486018 0.021325
v 4.941292 -0.496492 0.028219
v 4.803791 0.457443 -0.012201
v 4.752590 0.430365 -0.024574
v 4.704861 0.397249 -0.036107
v 4.661273 0.358558 -0.046640
v 4.622438 0.314837 -0.056025
v 4.588900 0.266698 -0.064129
v 4.561131 0.214817 -0.070839
v 4.539519 0.159923 -0.076062
v 4.524368 0.102784 -0.079723
v 4.515892 0.044203 -0.081771
v 4.514207 -0.014999 -0.082178
v 4.519340 -0.073990 -0.080938
v 4.531216 -0.131942 -0.078068
v 4.549669 -0.188044 -0.073609
v 4.574442 -0.241506 -0.067623
v 4.605186 -0.291581 -0.060194
v 4.641469 -0.337564 -0.051426
v 4.682783 -0.378811 -0.041442
v 4.728548 -0.414742 -0.030384
v 4.778121 -0.444854 -0.018404
v 4.830808 -0.468725 -0.005673
v 4.885870 -0.486018 0.007633
v 4.942532 -0.496492 0.021325
v 4.820417 0.457443 -0.056962
v 4.773555 0.430365 -0.081014
v 4.729870 0.397249 -0.103436
v 4.689975 0.358558 -0.123913
v 4.654431 0.314837 -0.142156
v 4.623735 0.266698 -0.157911
v 4.598319 0.214817 -0.170957
v 4.578538 0.159923 -0.181109
v 4.564672 0.102784 -0.188226
v 4.556913 0.044203 -0.192209
v 4.555372 -0.014999 -0.193000
v 4.560069 -0.073990 -0.190589
v 4.570939 -0.131942 -0.185010
v 4.587829 -0.188044 -0.176341
v 4.610502 -0.241507 -0.164703
v 4.638641 -0.291581 -0.150261
v 4.671850 -0.337564 -0.133216
v 4.709663 -0.378811 -0.113808
v 4.751550 -0.414742 -0.092309
v 4.796923 -0.444854 -0.069020
v 4.845145 -0.468725 -0.044270
v 4.895540 -0.486018 -0.018403
v 4.947401 -0.496492 0.008215
v 4.944577 -0.496492 0.014625
v 4.889932 -0.486018 -0.005672
v 4.836832 -0.468725 -0.025396
v 4.786020 -0.444854 -0.044270
v 4.738212 -0.414742 -0.062029
v 4.694076 -0.378811 -0.078423
v 4.654233 -0.337564 -0.093222
v 4.619241 -0.291581 -0.106220
v 4.589592 -0.241506 -0.117233
v 4.565701 -0.188044 -0.126107
v 4.547904 -0.131942 -0.132718
v 4.536451 -0.073990 -0.136972
v 4.531501 -0.014999 -0.138810
v 4.533125 0.044203 -0.138207
v 4.541301 0.102784 -0.135171
v 4.555912 0.159923 -0.129743
v 4.576754 0.214817 -0.122001
v 4.603535 0.266698 -0.112054
v 4.635879 0.314837 -0.100040
v 4.673331 0.358558 -0.086128
v 4.715368 0.397249 -0.070514
v 4.761398 0.430365 -0.053416
v 4.807190 0.430365 -0.130951
v 4.769994 0.397249 -0.163007
v 4.736025 0.358558 -0.192281
v 4.705760 0.314837 -0.218363
v 4.679624 0.266698 -0.240888
v 4.657983 0.214817 -0.259538
v 4.641140 0.159923 -0.274053
v 4.629333 0.102784 -0.284228
v 4.622728 0.044203 -0.289921
v 4.621415 -0.014999 -0.291052
v 4.625414 -0.073990 -0.287605
v 4.634670 -0.131942 -0.279629
v 4.649051 -0.188044 -0.267235
v 4.668357 -0.241507 -0.250598
v 4.692316 -0.291581 -0.229950
v 4.720592 -0.337564 -0.205582
v 4.752788 -0.378811 -0.177835
v 4.788454 -0.414742 -0.147099
v 4.827087 -0.444854 -0.113804
v 4.868146 -0.468725 -0.078419
v 4.911056 -0.486018 -0.041440
v 4.955214 -0.496492 -0.003385
v 4.950963 -0.496492 0.002183
v 4.902615 -0.486018 -0.030382
v 4.855632 -0.468725 -0.062027
v 4.810676 -0.444854 -0.092307
v 4.768376 -0.414742 -0.120799
v 4.729326 -0.378811 -0.147101
v 4.694074 -0.337564 -0.170845
v 4.663114 -0.291581 -0.191698
v 4.636881 -0.241507 -0.209367
v 4.615743 -0.188044 -0.223605
v 4.599997 -0.131942 -0.234211
v 4.589863 -0.073990 -0.241036
v 4.585484 -0.014999 -0.243986
v 4.586921 0.044203 -0.243018
v 4.594154 0.102784 -0.238146
v 4.607082 0.159923 -0.229438
v 4.625522 0.214817 -0.217018
v 4.649217 0.266698 -0.201058
v 4.677835 0.314837 -0.181783
v 4.710971 0.358558 -0.159463
v 4.748165 0.397249 -0.134412
v 4.788890 0.430365 -0.106981
v 4.851614 0.430365 -0.171591
v 4.822988 0.397249 -0.211487
v 4.796845 0.358558 -0.247921
v 4.773553 0.314837 -0.280382
v 4.753439 0.266698 -0.308415
v 4.736784 0.214817 -0.331627
v 4.723823 0.159922 -0.349691
v 4.714736 0.102784 -0.362355
v 4.709651 0.044203 -0.369441
v 4.708642 -0.014999 -0.370849
v 4.711720 -0.073990 -0.366559
v 4.718843 -0.131942 -0.356632
v 4.729910 -0.188044 -0.341207
v 4.744768 -0.241507 -0.320500
v 4.763206 -0.291581 -0.294802
v 4.784968 -0.337564 -0.264474
v 4.809746 -0.378811 -0.229941
v 4.837194 -0.414742 -0.191687
v 4.866926 -0.444854 -0.150250
v 4.898526 -0.468725 -0.106211
v 4.931549 -0.486018 -0.060187
v 4.965533 -0.496492 -0.012824
v 4.960093 -0.496492 -0.008411
v 4.920746 -0.486018 -0.051421
v 4.882512 -0.468725 -0.093216
v 4.845925 -0.444854 -0.133209
v 4.811501 -0.414742 -0.170839
v 4.779721 -0.378811 -0.205578
v 4.751032 -0.337564 -0.236938
v 4.725837 -0.291581 -0.264480
v 4.704488 -0.241507 -0.287816
v 4.687286 -0.188044 -0.306620
v 4.674471 -0.131942 -0.320628
v 4.666224 -0.073990 -0.329643
v 4.662660 -0.014999 -0.333539
v 4.663830 0.044203 -0.332260
v 4.669716 0.102784 -0.325826
v 4.680237 0.159923 -0.314325
v 4.695244 0.214817 -0.297921
v 4.714528 0.266698 -0.276842
v 4.737817 0.314837 -0.251384
v 4.764784 0.358558 -0.221906
v 4.795053 0.397249 -0.188819
v 4.828196 0.430365 -0.152589
v 4.863750 0.457443 -0.113725
v 4.924137 0.457443 -0.151846
v 4.904340 0.430365 -0.200659
v 4.885886 0.397249 -0.246162
v 4.869033 0.358558 -0.287718
v 4.854017 0.314837 -0.324742
v 4.841051 0.266698 -0.356715
v 4.830314 0.214817 -0.383190
v 4.821958 0.159922 -0.403793
v 4.816100 0.102784 -0.418237
v 4.812822 0.044203 -0.426319
v 4.812171 -0.014999 -0.427924
v 4.814155 -0.073990 -0.423032
v 4.818747 -0.131942 -0.411709
v 4.825882 -0.188044 -0.394116
v 4.835460 -0.241507 -0.370499
v 4.847347 -0.291581 -0.341189
v 4.861376 -0.337564 -0.306598
v 4.877350 -0.378811 -0.267211
v 4.895044 -0.414742 -0.223580
v 4.914212 -0.444854 -0.176319
v 4.934583 -0.468725 -0.126089
v 4.955872 -0.486018 -0.073596
v 4.977780 -0.496492 -0.019576
v 4.971456 -0.496492 -0.016564
v 4.943313 -0.486018 -0.067613
v 4.915965 -0.468725 -0.117220
v 4.889796 -0.444854 -0.164687
v 4.865173 -0.414742 -0.209350
v 4.842442 -0.378811 -0.250582
v 4.821922 -0.337564 -0.287803
v 4.803901 -0.291581 -0.320492
v 4.788630 -0.241507 -0.348191
v 4.776327 -0.188044 -0.370509
v 4.767160 -0.131942 -0.387135
v 4.761262 -0.073990 -0.397835
v 4.758712 -0.014999 -0.402458
v 4.759549 0.044203 -0.400941
v 4.763759 0.102784 -0.393304
v 4.771285 0.159922 -0.379654
v 4.782019 0.214817 -0.360183
v 4.795812 0.266698 -0.335165
v 4.812469 0.314837 -0.304949
v 4.831758 0.358558 -0.269961
v 4.853408 0.397249 -0.230691
v 4.877115 0.430365 -0.187690
v 4.902545 0.457443 -0.141561
v 4.946794 0.457443 -0.159506
v 4.932909 0.430365 -0.210318
v 4.919966 0.397249 -0.257684
v 4.908146 0.358558 -0.300941
v 4.897615 0.314837 -0.339481
v 4.888521 0.266698 -0.372764
v 4.880991 0.214817 -0.400322
v 4.875130 0.159922 -0.421770
v 4.871021 0.102784 -0.436805
v 4.868722 0.044203 -0.445217
v 4.868266 -0.014999 -0.446889
v 4.869658 -0.073990 -0.441796
v 4.872878 -0.131942 -0.430010
v 4.877882 -0.188044 -0.411696
v 4.884600 -0.241507 -0.387112
v 4.892937 -0.291581 -0.356602
v 4.902776 -0.337564 -0.320594
v 4.913979 -0.378811 -0.279594
v 4.926389 -0.414742 -0.234177
v 4.939832 -0.444854 -0.184980
v 4.954120 -0.468725 -0.132694
v 4.969051 -0.486018 -0.078051
v 4.984416 -0.496492 -0.021820
v 4.994018 0.457443 -0.166556
v 4.992458 0.430365 -0.219207
v 4.991003 0.397249 -0.268289
v 4.989674 0.358558 -0.313112
v 4.988490 0.314837 -0.353047
v 4.987467 0.266698 -0.387535
v 4.986620 0.214817 -0.416091
v 4.985961 0.159922 -0.438315
v 4.985500 0.102784 -0.453895
v 4.985241 0.044203 -0.462612
v 4.985190 -0.014999 -0.464344
v 4.985347 -0.073990 -0.459066
v 4.985709 -0.131942 -0.446853
v 4.986271 -0.188044 -0.427877
v 4.987026 -0.241507 -0.402402
v 4.987964 -0.291581 -0.370788
v 4.989070 -0.337564 -0.333476
v 4.990329 -0.378811 -0.290992
v 4.991724 -0.414742 -0.243931
v 4.993236 -0.444854 -0.192952
v 4.994842 -0.468725 -0.138773
v 4.996521 -0.486018 -0.082152
v 4.998248 -0.496492 -0.023885
v 4.991271 -0.496492 -0.023263
v 4.982664 -0.486018 -0.080917
v 4.974300 -0.468725 -0.136942
v 4.966298 -0.444854 -0.190551
v 4.958767 -0.414742 -0.240993
v 4.951816 -0.378811 -0.287559
v 4.945541 -0.337564 -0.329596
v 4.940029 -0.291581 -0.366514
v 4.935359 -0.241507 -0.397796
v 4.931596 -0.188044 -0.423002
v 4.928793 -0.131942 -0.441779
v 4.926990 -0.073990 -0.453864
v 4.926210 -0.014999 -0.459086
v 4.926466 0.044203 -0.457372
v 4.927753 0.102784 -0.448747
v 4.930055 0.159922 -0.433331
v 4.933338 0.214817 -0.411341
v 4.937555 0.266698 -0.383085
v 4.942650 0.314837 -0.348961
v 4.948549 0.358558 -0.309445
v 4.955170 0.397249 -0.265094
v 4.962420 0.430365 -0.216529
v 5.041578 0.457443 -0.162316
v 5.052428 0.430365 -0.213861
v 5.062542 0.397249 -0.261911
v 5.071779 0.358558 -0.305792
v 5.080009 0.314837 -0.344888
v 5.087115 0.266698 -0.378651
v 5.093000 0.214817 -0.406608
v 5.097579 0.159922 -0.428364
v 5.100790 0.102784 -0.443617
v 5.102586 0.044203 -0.452151
v 5.102943 -0.014999 -0.453846
v 5.101856 -0.073990 -0.448680
v 5.099339 -0.131942 -0.436723
v 5.095428 -0.188044 -0.418146
v 5.090179 -0.241507 -0.393206
v 5.083664 -0.291581 -0.362256
v 5.075975 -0.337564 -0.325729
v 5.067221 -0.378811 -0.284137
v 5.057523 -0.414742 -0.238065
v 5.047018 -0.444854 -0.188158
v 5.035853 -0.468725 -0.135117
v 5.024185 -0.486018 -0.079686
v 5.012178 -0.496492 -0.022643
v 5.005250 -0.496492 -0.023677
v 5.010426 -0.486018 -0.081740
v 5.015456 -0.468725 -0.138162
v 5.020269 -0.444854 -0.192151
v 5.024797 -0.414742 -0.242950
v 5.028978 -0.378811 -0.289846
v 5.032753 -0.337564 -0.332181
v 5.036067 -0.291581 -0.369362
v 5.038876 -0.241507 -0.400865
v 5.041139 -0.188044 -0.426250
v 5.042824 -0.131942 -0.445160
v 5.043909 -0.073990 -0.457330
v 5.044378 -0.014999 -0.462589
v 5.044224 0.044203 -0.460863
v 5.043450 0.102784 -0.452177
v 5.042066 0.159922 -0.436652
v 5.040092 0.214817 -0.414506
v 5.037555 0.266698 -0.386050
v 5.034491 0.314837 -0.351683
v 5.030943 0.358558 -0.311888
v 5.026962 0.397249 -0.267223
v 5.022602 0.430365 -0.218314
v 5.109465 0.430365 -0.194578
v 5.130582 0.397249 -0.238908
v 5.149868 0.358558 -0.279392
v 5.167050 0.314837 -0.315461
v 5.181889 0.266698 -0.346611
v 5.194175 0.214817 -0.372402
v 5.203737 0.159922 -0.392475
v 5.210440 0.102784 -0.406546
v 5.214191 0.044203 -0.414420
v 5.214936 -0.014999 -0.415984
v 5.212665 -0.073990 -0.411217
v 5.207410 -0.131942 -0.400187
v 5.199246 -0.188044 -0.383047
v 5.188285 -0.241507 -0.360039
v 5.174683 -0.291581 -0.331485
v 5.158630 -0.337564 -0.297785
v 5.140351 -0.378811 -0.259414
v 5.120102 -0.414742 -0.216908
v 5.098169 -0.444854 -0.170865
v 5.074858 -0.468725 -0.121930
v 5.050497 -0.486018 -0.070791
v 5.025426 -0.496492 -0.018164
v 5.018935 -0.496492 -0.020796
v 5.037605 -0.486018 -0.076019
v 5.055747 -0.468725 -0.129681
v 5.073106 -0.444854 -0.181029
v 5.089440 -0.414742 -0.229343
v 5.104519 -0.378811 -0.273945
v 5.118132 -0.337564 -0.314210
v 5.130086 -0.291581 -0.349571
v 5.140216 -0.241507 -0.379534
v 5.148378 -0.188044 -0.403677
v 5.154459 -0.131942 -0.421662
v 5.158372 -0.073990 -0.433236
v 5.160063 -0.014999 -0.438238
v 5.159508 0.044203 -0.436597
v 5.156715 0.102784 -0.428335
v 5.151723 0.159922 -0.413570
v 5.144602 0.214817 -0.392507
v 5.135453 0.266698 -0.365443
v 5.124403 0.314837 -0.332758
v 5.111607 0.358558 -0.294909
v 5.097245 0.397249 -0.252428
v 5.081519 0.430365 -0.205912
v 5.160377 0.430365 -0.162437
v 5.191316 0.397249 -0.200567
v 5.219571 0.358558 -0.235388
v 5.244745 0.314837 -0.266413
v 5.266485 0.266698 -0.293205
v 5.284486 0.214817 -0.315390
v 5.298495 0.159922 -0.332654
v 5.308316 0.102784 -0.344758
v 5.313810 0.044203 -0.351530
v 5.314902 -0.014999 -0.352875
v 5.311575 -0.073990 -0.348775
v 5.303877 -0.131942 -0.339288
v 5.291915 -0.188044 -0.324545
v 5.275857 -0.241507 -0.304755
v 5.255928 -0.291581 -0.280195
v 5.232408 -0.337564 -0.251209
v 5.205627 -0.378811 -0.218204
v 5.175962 -0.414742 -0.181644
v 5.143827 -0.444854 -0.142041
v 5.109674 -0.468725 -0.099951
v 5.073982 -0.486018 -0.055964
v 5.037252 -0.496492 -0.010698
v 5.031561 -0.496492 -0.014782
v 5.062679 -0.486018 -0.064074
v 5.092918 -0.468725 -0.111974
v 5.121853 -0.444854 -0.157808
v 5.149078 -0.414742 -0.200934
v 5.174212 -0.378811 -0.240746
v 5.196901 -0.337564 -0.276686
v 5.216827 -0.291581 -0.308251
v 5.233711 -0.241507 -0.334995
v 5.247316 -0.188044 -0.356546
v 5.257451 -0.131942 -0.372600
v 5.263973 -0.073990 -0.382931
v 5.266792 -0.014999 -0.387396
v 5.265867 0.044203 -0.385931
v 5.261211 0.102784 -0.378556
v 5.252891 0.159922 -0.365376
v 5.241022 0.214817 -0.346576
v 5.225771 0.266698 -0.322418
v 5.207353 0.314837 -0.293243
v 5.186025 0.358558 -0.259458
v 5.162087 0.397249 -0.221540
v 5.135875 0.430365 -0.180018
v 5.107756 0.457443 -0.135477
v 5.160447 0.457443 -0.087275
v 5.202315 0.430365 -0.119237
v 5.241345 0.397249 -0.149033
v 5.276989 0.358558 -0.176244
v 5.308745 0.314837 -0.200487
v 5.336170 0.266698 -0.221424
v 5.358878 0.214817 -0.238759
v 5.376550 0.159923 -0.252250
v 5.388939 0.102784 -0.261708
v 5.395871 0.044203 -0.267000
v 5.397249 -0.014999 -0.268052
v 5.393052 -0.073990 -0.264848
v 5.383340 -0.131942 -0.257434
v 5.368250 -0.188044 -0.245914
v 5.347992 -0.241507 -0.230449
v 5.322853 -0.291581 -0.211257
v 5.293182 -0.337564 -0.188606
v 5.259399 -0.378811 -0.162816
v 5.221975 -0.414742 -0.134246
v 5.181437 -0.444854 -0.103299
v 5.138353 -0.468725 -0.070408
v 5.093328 -0.486018 -0.036036
v 5.046994 -0.496492 -0.000664
v 5.042421 -0.496492 -0.005970
v 5.084247 -0.486018 -0.046574
v 5.124890 -0.468725 -0.086031
v 5.163782 -0.444854 -0.123786
v 5.200375 -0.414742 -0.159311
v 5.234157 -0.378811 -0.192106
v 5.264653 -0.337564 -0.221711
v 5.291436 -0.291581 -0.247712
v 5.314129 -0.241507 -0.269743
v 5.332416 -0.188044 -0.287495
v 5.346037 -0.131942 -0.300719
v 5.354804 -0.073990 -0.309229
v 5.358593 -0.014999 -0.312907
v 5.357349 0.044203 -0.311700
v 5.351092 0.102784 -0.305625
v 5.339908 0.159923 -0.294769
v 5.323956 0.214817 -0.279282
v 5.303457 0.266698 -0.259382
v 5.278701 0.314837 -0.235349
v 5.250034 0.358558 -0.207520
v 5.217860 0.397249 -0.176285
v 5.182628 0.430365 -0.142082
v 5.144834 0.457443 -0.105391
v 5.173808 0.457443 -0.067438
v 5.219162 0.430365 -0.094225
v 5.261442 0.397249 -0.119195
v 5.300054 0.358558 -0.141999
v 5.334455 0.314837 -0.162317
v 5.364164 0.266698 -0.179862
v 5.388762 0.214817 -0.194390
v 5.407907 0.159923 -0.205697
v 5.421327 0.102784 -0.213623
v 5.428836 0.044203 -0.218058
v 5.430328 -0.014999 -0.218939
v 5.425782 -0.073990 -0.216254
v 5.415262 -0.131942 -0.210041
v 5.398915 -0.188044 -0.200386
v 5.376971 -0.241507 -0.187426
v 5.349737 -0.291581 -0.171342
v 5.317596 -0.337564 -0.152360
v 5.281000 -0.378811 -0.130746
v 5.240459 -0.414742 -0.106803
v 5.196546 -0.444854 -0.080868
v 5.149875 -0.468725 -0.053304
v 5.101100 -0.486018 -0.024498
v 5.050907 -0.496492 0.005146
v 5.193056 0.457443 -0.023742
v 5.243434 0.430365 -0.039125
v 5.290396 0.397249 -0.053466
v 5.333283 0.358558 -0.066563
v 5.371495 0.314837 -0.078232
v 5.404493 0.266698 -0.088308
v 5.431817 0.214817 -0.096652
v 5.453081 0.159923 -0.103145
v 5.467988 0.102784 -0.107698
v 5.476328 0.044203 -0.110245
v 5.477985 -0.014999 -0.110751
v 5.472936 -0.073990 -0.109209
v 5.461250 -0.131942 -0.105640
v 5.443093 -0.188044 -0.100096
v 5.418719 -0.241506 -0.092652
v 5.388469 -0.291581 -0.083415
v 5.352769 -0.337564 -0.072513
v 5.312119 -0.378811 -0.060100
v 5.267089 -0.414742 -0.046349
v 5.218313 -0.444854 -0.031454
v 5.166473 -0.468725 -0.015624
v 5.112297 -0.486018 0.000920
v 5.056545 -0.496492 0.017945
v 5.054106 -0.496492 0.011378
v 5.107452 -0.486018 -0.012121
v 5.159292 -0.468725 -0.034956
v 5.208896 -0.444854 -0.056807
v 5.255569 -0.414742 -0.077366
v 5.298656 -0.378811 -0.096346
v 5.337552 -0.337564 -0.113480
v 5.371712 -0.291581 -0.128528
v 5.400657 -0.241506 -0.141278
v 5.423980 -0.188044 -0.151552
v 5.441354 -0.131942 -0.159205
v 5.452535 -0.073990 -0.164131
v 5.457367 -0.014999 -0.166259
v 5.455781 0.044203 -0.165561
v 5.447801 0.102784 -0.162045
v 5.433537 0.159923 -0.155762
v 5.413189 0.214817 -0.146799
v 5.387045 0.266698 -0.135282
v 5.355470 0.314837 -0.121373
v 5.318907 0.358558 -0.105267
v 5.277870 0.397249 -0.087190
v 5.232933 0.430365 -0.067395
v 5.254084 0.430365 0.020133
v 5.303101 0.397249 0.017225
v 5.347865 0.358558 0.014568
v 5.387748 0.314837 0.012201
v 5.422190 0.266698 0.010157
v 5.450708 0.214817 0.008465
v 5.472903 0.159923 0.007148
v 5.488462 0.102784 0.006224
v 5.497168 0.044203 0.005708
v 5.498897 -0.014999 0.005605
v 5.493627 -0.073990 0.005918
v 5.481430 -0.131942 0.006642
v 5.462479 -0.188044 0.007766
v 5.437038 -0.241506 0.009276
v 5.405465 -0.291581 0.011150
v 5.368203 -0.337564 0.013361
v 5.325775 -0.378811 0.015879
v 5.278775 -0.414742 0.018668
v 5.227864 -0.444854 0.021689
v 5.173756 -0.468724 0.024900
v 5.117210 -0.486018 0.028256
v 5.059019 -0.496492 0.031710
v 5.058190 -0.496492 0.024754
v 5.115564 -0.486018 0.014442
v 5.171317 -0.468725 0.004422
v 5.224665 -0.444854 -0.005166
v 5.274862 -0.414742 -0.014187
v 5.321201 -0.378811 -0.022516
v 5.363034 -0.337564 -0.030034
v 5.399773 -0.291581 -0.036637
v 5.430902 -0.241506 -0.042232
v 5.455986 -0.188044 -0.046740
v 5.474672 -0.131942 -0.050098
v 5.486698 -0.073990 -0.052259
v 5.491894 -0.014999 -0.053193
v 5.490189 0.044203 -0.052887
v 5.481605 0.102784 -0.051344
v 5.466264 0.159923 -0.048587
v 5.444381 0.214817 -0.044654
v 5.416263 0.266698 -0.039601
v 5.382305 0.314837 -0.033497
v 5.342981 0.358558 -0.026430
v 5.298846 0.397249 -0.018498
v 5.250517 0.430365 -0.009812
v 5.250517 0.430365 0.080236
v 5.298846 0.397249 0.088922
v 5.342981 0.358558 0.096854
v 5.382305 0.314837 0.103921
v 5.416263 0.266698 0.110025
v 5.444381 0.214817 0.115078
v 5.466264 0.159923 0.119011
v 5.481605 0.102784 0.121768
v 5.490189 0.044203 0.123311
v 5.491894 -0.014999 0.123617
v 5.486698 -0.073990 0.122683
v 5.474672 -0.131942 0.120522
v 5.455986 -0.188044 0.117164
v 5.430902 -0.241506 0.112656
v 5.399773 -0.291581 0.107061
v 5.363034 -0.337564 0.100458
v 5.321201 -0.378810 0.092940
v 5.274862 -0.414742 0.084611
v 5.224665 -0.444854 0.075590
v 5.171317 -0.468724 0.066002
v 5.115564 -0.486018 0.055982
v 5.058190 -0.496492 0.045670
v 5.059019 -0.496492 0.038715
v 5.117210 -0.486018 0.042168
v 5.173756 -0.468724 0.045524
v 5.227864 -0.444854 0.048735
v 5.278775 -0.414742 0.051756
v 5.325775 -0.378811 0.054545
v 5.368203 -0.337564 0.057063
v 5.405465 -0.291581 0.059274
v 5.437038 -0.241506 0.061148
v 5.462479 -0.188044 0.062658
v 5.481430 -0.131942 0.063782
v 5.493627 -0.073990 0.064506
v 5.498897 -0.014999 0.064819
v 5.497168 0.044203 0.064716
v 5.488462 0.102784 0.064200
v 5.472903 0.159923 0.063276
v 5.450708 0.214817 0.061959
v 5.422190 0.266698 0.060267
v 5.387748 0.314837 0.058223
v 5.347865 0.358558 0.055856
v 5.303101 0.397249 0.053199
v 5.254084 0.430365 0.050291
v 5.201502 0.457443 0.047170
v 5.232933 0.430365 0.137819
v 5.277870 0.397249 0.157614
v 5.318907 0.358558 0.175691
v 5.355470 0.314837 0.191797
v 5.387045 0.266698 0.205706
v 5.413189 0.214817 0.217223
v 5.433537 0.159923 0.226186
v 5.447801 0.102784 0.232469
v 5.455781 0.044203 0.235985
v 5.457367 -0.014999 0.236683
v 5.452535 -0.073990 0.234555
v 5.441354 -0.131942 0.229629
v 5.423980 -0.188044 0.221976
v 5.400657 -0.241506 0.211702
v 5.371712 -0.291581 0.198952
v 5.337552 -0.337564 0.183904
v 5.298656 -0.378810 0.166770
v 5.255569 -0.414742 0.147790
v 5.208896 -0.444854 0.127231
v 5.159292 -0.468724 0.105380
v 5.107452 -0.486018 0.082545
v 5.054106 -0.496492 0.059046
v 5.056545 -0.496492 0.052479
v 5.112297 -0.486018 0.069504
v 5.166473 -0.468724 0.086048
v 5.218313 -0.444854 0.101878
v 5.267089 -0.414742 0.116773
v 5.312119 -0.378810 0.130524
v 5.352769 -0.337564 0.142937
v 5.388469 -0.291581 0.153839
v 5.418719 -0.241506 0.163076
v 5.443093 -0.188044 0.170520
v 5.461250 -0.131942 0.176064
v 5.472936 -0.073990 0.179633
v 5.477985 -0.014999 0.181175
v 5.476328 0.044203 0.180669
v 5.467988 0.102784 0.178122
v 5.453081 0.159923 0.173569
v 5.431817 0.214817 0.167076
v 5.404493 0.266698 0.158732
v 5.371495 0.314837 0.148656
v 5.333283 0.358558 0.136987
v 5.290396 0.397249 0.123890
v 5.243434 0.430365 0.109549
v 5.193056 0.457443 0.094166
v 5.160447 0.457443 0.157699
v 5.202315 0.430365 0.189661
v 5.241345 0.397249 0.219457
v 5.276989 0.358558 0.246668
v 5.308745 0.314837 0.270911
v 5.336170 0.266698 0.291848
v 5.358878 0.214817 0.309183
v 5.376550 0.159923 0.322674
v 5.388939 0.102784 0.332132
v 5.395871 0.044203 0.337424
v 5.397249 -0.014999 0.338476
v 5.393052 -0.073990 0.335272
v 5.383340 -0.131942 0.327858
v 5.368250 -0.188044 0.316338
v 5.347992 -0.241506 0.300873
v 5.322853 -0.291581 0.281681
v 5.293182 -0.337564 0.259030
v 5.259399 -0.378810 0.233240
v 5.221975 -0.414742 0.204670
v 5.181437 -0.444854 0.173723
v 5.138353 -0.468724 0.140832
v 5.093328 -0.486018 0.106460
v 5.046994 -0.496492 0.071088
v 5.050907 -0.496492 0.065278
v 5.101100 -0.486018 0.094922
v 5.149875 -0.468724 0.123728
v 5.196546 -0.444854 0.151292
v 5.240459 -0.414742 0.177227
v 5.281000 -0.378810 0.201170
v 5.317596 -0.337564 0.222784
v 5.349737 -0.291581 0.241766
v 5.376971 -0.241506 0.257850
v 5.398915 -0.188044 0.270810
v 5.415262 -0.131942 0.280465
v 5.425782 -0.073990 0.286678
v 5.430328 -0.014999 0.289363
v 5.428836 0.044203 0.288482
v 5.421327 0.102784 0.284047
v 5.407907 0.159923 0.276121
v 5.388762 0.214817 0.264814
v 5.364164 0.266698 0.250286
v 5.334455 0.314837 0.232741
v 5.300054 0.358558 0.212423
v 5.261442 0.397249 0.189619
v 5.219162 0.430365 0.164649
v 5.173808 0.457443 0.137862
v 5.144834 0.457443 0.175815
v 5.182628 0.430365 0.212506
v 5.217860 0.397249 0.246709
v 5.250034 0.358558 0.277944
v 5.278701 0.314837 0.305773
v 5.303457 0.266698 0.329806
v 5.323956 0.214818 0.349706
v 5.339908 0.159923 0.365193
v 5.351092 0.102784 0.376049
v 5.357349 0.044203 0.382124
v 5.358593 -0.014999 0.383331
v 5.354804 -0.073990 0.379653
v 5.346037 -0.131942 0.371143
v 5.332416 -0.188044 0.357919
v 5.314129 -0.241506 0.340167
v 5.291436 -0.291581 0.318136
v 5.264653 -0.337564 0.292135
v 5.234157 -0.378810 0.262530
v 5.200375 -0.414742 0.229735
v 5.163782 -0.444854 0.194210
v 5.124890 -0.468724 0.156455
v 5.084247 -0.486018 0.116998
v 5.042421 -0.496492 0.076394
v 5.107756 0.457443 0.205901
v 5.135875 0.430365 0.250442
v 5.162087 0.397249 0.291964
v 5.186025 0.358558 0.329882
v 5.207353 0.314837 0.363667
v 5.225771 0.266698 0.392842
v 5.241022 0.214818 0.417000
v 5.252891 0.159923 0.435800
v 5.261211 0.102784 0.448980
v 5.265867 0.044203 0.456355
v 5.266792 -0.014999 0.457820
v 5.263973 -0.073990 0.453355
v 5.257451 -0.131942 0.443024
v 5.247316 -0.188044 0.426970
v 5.233711 -0.241506 0.405419
v 5.216827 -0.291581 0.378675
v 5.196901 -0.337564 0.347110
v 5.174212 -0.378810 0.311170
v 5.149078 -0.414742 0.271358
v 5.121853 -0.444854 0.228232
v 5.092918 -0.468724 0.182398
v 5.062679 -0.486018 0.134498
v 5.031561 -0.496492 0.085206
v 5.037252 -0.496492 0.081122
v 5.073982 -0.486018 0.126388
v 5.109674 -0.468724 0.170375
v 5.143827 -0.444854 0.212465
v 5.175962 -0.414742 0.252068
v 5.205627 -0.378810 0.288629
v 5.232408 -0.337564 0.321633
v 5.255928 -0.291581 0.350619
v 5.275857 -0.241506 0.375179
v 5.291915 -0.188044 0.394969
v 5.303877 -0.131942 0.409712
v 5.311575 -0.073990 0.419199
v 5.314902 -0.014999 0.423299
v 5.313810 0.044203 0.421954
v 5.308316 0.102784 0.415182
v 5.298495 0.159923 0.403078
v 5.284486 0.214818 0.385814
v 5.266485 0.266698 0.363629
v 5.244745 0.314837 0.336837
v 5.219571 0.358558 0.305812
v 5.191316 0.397249 0.270991
v 5.160377 0.430365 0.232861
v 5.081519 0.430365 0.276336
v 5.097245 0.397249 0.322852
v 5.111607 0.358558 0.365333
v 5.124403 0.314837 0.403182
v 5.135453 0.266698 0.435867
v 5.144602 0.214818 0.462931
v 5.151723 0.159923 0.483994
v 5.156715 0.102784 0.498759
v 5.159508 0.044203 0.507021
v 5.160063 -0.014999 0.508662
v 5.158372 -0.073990 0.503660
v 5.154459 -0.131942 0.492086
v 5.148378 -0.188044 0.474101
v 5.140216 -0.241506 0.449958
v 5.130086 -0.291581 0.419995
v 5.118132 -0.337564 0.384634
v 5.104519 -0.378810 0.344370
v 5.089440 -0.414742 0.299767
v 5.073106 -0.444854 0.251453
v 5.055747 -0.468724 0.200105
v 5.037605 -0.486018 0.146443
v 5.018935 -0.496492 0.091220
v 5.025426 -0.496492 0.088588
v 5.050497 -0.486018 0.141215
v 5.074858 -0.468724 0.192354
v 5.098169 -0.444854 0.241289
v 5.120102 -0.414742 0.287332
v 5.140351 -0.378810 0.329838
v 5.158630 -0.337564 0.368209
v 5.174683 -0.291581 0.401909
v 5.188285 -0.241506 0.430463
v 5.199246 -0.188044 0.453471
v 5.207410 -0.131942 0.470611
v 5.212665 -0.073990 0.481641
v 5.214936 -0.014999 0.486408
v 5.214191 0.044203 0.484844
v 5.210440 0.102784 0.476970
v 5.203737 0.159923 0.462899
v 5.194175 0.214818 0.442826
v 5.181889 0.266698 0.417035
v 5.167050 0.314837 0.385885
v 5.149868 0.358558 0.349816
v 5.130582 0.397249 0.309332
v 5.109465 0.430365 0.265002
v 5.022602 0.430365 0.288738
v 5.026962 0.397249 0.337647
v 5.030943 0.358558 0.382312
v 5.034491 0.314837 0.422107
v 5.037555 0.266698 0.456474
v 5.040092 0.214818 0.484930
v 5.042066 0.159923 0.507076
v 5.043450 0.102784 0.522601
v 5.044224 0.044203 0.531287
v 5.044378 -0.014999 0.533013
v 5.043909 -0.073990 0.527754
v 5.042824 -0.131942 0.515584
v 5.041139 -0.188044 0.496674
v 5.038876 -0.241506 0.471289
v 5.036067 -0.291581 0.439786
v 5.032753 -0.337564 0.402606
v 5.028978 -0.378810 0.360270
v 5.024797 -0.414742 0.313374
v 5.020269 -0.444854 0.262575
v 5.015456 -0.468724 0.208586
v 5.010426 -0.486018 0.152164
v 5.005250 -0.496492 0.094101
v 5.012178 -0.496492 0.093067
v 5.024185 -0.486018 0.150110
v 5.035853 -0.468724 0.205541
v 5.047018 -0.444854 0.258582
v 5.057523 -0.414742 0.308489
v 5.067221 -0.378810 0.354561
v 5.075975 -0.337564 0.396153
v 5.083664 -0.291581 0.432680
v 5.090179 -0.241506 0.463630
v 5.095428 -0.188044 0.488570
v 5.099339 -0.131942 0.507147
v 5.101856 -0.073990 0.519104
v 5.102943 -0.014999 0.524270
v 5.102586 0.044203 0.522575
v 5.100790 0.102784 0.514041
v 5.097579 0.159923 0.498788
v 5.093000 0.214818 0.477032
v 5.087115 0.266698 0.449075
v 5.080009 0.314837 0.415312
v 5.071779 0.358558 0.376216
v 5.062542 0.397249 0.332335
v 5.052428 0.430365 0.284285
v 5.041578 0.457443 0.232740
v 4.962420 0.430365 0.286953
v 4.955170 0.397249 0.335518
v 4.948549 0.358558 0.379869
v 4.942650 0.314837 0.419385
v 4.937555 0.266698 0.453509
v 4.933338 0.214818 0.481765
v 4.930055 0.159923 0.503755
v 4.927753 0.102784 0.519171
v 4.926466 0.044203 0.527796
v 4.926210 -0.014999 0.529510
v 4.926990 -0.073990 0.524288
v 4.928793 -0.131942 0.512203
v 4.931596 -0.188044 0.493427
v 4.935359 -0.241506 0.468220
v 4.940029 -0.291581 0.436938
v 4.945541 -0.337564 0.400020
v 4.951816 -0.378810 0.357983
v 4.958767 -0.414742 0.311417
v 4.966298 -0.444854 0.260975
v 4.974300 -0.468724 0.207366
v 4.982664 -0.486018 0.151341
v 4.991271 -0.496492 0.093687
v 4.998248 -0.496492 0.094309
v 4.996521 -0.486018 0.152576
v 4.994842 -0.468724 0.209197
v 4.993236 -0.444854 0.263377
v 4.991724 -0.414742 0.314355
v 4.990329 -0.378810 0.361416
v 4.989070 -0.337564 0.403900
v 4.987964 -0.291581 0.441212
v 4.987026 -0.241506 0.472826
v 4.986271 -0.188044 0.498301
v 4.985709 -0.131942 0.517277
v 4.985347 -0.073990 0.529490
v 4.985190 -0.014999 0.534768
v 4.985241 0.044203 0.533036
v 4.985500 0.102784 0.524319
v 4.985961 0.159923 0.508739
v 4.986620 0.214818 0.486515
v 4.987467 0.266698 0.457959
v 4.988490 0.314837 0.423471
v 4.989674 0.358558 0.383536
v 4.991003 0.397249 0.338713
v 4.992458 0.430365 0.289631
v 4.994018 0.457443 0.236980
v 4.924137 0.457443 0.222270
v 4.904340 0.430365 0.271083
v 4.885886 0.397249 0.316586
v 4.869033 0.358558 0.358142
v 4.854017 0.314837 0.395166
v 4.841051 0.266698 0.427139
v 4.830314 0.214818 0.453614
v 4.821958 0.159923 0.474217
v 4.816100 0.102784 0.488661
v 4.812822 0.044203 0.496743
v 4.812171 -0.014999 0.498348
v 4.814155 -0.073990 0.493456
v 4.818747 -0.131942 0.482133
v 4.825882 -0.188044 0.464540
v 4.835460 -0.241506 0.440923
v 4.847347 -0.291581 0.411613
v 4.861376 -0.337564 0.377022
v 4.877350 -0.378810 0.337635
v 4.895044 -0.414742 0.294004
v 4.914212 -0.444854 0.246743
v 4.934583 -0.468724 0.196513
v 4.955872 -0.486018 0.144020
v 4.977780 -0.496492 0.090000
v 4.984416 -0.496492 0.092244
v 4.969051 -0.486018 0.148476
v 4.954120 -0.468724 0.203118
v 4.939832 -0.444854 0.255404
v 4.926389 -0.414742 0.304601
v 4.913979 -0.378810 0.350018
v 4.902776 -0.337564 0.391018
v 4.892937 -0.291581 0.427026
v 4.884600 -0.241506 0.457536
v 4.877882 -0.188044 0.482120
v 4.872878 -0.131942 0.500434
v 4.869658 -0.073990 0.512220
v 4.868266 -0.014999 0.517313
v 4.868722 0.044203 0.515641
v 4.871021 0.102784 0.507229
v 4.875130 0.159923 0.492194
v 4.880991 0.214818 0.470746
v 4.888521 0.266698 0.443188
v 4.897615 0.314837 0.409905
v 4.908146 0.358558 0.371365
v 4.919966 0.397249 0.328108
v 4.932909 0.430365 0.280742
v 4.946794 0.457443 0.229930
v 4.902545 0.457443 0.211985
v 4.877115 0.430365 0.258114
v 4.853408 0.397249 0.301115
v 4.831758 0.358558 0.340385
v 4.812469 0.314837 0.375373
v 4.795812 0.266698 0.405589
v 4.782019 0.214818 0.430607
v 4.771285 0.159923 0.450078
v 4.763759 0.102784 0.463728
v 4.759549 0.044203 0.471365
v 4.758712 -0.014999 0.472882
v 4.761262 -0.073990 0.468259
v 4.767160 -0.131942 0.457559
v 4.776327 -0.188044 0.440933
v 4.788630 -0.241506 0.418615
v 4.803901 -0.291581 0.390916
v 4.821922 -0.337564 0.358227
v 4.842442 -0.378810 0.321006
v 4.865173 -0.414742 0.279774
v 4.889796 -0.444854 0.235112
v 4.915965 -0.468724 0.187644
v 4.943313 -0.486018 0.138037
v 4.971456 -0.496492 0.086988
v 4.863750 0.457443 0.184149
v 4.828196 0.430365 0.223013
v 4.795053 0.397249 0.259243
v 4.764784 0.358558 0.292330
v 4.737817 0.314837 0.321808
v 4.714528 0.266698 0.347266
v 4.695244 0.214818 0.368345
v 4.680237 0.159923 0.384749
v 4.669716 0.102784 0.396250
v 4.663830 0.044203 0.402684
v 4.662660 -0.014999 0.403963
v 4.666224 -0.073990 0.400067
v 4.674471 -0.131942 0.391052
v 4.687286 -0.188044 0.377044
v 4.704488 -0.241506 0.358240
v 4.725837 -0.291581 0.334904
v 4.751032 -0.337564 0.307362
v 4.779721 -0.378810 0.276002
v 4.811501 -0.414742 0.241263
v 4.845925 -0.444854 0.203633
v 4.882512 -0.468724 0.163640
v 4.920746 -0.486018 0.121845
v 4.960093 -0.496492 0.078835
v 4.965533 -0.496492 0.083248
v 4.931549 -0.486018 0.130611
v 4.898526 -0.468724 0.176635
v 4.866926 -0.444854 0.220674
v 4.837194 -0.414742 0.262111
v 4.809746 -0.378810 0.300365
v 4.784968 -0.337564 0.334898
v 4.763206 -0.291581 0.365226
v 4.744768 -0.241506 0.390924
v 4.729910 -0.188044 0.411631
v 4.718843 -0.131942 0.427056
v 4.711720 -0.073990 0.436983
v 4.708642 -0.014999 0.441273
v 4.709651 0.044203 0.439865
v 4.714736 0.102784 0.432779
v 4.723823 0.159923 0.420115
v 4.736784 0.214818 0.402051
v 4.753439 0.266698 0.378839
v 4.773553 0.314837 0.350806
v 4.796845 0.358558 0.318345
v 4.822988 0.397249 0.281911
v 4.851614 0.430365 0.242015
v 4.788890 0.430365 0.177405
v 4.748165 0.397249 0.204836
v 4.710971 0.358558 0.229887
v 4.677835 0.314837 0.252207
v 4.649217 0.266698 0.271482
v 4.625522 0.214817 0.287442
v 4.607082 0.159923 0.299862
v 4.594154 0.102784 0.308570
v 4.586921 0.044203 0.313442
v 4.585484 -0.014999 0.314410
v 4.589863 -0.073990 0.311460
v 4.599997 -0.131942 0.304635
v 4.615743 -0.188044 0.294029
v 4.636881 -0.241506 0.279791
v 4.663114 -0.291581 0.262122
v 4.694074 -0.337564 0.241269
v 4.729326 -0.378810 0.217525
v 4.768376 -0.414742 0.191223
v 4.810676 -0.444854 0.162731
v 4.855632 -0.468724 0.132451
v 4.902615 -0.486018 0.100806
v 4.950963 -0.496492 0.068241
v 4.955214 -0.496492 0.073809
v 4.911056 -0.486018 0.111864
v 4.868146 -0.468724 0.148843
v 4.827087 -0.444854 0.184228
v 4.788454 -0.414742 0.217523
v 4.752788 -0.378810 0.248259
v 4.720592 -0.337564 0.276006
v 4.692316 -0.291581 0.300374
v 4.668357 -0.241506 0.321022
v 4.649051 -0.188044 0.337659
v 4.634670 -0.131942 0.350053
v 4.625414 -0.073990 0.358029
v 4.621415 -0.014999 0.361476
v 4.622728 0.044203 0.360345
v 4.629333 0.102784 0.354652
v 4.641140 0.159923 0.344477
v 4.657983 0.214818 0.329962
v 4.679624 0.266698 0.311312
v 4.705760 0.314837 0.288787
v 4.736025 0.358558 0.262705
v 4.769994 0.397249 0.233431
v 4.807190 0.430365 0.201375
v 4.761398 0.430365 0.123840
v 4.715368 0.397249 0.140938
v 4.673331 0.358558 0.156552
v 4.635879 0.314837 0.170464
v 4.603535 0.266698 0.182478
v 4.576754 0.214817 0.192425
v 4.555912 0.159923 0.200167
v 4.541301 0.102784 0.205595
v 4.533125 0.044203 0.208631
v 4.531501 -0.014999 0.209234
v 4.536451 -0.073990 0.207396
v 4.547904 -0.131942 0.203142
v 4.565701 -0.188044 0.196531
v 4.589592 -0.241506 0.187657
v 4.619241 -0.291581 0.176644
v 4.654233 -0.337564 0.163646
v 4.694076 -0.378810 0.148847
v 4.738212 -0.414742 0.132453
v 4.786020 -0.444854 0.114694
v 4.836832 -0.468724 0.095821
v 4.889932 -0.486018 0.076096
v 4.944577 -0.496492 0.055799
v 4.947401 -0.496492 0.062209
v 4.895540 -0.486018 0.088828
v 4.845145 -0.468724 0.114694
v 4.796923 -0.444854 0.139444
v 4.751550 -0.414742 0.162733
v 4.709663 -0.378810 0.184232
v 4.671850 -0.337564 0.203640
v 4.638641 -0.291581 0.220685
v 4.610502 -0.241506 0.235127
v 4.587829 -0.188044 0.246765
v 4.570939 -0.131942 0.255434
v 4.560069 -0.073990 0.261013
v 4.555372 -0.014999 0.263424
v 4.556913 0.044203 0.262633
v 4.564672 0.102784 0.258651
v 4.578538 0.159923 0.251533
v 4.598319 0.214817 0.241381
v 4.623735 0.266698 0.228335
v 4.654431 0.314837 0.212580
v 4.689975 0.358558 0.194337
v 4.729870 0.397249 0.173860
v 4.773555 0.430365 0.151438
v 4.820417 0.457443 0.127386
v 4.799560 0.457443 0.059086
v 4.747256 0.430365 0.065316
v 4.698497 0.397249 0.071124
v 4.653970 0.358558 0.076427
v 4.614297 0.314837 0.081153
v 4.580036 0.266698 0.085234
v 4.551668 0.214817 0.088612
v 4.529590 0.159923 0.091242
v 4.514113 0.102784 0.093086
v 4.505454 0.044203 0.094117
v 4.503733 -0.014999 0.094322
v 4.508976 -0.073990 0.093698
v 4.521108 -0.131942 0.092252
v 4.539960 -0.188044 0.090007
v 4.565267 -0.241506 0.086993
v 4.596673 -0.291581 0.083252
v 4.633739 -0.337564 0.078837
v 4.675943 -0.378811 0.073810
v 4.722695 -0.414742 0.068242
v 4.773338 -0.444854 0.062210
v 4.827160 -0.468724 0.055799
v 4.883409 -0.486018 0.049099
v 4.941292 -0.496492 0.042205
v 4.942532 -0.496492 0.049099
v 4.885870 -0.486018 0.062791
v 4.830808 -0.468724 0.076097
v 4.778121 -0.444854 0.088828
v 4.728548 -0.414742 0.100808
v 4.682783 -0.378810 0.111866
v 4.641469 -0.337564 0.121850
v 4.605186 -0.291581 0.130618
v 4.574442 -0.241506 0.138047
v 4.549669 -0.188044 0.144033
v 4.531216 -0.131942 0.148492
v 4.519340 -0.073990 0.151362
v 4.514207 -0.014999 0.152602
v 4.515892 0.044203 0.152195
v 4.524368 0.102784 0.150147
v 4.539519 0.159923 0.146486
v 4.561131 0.214817 0.141263
v 4.588900 0.266698 0.134553
v 4.622438 0.314837 0.126449
v 4.661273 0.358558 0.117064
v 4.704861 0.397249 0.106531
v 4.752590 0.430365 0.094998
v 4.803791 0.457443 0.082625
v 4.853650 1.700000 0.035212
v 4.857072 1.700000 0.003751
v 4.867177 1.700000 -0.026239
v 4.883492 1.700000 -0.053355
v 4.905255 1.700000 -0.076331
v 4.931448 1.700000 -0.094090
v 4.960847 1.700000 -0.105804
v 4.992077 1.700000 -0.110923
v 5.023677 1.700000 -0.109210
v 5.054170 1.700000 -0.100744
v 5.082130 1.700000 -0.085920
v 5.106249 1.700000 -0.065433
v 5.125401 1.700000 -0.040239
v 5.138689 1.700000 -0.011518
v 5.145492 1.700000 0.019389
v 5.145492 1.700000 0.051035
v 5.138689 1.700000 0.081942
v 5.125401 1.700000 0.110663
v 5.106249 1.700000 0.135857
v 5.082130 1.700000 0.156344
v 5.054170 1.700000 0.171168
v 5.023677 1.700000 0.179634
v 4.992077 1.700000 0.181347
v 4.960847 1.700000 0.176227
v 4.931448 1.700000 0.164514
v 4.905255 1.700000 0.146754
v 4.883492 1.700000 0.123779
v 4.867177 1.700000 0.096663
v 4.857072 1.700000 0.066673
v 4.853650 1.089051 0.035212
v 4.857072 1.089051 0.066673
v 4.867177 1.089051 0.096663
v 4.883492 1.089051 0.123779
v 4.905255 1.089051 0.146754
v 4.931448 1.089051 0.164514
v 4.960847 1.089051 0.176227
v 4.992077 1.089051 0.181347
v 5.023677 1.089051 0.179634
v 5.054170 1.089051 0.171168
v 5.082130 1.089051 0.156344
v 5.106249 1.089051 0.135857
v 5.125401 1.089051 0.110663
v 5.138689 1.089051 0.081942
v 5.145492 1.089051 0.051035
v 5.145492 1.089051 0.019389
v 5.138689 1.089051 -0.011518
v 5.125401 1.089051 -0.040239
v 5.106249 1.089051 -0.065433
v 5.082130 1.089051 -0.085920
v 5.054170 1.089051 -0.100744
v 5.023677 1.089051 -0.109210
v 4.992077 1.089051 -0.110923
v 4.960847 1.089051 -0.105804
v 4.931448 1.089051 -0.094090
v 4.905255 1.089051 -0.076331
v 4.883492 1.089051 -0.053355
v 4.867177 1.089051 -0.026239
v 4.857072 1.089051 0.003751
vn -0.7071 -0.1379 0.6935
vn -0.7071 -0.0000 0.7071
vn -0.7071 0.1379 0.6935
vn -0.7071 0.1380 0.6935
vn -0.7069 0.1631 0.6883
vn -0.7071 0.1631 0.6880
vn -0.7071 0.2706 0.6533
vn -0.7071 0.3174 0.6319
vn -0.7071 0.3928 0.5879
vn -0.7071 0.3173 0.6319
vn -0.7071 0.4545 0.5417
vn -0.7071 0.3929 0.5879
vn -0.7071 0.5000 0.5000
vn -0.7071 0.5672 0.4222
vn -0.7071 0.5672 0.4223
vn -0.7071 0.5879 0.3928
vn -0.7071 0.5879 0.3929
vn -0.7071 0.6493 0.2800
vn -0.7071 0.6493 0.2801
vn -0.7071 0.6533 0.2706
vn -0.7071 0.6935 0.1380
vn -0.7071 0.6935 0.1379
vn -0.7071 0.6964 0.1228
vn -0.7071 0.7071 -0.0000
vn -0.7071 0.7059 -0.0411
vn -0.7071 0.6935 -0.1379
vn -0.7071 0.6774 -0.2028
vn -0.7071 0.6533 -0.2706
vn -0.7071 0.6124 -0.3536
vn -0.7071 0.5879 -0.3928
vn -0.7071 0.6124 -0.3535
vn -0.7071 0.5879 -0.3929
vn -0.7071 0.5143 -0.4853
vn -0.7071 0.5143 -0.4852
vn -0.7071 0.5880 -0.3928
vn -0.7071 0.5000 -0.5000
vn -0.7071 0.3885 -0.5908
vn -0.7071 0.3929 -0.5879
vn -0.7071 0.3886 -0.5908
vn -0.7071 0.2706 -0.6533
vn -0.7076 0.2417 -0.6640
vn -0.7071 0.2418 -0.6645
vn -0.7071 0.1379 -0.6935
vn -0.7071 0.1380 -0.6935
vn -0.7071 0.0821 -0.7023
vn -0.7071 -0.0000 -0.7071
vn -0.7071 -0.0821 -0.7023
vn -0.7071 -0.1380 -0.6935
vn -0.7071 -0.2418 -0.6645
vn -0.7071 -0.2419 -0.6645
vn -0.7071 -0.1379 -0.6935
vn -0.7071 -0.2706 -0.6533
vn -0.7076 -0.3883 -0.5904
vn -0.7071 -0.3886 -0.5908
vn -0.7071 -0.3929 -0.5879
vn -0.7071 -0.5000 -0.5000
vn -0.7071 -0.5143 -0.4853
vn -0.7071 -0.5143 -0.4852
vn -0.7071 -0.5879 -0.3928
vn -0.7071 -0.5879 -0.3929
vn -0.7071 -0.6124 -0.3536
vn -0.7071 -0.6533 -0.2706
vn -0.7071 -0.6774 -0.2028
vn -0.7071 -0.6935 -0.1379
vn -0.7071 -0.6935 -0.1380
vn -0.7071 -0.7059 -0.0411
vn -0.7071 -0.7071 -0.0000
vn -0.7071 -0.6964 0.1228
vn -0.7071 -0.6935 0.1379
vn -0.7071 -0.6493 0.2801
vn -0.7071 -0.6493 0.2800
vn -0.7071 -0.6935 0.1380
vn -0.7071 -0.6533 0.2706
vn -0.7071 -0.5880 0.3928
vn -0.7071 -0.5879 0.3928
vn -0.7071 -0.5672 0.4222
vn -0.7071 -0.5000 0.5000
vn -0.7071 -0.5672 0.4223
vn -0.7071 -0.4545 0.5417
vn -0.7071 -0.3929 0.5879
vn -0.7071 -0.3173 0.6319
vn -0.7071 -0.3174 0.6319
vn -0.7071 -0.3928 0.5879
vn -0.7071 -0.2706 0.6533
vn -0.7071 -0.1631 0.6880
vn -0.7071 -0.1631 0.6881
vn -0.7071 -0.1380 0.6935
vn -0.7071 -0.1630 0.6881
vn -0.7069 -0.0000 0.7074
vn -0.0000 0.2306 0.9730
vn 0.0001 0.1161 0.9932
vn -0.0000 -0.0000 1.0000
vn -0.0000 0.1161 0.9932
vn -0.0000 -0.1161 0.9932
vn 0.0001 -0.1161 0.9932
vn -0.0000 -0.2306 0.9730
vn 0.0001 -0.2306 0.9730
vn -0.0000 -0.3420 0.9397
vn -0.0000 -0.2306 0.9731
vn -0.0000 -0.4488 0.8936
vn -0.0000 -0.5495 0.8355
vn -0.0000 -0.6428 0.7660
vn -0.0000 -0.7274 0.6862
vn -0.0000 -0.6428 0.7661
vn -0.0000 -0.8021 0.5972
vn -0.0000 -0.7273 0.6863
vn -0.0000 -0.8660 0.5000
vn -0.0000 -0.8021 0.5971
vn -0.0000 -0.9182 0.3961
vn -0.0000 -0.9580 0.2868
vn -0.0000 -0.9848 0.1736
vn 0.0001 -0.9848 0.1737
vn -0.0000 -0.9983 0.0582
vn -0.0000 -0.9983 0.0581
vn -0.0000 -0.9983 -0.0582
vn -0.0001 -0.9983 -0.0581
vn -0.0000 -0.9848 -0.1736
vn 0.0001 -0.9848 -0.1736
vn -0.0000 -0.9580 -0.2868
vn -0.0000 -0.9182 -0.3961
vn 0.0001 -0.9182 -0.3961
vn -0.0000 -0.8660 -0.5000
vn -0.0000 -0.8021 -0.5971
vn -0.0000 -0.8021 -0.5972
vn -0.0000 -0.7273 -0.6863
vn -0.0000 -0.7274 -0.6862
vn -0.0000 -0.6428 -0.7661
vn -0.0000 -0.7274 -0.6863
vn -0.0000 -0.6428 -0.7660
vn -0.0000 -0.5495 -0.8355
vn -0.0000 -0.4488 -0.8936
vn 0.0001 -0.4488 -0.8936
vn -0.0000 -0.3420 -0.9397
vn -0.0000 -0.2306 -0.9730
vn 0.0001 -0.2306 -0.9730
vn -0.0000 -0.1161 -0.9932
vn -0.0001 -0.1161 -0.9932
vn -0.0000 -0.0000 -1.0000
vn -0.0000 0.1161 -0.9932
vn -0.0001 0.1161 -0.9932
vn -0.0000 0.2306 -0.9730
vn 0.0001 0.2306 -0.9730
vn -0.0000 0.3420 -0.9397
vn -0.0001 0.3420 -0.9397
vn -0.0000 0.4488 -0.8936
vn -0.0000 0.5495 -0.8355
vn -0.0000 0.6428 -0.7660
vn -0.0000 0.7274 -0.6862
vn -0.0000 0.6428 -0.7661
vn -0.0000 0.8021 -0.5972
vn -0.0000 0.7273 -0.6863
vn -0.0000 0.8660 -0.5000
vn -0.0000 0.8021 -0.5971
vn -0.0000 0.9182 -0.3961
vn 0.0001 0.9182 -0.3961
vn -0.0000 0.9580 -0.2868
vn -0.0001 0.9580 -0.2868
vn -0.0000 0.9848 -0.1736
vn -0.0001 0.9848 -0.1737
vn -0.0000 0.9983 -0.0582
vn -0.0001 0.9983 -0.0581
vn -0.0000 0.9983 0.0582
vn -0.0000 0.9983 0.0581
vn -0.0000 0.9848 0.1736
vn 0.0001 0.9848 0.1737
vn -0.0000 0.9580 0.2868
vn 0.0001 0.9580 0.2868
vn -0.0000 0.9182 0.3961
vn -0.0000 0.8660 0.5000
vn -0.0000 0.8021 0.5971
vn -0.0000 0.8021 0.5972
vn -0.0000 0.7273 0.6863
vn -0.0000 0.7274 0.6862
vn -0.0000 0.6428 0.7661
vn -0.0000 0.6428 0.7660
vn -0.0000 0.5495 0.8355
vn -0.0000 0.4488 0.8936
vn -0.0001 0.4488 0.8936
vn -0.0000 0.3420 0.9397
vn 0.0001 0.2306 0.9730
vn -0.0001 -0.1161 0.9932
vn -0.0001 0.1161 0.9932
vn -0.0000 0.2306 0.9731
vn -0.0001 0.3420 0.9397
vn 0.0001 0.6428 0.7660
vn 0.0001 0.9848 0.1736
vn -0.0001 0.9983 0.0581
vn 0.0001 0.9983 -0.0581
vn -0.0001 0.9848 -0.1736
vn -0.0001 0.6428 -0.7660
vn 0.0001 0.3420 -0.9397
vn -0.0001 0.2306 -0.9730
vn 0.0001 0.1161 -0.9932
vn 0.0001 -0.1161 -0.9932
vn -0.0001 -0.2306 -0.9730
vn 0.0001 -0.3420 -0.9397
vn -0.0001 -0.6428 -0.7660
vn -0.0001 -0.9182 -0.3961
vn 0.0001 -0.9983 -0.0581
vn -0.0000 -0.9848 -0.1737
vn -0.0000 -0.9983 -0.0581
vn -0.0001 -0.9983 0.0581
vn -0.0000 -0.9848 0.1737
vn -0.0001 -0.9848 0.1736
vn -0.0001 -0.9580 0.2868
vn 0.0001 -0.5495 0.8355
vn 0.0001 -0.4488 0.8936
vn -0.0001 -0.3420 0.9397
vn -0.0000 0.2306 -0.9731
vn -0.0000 0.9848 -0.1737
vn -0.0000 -0.2306 -0.9731
vn -0.6926 -0.7071 0.1423
vn -0.6926 -0.7071 -0.1423
vn -0.6879 -0.7073 -0.1630
vn -0.6880 -0.7071 -0.1631
vn -0.6498 -0.7071 -0.2789
vn -0.6319 -0.7071 -0.3174
vn -0.6319 -0.7071 -0.3173
vn -0.5804 -0.7071 -0.4039
vn -0.5804 -0.7071 -0.4040
vn -0.5417 -0.7071 -0.4545
vn -0.4872 -0.7071 -0.5125
vn -0.4223 -0.7071 -0.5672
vn -0.4222 -0.7071 -0.5672
vn -0.3740 -0.7071 -0.6001
vn -0.2801 -0.7071 -0.6493
vn -0.2456 -0.7071 -0.6631
vn -0.2800 -0.7071 -0.6493
vn -0.1228 -0.7071 -0.6964
vn -0.1071 -0.7071 -0.6989
vn -0.1071 -0.7071 -0.6990
vn 0.0411 -0.7071 -0.7059
vn 0.0358 -0.7071 -0.7062
vn 0.1773 -0.7071 -0.6845
vn 0.1772 -0.7071 -0.6845
vn 0.2028 -0.7071 -0.6774
vn 0.3114 -0.7071 -0.6348
vn 0.3536 -0.7071 -0.6124
vn 0.4328 -0.7071 -0.5592
vn 0.4852 -0.7071 -0.5143
vn 0.4853 -0.7071 -0.5143
vn 0.5365 -0.7071 -0.4606
vn 0.5908 -0.7071 -0.3886
vn 0.5908 -0.7071 -0.3885
vn 0.6183 -0.7071 -0.3431
vn 0.6645 -0.7071 -0.2419
vn 0.6747 -0.7071 -0.2117
vn 0.6645 -0.7071 -0.2418
vn 0.7023 -0.7071 -0.0821
vn 0.7035 -0.7071 -0.0716
vn 0.7035 -0.7071 -0.0715
vn 0.7035 -0.7071 0.0715
vn 0.7023 -0.7071 0.0821
vn 0.7035 -0.7071 0.0716
vn 0.6747 -0.7071 0.2117
vn 0.6645 -0.7071 0.2418
vn 0.6645 -0.7071 0.2419
vn 0.6183 -0.7071 0.3431
vn 0.5908 -0.7071 0.3886
vn 0.6183 -0.7071 0.3432
vn 0.5365 -0.7071 0.4606
vn 0.5908 -0.7071 0.3885
vn 0.4852 -0.7071 0.5143
vn 0.4853 -0.7071 0.5143
vn 0.4328 -0.7071 0.5592
vn 0.3536 -0.7071 0.6124
vn 0.3114 -0.7071 0.6348
vn 0.3535 -0.7071 0.6124
vn 0.2028 -0.7071 0.6774
vn 0.1772 -0.7071 0.6845
vn 0.0411 -0.7071 0.7059
vn 0.1773 -0.7071 0.6845
vn 0.0358 -0.7071 0.7062
vn -0.1071 -0.7071 0.6989
vn -0.1228 -0.7071 0.6964
vn -0.1071 -0.7071 0.6990
vn -0.2456 -0.7071 0.6631
vn -0.2800 -0.7071 0.6493
vn -0.2801 -0.7071 0.6493
vn -0.3740 -0.7071 0.6001
vn -0.4222 -0.7071 0.5672
vn -0.4872 -0.7071 0.5125
vn -0.4223 -0.7071 0.5672
vn -0.5417 -0.7071 0.4545
vn -0.5804 -0.7071 0.4039
vn -0.5804 -0.7071 0.4040
vn -0.6319 -0.7071 0.3174
vn -0.6319 -0.7071 0.3173
vn -0.6498 -0.7071 0.2789
vn -0.6880 -0.7071 0.1631
vn -0.6881 -0.7071 0.1631
vn -0.7069 -0.7073 -0.0000
vn -0.9730 -0.0000 -0.2306
vn -0.9932 -0.0000 -0.1161
vn -1.0000 -0.0000 -0.0000
vn -0.9932 -0.0000 0.1161
vn -0.9730 -0.0000 0.2306
vn -0.9397 -0.0000 0.3420
vn -0.8936 -0.0000 0.4488
vn -0.8355 -0.0000 0.5495
vn -0.7660 -0.0000 0.6428
vn -0.7660 -0.0001 0.6428
vn -0.6862 -0.0000 0.7274
vn -0.5971 -0.0000 0.8021
vn -0.5972 -0.0000 0.8021
vn -0.5000 -0.0000 0.8660
vn -0.3961 -0.0000 0.9182
vn -0.2868 -0.0000 0.9580
vn -0.1736 -0.0000 0.9848
vn -0.0581 -0.0000 0.9983
vn -0.1737 -0.0000 0.9848
vn -0.0581 0.0001 0.9983
vn 0.0581 -0.0000 0.9983
vn 0.0581 -0.0001 0.9983
vn 0.1737 -0.0000 0.9848
vn 0.1736 0.0001 0.9848
vn 0.2868 -0.0000 0.9580
vn 0.1736 -0.0000 0.9848
vn 0.3961 -0.0000 0.9182
vn 0.5000 -0.0000 0.8660
vn 0.5972 -0.0000 0.8021
vn 0.6862 -0.0000 0.7274
vn 0.7660 -0.0000 0.6428
vn 0.8355 -0.0000 0.5495
vn 0.8936 -0.0000 0.4488
vn 0.9397 -0.0000 0.3420
vn 0.9730 -0.0000 0.2306
vn 0.9932 -0.0000 0.1161
vn 1.0000 -0.0000 -0.0000
vn 0.9932 -0.0000 -0.1161
vn 0.9730 -0.0000 -0.2306
vn 0.9397 -0.0000 -0.3420
vn 0.8936 -0.0000 -0.4488
vn 0.8355 -0.0000 -0.5495
vn 0.7660 -0.0000 -0.6428
vn 0.6862 -0.0000 -0.7274
vn 0.5972 -0.0000 -0.8021
vn 0.5000 -0.0000 -0.8660
vn 0.3961 -0.0000 -0.9182
vn 0.2868 -0.0000 -0.9580
vn 0.1736 -0.0000 -0.9848
vn 0.1736 -0.0001 -0.9848
vn 0.0581 -0.0000 -0.9983
vn 0.0581 -0.0001 -0.9983
vn 0.1737 -0.0000 -0.9848
vn -0.0581 -0.0000 -0.9983
vn -0.0581 0.0001 -0.9983
vn -0.1737 -0.0000 -0.9848
vn -0.1736 0.0001 -0.9848
vn -0.2868 -0.0000 -0.9580
vn -0.1736 -0.0000 -0.9848
vn -0.3961 -0.0000 -0.9182
vn -0.3961 -0.0001 -0.9182
vn -0.5000 -0.0000 -0.8660
vn -0.5972 -0.0000 -0.8021
vn -0.6862 -0.0000 -0.7274
vn -0.7660 -0.0000 -0.6428
vn -0.8355 -0.0000 -0.5495
vn -0.8936 -0.0000 -0.4488
vn -0.9397 -0.0000 -0.3420
vn 0.9731 -0.0000 -0.2306
vn 0.9731 -0.0000 0.2306
vn 0.7661 -0.0000 0.6428
vn -0.0582 -0.0000 0.9983
vn -0.0582 -0.0000 -0.9983
vn 0.7661 -0.0000 -0.6428
vn -0.0000 1.0000 -0.0000
vn 0.7843 -0.0000 0.6204
vn 0.6719 -0.0000 0.7406
vn 0.6719 -0.0000 0.7407
vn 0.5413 -0.0000 0.8408
vn 0.3960 -0.0000 0.9183
vn 0.5412 -0.0000 0.8409
vn 0.2399 -0.0000 0.9708
vn 0.0774 -0.0000 0.9970
vn -0.0872 -0.0000 0.9962
vn -0.0873 -0.0000 0.9962
vn -0.2495 -0.0000 0.9684
vn -0.4050 -0.0000 0.9143
vn -0.5496 -0.0000 0.8355
vn -0.5496 -0.0000 0.8354
vn -0.6792 -0.0000 0.7340
vn -0.7904 -0.0000 0.6126
vn -0.8802 -0.0000 0.4746
vn -0.9462 -0.0000 0.3237
vn -0.9864 -0.0000 0.1641
vn -0.9864 -0.0000 -0.1641
vn -0.9462 -0.0000 -0.3237
vn -0.8802 -0.0000 -0.4746
vn -0.7904 -0.0000 -0.6126
vn -0.6792 -0.0000 -0.7340
vn -0.5496 -0.0000 -0.8354
vn -0.5496 -0.0000 -0.8355
vn -0.4050 -0.0000 -0.9143
vn -0.2495 -0.0000 -0.9684
vn -0.0873 -0.0000 -0.9962
vn -0.0872 -0.0000 -0.9962
vn 0.0774 -0.0000 -0.9970
vn 0.2399 -0.0000 -0.9708
vn 0.3960 -0.0000 -0.9183
vn 0.5413 -0.0000 -0.8408
vn 0.5412 -0.0000 -0.8409
vn 0.6719 -0.0000 -0.7407
vn 0.6719 -0.0000 -0.7406
vn 0.7843 -0.0000 -0.6204
vn 0.0200 -0.0000 0.9998
vn 0.1161 -0.0000 -0.9932
vn 0.2306 -0.0000 -0.9731
vn 0.2306 -0.0000 -0.9730
vn 0.3420 -0.0000 -0.9397
vn 0.4488 -0.0000 -0.8936
vn 0.5495 -0.0000 -0.8355
vn 0.6428 -0.0000 -0.7660
vn 0.6428 -0.0000 -0.7661
vn 0.7273 -0.0000 -0.6863
vn 0.7274 -0.0000 -0.6863
vn 0.8021 -0.0000 -0.5971
vn 0.8021 -0.0000 -0.5972
vn 0.8660 -0.0000 -0.5000
vn 0.9182 -0.0000 -0.3961
vn 0.9580 -0.0000 -0.2868
vn 0.9848 -0.0000 -0.1736
vn 0.9848 -0.0000 -0.1737
vn 0.9983 -0.0000 -0.0581
vn 0.9983 -0.0000 0.0581
vn 0.9848 -0.0000 0.1737
vn 0.9848 -0.0000 0.1736
vn 0.9580 -0.0000 0.2868
vn 0.9182 -0.0000 0.3961
vn 0.8660 -0.0000 0.5000
vn 0.8021 -0.0000 0.5972
vn 0.8021 -0.0000 0.5971
vn 0.7274 -0.0000 0.6863
vn 0.7273 -0.0000 0.6863
vn 0.6428 -0.0000 0.7661
vn 0.6428 -0.0000 0.7660
vn 0.5495 -0.0000 0.8355
vn 0.4488 -0.0000 0.8936
vn 0.3420 -0.0000 0.9397
vn 0.2306 -0.0000 0.9730
vn 0.2306 -0.0000 0.9731
vn 0.1161 -0.0000 0.9932
vn 0.0200 -0.0000 -0.9998
vn 0.5796 -0.7071 -0.4051
vn 0.5546 -0.7071 -0.4387
vn 0.5131 -0.7071 -0.4866
vn 0.4751 -0.7071 -0.5237
vn 0.4352 -0.7071 -0.5573
vn 0.3827 -0.7071 -0.5946
vn 0.3477 -0.7071 -0.6157
vn 0.2800 -0.7071 -0.6493
vn 0.2525 -0.7071 -0.6605
vn 0.1697 -0.7071 -0.6864
vn 0.1517 -0.7071 -0.6906
vn 0.0547 -0.7071 -0.7050
vn 0.0476 -0.7071 -0.7055
vn -0.0617 -0.7071 -0.7044
vn -0.0576 -0.7071 -0.7048
vn -0.0576 -0.7071 -0.7047
vn -0.1616 -0.7071 -0.6884
vn -0.1764 -0.7071 -0.6847
vn -0.1615 -0.7071 -0.6884
vn -0.1765 -0.7071 -0.6847
vn -0.2619 -0.7071 -0.6568
vn -0.2864 -0.7071 -0.6465
vn -0.3565 -0.7071 -0.6107
vn -0.3886 -0.7071 -0.5907
vn -0.4431 -0.7071 -0.5510
vn -0.3886 -0.7071 -0.5908
vn -0.4803 -0.7071 -0.5190
vn -0.5200 -0.7071 -0.4792
vn -0.5589 -0.7071 -0.4332
vn -0.5853 -0.7071 -0.3968
vn -0.5853 -0.7071 -0.3967
vn -0.5589 -0.7071 -0.4331
vn -0.6224 -0.7071 -0.3356
vn -0.6377 -0.7071 -0.3055
vn -0.6690 -0.7071 -0.2289
vn -0.6760 -0.7071 -0.2075
vn -0.6975 -0.7071 -0.1160
vn -0.6993 -0.7071 -0.1049
vn -0.6974 -0.7073 -0.1160
vn -0.6993 -0.7071 0.1049
vn -0.7070 -0.7073 -0.0000
vn -0.6975 -0.7071 0.1160
vn -0.6760 -0.7071 0.2075
vn -0.6690 -0.7071 0.2289
vn -0.6377 -0.7071 0.3055
vn -0.6224 -0.7071 0.3356
vn -0.6224 -0.7071 0.3355
vn -0.5853 -0.7071 0.3967
vn -0.5589 -0.7071 0.4331
vn -0.5853 -0.7071 0.3968
vn -0.5589 -0.7071 0.4332
vn -0.5200 -0.7071 0.4792
vn -0.4803 -0.7071 0.5190
vn -0.4431 -0.7071 0.5510
vn -0.3886 -0.7071 0.5908
vn -0.3886 -0.7071 0.5907
vn -0.3565 -0.7071 0.6107
vn -0.2864 -0.7071 0.6465
vn -0.2619 -0.7071 0.6568
vn -0.1764 -0.7071 0.6847
vn -0.1765 -0.7071 0.6847
vn -0.1615 -0.7071 0.6884
vn -0.1616 -0.7071 0.6884
vn -0.0617 -0.7071 0.7044
vn -0.0576 -0.7071 0.7047
vn -0.0576 -0.7071 0.7048
vn 0.0476 -0.7071 0.7055
vn 0.0547 -0.7071 0.7050
vn 0.1517 -0.7071 0.6906
vn 0.1697 -0.7071 0.6864
vn 0.2525 -0.7071 0.6605
vn 0.2800 -0.7071 0.6493
vn 0.3477 -0.7071 0.6157
vn 0.3827 -0.7071 0.5946
vn 0.4352 -0.7071 0.5573
vn 0.4751 -0.7071 0.5237
vn 0.5131 -0.7071 0.4866
vn 0.5546 -0.7071 0.4387
vn 0.5796 -0.7071 0.4051
vn 0.7071 -0.7071 -0.0000
vn -0.0000 -1.0000 -0.0000
vn 0.7393 -0.6577 0.1448
vn 0.7393 -0.6734 -0.0000
vn 0.7393 -0.6577 -0.1448
vn 0.7393 -0.6577 -0.1447
vn 0.7393 -0.6538 -0.1612
vn 0.7393 -0.6112 -0.2828
vn 0.7393 -0.6538 -0.1611
vn 0.7393 -0.6112 -0.2827
vn 0.7393 -0.5963 -0.3129
vn 0.7393 -0.5963 -0.3130
vn 0.7393 -0.5361 -0.4075
vn 0.7393 -0.5041 -0.4465
vn 0.7393 -0.5040 -0.4466
vn 0.7393 -0.5361 -0.4076
vn 0.7393 -0.4359 -0.5133
vn 0.7393 -0.5041 -0.4466
vn 0.7393 -0.3825 -0.5542
vn 0.7393 -0.3154 -0.5950
vn 0.7393 -0.3826 -0.5542
vn 0.7393 -0.2388 -0.6297
vn 0.7393 -0.2388 -0.6296
vn 0.7393 -0.1802 -0.6489
vn 0.7393 -0.1801 -0.6489
vn 0.7393 -0.0812 -0.6685
vn 0.7393 -0.0365 -0.6724
vn 0.7393 0.0812 -0.6685
vn 0.7393 0.1090 -0.6645
vn 0.7393 0.2388 -0.6296
vn 0.7393 0.2388 -0.6297
vn 0.7393 0.1089 -0.6645
vn 0.7393 0.2492 -0.6256
vn 0.7393 0.2493 -0.6256
vn 0.7393 0.3826 -0.5542
vn 0.7393 0.3825 -0.5542
vn 0.7393 0.3779 -0.5574
vn 0.7393 0.4889 -0.4631
vn 0.7393 0.5040 -0.4466
vn 0.7393 0.5041 -0.4465
vn 0.7393 0.5770 -0.3472
vn 0.7393 0.5963 -0.3130
vn 0.7393 0.5963 -0.3129
vn 0.7393 0.6382 -0.2150
vn 0.7393 0.6538 -0.1612
vn 0.7393 0.6695 -0.0728
vn 0.7393 0.6734 -0.0000
vn 0.7393 0.6695 0.0728
vn 0.7393 0.6538 0.1612
vn 0.7393 0.6382 0.2150
vn 0.7393 0.5963 0.3130
vn 0.7393 0.5963 0.3129
vn 0.7393 0.5770 0.3472
vn 0.7393 0.5041 0.4465
vn 0.7393 0.4889 0.4631
vn 0.7393 0.5040 0.4466
vn 0.7393 0.3825 0.5542
vn 0.7393 0.3779 0.5574
vn 0.7393 0.2493 0.6256
vn 0.7393 0.3826 0.5542
vn 0.7393 0.2388 0.6297
vn 0.7393 0.2492 0.6256
vn 0.7393 0.1089 0.6645
vn 0.7393 0.2388 0.6296
vn 0.7393 0.1090 0.6645
vn 0.7393 0.0812 0.6685
vn 0.7393 -0.0365 0.6724
vn 0.7393 -0.0812 0.6685
vn 0.7393 -0.1802 0.6489
vn 0.7393 -0.1801 0.6489
vn 0.7393 -0.2388 0.6297
vn 0.7393 -0.2388 0.6296
vn 0.7393 -0.3154 0.5950
vn 0.7393 -0.3826 0.5542
vn 0.7393 -0.3825 0.5542
vn 0.7393 -0.4359 0.5133
vn 0.7393 -0.5041 0.4466
vn 0.7393 -0.5040 0.4466
vn 0.7393 -0.5361 0.4076
vn 0.7393 -0.5041 0.4465
vn 0.7393 -0.5361 0.4075
vn 0.7393 -0.5963 0.3130
vn 0.7393 -0.6112 0.2828
vn 0.7393 -0.5963 0.3129
vn 0.7393 -0.6112 0.2827
vn 0.7393 -0.6538 0.1611
vn 0.7393 -0.6538 0.1612
vn 0.7393 -0.6577 0.1447
vn -0.9659 0.2556 0.0405
vn -0.9659 0.2588 -0.0000
vn -0.9659 0.2556 -0.0405
vn -0.8660 0.5000 -0.0000
vn -0.8660 0.4938 -0.0782
vn -0.7071 0.6984 -0.1106
vn -0.5000 0.8660 -0.0000
vn -0.5000 0.8554 -0.1355
vn -0.2588 0.9659 -0.0000
vn -0.2588 0.9540 -0.1511
vn -0.0000 0.9877 -0.1564
vn -0.9659 0.2461 0.0800
vn -0.9659 0.2462 0.0800
vn -0.9659 0.2306 0.1175
vn -0.9659 0.2094 0.1521
vn -0.9659 0.1830 0.1830
vn -0.9659 0.1521 0.2094
vn -0.9659 0.1175 0.2306
vn -0.9659 0.0800 0.2462
vn -0.9659 0.0800 0.2461
vn -0.9659 0.0405 0.2556
vn -0.9659 -0.0000 0.2588
vn -0.9659 -0.0405 0.2556
vn -0.9659 -0.0800 0.2462
vn -0.9659 -0.0800 0.2461
vn -0.9659 -0.1175 0.2306
vn -0.9659 -0.1521 0.2094
vn -0.9659 -0.1830 0.1830
vn -0.9659 -0.2094 0.1521
vn -0.9659 -0.2306 0.1175
vn -0.9659 -0.2461 0.0800
vn -0.9659 -0.2462 0.0800
vn -0.9659 -0.2556 0.0405
vn -0.9659 -0.2588 -0.0000
vn -0.9659 -0.2556 -0.0405
vn -0.8660 -0.4938 -0.0782
vn -0.8660 -0.4755 -0.1545
vn -0.8661 -0.4938 -0.0782
vn -0.7071 -0.6725 -0.2185
vn -0.7071 -0.6300 -0.3210
vn -0.7071 -0.6301 -0.3210
vn -0.5000 -0.7716 -0.3932
vn -0.5000 -0.7006 -0.5090
vn -0.2588 -0.7815 -0.5677
vn -0.2588 -0.7814 -0.5678
vn -0.2588 -0.6830 -0.6830
vn -0.0000 -0.7071 -0.7071
vn -0.0000 -0.5878 -0.8090
vn -0.2588 -0.5678 -0.7814
vn -0.2588 -0.5678 -0.7815
vn -0.0000 -0.4540 -0.8910
vn -0.2588 -0.4385 -0.8606
vn -0.2588 -0.4385 -0.8607
vn -0.0000 -0.3090 -0.9511
vn -0.2588 -0.2985 -0.9187
vn -0.2588 -0.2985 -0.9186
vn -0.0000 -0.1564 -0.9877
vn -0.2588 -0.1511 -0.9540
vn -0.2588 -0.0000 -0.9659
vn -0.0000 0.1564 -0.9877
vn -0.2588 0.1511 -0.9540
vn -0.0000 0.3090 -0.9511
vn -0.2588 0.2985 -0.9186
vn -0.0000 0.4540 -0.8910
vn -0.2588 0.4385 -0.8606
vn -0.2588 0.4385 -0.8607
vn -0.0000 0.5878 -0.8090
vn -0.2588 0.5678 -0.7814
vn -0.0000 0.7071 -0.7071
vn -0.2588 0.6830 -0.6830
vn -0.0000 0.8090 -0.5878
vn -0.2588 0.7814 -0.5678
vn -0.0000 0.8910 -0.4540
vn -0.2588 0.7815 -0.5677
vn -0.2588 0.8606 -0.4385
vn -0.0000 0.9511 -0.3090
vn -0.2588 0.9186 -0.2985
vn -0.9659 -0.2461 -0.0800
vn -0.8660 -0.4455 -0.2270
vn -0.7071 -0.5721 -0.4156
vn -0.7071 -0.5720 -0.4156
vn -0.5000 -0.6124 -0.6124
vn -0.9659 -0.2306 -0.1175
vn -0.9659 -0.2462 -0.0800
vn -0.8660 -0.4045 -0.2939
vn -0.5000 -0.5090 -0.7006
vn -0.9659 -0.2094 -0.1521
vn -0.8660 -0.3536 -0.3536
vn -0.8661 -0.3535 -0.3535
vn -0.7071 -0.4156 -0.5720
vn -0.7071 -0.4156 -0.5721
vn -0.5000 -0.3932 -0.7716
vn -0.9659 -0.1830 -0.1830
vn -0.8660 -0.3536 -0.3535
vn -0.8660 -0.2939 -0.4045
vn -0.7071 -0.3210 -0.6300
vn -0.5000 -0.2676 -0.8236
vn -0.9659 -0.1521 -0.2094
vn -0.8660 -0.2270 -0.4455
vn -0.7071 -0.2185 -0.6725
vn -0.5000 -0.1355 -0.8554
vn -0.9659 -0.1175 -0.2306
vn -0.8660 -0.1545 -0.4755
vn -0.7071 -0.1106 -0.6984
vn -0.5000 -0.1355 -0.8553
vn -0.9659 -0.0800 -0.2462
vn -0.9659 -0.0800 -0.2461
vn -0.8660 -0.0782 -0.4938
vn -0.5000 0.1355 -0.8554
vn -0.2588 0.2985 -0.9187
vn -0.9659 -0.0405 -0.2556
vn -0.8660 -0.0000 -0.5000
vn -0.7071 0.1106 -0.6984
vn -0.5000 0.2676 -0.8236
vn -0.5000 0.2676 -0.8237
vn -0.9659 -0.0000 -0.2588
vn -0.8660 0.0782 -0.4938
vn -0.7071 0.2185 -0.6725
vn -0.5000 0.3932 -0.7716
vn -0.2588 0.5678 -0.7815
vn -0.9659 0.0405 -0.2556
vn -0.8661 0.0782 -0.4938
vn -0.8660 0.1545 -0.4755
vn -0.7071 0.3210 -0.6300
vn -0.5000 0.5090 -0.7006
vn -0.2588 0.5677 -0.7815
vn -0.9659 0.0800 -0.2462
vn -0.9659 0.0800 -0.2461
vn -0.8660 0.2270 -0.4455
vn -0.7071 0.4156 -0.5721
vn -0.7071 0.3210 -0.6301
vn -0.5000 0.5091 -0.7006
vn -0.5000 0.6124 -0.6124
vn -0.9659 0.1175 -0.2306
vn -0.8660 0.2939 -0.4045
vn -0.7071 0.4156 -0.5720
vn -0.5000 0.7006 -0.5090
vn -0.2588 0.8607 -0.4385
vn -0.9659 0.1521 -0.2094
vn -0.8660 0.3536 -0.3536
vn -0.8661 0.3535 -0.3535
vn -0.7071 0.5721 -0.4156
vn -0.5000 0.7716 -0.3932
vn -0.2588 0.9187 -0.2985
vn -0.9659 0.1830 -0.1830
vn -0.8660 0.4045 -0.2939
vn -0.8660 0.3535 -0.3536
vn -0.7071 0.6300 -0.3210
vn -0.5000 0.8236 -0.2676
vn -0.9659 0.2094 -0.1521
vn -0.8660 0.4455 -0.2270
vn -0.7071 0.6725 -0.2185
vn -0.9659 0.2306 -0.1175
vn -0.8660 0.4755 -0.1545
vn -0.9659 0.2462 -0.0800
vn -0.9659 0.2461 -0.0800
vn -0.9659 0.2557 -0.0405
vn -0.0000 -0.8090 -0.5878
vn -0.2588 -0.8606 -0.4385
vn -0.2588 -0.8607 -0.4385
vn -0.5000 -0.8236 -0.2676
vn -0.5000 -0.8237 -0.2676
vn -0.7071 -0.6984 -0.1106
vn -0.8660 -0.5000 -0.0000
vn -0.0000 -0.8910 -0.4540
vn -0.2588 -0.9186 -0.2985
vn -0.2588 -0.9187 -0.2985
vn -0.5000 -0.8554 -0.1355
vn -0.8660 -0.4938 0.0782
vn -0.8660 -0.4939 0.0782
vn -0.0000 -0.9511 -0.3090
vn -0.2588 -0.9540 -0.1511
vn -0.5000 -0.8660 -0.0000
vn -0.7071 -0.6984 0.1106
vn -0.8660 -0.4755 0.1545
vn -0.0000 -0.9877 -0.1564
vn -0.2588 -0.9659 -0.0000
vn -0.5000 -0.8554 0.1355
vn -0.7071 -0.6725 0.2185
vn -0.8660 -0.4455 0.2270
vn -0.2588 -0.9540 0.1511
vn -0.5000 -0.8236 0.2676
vn -0.5000 -0.8237 0.2676
vn -0.7071 -0.6301 0.3210
vn -0.7071 -0.6300 0.3210
vn -0.8660 -0.4045 0.2939
vn -0.0000 -0.9877 0.1564
vn -0.2588 -0.9187 0.2985
vn -0.2588 -0.9186 0.2985
vn -0.5000 -0.7716 0.3932
vn -0.7071 -0.5720 0.4156
vn -0.7071 -0.5721 0.4156
vn -0.8660 -0.3535 0.3536
vn -0.8660 -0.3536 0.3536
vn -0.8660 -0.3536 0.3535
vn -0.0000 -0.9511 0.3090
vn -0.2588 -0.8606 0.4385
vn -0.2588 -0.8607 0.4385
vn -0.5000 -0.7006 0.5090
vn -0.8660 -0.2939 0.4045
vn -0.0000 -0.8910 0.4540
vn -0.2588 -0.7814 0.5678
vn -0.5000 -0.6124 0.6124
vn -0.7071 -0.4156 0.5721
vn -0.7071 -0.4156 0.5720
vn -0.8660 -0.2270 0.4455
vn -0.0000 -0.8090 0.5878
vn -0.2588 -0.7815 0.5678
vn -0.2588 -0.6830 0.6830
vn -0.5000 -0.5090 0.7006
vn -0.7071 -0.3210 0.6300
vn -0.7071 -0.3210 0.6301
vn -0.8660 -0.1545 0.4755
vn -0.0000 -0.7071 0.7071
vn -0.2588 -0.5678 0.7814
vn -0.2588 -0.5678 0.7815
vn -0.5000 -0.3932 0.7716
vn -0.7071 -0.2185 0.6725
vn -0.8660 -0.0782 0.4938
vn -0.0000 -0.5878 0.8090
vn -0.2588 -0.5677 0.7815
vn -0.2588 -0.4385 0.8606
vn -0.5000 -0.2676 0.8236
vn -0.7071 -0.1106 0.6984
vn -0.8660 -0.0000 0.5000
vn -0.0000 -0.4540 0.8910
vn -0.2588 -0.4385 0.8607
vn -0.2588 -0.2985 0.9186
vn -0.2588 -0.2985 0.9187
vn -0.5000 -0.2676 0.8237
vn -0.5000 -0.1355 0.8554
vn -0.8660 0.0782 0.4938
vn -0.0000 -0.3090 0.9511
vn -0.2588 -0.1511 0.9540
vn -0.7071 0.1106 0.6984
vn -0.8660 0.1545 0.4755
vn -0.0000 -0.1564 0.9877
vn -0.2588 -0.0000 0.9659
vn -0.5000 0.1355 0.8554
vn -0.7071 0.2185 0.6725
vn -0.8660 0.2270 0.4455
vn -0.2588 0.1511 0.9540
vn -0.5000 0.2676 0.8236
vn -0.7071 0.3210 0.6300
vn -0.8660 0.2939 0.4045
vn -0.0000 0.1564 0.9877
vn -0.2588 0.2985 0.9186
vn -0.2588 0.2985 0.9187
vn -0.5000 0.3932 0.7716
vn -0.7071 0.4156 0.5721
vn -0.7072 0.4156 0.5720
vn -0.8661 0.3535 0.3535
vn -0.8660 0.3535 0.3535
vn -0.0000 0.3090 0.9511
vn -0.2588 0.4385 0.8606
vn -0.2588 0.4385 0.8607
vn -0.5000 0.5090 0.7006
vn -0.7071 0.4156 0.5720
vn -0.8660 0.4045 0.2939
vn -0.8660 0.3536 0.3536
vn -0.0000 0.4540 0.8910
vn -0.2588 0.5678 0.7815
vn -0.2588 0.5678 0.7814
vn -0.5000 0.6124 0.6124
vn -0.7071 0.5721 0.4156
vn -0.8660 0.4455 0.2270
vn -0.0000 0.5878 0.8090
vn -0.2588 0.6830 0.6830
vn -0.5000 0.7006 0.5091
vn -0.5000 0.7006 0.5090
vn -0.7071 0.6300 0.3210
vn -0.8660 0.4755 0.1545
vn -0.0000 0.7071 0.7071
vn -0.2588 0.7814 0.5678
vn -0.2588 0.7815 0.5677
vn -0.5000 0.7716 0.3932
vn -0.7071 0.6725 0.2185
vn -0.8660 0.4938 0.0782
vn -0.0000 0.8090 0.5878
vn -0.2588 0.8607 0.4385
vn -0.2588 0.8606 0.4385
vn -0.5000 0.8236 0.2676
vn -0.7071 0.6984 0.1106
vn -0.0000 0.8910 0.4540
vn -0.2588 0.9186 0.2985
vn -0.5000 0.8554 0.1355
vn -0.0000 0.9511 0.3090
vn -0.2588 0.9540 0.1511
vn -0.2588 0.9187 0.2985
vn -0.0000 0.9877 0.1564
vn -0.0000 0.1565 0.9877
vn -0.0000 -0.1565 0.9877
vn -0.0000 -0.1565 -0.9877
vn -0.0000 0.1565 -0.9877
vn -0.9962 0.0436 0.0755
vn -0.9962 0.0872 -0.0000
vn -0.9962 0.0436 -0.0755
vn -0.9962 -0.0436 -0.0755
vn -0.9962 -0.0872 -0.0000
vn -0.9962 -0.0436 0.0755
vn -0.0000 0.5000 0.8660
vn -0.0000 0.5000 -0.8660
vn -0.0000 -0.5000 -0.8660
vn -0.0000 -0.5000 0.8660
vn -0.0000 -0.9766 0.2150
vn -0.0000 -0.9766 -0.2150
vn -0.0000 -0.9076 -0.4199
vn -0.0000 -0.9766 -0.2149
vn -0.0000 -0.7961 -0.6052
vn -0.0000 -0.6474 -0.7622
vn -0.0000 -0.4684 -0.8835
vn -0.0000 -0.2675 -0.9636
vn -0.0000 -0.0541 -0.9985
vn -0.0000 0.1618 -0.9868
vn -0.0000 0.3701 -0.9290
vn -0.0000 0.5612 -0.8277
vn -0.0000 0.7260 -0.6877
vn -0.0000 0.8569 -0.5155
vn -0.0000 0.8568 -0.5156
vn -0.0000 0.9477 -0.3193
vn 0.0001 0.8568 -0.5156
vn -0.0000 0.9941 -0.1081
vn -0.0000 0.9941 0.1081
vn -0.0000 0.9477 0.3193
vn -0.0000 0.8568 0.5156
vn -0.0000 0.7260 0.6877
vn -0.0000 0.8569 0.5155
vn -0.0000 0.5612 0.8277
vn -0.0000 0.3701 0.9290
vn 0.0001 0.5612 0.8277
vn -0.0000 0.1618 0.9868
vn -0.0000 -0.0541 0.9985
vn -0.0000 -0.2675 0.9636
vn -0.0000 -0.4684 0.8835
vn -0.0000 -0.6474 0.7622
vn -0.0000 -0.7961 0.6052
vn -0.0000 -0.9076 0.4199
vn -0.0000 -0.9766 0.2149
vn -0.0001 -0.7961 0.6052
vn 0.0001 -0.7961 -0.6052
vn -0.0001 0.7260 -0.6877
vn -0.2859 0.9562 -0.0629
vn -0.4009 0.9149 -0.0477
vn -0.2927 0.9562 -0.0000
vn -0.4037 0.9149 -0.0000
vn -0.4009 0.9149 0.0477
vn -0.5090 0.8607 -0.0000
vn -0.5090 0.8608 -0.0000
vn -0.5055 0.8607 0.0602
vn -0.6073 0.7945 -0.0000
vn -0.6030 0.7945 0.0718
vn -0.6970 0.7171 -0.0000
vn -0.6921 0.7171 0.0824
vn -0.6969 0.7171 -0.0000
vn -0.7769 0.6297 -0.0000
vn -0.6920 0.7171 0.0824
vn -0.7714 0.6297 0.0919
vn -0.8459 0.5334 -0.0000
vn -0.8399 0.5334 0.1000
vn -0.9030 0.4296 -0.0000
vn -0.8967 0.4296 0.1068
vn -0.9030 0.4297 -0.0000
vn -0.9475 0.3199 -0.0000
vn -0.9475 0.3198 -0.0000
vn -0.9408 0.3199 0.1120
vn -0.9408 0.3199 0.1121
vn -0.9786 0.2056 -0.0000
vn -0.9408 0.3198 0.1120
vn -0.9718 0.2056 0.1158
vn -0.9961 0.0884 -0.0000
vn -0.9891 0.0884 0.1178
vn -0.9995 -0.0300 -0.0000
vn -0.9925 -0.0300 0.1182
vn -0.9890 -0.1480 -0.0000
vn -0.9820 -0.1480 0.1170
vn -0.9646 -0.2639 -0.0000
vn -0.9578 -0.2639 0.1141
vn -0.9266 -0.3761 -0.0000
vn -0.9201 -0.3761 0.1096
vn -0.8756 -0.4830 -0.0000
vn -0.8695 -0.4830 0.1036
vn -0.8124 -0.5832 -0.0000
vn -0.8066 -0.5832 0.0961
vn -0.8067 -0.5832 0.0961
vn -0.8123 -0.5832 -0.0000
vn -0.7377 -0.6751 -0.0000
vn -0.7325 -0.6751 0.0873
vn -0.6527 -0.7576 -0.0000
vn -0.7325 -0.6751 0.0872
vn -0.6481 -0.7576 0.0772
vn -0.5585 -0.8295 -0.0000
vn -0.5546 -0.8295 0.0661
vn -0.4565 -0.8897 -0.0000
vn -0.4533 -0.8897 0.0540
vn -0.3481 -0.9375 -0.0000
vn -0.3457 -0.9374 0.0412
vn -0.3481 -0.9374 -0.0000
vn -0.2348 -0.9720 -0.0000
vn -0.2332 -0.9720 0.0278
vn -0.1183 -0.9930 -0.0000
vn -0.1174 -0.9930 0.0140
vn -0.1182 -0.9930 -0.0000
vn -0.2657 0.9562 -0.1229
vn -0.3784 0.9149 -0.1406
vn -0.3785 0.9149 -0.1406
vn -0.3924 0.9149 -0.0948
vn -0.2858 0.9562 -0.0629
vn -0.4009 0.9149 -0.0478
vn -0.4948 0.8607 -0.1196
vn -0.5055 0.8607 -0.0602
vn -0.5903 0.7945 -0.1426
vn -0.6030 0.7945 -0.0718
vn -0.6775 0.7171 -0.1637
vn -0.6921 0.7171 -0.0824
vn -0.7551 0.6297 -0.1825
vn -0.6920 0.7171 -0.0824
vn -0.7714 0.6297 -0.0919
vn -0.8222 0.5334 -0.1987
vn -0.8399 0.5334 -0.1000
vn -0.8399 0.5334 -0.1001
vn -0.8777 0.4296 -0.2121
vn -0.8967 0.4296 -0.1068
vn -0.9210 0.3199 -0.2225
vn -0.9210 0.3198 -0.2226
vn -0.9408 0.3198 -0.1120
vn -0.9408 0.3199 -0.1120
vn -0.9209 0.3199 -0.2226
vn -0.9513 0.2056 -0.2299
vn -0.9718 0.2056 -0.1158
vn -0.9718 0.2056 -0.1157
vn -0.9682 0.0884 -0.2340
vn -0.9891 0.0884 -0.1178
vn -0.9716 -0.0300 -0.2348
vn -0.9925 -0.0300 -0.1182
vn -0.9613 -0.1480 -0.2323
vn -0.9820 -0.1480 -0.1170
vn -0.9376 -0.2639 -0.2266
vn -0.9376 -0.2639 -0.2265
vn -0.9578 -0.2639 -0.1141
vn -0.9007 -0.3761 -0.2176
vn -0.9201 -0.3761 -0.1096
vn -0.8511 -0.4830 -0.2057
vn -0.8695 -0.4830 -0.1036
vn -0.7896 -0.5832 -0.1908
vn -0.8066 -0.5832 -0.0961
vn -0.8067 -0.5832 -0.0961
vn -0.7171 -0.6751 -0.1733
vn -0.7325 -0.6751 -0.0872
vn -0.7325 -0.6751 -0.0873
vn -0.6344 -0.7576 -0.1533
vn -0.6481 -0.7576 -0.0772
vn -0.5429 -0.8295 -0.1312
vn -0.5546 -0.8295 -0.0661
vn -0.4437 -0.8897 -0.1072
vn -0.4438 -0.8897 -0.1072
vn -0.4533 -0.8897 -0.0540
vn -0.3384 -0.9374 -0.0818
vn -0.3457 -0.9374 -0.0412
vn -0.3384 -0.9375 -0.0818
vn -0.2282 -0.9720 -0.0552
vn -0.2332 -0.9720 -0.0278
vn -0.1150 -0.9930 -0.0278
vn -0.1174 -0.9930 -0.0140
vn -0.1149 -0.9930 -0.0278
vn -0.2330 0.9562 -0.1771
vn -0.3349 0.9149 -0.2255
vn -0.2656 0.9562 -0.1229
vn -0.3348 0.9149 -0.2255
vn -0.3592 0.9149 -0.1844
vn -0.3592 0.9149 -0.1843
vn -0.4529 0.8607 -0.2324
vn -0.4772 0.8607 -0.1773
vn -0.4529 0.8607 -0.2325
vn -0.5402 0.7945 -0.2773
vn -0.5403 0.7945 -0.2773
vn -0.5692 0.7945 -0.2115
vn -0.5693 0.7945 -0.2114
vn -0.6200 0.7171 -0.3183
vn -0.6201 0.7171 -0.3183
vn -0.6533 0.7171 -0.2427
vn -0.6911 0.6297 -0.3547
vn -0.7283 0.6297 -0.2705
vn -0.7282 0.6297 -0.2705
vn -0.7525 0.5334 -0.3862
vn -0.7525 0.5334 -0.3863
vn -0.7929 0.5334 -0.2945
vn -0.8034 0.4296 -0.4123
vn -0.8034 0.4297 -0.4123
vn -0.8465 0.4297 -0.3144
vn -0.8465 0.4296 -0.3144
vn -0.8429 0.3199 -0.4326
vn -0.8882 0.3199 -0.3299
vn -0.8707 0.2056 -0.4469
vn -0.9174 0.2056 -0.3408
vn -0.8862 0.0884 -0.4549
vn -0.8862 0.0884 -0.4548
vn -0.9338 0.0884 -0.3468
vn -0.9337 0.0884 -0.3469
vn -0.8893 -0.0300 -0.4564
vn -0.9370 -0.0300 -0.3480
vn -0.9370 -0.0300 -0.3481
vn -0.8799 -0.1480 -0.4516
vn -0.9271 -0.1480 -0.3444
vn -0.8581 -0.2639 -0.4404
vn -0.9042 -0.2639 -0.3359
vn -0.9042 -0.2639 -0.3358
vn -0.8243 -0.3761 -0.4231
vn -0.8686 -0.3761 -0.3226
vn -0.7790 -0.4830 -0.3998
vn -0.8208 -0.4830 -0.3049
vn -0.7227 -0.5832 -0.3710
vn -0.7227 -0.5832 -0.3709
vn -0.7615 -0.5832 -0.2829
vn -0.6563 -0.6751 -0.3369
vn -0.6915 -0.6751 -0.2569
vn -0.6916 -0.6751 -0.2569
vn -0.5807 -0.7576 -0.2980
vn -0.6119 -0.7576 -0.2273
vn -0.6118 -0.7576 -0.2273
vn -0.4969 -0.8295 -0.2550
vn -0.5236 -0.8295 -0.1945
vn -0.4062 -0.8897 -0.2085
vn -0.4280 -0.8897 -0.1590
vn -0.3097 -0.9374 -0.1590
vn -0.3097 -0.9375 -0.1590
vn -0.3263 -0.9375 -0.1212
vn -0.2089 -0.9720 -0.1072
vn -0.3263 -0.9374 -0.1212
vn -0.2201 -0.9720 -0.0818
vn -0.2202 -0.9720 -0.0818
vn -0.1052 -0.9930 -0.0540
vn -0.1109 -0.9930 -0.0412
vn -0.1108 -0.9930 -0.0412
vn -0.3058 0.9149 -0.2635
vn -0.1895 0.9562 -0.2231
vn -0.3058 0.9149 -0.2636
vn -0.2725 0.9149 -0.2979
vn -0.2354 0.9149 -0.3280
vn -0.2968 0.8607 -0.4136
vn -0.2458 0.8607 -0.4458
vn -0.2932 0.7945 -0.5318
vn -0.2282 0.7945 -0.5628
vn -0.2282 0.7945 -0.5627
vn -0.2619 0.7171 -0.6459
vn -0.1837 0.7171 -0.6723
vn -0.2619 0.7171 -0.6458
vn -0.2048 0.6297 -0.7494
vn -0.1147 0.6297 -0.7684
vn -0.1147 0.6297 -0.7683
vn -0.1249 0.5334 -0.8366
vn -0.0251 0.5334 -0.8455
vn -0.0268 0.4296 -0.9026
vn -0.0267 0.4296 -0.9026
vn 0.0802 0.4296 -0.8994
vn 0.0841 0.3199 -0.9437
vn 0.1951 0.3199 -0.9272
vn 0.1952 0.3199 -0.9271
vn 0.2016 0.2056 -0.9576
vn 0.1951 0.3199 -0.9271
vn 0.3134 0.2056 -0.9271
vn 0.2016 0.2056 -0.9577
vn 0.3190 0.0884 -0.9436
vn 0.4284 0.0884 -0.8993
vn 0.4299 -0.0300 -0.9024
vn 0.5336 -0.0300 -0.8452
vn 0.5280 -0.1480 -0.8363
vn 0.5279 -0.1480 -0.8363
vn 0.6232 -0.1480 -0.7680
vn 0.6078 -0.2639 -0.7490
vn 0.6921 -0.2639 -0.6719
vn 0.6077 -0.2639 -0.7490
vn 0.6648 -0.3761 -0.6454
vn 0.7365 -0.3761 -0.5622
vn 0.7365 -0.3761 -0.5623
vn 0.6960 -0.4830 -0.5313
vn 0.7539 -0.4830 -0.4453
vn 0.6995 -0.5832 -0.4131
vn 0.7434 -0.5832 -0.3275
vn 0.6751 -0.6751 -0.2974
vn 0.7055 -0.6751 -0.2155
vn 0.7056 -0.6751 -0.2154
vn 0.6243 -0.7576 -0.1906
vn 0.6424 -0.7576 -0.1155
vn 0.6242 -0.7576 -0.1906
vn 0.5497 -0.8295 -0.0988
vn 0.5575 -0.8295 -0.0331
vn 0.5576 -0.8295 -0.0331
vn 0.4557 -0.8897 -0.0270
vn 0.4557 -0.8897 -0.0271
vn 0.4557 -0.8897 0.0270
vn 0.4557 -0.8897 0.0271
vn 0.3475 -0.9375 0.0206
vn 0.3475 -0.9374 0.0206
vn 0.3426 -0.9375 0.0616
vn 0.3426 -0.9374 0.0616
vn 0.2311 -0.9720 0.0415
vn 0.2246 -0.9720 0.0686
vn 0.1131 -0.9930 0.0345
vn 0.1082 -0.9930 0.0477
vn -0.1371 0.9562 -0.2586
vn -0.1949 0.9149 -0.3536
vn -0.1913 0.8607 -0.4717
vn -0.1913 0.8607 -0.4718
vn -0.1601 0.7945 -0.5858
vn -0.1029 0.7171 -0.6893
vn -0.0230 0.6297 -0.7765
vn 0.0751 0.5334 -0.8425
vn 0.1860 0.4296 -0.8836
vn 0.0802 0.4297 -0.8994
vn 0.1860 0.4297 -0.8836
vn 0.3034 0.3199 -0.8976
vn 0.3035 0.3199 -0.8975
vn 0.3035 0.3198 -0.8976
vn 0.4209 0.2055 -0.8835
vn 0.4209 0.2056 -0.8835
vn 0.5317 0.0884 -0.8423
vn 0.6298 -0.0300 -0.7762
vn 0.7096 -0.1480 -0.6889
vn 0.7667 -0.2639 -0.5853
vn 0.7978 -0.3761 -0.4712
vn 0.7540 -0.4830 -0.4453
vn 0.8013 -0.4830 -0.3530
vn 0.7769 -0.5832 -0.2372
vn 0.7769 -0.5832 -0.2373
vn 0.7055 -0.6751 -0.2154
vn 0.7261 -0.6751 -0.1305
vn 0.6515 -0.7576 -0.0387
vn 0.5576 -0.8295 0.0331
vn 0.4493 -0.8897 0.0808
vn 0.3329 -0.9374 0.1017
vn 0.3329 -0.9375 0.1017
vn 0.2149 -0.9720 0.0947
vn 0.1018 -0.9930 0.0601
vn -0.1949 0.9149 -0.3535
vn -0.1517 0.9149 -0.3741
vn -0.0783 0.9562 -0.2820
vn -0.1064 0.9149 -0.3894
vn -0.0596 0.9149 -0.3993
vn -0.0752 0.8607 -0.5035
vn -0.0151 0.8607 -0.5089
vn -0.0180 0.7945 -0.6070
vn -0.0151 0.8607 -0.5088
vn 0.0539 0.7945 -0.6049
vn 0.0619 0.7171 -0.6942
vn 0.1436 0.7171 -0.6820
vn 0.1600 0.6297 -0.7602
vn 0.2488 0.6297 -0.7359
vn 0.2709 0.5334 -0.8013
vn 0.3638 0.5334 -0.7636
vn 0.3638 0.5334 -0.7637
vn 0.3883 0.4296 -0.8152
vn 0.3884 0.4297 -0.8152
vn 0.4820 0.4296 -0.7636
vn 0.3883 0.4297 -0.8152
vn 0.5058 0.3199 -0.8012
vn 0.5970 0.3199 -0.7357
vn 0.6166 0.2056 -0.7599
vn 0.7022 0.2056 -0.6817
vn 0.7147 0.0884 -0.6938
vn 0.7918 0.0884 -0.6044
vn 0.7917 0.0884 -0.6044
vn 0.7945 -0.0300 -0.6065
vn 0.8606 -0.0300 -0.5083
vn 0.8516 -0.1480 -0.5029
vn 0.8607 -0.0300 -0.5083
vn 0.9051 -0.1480 -0.3987
vn 0.8827 -0.2639 -0.3888
vn 0.9225 -0.2639 -0.2817
vn 0.8862 -0.3761 -0.2706
vn 0.9120 -0.3761 -0.1639
vn 0.8618 -0.4830 -0.1549
vn 0.8741 -0.4830 -0.0519
vn 0.8109 -0.5832 -0.0481
vn 0.8109 -0.5832 0.0481
vn 0.7364 -0.6751 0.0437
vn 0.7261 -0.6751 0.1305
vn 0.6424 -0.7576 0.1155
vn 0.6243 -0.7576 0.1906
vn 0.6242 -0.7576 0.1906
vn 0.5342 -0.8295 0.1631
vn 0.5111 -0.8295 0.2252
vn 0.4178 -0.8897 0.1840
vn 0.3931 -0.8897 0.2322
vn 0.2997 -0.9375 0.1770
vn 0.2998 -0.9374 0.1770
vn 0.2767 -0.9375 0.2112
vn 0.1866 -0.9720 0.1425
vn 0.1685 -0.9720 0.1636
vn 0.0848 -0.9930 0.0823
vn 0.0848 -0.9930 0.0824
vn 0.0745 -0.9930 0.0918
vn -0.0783 0.9562 -0.2821
vn -0.0159 0.9562 -0.2923
vn -0.0120 0.9149 -0.4035
vn -0.0120 0.9149 -0.4036
vn 0.0452 0.8607 -0.5070
vn 0.1251 0.7945 -0.5942
vn 0.2232 0.7171 -0.6602
vn 0.1435 0.7171 -0.6820
vn 0.2488 0.6297 -0.7360
vn 0.3341 0.6297 -0.7014
vn 0.3341 0.6297 -0.7013
vn 0.4515 0.5334 -0.7153
vn 0.4820 0.4297 -0.7636
vn 0.4516 0.5334 -0.7153
vn 0.5690 0.4296 -0.7012
vn 0.4821 0.4296 -0.7636
vn 0.6798 0.3199 -0.6600
vn 0.6798 0.3199 -0.6599
vn 0.6798 0.3198 -0.6600
vn 0.7779 0.2056 -0.5938
vn 0.8577 0.0884 -0.5066
vn 0.8577 0.0884 -0.5065
vn 0.9147 -0.0300 -0.4029
vn 0.9459 -0.1480 -0.2888
vn 0.9459 -0.1480 -0.2889
vn 0.9493 -0.2639 -0.1706
vn 0.9250 -0.3761 -0.0549
vn 0.8741 -0.4830 0.0519
vn 0.7995 -0.5832 0.1437
vn 0.7055 -0.6751 0.2154
vn 0.7055 -0.6751 0.2155
vn 0.5973 -0.7576 0.2631
vn 0.4809 -0.8295 0.2840
vn 0.3629 -0.8897 0.2770
vn 0.2498 -0.9375 0.2425
vn 0.2767 -0.9374 0.2112
vn 0.2498 -0.9374 0.2425
vn 0.1480 -0.9720 0.1824
vn 0.1480 -0.9720 0.1823
vn 0.0631 -0.9930 0.1000
vn 0.0358 0.9149 -0.4021
vn 0.0359 0.9149 -0.4021
vn 0.0474 0.9562 -0.2888
vn 0.0473 0.9562 -0.2888
vn 0.0832 0.9149 -0.3951
vn 0.0832 0.9149 -0.3950
vn 0.0474 0.9562 -0.2889
vn 0.1293 0.9149 -0.3824
vn 0.0831 0.9149 -0.3950
vn 0.1630 0.8607 -0.4822
vn 0.1630 0.8608 -0.4822
vn 0.1293 0.9149 -0.3825
vn 0.2189 0.8607 -0.4596
vn 0.1631 0.8607 -0.4823
vn 0.2611 0.7945 -0.5482
vn 0.2612 0.7945 -0.5482
vn 0.3242 0.7945 -0.5135
vn 0.3721 0.7171 -0.5893
vn 0.3720 0.7171 -0.5894
vn 0.4392 0.7171 -0.5412
vn 0.3720 0.7171 -0.5893
vn 0.4391 0.7171 -0.5412
vn 0.4895 0.6297 -0.6033
vn 0.5574 0.6297 -0.5411
vn 0.4895 0.6297 -0.6032
vn 0.6069 0.5334 -0.5892
vn 0.6723 0.5334 -0.5133
vn 0.7177 0.4297 -0.5479
vn 0.7178 0.4296 -0.5479
vn 0.6724 0.5334 -0.5133
vn 0.7775 0.4296 -0.4592
vn 0.8158 0.3199 -0.4818
vn 0.7775 0.4297 -0.4592
vn 0.8671 0.3199 -0.3820
vn 0.8671 0.3199 -0.3819
vn 0.8956 0.2056 -0.3945
vn 0.8670 0.3199 -0.3820
vn 0.9360 0.2055 -0.2858
vn 0.9527 0.0884 -0.2909
vn 0.9360 0.2056 -0.2858
vn 0.9804 0.0884 -0.1762
vn 0.9838 -0.0300 -0.1768
vn 0.9978 -0.0300 -0.0592
vn 0.9873 -0.1480 -0.0586
vn 0.9873 -0.1480 0.0586
vn 0.9872 -0.1480 0.0586
vn 0.9629 -0.2639 0.0571
vn 0.9493 -0.2639 0.1706
vn 0.9120 -0.3761 0.1639
vn 0.8862 -0.3761 0.2706
vn 0.8374 -0.4830 0.2557
vn 0.8013 -0.4830 0.3530
vn 0.7434 -0.5832 0.3275
vn 0.6995 -0.5832 0.4131
vn 0.6352 -0.6751 0.3751
vn 0.6352 -0.6751 0.3752
vn 0.5864 -0.6751 0.4476
vn 0.5188 -0.7576 0.3961
vn 0.4683 -0.7576 0.4546
vn 0.4008 -0.8294 0.3891
vn 0.4008 -0.8295 0.3890
vn 0.3519 -0.8295 0.4337
vn 0.4007 -0.8295 0.3890
vn 0.2876 -0.8897 0.3545
vn 0.2437 -0.8897 0.3860
vn 0.2877 -0.8897 0.3545
vn 0.1858 -0.9375 0.2944
vn 0.1858 -0.9374 0.2944
vn 0.1497 -0.9375 0.3143
vn 0.1497 -0.9374 0.3143
vn 0.1010 -0.9720 0.2120
vn 0.0752 -0.9720 0.2225
vn 0.0752 -0.9720 0.2224
vn 0.0379 -0.9930 0.1120
vn 0.0244 -0.9930 0.1157
vn 0.1083 0.9562 -0.2719
vn 0.1736 0.9149 -0.3645
vn 0.2717 0.8607 -0.4305
vn 0.2718 0.8607 -0.4304
vn 0.2718 0.8607 -0.4305
vn 0.3826 0.7945 -0.4716
vn 0.5001 0.7171 -0.4855
vn 0.5001 0.7171 -0.4854
vn 0.6175 0.6297 -0.4714
vn 0.7283 0.5334 -0.4302
vn 0.7283 0.5334 -0.4301
vn 0.8264 0.4296 -0.3640
vn 0.9061 0.3199 -0.2767
vn 0.9062 0.3199 -0.2767
vn 0.9632 0.2056 -0.1731
vn 0.9943 0.0884 -0.0590
vn 0.9978 -0.0300 0.0592
vn 0.9734 -0.1480 0.1750
vn 0.9734 -0.1480 0.1749
vn 0.9225 -0.2639 0.2817
vn 0.8480 -0.3761 0.3735
vn 0.8479 -0.3761 0.3735
vn 0.7539 -0.4830 0.4453
vn 0.6457 -0.5832 0.4929
vn 0.5293 -0.6751 0.5139
vn 0.4683 -0.7576 0.4547
vn 0.5293 -0.6751 0.5138
vn 0.4113 -0.7576 0.5068
vn 0.2982 -0.8295 0.4723
vn 0.1963 -0.8897 0.4121
vn 0.1963 -0.8897 0.4122
vn 0.1115 -0.9374 0.3298
vn 0.0484 -0.9720 0.2298
vn 0.0105 -0.9930 0.1178
vn 0.1643 0.9562 -0.2423
vn 0.1736 0.9149 -0.3644
vn 0.2155 0.9149 -0.3414
vn 0.2717 0.8608 -0.4304
vn 0.3207 0.8607 -0.3953
vn 0.3826 0.7945 -0.4715
vn 0.3208 0.8607 -0.3953
vn 0.4357 0.7945 -0.4230
vn 0.5540 0.7171 -0.4229
vn 0.6689 0.6297 -0.3951
vn 0.7741 0.5334 -0.3410
vn 0.8636 0.4296 -0.2637
vn 0.9062 0.3198 -0.2767
vn 0.9325 0.3198 -0.1676
vn 0.9325 0.3199 -0.1676
vn 0.9769 0.2056 -0.0580
vn 0.9943 0.0884 0.0590
vn 0.9838 -0.0300 0.1768
vn 0.9459 -0.1480 0.2888
vn 0.8827 -0.2639 0.3888
vn 0.7978 -0.3761 0.4712
vn 0.6960 -0.4830 0.5313
vn 0.5829 -0.5832 0.5659
vn 0.5829 -0.5832 0.5658
vn 0.4648 -0.6751 0.5728
vn 0.4112 -0.7576 0.5068
vn 0.3484 -0.7576 0.5519
vn 0.2402 -0.8295 0.5042
vn 0.1462 -0.8897 0.4325
vn 0.1115 -0.9375 0.3298
vn 0.0717 -0.9374 0.3407
vn 0.0717 -0.9375 0.3406
vn 0.0208 -0.9720 0.2339
vn 0.0209 -0.9720 0.2339
vn -0.0035 -0.9930 0.1182
vn 0.2544 0.9149 -0.3135
vn 0.2125 0.9562 -0.2013
vn 0.2897 0.9149 -0.2812
vn 0.3209 0.9149 -0.2450
vn 0.4046 0.8607 -0.3089
vn 0.4383 0.8607 -0.2589
vn 0.5229 0.7945 -0.3088
vn 0.5557 0.7945 -0.2448
vn 0.6378 0.7171 -0.2810
vn 0.6666 0.7171 -0.2035
vn 0.7430 0.6297 -0.2269
vn 0.7646 0.6297 -0.1374
vn 0.8325 0.5334 -0.1496
vn 0.8444 0.5334 -0.0501
vn 0.9014 0.4297 -0.0535
vn 0.9014 0.4296 -0.0535
vn 0.9014 0.4296 0.0535
vn 0.9458 0.3199 0.0561
vn 0.9458 0.3198 0.0561
vn 0.9325 0.3198 0.1676
vn 0.9325 0.3199 0.1676
vn 0.9632 0.2056 0.1731
vn 0.9360 0.2056 0.2858
vn 0.9527 0.0884 0.2909
vn 0.9116 0.0884 0.4015
vn 0.9115 0.0884 0.4016
vn 0.9148 -0.0300 0.4029
vn 0.9147 -0.0300 0.4029
vn 0.9116 0.0884 0.4016
vn 0.8607 -0.0300 0.5083
vn 0.9147 -0.0300 0.4030
vn 0.8516 -0.1480 0.5029
vn 0.8606 -0.0300 0.5083
vn 0.7861 -0.1480 0.6001
vn 0.7667 -0.2639 0.5853
vn 0.6921 -0.2639 0.6719
vn 0.6648 -0.3761 0.6454
vn 0.5838 -0.3761 0.7195
vn 0.5517 -0.4830 0.6799
vn 0.4674 -0.4830 0.7404
vn 0.4336 -0.5832 0.6869
vn 0.4337 -0.5832 0.6869
vn 0.3494 -0.5832 0.7334
vn 0.3173 -0.6751 0.6660
vn 0.2363 -0.6751 0.6988
vn 0.3172 -0.6751 0.6660
vn 0.2090 -0.7576 0.6183
vn 0.2363 -0.6751 0.6989
vn 0.1345 -0.7576 0.6387
vn 0.1344 -0.7576 0.6387
vn 0.1150 -0.8295 0.5466
vn 0.0496 -0.8295 0.5563
vn 0.1151 -0.8295 0.5465
vn 0.0405 -0.8897 0.4547
vn -0.0135 -0.8897 0.4563
vn -0.0103 -0.9374 0.3480
vn -0.0103 -0.9375 0.3480
vn -0.0514 -0.9375 0.3443
vn -0.0514 -0.9374 0.3443
vn -0.0347 -0.9720 0.2322
vn -0.0347 -0.9720 0.2323
vn -0.0619 -0.9720 0.2265
vn -0.0312 -0.9930 0.1140
vn -0.0312 -0.9930 0.1141
vn -0.0444 -0.9930 0.1096
vn 0.2508 0.9562 -0.1509
vn 0.3476 0.9149 -0.2053
vn 0.4659 0.8607 -0.2052
vn 0.5808 0.7945 -0.1774
vn 0.5808 0.7945 -0.1773
vn 0.6666 0.7171 -0.2036
vn 0.6860 0.7171 -0.1233
vn 0.7755 0.6297 -0.0460
vn 0.8444 0.5334 0.0501
vn 0.8888 0.4296 0.1597
vn 0.8887 0.4297 0.1597
vn 0.9062 0.3199 0.2767
vn 0.8956 0.2056 0.3945
vn 0.8577 0.0884 0.5065
vn 0.7945 -0.0300 0.6065
vn 0.7096 -0.1480 0.6889
vn 0.6078 -0.2639 0.7490
vn 0.4946 -0.3761 0.7835
vn 0.3766 -0.4830 0.7905
vn 0.2602 -0.5832 0.7696
vn 0.1520 -0.6751 0.7219
vn 0.1519 -0.6751 0.7219
vn 0.0580 -0.7576 0.6501
vn -0.0166 -0.8295 0.5583
vn -0.0165 -0.8295 0.5583
vn -0.0674 -0.8897 0.4515
vn -0.0918 -0.9374 0.3358
vn -0.0883 -0.9720 0.2176
vn -0.0571 -0.9930 0.1035
vn 0.3695 0.9149 -0.1627
vn 0.2774 0.9562 -0.0935
vn 0.3695 0.9149 -0.1628
vn 0.3861 0.9149 -0.1179
vn 0.3973 0.9149 -0.0714
vn 0.3974 0.9149 -0.0714
vn 0.5010 0.8607 -0.0901
vn 0.5010 0.8607 -0.0900
vn 0.5082 0.8607 -0.0302
vn 0.6062 0.7945 -0.0360
vn 0.6062 0.7945 0.0360
vn 0.6957 0.7171 0.0413
vn 0.6860 0.7171 0.1233
vn 0.7646 0.6297 0.1374
vn 0.7430 0.6297 0.2269
vn 0.8090 0.5334 0.2470
vn 0.7741 0.5334 0.3410
vn 0.8090 0.5334 0.2471
vn 0.8264 0.4296 0.3640
vn 0.7775 0.4296 0.4592
vn 0.8158 0.3199 0.4818
vn 0.7531 0.3199 0.5749
vn 0.8158 0.3198 0.4818
vn 0.7531 0.3198 0.5749
vn 0.7779 0.2056 0.5939
vn 0.7779 0.2056 0.5938
vn 0.7022 0.2056 0.6817
vn 0.7147 0.0884 0.6938
vn 0.6276 0.0884 0.7735
vn 0.6298 -0.0300 0.7762
vn 0.5336 -0.0300 0.8452
vn 0.5280 -0.1480 0.8363
vn 0.4253 -0.1480 0.8929
vn 0.5279 -0.1480 0.8363
vn 0.4148 -0.2639 0.8708
vn 0.3089 -0.2639 0.9138
vn 0.2967 -0.3761 0.8778
vn 0.2968 -0.3761 0.8778
vn 0.3089 -0.2639 0.9137
vn 0.1908 -0.3761 0.9067
vn 0.1909 -0.3761 0.9067
vn 0.1804 -0.4830 0.8568
vn 0.1803 -0.4830 0.8568
vn 0.0778 -0.4830 0.8722
vn 0.0777 -0.4830 0.8722
vn 0.0721 -0.5832 0.8091
vn -0.0241 -0.5832 0.8120
vn -0.0219 -0.6751 0.7374
vn -0.1089 -0.6751 0.7296
vn -0.0218 -0.6751 0.7374
vn -0.0964 -0.7576 0.6455
vn -0.1720 -0.7576 0.6296
vn -0.1472 -0.8295 0.5388
vn -0.2099 -0.8295 0.5176
vn -0.1716 -0.8897 0.4231
vn -0.2204 -0.8897 0.3998
vn -0.1681 -0.9374 0.3049
vn -0.2029 -0.9375 0.2828
vn -0.2030 -0.9374 0.2828
vn -0.1369 -0.9720 0.1908
vn -0.1585 -0.9720 0.1733
vn -0.0798 -0.9930 0.0873
vn -0.0798 -0.9930 0.0872
vn -0.0896 -0.9930 0.0772
vn 0.2910 0.9562 -0.0317
vn 0.2910 0.9562 -0.0316
vn 0.4030 0.9149 -0.0239
vn 0.5082 0.8607 0.0301
vn 0.5082 0.8607 0.0302
vn 0.5977 0.7945 0.1074
vn 0.6859 0.7171 0.1233
vn 0.6666 0.7171 0.2036
vn 0.6666 0.7171 0.2035
vn 0.7109 0.6297 0.3132
vn 0.7283 0.5334 0.4301
vn 0.7283 0.5334 0.4302
vn 0.7775 0.4297 0.4592
vn 0.7178 0.4296 0.5479
vn 0.7178 0.4297 0.5479
vn 0.6798 0.3199 0.6600
vn 0.6798 0.3199 0.6599
vn 0.6166 0.2056 0.7599
vn 0.5317 0.0884 0.8423
vn 0.4299 -0.0300 0.9024
vn 0.3168 -0.1480 0.9369
vn 0.3167 -0.1480 0.9369
vn 0.1987 -0.2639 0.9439
vn 0.0823 -0.3761 0.9229
vn -0.0259 -0.4830 0.8752
vn -0.0260 -0.4830 0.8752
vn -0.1199 -0.5832 0.8034
vn -0.1199 -0.5832 0.8035
vn -0.1944 -0.6751 0.7116
vn -0.1945 -0.6751 0.7116
vn -0.1721 -0.7576 0.6296
vn -0.2453 -0.7576 0.6049
vn -0.2453 -0.7576 0.6048
vn -0.2697 -0.8295 0.4891
vn -0.2661 -0.8897 0.3709
vn -0.2350 -0.9374 0.2569
vn -0.1779 -0.9720 0.1533
vn -0.0981 -0.9930 0.0661
vn 0.2910 0.9562 0.0317
vn 0.4030 0.9149 0.0239
vn 0.5081 0.8608 0.0302
vn 0.5010 0.8607 0.0900
vn 0.5010 0.8607 0.0901
vn 0.5808 0.7945 0.1774
vn 0.5808 0.7945 0.1773
vn 0.6378 0.7171 0.2810
vn 0.7110 0.6297 0.3132
vn 0.6378 0.7171 0.2809
vn 0.6689 0.6297 0.3951
vn 0.6723 0.5334 0.5133
vn 0.6724 0.5334 0.5133
vn 0.7177 0.4297 0.5479
vn 0.6479 0.4297 0.6290
vn 0.6479 0.4296 0.6290
vn 0.5970 0.3199 0.7357
vn 0.5224 0.2056 0.8275
vn 0.6166 0.2056 0.7600
vn 0.4284 0.0884 0.8993
vn 0.3201 -0.0300 0.9469
vn 0.2037 -0.1480 0.9678
vn 0.0857 -0.2639 0.9607
vn 0.0856 -0.2639 0.9607
vn -0.0275 -0.3761 0.9262
vn -0.0274 -0.3761 0.9262
vn -0.1293 -0.4830 0.8660
vn -0.2141 -0.5832 0.7836
vn -0.2772 -0.6751 0.6836
vn -0.2773 -0.6751 0.6836
vn -0.3151 -0.7576 0.5716
vn -0.2696 -0.8295 0.4891
vn -0.3256 -0.8295 0.4538
vn -0.2662 -0.8897 0.3709
vn -0.3082 -0.8897 0.3369
vn -0.3082 -0.8897 0.3368
vn -0.2637 -0.9374 0.2273
vn -0.1948 -0.9720 0.1312
vn -0.0981 -0.9930 0.0660
vn -0.1052 -0.9930 0.0540
vn 0.2910 0.9562 0.0316
vn 0.3973 0.9149 0.0714
vn 0.2774 0.9562 0.0935
vn 0.3861 0.9149 0.1179
vn 0.3695 0.9149 0.1627
vn 0.4659 0.8607 0.2052
vn 0.3694 0.9149 0.1627
vn 0.4383 0.8607 0.2589
vn 0.5229 0.7945 0.3088
vn 0.4827 0.7945 0.3685
vn 0.5540 0.7171 0.4229
vn 0.5001 0.7171 0.4855
vn 0.5574 0.6297 0.5411
vn 0.4895 0.6297 0.6033
vn 0.5330 0.5334 0.6568
vn 0.4895 0.6297 0.6032
vn 0.4515 0.5334 0.7153
vn 0.4516 0.5334 0.7153
vn 0.4820 0.4297 0.7636
vn 0.3884 0.4297 0.8152
vn 0.3883 0.4297 0.8152
vn 0.4075 0.3199 0.8554
vn 0.3035 0.3198 0.8976
vn 0.4075 0.3198 0.8554
vn 0.3134 0.2056 0.9271
vn 0.3035 0.3199 0.8975
vn 0.2016 0.2056 0.9577
vn 0.2052 0.0884 0.9747
vn 0.0885 0.0884 0.9921
vn 0.0884 0.0884 0.9922
vn 0.0887 -0.0300 0.9956
vn 0.0888 -0.0300 0.9956
vn -0.0296 -0.0300 0.9991
vn -0.0293 -0.1480 0.9886
vn -0.1460 -0.1480 0.9781
vn -0.1460 -0.1480 0.9782
vn -0.1424 -0.2639 0.9540
vn -0.2542 -0.2639 0.9304
vn -0.2543 -0.2639 0.9304
vn -0.2442 -0.3761 0.8938
vn -0.2443 -0.3761 0.8938
vn -0.3482 -0.3761 0.8587
vn -0.3291 -0.4830 0.8114
vn -0.4227 -0.4830 0.7668
vn -0.3922 -0.5832 0.7114
vn -0.4736 -0.5832 0.6600
vn -0.4301 -0.6751 0.5994
vn -0.4979 -0.6751 0.5443
vn -0.4980 -0.6751 0.5443
vn -0.4406 -0.7576 0.4816
vn -0.4944 -0.7576 0.4261
vn -0.4231 -0.8295 0.3646
vn -0.4633 -0.8295 0.3120
vn -0.4632 -0.8295 0.3120
vn -0.3786 -0.8897 0.2550
vn -0.4061 -0.8897 0.2085
vn -0.4062 -0.8897 0.2085
vn -0.3097 -0.9375 0.1590
vn -0.3097 -0.9374 0.1590
vn -0.3263 -0.9375 0.1212
vn -0.2201 -0.9720 0.0818
vn -0.2282 -0.9720 0.0552
vn -0.2202 -0.9720 0.0818
vn -0.2282 -0.9721 0.0552
vn -0.1150 -0.9930 0.0278
vn -0.1149 -0.9930 0.0278
vn 0.2508 0.9562 0.1509
vn 0.3476 0.9149 0.2053
vn 0.3695 0.9149 0.1628
vn 0.4046 0.8607 0.3089
vn 0.4357 0.7945 0.4230
vn 0.5001 0.7171 0.4854
vn 0.4391 0.7171 0.5412
vn 0.4392 0.7171 0.5412
vn 0.4147 0.6297 0.6569
vn 0.3638 0.5334 0.7636
vn 0.3884 0.4296 0.8152
vn 0.3883 0.4296 0.8152
vn 0.2892 0.4296 0.8555
vn 0.2892 0.4297 0.8554
vn 0.1952 0.3199 0.9271
vn 0.1951 0.3199 0.9271
vn 0.2016 0.2056 0.9576
vn 0.0869 0.2056 0.9748
vn 0.0869 0.2055 0.9748
vn -0.0295 0.0884 0.9956
vn -0.1476 -0.0300 0.9886
vn -0.2607 -0.1480 0.9540
vn -0.2542 -0.2639 0.9305
vn -0.3625 -0.2639 0.8938
vn -0.3482 -0.3761 0.8586
vn -0.3625 -0.2639 0.8939
vn -0.4474 -0.3761 0.8114
vn -0.4473 -0.3761 0.8114
vn -0.5105 -0.4830 0.7114
vn -0.5483 -0.5832 0.5994
vn -0.5588 -0.6751 0.4816
vn -0.5413 -0.7576 0.3646
vn -0.4969 -0.8295 0.2550
vn -0.4280 -0.8897 0.1590
vn -0.3263 -0.9374 0.1212
vn -0.3384 -0.9374 0.0818
vn -0.2283 -0.9720 0.0552
vn 0.3209 0.9149 0.2450
vn 0.2125 0.9562 0.2013
vn 0.2897 0.9149 0.2812
vn 0.2544 0.9149 0.3135
vn 0.3207 0.8607 0.3953
vn 0.2717 0.8607 0.4304
vn 0.2718 0.8607 0.4305
vn 0.3242 0.7945 0.5135
vn 0.2612 0.7945 0.5483
vn 0.2612 0.7945 0.5482
vn 0.2997 0.7171 0.6292
vn 0.2232 0.7171 0.6602
vn 0.2488 0.6297 0.7359
vn 0.1600 0.6297 0.7602
vn 0.1742 0.5334 0.8277
vn 0.0751 0.5334 0.8425
vn 0.0802 0.4296 0.8994
vn -0.0267 0.4296 0.9026
vn -0.0281 0.3199 0.9470
vn -0.0268 0.4296 0.9026
vn -0.1399 0.3199 0.9371
vn -0.0281 0.3198 0.9471
vn -0.1399 0.3198 0.9371
vn -0.1445 0.2056 0.9679
vn -0.2579 0.2056 0.9440
vn -0.2580 0.2056 0.9440
vn -0.2625 0.0884 0.9609
vn -0.2626 0.0884 0.9609
vn -0.3744 0.0884 0.9231
vn -0.3757 -0.0300 0.9263
vn -0.3756 -0.0300 0.9263
vn -0.4826 -0.0300 0.8753
vn -0.4775 -0.1480 0.8661
vn -0.5765 -0.1480 0.8036
vn -0.5766 -0.1480 0.8035
vn -0.5623 -0.2639 0.7837
vn -0.6511 -0.2639 0.7117
vn -0.6254 -0.3761 0.6836
vn -0.6254 -0.3761 0.6837
vn -0.7019 -0.3761 0.6049
vn -0.6633 -0.4830 0.5716
vn -0.7262 -0.4830 0.4892
vn -0.6738 -0.5832 0.4538
vn -0.7227 -0.5832 0.3709
vn -0.6563 -0.6751 0.3369
vn -0.6915 -0.6751 0.2569
vn -0.6916 -0.6751 0.2569
vn -0.6119 -0.7576 0.2273
vn -0.6344 -0.7576 0.1533
vn -0.6118 -0.7576 0.2273
vn -0.5429 -0.8295 0.1312
vn 0.1643 0.9562 0.2423
vn 0.2155 0.9149 0.3414
vn 0.2717 0.8608 0.4304
vn 0.2717 0.8607 0.4305
vn 0.2189 0.8607 0.4596
vn 0.1945 0.7945 0.5753
vn 0.2232 0.7171 0.6603
vn 0.1436 0.7171 0.6820
vn 0.0690 0.6297 0.7738
vn -0.0251 0.5334 0.8455
vn -0.1333 0.4296 0.8931
vn -0.2497 0.3199 0.9140
vn -0.2498 0.3199 0.9139
vn -0.3678 0.2056 0.9069
vn -0.3743 0.0884 0.9231
vn -0.4809 0.0884 0.8723
vn -0.5827 -0.0300 0.8121
vn -0.6675 -0.1480 0.7297
vn -0.6676 -0.1480 0.7297
vn -0.7307 -0.2639 0.6297
vn -0.7685 -0.3761 0.5177
vn -0.7685 -0.3761 0.5176
vn -0.7790 -0.4830 0.3998
vn -0.7227 -0.5832 0.3710
vn -0.7615 -0.5832 0.2828
vn -0.7615 -0.5832 0.2829
vn -0.7171 -0.6751 0.1733
vn -0.7170 -0.6751 0.1733
vn 0.1736 0.9149 0.3645
vn 0.1643 0.9562 0.2422
vn 0.1083 0.9562 0.2719
vn 0.1293 0.9149 0.3824
vn 0.0474 0.9562 0.2889
vn 0.0474 0.9562 0.2888
vn 0.0832 0.9149 0.3950
vn 0.0832 0.9149 0.3951
vn 0.0473 0.9562 0.2888
vn 0.0358 0.9149 0.4021
vn 0.0359 0.9149 0.4021
vn 0.0452 0.8607 0.5071
vn -0.0151 0.8607 0.5089
vn 0.0452 0.8607 0.5070
vn -0.0151 0.8607 0.5088
vn -0.0180 0.7945 0.6070
vn -0.0896 0.7945 0.6006
vn -0.0897 0.7945 0.6006
vn -0.1029 0.7171 0.6893
vn -0.1837 0.7171 0.6723
vn -0.2048 0.6297 0.7494
vn -0.2920 0.6297 0.7199
vn -0.3179 0.5334 0.7839
vn -0.4084 0.5334 0.7408
vn -0.4360 0.4296 0.7908
vn -0.4360 0.4297 0.7908
vn -0.5264 0.4296 0.7337
vn -0.4359 0.4297 0.7908
vn -0.5523 0.3199 0.7698
vn -0.5524 0.3199 0.7698
vn -0.6395 0.3198 0.6991
vn -0.6395 0.3199 0.6991
vn -0.6606 0.2056 0.7221
vn -0.7413 0.2056 0.6389
vn -0.7545 0.0884 0.6503
vn -0.7546 0.0884 0.6503
vn -0.8261 0.0884 0.5565
vn -0.8290 -0.0300 0.5584
vn -0.8893 -0.0300 0.4564
vn -0.8799 -0.1480 0.4516
vn -0.9271 -0.1480 0.3444
vn -0.9042 -0.2639 0.3359
vn -0.9042 -0.2639 0.3358
vn -0.9376 -0.2639 0.2266
vn -0.9376 -0.2639 0.2265
vn -0.9007 -0.3761 0.2176
vn -0.0159 0.9562 0.2923
vn -0.0120 0.9149 0.4036
vn -0.0120 0.9149 0.4035
vn -0.0752 0.8607 0.5035
vn -0.0751 0.8607 0.5035
vn -0.1601 0.7945 0.5858
vn -0.2619 0.7171 0.6459
vn -0.3751 0.6297 0.6803
vn -0.4931 0.5334 0.6873
vn -0.4931 0.5334 0.6872
vn -0.6095 0.4296 0.6663
vn -0.5264 0.4297 0.7337
vn -0.6095 0.4297 0.6663
vn -0.7177 0.3199 0.6185
vn -0.7177 0.3198 0.6185
vn -0.8117 0.2056 0.5467
vn -0.8262 0.0884 0.5564
vn -0.8862 0.0884 0.4548
vn -0.9370 -0.0300 0.3480
vn -0.9370 -0.0300 0.3481
vn -0.9613 -0.1480 0.2323
vn -0.0596 0.9149 0.3993
vn -0.0783 0.9562 0.2820
vn -0.1064 0.9149 0.3894
vn -0.1517 0.9149 0.3741
vn -0.1913 0.8607 0.4717
vn -0.1913 0.8607 0.4718
vn -0.2458 0.8607 0.4458
vn -0.2932 0.7945 0.5318
vn -0.3540 0.7945 0.4934
vn -0.4063 0.7171 0.5663
vn -0.4704 0.7171 0.5142
vn -0.5244 0.6297 0.5732
vn -0.5885 0.6297 0.5072
vn -0.5885 0.6297 0.5071
vn -0.6407 0.5334 0.5522
vn -0.6408 0.5334 0.5522
vn -0.7016 0.5334 0.4725
vn -0.7016 0.5334 0.4726
vn -0.7489 0.4296 0.5045
vn -0.7490 0.4296 0.5045
vn -0.8034 0.4296 0.4123
vn -0.8429 0.3199 0.4327
vn -0.8429 0.3199 0.4326
vn -0.8882 0.3199 0.3299
vn -0.9174 0.2056 0.3408
vn -0.9513 0.2056 0.2299
vn -0.9682 0.0884 0.2340
vn -0.1371 0.9562 0.2586
vn -0.1949 0.9149 0.3535
vn -0.1949 0.9149 0.3536
vn -0.2968 0.8607 0.4136
vn -0.4099 0.7945 0.4481
vn -0.5280 0.7171 0.4550
vn -0.5279 0.7171 0.4550
vn -0.6443 0.6297 0.4340
vn -0.7525 0.5334 0.3863
vn -0.8034 0.4297 0.4123
vn -0.7525 0.5334 0.3862
vn -0.8465 0.4297 0.3144
vn -0.8465 0.4296 0.3144
vn -0.9209 0.3199 0.2226
vn -0.9210 0.3199 0.2225
vn -0.9718 0.2056 0.1157
vn -0.2354 0.9149 0.3280
vn -0.1895 0.9562 0.2231
vn -0.2725 0.9149 0.2979
vn -0.2725 0.9149 0.2978
vn -0.3058 0.9149 0.2636
vn -0.3856 0.8607 0.3323
vn -0.4222 0.8607 0.2844
vn -0.5037 0.7945 0.3392
vn -0.5402 0.7945 0.2773
vn -0.5037 0.7945 0.3393
vn -0.5403 0.7945 0.2773
vn -0.6201 0.7171 0.3182
vn -0.6201 0.7171 0.3183
vn -0.6533 0.7171 0.2427
vn -0.6200 0.7171 0.3183
vn -0.7283 0.6297 0.2705
vn -0.7551 0.6297 0.1825
vn -0.7282 0.6297 0.2705
vn -0.8222 0.5334 0.1987
vn -0.8399 0.5334 0.1001
vn -0.2330 0.9562 0.1771
vn -0.3058 0.9149 0.2635
vn -0.3348 0.9149 0.2255
vn -0.4529 0.8607 0.2325
vn -0.4529 0.8607 0.2324
vn -0.5692 0.7945 0.2115
vn -0.5693 0.7945 0.2114
vn -0.5693 0.7945 0.2115
vn -0.6775 0.7171 0.1637
vn -0.6774 0.7171 0.1637
vn -0.2656 0.9562 0.1229
vn -0.2657 0.9562 0.1229
vn -0.3591 0.9149 0.1843
vn -0.3349 0.9149 0.2255
vn -0.3592 0.9149 0.1844
vn -0.3592 0.9149 0.1843
vn -0.4772 0.8607 0.1773
vn -0.4772 0.8607 0.1772
vn -0.5903 0.7945 0.1426
vn -0.3785 0.9149 0.1406
vn -0.3784 0.9149 0.1406
vn -0.2859 0.9562 0.0629
vn -0.3924 0.9149 0.0948
vn -0.2858 0.9562 0.0629
vn -0.4009 0.9149 0.0478
vn -0.1108 -0.9930 0.0412
vn -0.0689 -0.9930 0.0961
vn -0.0175 -0.9930 0.1169
vn -0.0175 -0.9930 0.1170
vn 0.0508 -0.9930 0.1067
vn 0.0940 -0.9930 0.0717
vn 0.1164 -0.9930 0.0209
vn 0.1180 -0.9930 0.0070
vn 0.1180 -0.9930 -0.0070
vn 0.1164 -0.9930 -0.0209
vn 0.1131 -0.9930 -0.0345
vn 0.1082 -0.9930 -0.0477
vn 0.1018 -0.9930 -0.0601
vn 0.0940 -0.9930 -0.0717
vn 0.0848 -0.9930 -0.0824
vn 0.0745 -0.9930 -0.0918
vn 0.0631 -0.9930 -0.1000
vn 0.0508 -0.9930 -0.1067
vn 0.0379 -0.9930 -0.1120
vn 0.0244 -0.9930 -0.1157
vn 0.0105 -0.9930 -0.1178
vn -0.0035 -0.9930 -0.1182
vn -0.0175 -0.9930 -0.1169
vn -0.0312 -0.9930 -0.1141
vn -0.0312 -0.9930 -0.1140
vn -0.0444 -0.9930 -0.1096
vn -0.0571 -0.9930 -0.1035
vn -0.0689 -0.9930 -0.0961
vn -0.0798 -0.9930 -0.0872
vn -0.0896 -0.9930 -0.0772
vn -0.0981 -0.9930 -0.0661
vn -0.0981 -0.9930 -0.0660
vn -0.5091 0.8607 -0.0000
vn -0.8967 0.4297 -0.1068
vn -0.8966 0.4297 -0.1068
vn -0.9408 0.3199 -0.1121
vn -0.9996 -0.0300 -0.0000
vn -0.9645 -0.2639 -0.0000
vn -0.4772 0.8607 -0.1772
vn -0.5693 0.7945 -0.2115
vn -0.6774 0.7171 -0.1637
vn -0.8777 0.4297 -0.2121
vn -0.8882 0.3198 -0.3299
vn -0.9210 0.3198 -0.2225
vn -0.2282 -0.9721 -0.0552
vn -0.2283 -0.9720 -0.0552
vn -0.4222 0.8607 -0.2844
vn -0.3856 0.8607 -0.3323
vn -0.3436 0.8607 -0.3756
vn -0.5037 0.7945 -0.3393
vn -0.5037 0.7945 -0.3392
vn -0.4600 0.7945 -0.3965
vn -0.4600 0.7945 -0.3964
vn -0.4099 0.7945 -0.4480
vn -0.4099 0.7945 -0.4481
vn -0.3540 0.7945 -0.4934
vn -0.6201 0.7171 -0.3182
vn -0.5781 0.7171 -0.3894
vn -0.5279 0.7171 -0.4550
vn -0.5280 0.7171 -0.4550
vn -0.4704 0.7171 -0.5142
vn -0.4063 0.7171 -0.5663
vn -0.3365 0.7171 -0.6104
vn -0.3365 0.7171 -0.6103
vn -0.6200 0.7171 -0.3182
vn -0.6443 0.6297 -0.4340
vn -0.6444 0.6297 -0.4340
vn -0.5781 0.7171 -0.3893
vn -0.5885 0.6297 -0.5072
vn -0.5244 0.6297 -0.5732
vn -0.4529 0.6297 -0.6312
vn -0.3751 0.6297 -0.6803
vn -0.2920 0.6297 -0.7199
vn -0.7016 0.5334 -0.4725
vn -0.6407 0.5334 -0.5522
vn -0.6408 0.5334 -0.5522
vn -0.5885 0.6297 -0.5071
vn -0.5709 0.5334 -0.6241
vn -0.4931 0.5334 -0.6873
vn -0.4931 0.5334 -0.6872
vn -0.4084 0.5334 -0.7408
vn -0.4084 0.5334 -0.7407
vn -0.3179 0.5334 -0.7839
vn -0.3179 0.5334 -0.7838
vn -0.2230 0.5334 -0.8160
vn -0.7490 0.4296 -0.5045
vn -0.6840 0.4296 -0.5895
vn -0.7016 0.5334 -0.4726
vn -0.6095 0.4296 -0.6663
vn -0.5264 0.4296 -0.7337
vn -0.4360 0.4296 -0.7908
vn -0.4360 0.4297 -0.7908
vn -0.3394 0.4296 -0.8368
vn -0.3394 0.4297 -0.8368
vn -0.2380 0.4296 -0.8711
vn -0.2229 0.5334 -0.8160
vn -0.1333 0.4296 -0.8931
vn -0.2230 0.5334 -0.8159
vn -0.0268 0.4297 -0.9026
vn -0.8034 0.4296 -0.4124
vn -0.7858 0.3199 -0.5293
vn -0.7490 0.4296 -0.5044
vn -0.7490 0.4297 -0.5044
vn -0.7177 0.3199 -0.6185
vn -0.7177 0.3198 -0.6185
vn -0.6395 0.3199 -0.6991
vn -0.5524 0.3199 -0.7698
vn -0.5264 0.4297 -0.7337
vn -0.5524 0.3198 -0.7698
vn -0.4574 0.3198 -0.8298
vn -0.4574 0.3199 -0.8297
vn -0.4359 0.4297 -0.7908
vn -0.4359 0.4296 -0.7908
vn -0.3561 0.3199 -0.8780
vn -0.2498 0.3199 -0.9139
vn -0.2497 0.3199 -0.9140
vn -0.2380 0.4297 -0.8710
vn -0.1399 0.3199 -0.9371
vn -0.1333 0.4297 -0.8931
vn -0.0281 0.3199 -0.9470
vn -0.8706 0.2056 -0.4469
vn -0.8429 0.3198 -0.4327
vn -0.8117 0.2056 -0.5467
vn -0.7413 0.2056 -0.6389
vn -0.7858 0.3198 -0.5293
vn -0.6606 0.2056 -0.7221
vn -0.5705 0.2056 -0.7951
vn -0.5523 0.3199 -0.7698
vn -0.5523 0.3198 -0.7698
vn -0.4725 0.2056 -0.8570
vn -0.3678 0.2056 -0.9069
vn -0.3561 0.3198 -0.8780
vn -0.2580 0.2056 -0.9440
vn -0.2579 0.2056 -0.9440
vn -0.1445 0.2056 -0.9679
vn -0.1399 0.3198 -0.9371
vn -0.0290 0.2056 -0.9782
vn -0.0281 0.3198 -0.9471
vn 0.0869 0.2056 -0.9748
vn -0.8262 0.0884 -0.5564
vn -0.8262 0.0884 -0.5565
vn -0.8261 0.0884 -0.5565
vn -0.7546 0.0884 -0.6503
vn -0.7546 0.0884 -0.6502
vn -0.7545 0.0884 -0.6503
vn -0.6723 0.0884 -0.7350
vn -0.6724 0.0884 -0.7349
vn -0.6723 0.0884 -0.7349
vn -0.5807 0.0884 -0.8093
vn -0.4809 0.0884 -0.8723
vn -0.3744 0.0884 -0.9230
vn -0.3743 0.0884 -0.9231
vn -0.2626 0.0884 -0.9608
vn -0.2625 0.0884 -0.9609
vn -0.1471 0.0884 -0.9852
vn -0.0295 0.0884 -0.9956
vn 0.0884 0.0884 -0.9922
vn 0.0885 0.0884 -0.9921
vn 0.2052 0.0884 -0.9747
vn -0.8290 -0.0300 -0.5584
vn -0.7572 -0.0300 -0.6525
vn -0.6747 -0.0300 -0.7375
vn -0.5827 -0.0300 -0.8121
vn -0.4826 -0.0300 -0.8753
vn -0.3756 -0.0300 -0.9263
vn -0.3757 -0.0300 -0.9263
vn -0.3744 0.0884 -0.9231
vn -0.2635 -0.0300 -0.9642
vn -0.1476 -0.0300 -0.9886
vn -0.0296 -0.0300 -0.9991
vn 0.0888 -0.0300 -0.9956
vn 0.0887 -0.0300 -0.9956
vn 0.2059 -0.0300 -0.9781
vn 0.3201 -0.0300 -0.9469
vn -0.8203 -0.1480 -0.5525
vn -0.7492 -0.1480 -0.6456
vn -0.6675 -0.1480 -0.7297
vn -0.6676 -0.1480 -0.7297
vn -0.5765 -0.1480 -0.8036
vn -0.5766 -0.1480 -0.8035
vn -0.4775 -0.1480 -0.8661
vn -0.4826 -0.0300 -0.8754
vn -0.3717 -0.1480 -0.9165
vn -0.2607 -0.1480 -0.9540
vn -0.1460 -0.1480 -0.9782
vn -0.1460 -0.1480 -0.9781
vn -0.0293 -0.1480 -0.9886
vn 0.0878 -0.1480 -0.9851
vn 0.2037 -0.1480 -0.9678
vn 0.3167 -0.1480 -0.9369
vn 0.3168 -0.1480 -0.9369
vn 0.4253 -0.1480 -0.8929
vn -0.8581 -0.2639 -0.4405
vn -0.8000 -0.2639 -0.5388
vn -0.7307 -0.2639 -0.6297
vn -0.6511 -0.2639 -0.7117
vn -0.5623 -0.2639 -0.7837
vn -0.4657 -0.2639 -0.8447
vn -0.3625 -0.2639 -0.8938
vn -0.2543 -0.2639 -0.9304
vn -0.2542 -0.2639 -0.9305
vn -0.1424 -0.2639 -0.9540
vn -0.0286 -0.2639 -0.9641
vn 0.0856 -0.2639 -0.9607
vn 0.0857 -0.2639 -0.9607
vn 0.1987 -0.2639 -0.9439
vn 0.3089 -0.2639 -0.9138
vn 0.3089 -0.2639 -0.9137
vn 0.4148 -0.2639 -0.8708
vn 0.5149 -0.2639 -0.8156
vn -0.7685 -0.3761 -0.5176
vn -0.7019 -0.3761 -0.6049
vn -0.6254 -0.3761 -0.6837
vn -0.5402 -0.3761 -0.7528
vn -0.4473 -0.3761 -0.8114
vn -0.4474 -0.3761 -0.8114
vn -0.3482 -0.3761 -0.8587
vn -0.3482 -0.3761 -0.8586
vn -0.2442 -0.3761 -0.8938
vn -0.2443 -0.3761 -0.8938
vn -0.1368 -0.3761 -0.9164
vn -0.0275 -0.3761 -0.9262
vn -0.0274 -0.3761 -0.9262
vn 0.0823 -0.3761 -0.9229
vn 0.1909 -0.3761 -0.9067
vn 0.1908 -0.3761 -0.9067
vn 0.2968 -0.3761 -0.8778
vn 0.3985 -0.3761 -0.8365
vn 0.4946 -0.3761 -0.7835
vn 0.5838 -0.3761 -0.7195
vn -0.7262 -0.4830 -0.4892
vn -0.6633 -0.4830 -0.5716
vn -0.5910 -0.4830 -0.6461
vn -0.6254 -0.3761 -0.6836
vn -0.5105 -0.4830 -0.7114
vn -0.4227 -0.4830 -0.7668
vn -0.3291 -0.4830 -0.8114
vn -0.2308 -0.4830 -0.8447
vn -0.2308 -0.4830 -0.8446
vn -0.1293 -0.4830 -0.8660
vn -0.0260 -0.4830 -0.8752
vn -0.0259 -0.4830 -0.8752
vn 0.0777 -0.4830 -0.8722
vn 0.0778 -0.4830 -0.8722
vn 0.1804 -0.4830 -0.8568
vn 0.2804 -0.4830 -0.8295
vn 0.3766 -0.4830 -0.7905
vn 0.4674 -0.4830 -0.7404
vn 0.5517 -0.4830 -0.6799
vn 0.6283 -0.4830 -0.6099
vn -0.6738 -0.5832 -0.4538
vn -0.6154 -0.5832 -0.5303
vn -0.5483 -0.5832 -0.5994
vn -0.4736 -0.5832 -0.6600
vn -0.3922 -0.5832 -0.7114
vn -0.3053 -0.5832 -0.7528
vn -0.2141 -0.5832 -0.7836
vn -0.1199 -0.5832 -0.8034
vn -0.1199 -0.5832 -0.8035
vn -0.0241 -0.5832 -0.8120
vn 0.0721 -0.5832 -0.8091
vn 0.1673 -0.5832 -0.7949
vn 0.2602 -0.5832 -0.7696
vn 0.3494 -0.5832 -0.7334
vn 0.4337 -0.5832 -0.6869
vn 0.4336 -0.5832 -0.6869
vn 0.5119 -0.5832 -0.6308
vn 0.5118 -0.5832 -0.6308
vn 0.5829 -0.5831 -0.5659
vn 0.5829 -0.5832 -0.5658
vn 0.6457 -0.5832 -0.4929
vn -0.6119 -0.6751 -0.4121
vn -0.5588 -0.6751 -0.4816
vn -0.4979 -0.6751 -0.5443
vn -0.4301 -0.6751 -0.5994
vn -0.3562 -0.6751 -0.6460
vn -0.2773 -0.6751 -0.6836
vn -0.2772 -0.6751 -0.6836
vn -0.1945 -0.6751 -0.7116
vn -0.1089 -0.6751 -0.7296
vn -0.0219 -0.6751 -0.7374
vn -0.0218 -0.6751 -0.7374
vn 0.0655 -0.6751 -0.7348
vn 0.1519 -0.6751 -0.7219
vn 0.2363 -0.6751 -0.6988
vn 0.2363 -0.6751 -0.6989
vn 0.3173 -0.6751 -0.6660
vn 0.3938 -0.6751 -0.6238
vn 0.4648 -0.6751 -0.5728
vn 0.5293 -0.6751 -0.5138
vn 0.5293 -0.6751 -0.5139
vn 0.5864 -0.6751 -0.4477
vn 0.5864 -0.6751 -0.4476
vn 0.6352 -0.6751 -0.3752
vn 0.6352 -0.6751 -0.3751
vn -0.5413 -0.7576 -0.3646
vn -0.5414 -0.7576 -0.3646
vn -0.4944 -0.7576 -0.4261
vn -0.6118 -0.6751 -0.4121
vn -0.4405 -0.7576 -0.4816
vn -0.4406 -0.7576 -0.4816
vn -0.4980 -0.6751 -0.5443
vn -0.3805 -0.7576 -0.5303
vn -0.4300 -0.6751 -0.5994
vn -0.3151 -0.7576 -0.5716
vn -0.2453 -0.7576 -0.6049
vn -0.2453 -0.7576 -0.6048
vn -0.1720 -0.7576 -0.6296
vn -0.1944 -0.6751 -0.7116
vn -0.0964 -0.7576 -0.6455
vn -0.0964 -0.7576 -0.6456
vn -0.0193 -0.7576 -0.6524
vn 0.0579 -0.7576 -0.6501
vn 0.0580 -0.7576 -0.6501
vn 0.1344 -0.7576 -0.6387
vn 0.1520 -0.6751 -0.7219
vn 0.1345 -0.7576 -0.6387
vn 0.2090 -0.7576 -0.6183
vn 0.2362 -0.6751 -0.6989
vn 0.2807 -0.7576 -0.5892
vn 0.2807 -0.7576 -0.5893
vn 0.3484 -0.7576 -0.5519
vn 0.3172 -0.6751 -0.6660
vn 0.4113 -0.7576 -0.5068
vn 0.4648 -0.6751 -0.5729
vn 0.4683 -0.7576 -0.4547
vn 0.4683 -0.7576 -0.4546
vn 0.5188 -0.7576 -0.3961
vn 0.5620 -0.7576 -0.3319
vn 0.5973 -0.7576 -0.2631
vn -0.4633 -0.8295 -0.3120
vn -0.4632 -0.8295 -0.3120
vn -0.4231 -0.8295 -0.3646
vn -0.3770 -0.8295 -0.4121
vn -0.3256 -0.8295 -0.4538
vn -0.2697 -0.8295 -0.4891
vn -0.2099 -0.8295 -0.5176
vn -0.1472 -0.8295 -0.5388
vn -0.0825 -0.8295 -0.5524
vn -0.0166 -0.8295 -0.5583
vn -0.0165 -0.8295 -0.5583
vn 0.0496 -0.8295 -0.5563
vn 0.1150 -0.8295 -0.5466
vn 0.1151 -0.8295 -0.5465
vn 0.1151 -0.8295 -0.5466
vn 0.1789 -0.8295 -0.5291
vn 0.2402 -0.8295 -0.5042
vn 0.2982 -0.8295 -0.4723
vn 0.3519 -0.8295 -0.4337
vn 0.4007 -0.8295 -0.3890
vn 0.4008 -0.8294 -0.3891
vn 0.4440 -0.8295 -0.3389
vn 0.4439 -0.8295 -0.3389
vn 0.5188 -0.7576 -0.3960
vn 0.4809 -0.8295 -0.2840
vn 0.5111 -0.8295 -0.2252
vn 0.5342 -0.8295 -0.1631
vn -0.4061 -0.8897 -0.2085
vn -0.3786 -0.8897 -0.2550
vn -0.3458 -0.8897 -0.2980
vn -0.3081 -0.8897 -0.3368
vn -0.3082 -0.8897 -0.3368
vn -0.2661 -0.8897 -0.3709
vn -0.2662 -0.8897 -0.3709
vn -0.2204 -0.8897 -0.3998
vn -0.1716 -0.8897 -0.4231
vn -0.1203 -0.8897 -0.4404
vn -0.0674 -0.8897 -0.4515
vn -0.0135 -0.8897 -0.4563
vn 0.0405 -0.8897 -0.4547
vn 0.0940 -0.8897 -0.4467
vn 0.1462 -0.8897 -0.4325
vn 0.1963 -0.8897 -0.4122
vn 0.1963 -0.8897 -0.4121
vn 0.2437 -0.8897 -0.3860
vn 0.2877 -0.8897 -0.3545
vn 0.3276 -0.8897 -0.3180
vn 0.4007 -0.8295 -0.3891
vn 0.4008 -0.8295 -0.3890
vn 0.3629 -0.8897 -0.2770
vn 0.3931 -0.8897 -0.2322
vn 0.4178 -0.8897 -0.1840
vn 0.4366 -0.8897 -0.1333
vn 0.4493 -0.8897 -0.0808
vn -0.2887 -0.9375 -0.1945
vn -0.3787 -0.8897 -0.2550
vn -0.2637 -0.9374 -0.2273
vn -0.2350 -0.9374 -0.2569
vn -0.2350 -0.9375 -0.2568
vn -0.2029 -0.9375 -0.2828
vn -0.2030 -0.9374 -0.2829
vn -0.1681 -0.9374 -0.3049
vn -0.1308 -0.9375 -0.3226
vn -0.0918 -0.9375 -0.3358
vn -0.0918 -0.9374 -0.3358
vn -0.1204 -0.8897 -0.4404
vn -0.0514 -0.9374 -0.3443
vn -0.0514 -0.9375 -0.3443
vn -0.0103 -0.9374 -0.3480
vn 0.0309 -0.9374 -0.3468
vn 0.0309 -0.9375 -0.3467
vn 0.0717 -0.9374 -0.3407
vn 0.0717 -0.9375 -0.3406
vn 0.0940 -0.8897 -0.4468
vn 0.1115 -0.9374 -0.3298
vn 0.1497 -0.9374 -0.3143
vn 0.1858 -0.9374 -0.2944
vn 0.1858 -0.9375 -0.2944
vn 0.2193 -0.9375 -0.2703
vn 0.2437 -0.8897 -0.3861
vn 0.2194 -0.9374 -0.2703
vn 0.2498 -0.9374 -0.2425
vn 0.2767 -0.9375 -0.2112
vn 0.2997 -0.9375 -0.1770
vn 0.2998 -0.9374 -0.1770
vn 0.3186 -0.9375 -0.1403
vn 0.3186 -0.9374 -0.1403
vn 0.3330 -0.9374 -0.1017
vn 0.3329 -0.9375 -0.1017
vn 0.3426 -0.9375 -0.0616
vn 0.3475 -0.9374 -0.0206
vn 0.3475 -0.9375 -0.0206
vn -0.1948 -0.9720 -0.1312
vn -0.2887 -0.9374 -0.1945
vn -0.1779 -0.9720 -0.1533
vn -0.2637 -0.9375 -0.2273
vn -0.1585 -0.9720 -0.1733
vn -0.1369 -0.9720 -0.1908
vn -0.1134 -0.9720 -0.2057
vn -0.1134 -0.9720 -0.2056
vn -0.0883 -0.9720 -0.2176
vn -0.1308 -0.9374 -0.3226
vn -0.0619 -0.9720 -0.2265
vn -0.0347 -0.9720 -0.2323
vn -0.0347 -0.9720 -0.2322
vn -0.0070 -0.9720 -0.2347
vn 0.0209 -0.9720 -0.2339
vn 0.0208 -0.9720 -0.2339
vn 0.0484 -0.9720 -0.2298
vn 0.0752 -0.9720 -0.2225
vn 0.1010 -0.9720 -0.2120
vn 0.1497 -0.9375 -0.3143
vn 0.1254 -0.9720 -0.1986
vn 0.1480 -0.9720 -0.1823
vn 0.1480 -0.9720 -0.1824
vn 0.1479 -0.9720 -0.1823
vn 0.1685 -0.9720 -0.1636
vn 0.1867 -0.9720 -0.1425
vn 0.2767 -0.9374 -0.2112
vn 0.2022 -0.9720 -0.1194
vn 0.2149 -0.9720 -0.0947
vn 0.2246 -0.9720 -0.0686
vn 0.2311 -0.9720 -0.0415
vn 0.3426 -0.9374 -0.0616
vn 0.2344 -0.9720 -0.0139
vn 0.2344 -0.9720 0.0139
vn -0.0798 -0.9930 -0.0873
vn -0.0571 -0.9930 -0.1036
vn -0.0619 -0.9720 -0.2266
vn -0.0175 -0.9930 -0.1170
vn -0.0347 -0.9721 -0.2322
vn 0.0509 -0.9930 -0.1068
vn 0.0752 -0.9721 -0.2224
vn 0.1479 -0.9721 -0.1823
vn 0.0848 -0.9930 -0.0823
vn 0.0849 -0.9930 -0.0824
vn 0.0940 -0.9930 -0.0718
vn 0.1866 -0.9720 -0.1425
vn 0.2312 -0.9720 -0.0415
vn 0.1181 -0.9930 -0.0070
vn 0.1181 -0.9930 0.0070
vn -0.1342 0.8607 -0.4910
vn -0.1342 0.8607 -0.4911
vn -0.0897 0.7945 -0.6006
vn -0.0206 0.7171 -0.6967
vn -0.0206 0.7171 -0.6966
vn -0.0207 0.7171 -0.6966
vn 0.0690 0.6297 -0.7738
vn 0.1742 0.5334 -0.8277
vn 0.2892 0.4296 -0.8554
vn 0.2892 0.4297 -0.8554
vn 0.4075 0.3199 -0.8554
vn 0.5224 0.2056 -0.8275
vn 0.6276 0.0884 -0.7735
vn 0.7172 -0.0300 -0.6963
vn 0.7172 -0.0300 -0.6962
vn 0.7861 -0.1480 -0.6001
vn 0.8305 -0.2639 -0.4905
vn 0.8480 -0.3761 -0.3735
vn 0.8374 -0.4830 -0.2557
vn 0.7996 -0.5831 -0.1437
vn 0.7995 -0.5832 -0.1437
vn 0.7364 -0.6751 -0.0437
vn 0.6516 -0.7576 -0.0387
vn 0.6515 -0.7576 0.0387
vn 0.5575 -0.8295 0.0331
vn 0.5497 -0.8295 0.0988
vn 0.4366 -0.8897 0.1333
vn 0.3186 -0.9374 0.1403
vn 0.2022 -0.9720 0.1194
vn 0.0940 -0.9930 0.0718
vn -0.1342 0.8608 -0.4910
vn -0.1064 0.9149 -0.3895
vn 0.3884 0.4296 -0.8152
vn 0.5058 0.3198 -0.8012
vn 0.5224 0.2056 -0.8276
vn 0.6166 0.2056 -0.7600
vn 0.8375 -0.4830 -0.2557
vn 0.3186 -0.9375 0.1403
vn 0.1049 0.8607 -0.4982
vn 0.1048 0.8608 -0.4981
vn 0.0452 0.8607 -0.5071
vn 0.1251 0.7945 -0.5943
vn 0.1945 0.7945 -0.5753
vn 0.2997 0.7171 -0.6292
vn 0.2998 0.7171 -0.6292
vn 0.4147 0.6297 -0.6569
vn 0.5330 0.5334 -0.6568
vn 0.6479 0.4296 -0.6290
vn 0.5690 0.4297 -0.7012
vn 0.6479 0.4297 -0.6290
vn 0.7531 0.3199 -0.5749
vn 0.8426 0.2056 -0.4977
vn 0.9116 0.0884 -0.4015
vn 0.9116 0.0884 -0.4016
vn 0.9147 -0.0300 -0.4030
vn 0.9115 0.0884 -0.4016
vn 0.9560 -0.0300 -0.2919
vn 0.9734 -0.1480 -0.1749
vn 0.9629 -0.2639 -0.0571
vn 0.9629 -0.2639 -0.0572
vn 0.9250 -0.3761 0.0549
vn 0.8618 -0.4830 0.1549
vn 0.7769 -0.5832 0.2373
vn 0.6751 -0.6751 0.2974
vn 0.5620 -0.7576 0.3319
vn 0.4440 -0.8295 0.3389
vn 0.4439 -0.8295 0.3389
vn 0.3276 -0.8897 0.3180
vn 0.2193 -0.9375 0.2703
vn 0.2194 -0.9374 0.2703
vn 0.1254 -0.9720 0.1986
vn 0.1253 -0.9720 0.1986
vn 0.0509 -0.9930 0.1068
vn 0.1630 0.8607 -0.4823
vn 0.7178 0.4297 -0.5479
vn 0.7531 0.3198 -0.5749
vn 0.8158 0.3198 -0.4818
vn 0.9872 -0.1480 -0.0586
vn 0.7769 -0.5831 0.2373
vn 0.4007 -0.8295 0.3891
vn 0.3652 0.8607 -0.3546
vn 0.3653 0.8607 -0.3546
vn 0.4827 0.7945 -0.3685
vn 0.6001 0.7171 -0.3544
vn 0.7109 0.6297 -0.3132
vn 0.8090 0.5334 -0.2470
vn 0.8636 0.4297 -0.2637
vn 0.8887 0.4297 -0.1597
vn 0.8888 0.4297 -0.1597
vn 0.8888 0.4296 -0.1597
vn 0.9458 0.3198 -0.0561
vn 0.9458 0.3199 -0.0561
vn 0.9769 0.2056 0.0580
vn 0.9804 0.0884 0.1762
vn 0.9560 -0.0300 0.2919
vn 0.9458 -0.1480 0.2889
vn 0.9051 -0.1480 0.3987
vn 0.9459 -0.1480 0.2889
vn 0.8305 -0.2639 0.4905
vn 0.7365 -0.3761 0.5623
vn 0.7365 -0.3761 0.5622
vn 0.6283 -0.4830 0.6099
vn 0.5118 -0.5832 0.6308
vn 0.5119 -0.5832 0.6308
vn 0.3938 -0.6751 0.6238
vn 0.2807 -0.7576 0.5892
vn 0.1789 -0.8295 0.5291
vn 0.0940 -0.8897 0.4467
vn 0.0309 -0.9374 0.3468
vn 0.0309 -0.9375 0.3467
vn -0.0070 -0.9720 0.2347
vn 0.4869 0.8607 -0.1487
vn 0.4658 0.8607 -0.2052
vn 0.5977 0.7945 -0.1074
vn 0.6957 0.7171 -0.0413
vn 0.6859 0.7171 -0.1233
vn 0.7755 0.6297 0.0460
vn 0.8325 0.5334 0.1496
vn 0.8636 0.4297 0.2637
vn 0.8636 0.4296 0.2637
vn 0.9062 0.3198 0.2767
vn 0.8671 0.3199 0.3819
vn 0.8670 0.3199 0.3820
vn 0.8671 0.3198 0.3820
vn 0.8426 0.2056 0.4977
vn 0.8427 0.2056 0.4977
vn 0.7917 0.0884 0.6044
vn 0.7918 0.0884 0.6044
vn 0.7172 -0.0300 0.6962
vn 0.7172 -0.0300 0.6963
vn 0.6232 -0.1480 0.7680
vn 0.6077 -0.2639 0.7490
vn 0.6231 -0.1480 0.7680
vn 0.5149 -0.2639 0.8156
vn 0.3985 -0.3761 0.8365
vn 0.2804 -0.4830 0.8295
vn 0.1673 -0.5832 0.7949
vn 0.0655 -0.6751 0.7348
vn 0.0579 -0.7576 0.6501
vn -0.0193 -0.7576 0.6524
vn -0.0194 -0.7576 0.6524
vn -0.0825 -0.8295 0.5524
vn -0.1203 -0.8897 0.4404
vn -0.0918 -0.9375 0.3358
vn -0.1308 -0.9374 0.3226
vn -0.0882 -0.9720 0.2176
vn -0.1308 -0.9375 0.3226
vn -0.1134 -0.9720 0.2056
vn -0.0571 -0.9930 0.1036
vn 0.8090 0.5334 -0.2471
vn 0.2807 -0.7576 0.5893
vn 0.2091 -0.7576 0.6183
vn 0.1151 -0.8295 0.5466
vn 0.1150 -0.8295 0.5465
vn 0.8671 0.3198 0.3819
vn -0.1681 -0.9375 0.3048
vn 0.3974 0.9149 0.0714
vn 0.4869 0.8607 0.1487
vn 0.5557 0.7945 0.2448
vn 0.6001 0.7171 0.3544
vn 0.6175 0.6297 0.4714
vn 0.6689 0.6297 0.3950
vn 0.6069 0.5334 0.5892
vn 0.5690 0.4297 0.7012
vn 0.5690 0.4296 0.7012
vn 0.5058 0.3199 0.8012
vn 0.5970 0.3198 0.7357
vn 0.5058 0.3198 0.8012
vn 0.4209 0.2056 0.8835
vn 0.3190 0.0884 0.9436
vn 0.2059 -0.0300 0.9781
vn 0.0878 -0.1480 0.9851
vn -0.0286 -0.2639 0.9641
vn -0.1368 -0.3761 0.9164
vn -0.2308 -0.4830 0.8447
vn -0.3053 -0.5832 0.7528
vn -0.3562 -0.6751 0.6460
vn -0.3805 -0.7576 0.5303
vn -0.3770 -0.8295 0.4121
vn -0.3458 -0.8897 0.2980
vn -0.3081 -0.8897 0.3368
vn -0.2887 -0.9374 0.1945
vn -0.2887 -0.9375 0.1945
vn -0.2089 -0.9720 0.1072
vn 0.3653 0.8607 0.3546
vn 0.3826 0.7945 0.4715
vn 0.3826 0.7945 0.4716
vn 0.3720 0.7171 0.5894
vn 0.3721 0.7171 0.5893
vn 0.3341 0.6297 0.7014
vn 0.3341 0.6297 0.7013
vn 0.2709 0.5334 0.8013
vn 0.3638 0.5334 0.7637
vn 0.1860 0.4297 0.8836
vn 0.2892 0.4296 0.8554
vn 0.1860 0.4296 0.8837
vn 0.0841 0.3199 0.9437
vn 0.0841 0.3198 0.9437
vn -0.0290 0.2056 0.9782
vn -0.1471 0.0884 0.9852
vn -0.2635 -0.0300 0.9642
vn -0.3717 -0.1480 0.9165
vn -0.4657 -0.2639 0.8447
vn -0.5402 -0.3761 0.7528
vn -0.5910 -0.4830 0.6461
vn -0.6154 -0.5832 0.5303
vn -0.6119 -0.6751 0.4121
vn -0.5414 -0.7576 0.3646
vn -0.5807 -0.7576 0.2981
vn -0.5413 -0.7577 0.3646
vn -0.5807 -0.7576 0.2980
vn -0.5236 -0.8295 0.1945
vn -0.4279 -0.8897 0.1590
vn -0.4438 -0.8897 0.1072
vn 0.4820 0.4296 0.7636
vn -0.4300 -0.6751 0.5994
vn -0.3787 -0.8897 0.2550
vn -0.1109 -0.9930 0.0412
vn 0.3652 0.8607 0.3546
vn 0.3208 0.8607 0.3953
vn 0.3720 0.7171 0.5893
vn 0.1860 0.4296 0.8836
vn -0.2626 0.0884 0.9608
vn -0.6118 -0.6751 0.4121
vn -0.3457 -0.9375 0.0412
vn 0.1293 0.9149 0.3825
vn 0.1630 0.8607 0.4823
vn 0.1630 0.8607 0.4822
vn 0.1251 0.7945 0.5943
vn 0.1251 0.7945 0.5942
vn 0.0619 0.7171 0.6942
vn -0.0230 0.6297 0.7765
vn -0.1249 0.5334 0.8366
vn -0.2380 0.4296 0.8711
vn -0.2380 0.4297 0.8711
vn -0.3561 0.3199 0.8780
vn -0.3561 0.3198 0.8780
vn -0.4725 0.2056 0.8570
vn -0.4725 0.2055 0.8570
vn -0.5807 0.0884 0.8093
vn -0.6747 -0.0300 0.7375
vn -0.7492 -0.1480 0.6456
vn -0.8000 -0.2639 0.5388
vn -0.8000 -0.2639 0.5389
vn -0.8243 -0.3761 0.4231
vn -0.8208 -0.4830 0.3049
vn -0.7896 -0.5832 0.1908
vn 0.1631 0.8607 0.4823
vn 0.1049 0.8607 0.4982
vn 0.1049 0.8607 0.4981
vn 0.0831 0.9149 0.3950
vn 0.0539 0.7945 0.6049
vn 0.1048 0.8607 0.4982
vn 0.1048 0.8608 0.4981
vn -0.0207 0.7171 0.6967
vn -0.0207 0.7171 0.6966
vn -0.1147 0.6297 0.7684
vn -0.1147 0.6297 0.7683
vn -0.2230 0.5334 0.8160
vn -0.2229 0.5334 0.8160
vn -0.3394 0.4296 0.8368
vn -0.3394 0.4297 0.8368
vn -0.4574 0.3199 0.8297
vn -0.5705 0.2056 0.7951
vn -0.6723 0.0884 0.7350
vn -0.6724 0.0884 0.7349
vn -0.7572 -0.0300 0.6525
vn -0.8203 -0.1480 0.5525
vn -0.8581 -0.2639 0.4405
vn -0.8581 -0.2639 0.4404
vn -0.8686 -0.3761 0.3227
vn -0.8686 -0.3761 0.3226
vn -0.8511 -0.4830 0.2057
vn -0.0206 0.7171 0.6966
vn -0.1342 0.8607 0.4910
vn -0.1342 0.8608 0.4910
vn -0.2282 0.7945 0.5627
vn -0.3365 0.7171 0.6104
vn -0.3365 0.7171 0.6103
vn -0.3750 0.6297 0.6803
vn -0.4529 0.6297 0.6312
vn -0.5709 0.5334 0.6241
vn -0.6840 0.4296 0.5895
vn -0.6840 0.4297 0.5895
vn -0.7858 0.3199 0.5293
vn -0.8706 0.2056 0.4469
vn -0.8707 0.2056 0.4469
vn -0.9337 0.0884 0.3469
vn -0.9338 0.0884 0.3468
vn -0.9716 -0.0300 0.2348
vn -0.0206 0.7171 0.6967
vn -0.1147 0.6296 0.7684
vn -0.2230 0.5334 0.8159
vn -0.5524 0.3198 0.7698
vn -0.6606 0.2055 0.7221
vn -0.9007 -0.3761 0.2177
vn -0.1342 0.8607 0.4911
vn -0.2282 0.7945 0.5628
vn -0.4063 0.7171 0.5662
vn -0.3436 0.8607 0.3756
vn -0.2353 0.9149 0.3280
vn -0.2967 0.8607 0.4136
vn -0.4099 0.7945 0.4480
vn -0.4600 0.7945 0.3964
vn -0.5781 0.7171 0.3893
vn -0.5780 0.7171 0.3893
vn -0.6911 0.6297 0.3547
vn -0.7929 0.5334 0.2945
vn -0.8777 0.4296 0.2121
vn -0.9210 0.3198 0.2226
vn -0.5710 0.5334 0.6241
vn -0.7490 0.4296 0.5044
vn -0.7859 0.3198 0.5293
vn -0.8429 0.3198 0.4327
vn -0.5781 0.7171 0.3894
vn -0.6200 0.7171 0.3182
vn -0.6912 0.6297 0.3547
vn -0.8966 0.4297 0.1068
vn -0.4948 0.8607 0.1196
vn -0.5903 0.7945 0.1427
vn -0.9766 -0.0000 0.2150
vn -0.9766 -0.0000 -0.2150
vn -0.9076 -0.0000 -0.4199
vn -0.7961 -0.0000 -0.6052
vn -0.6474 -0.0000 -0.7622
vn -0.4684 -0.0000 -0.8835
vn -0.2675 0.0001 -0.9636
vn -0.2675 -0.0000 -0.9636
vn -0.0541 -0.0000 -0.9985
vn 0.1618 -0.0000 -0.9868
vn 0.3701 -0.0000 -0.9290
vn 0.5612 -0.0000 -0.8277
vn 0.7260 -0.0000 -0.6877
vn 0.8569 -0.0000 -0.5155
vn 0.8568 -0.0000 -0.5156
vn 0.9477 -0.0000 -0.3193
vn 0.9941 -0.0000 -0.1081
vn 0.9941 -0.0000 0.1081
vn 0.9477 -0.0000 0.3193
vn 0.8568 -0.0000 0.5156
vn 0.8569 -0.0000 0.5155
vn 0.7260 -0.0000 0.6877
vn 0.8569 -0.0001 0.5155
vn 0.5612 -0.0000 0.8277
vn 0.3701 0.0001 0.9290
vn 0.3701 -0.0000 0.9290
vn 0.1618 -0.0000 0.9868
vn -0.0541 -0.0000 0.9985
vn -0.2675 0.0001 0.9636
vn -0.2675 -0.0000 0.9636
vn -0.4684 -0.0000 0.8835
vn -0.6474 -0.0000 0.7622
vn -0.7961 0.0001 0.6052
vn -0.7961 -0.0000 0.6052
vn -0.9076 -0.0000 0.4199
vn -0.0000 1.0000 0.0001
vt -0.034330 0.029595
vt -0.034330 0.000000
vt 0.034330 0.000000
vt -0.034330 -0.029595
vt 0.034330 -0.035075
vt -0.034330 -0.059190
vt 0.034330 -0.070151
vt -0.034330 -0.088784
vt 0.034330 -0.105226
vt -0.034330 -0.118379
vt 0.034330 -0.140301
vt -0.034330 -0.147974
vt 0.034330 -0.175377
vt -0.034330 -0.177569
vt -0.034330 -0.207163
vt 0.034330 -0.210452
vt -0.034330 -0.236758
vt 0.034330 -0.245527
vt -0.034330 -0.266353
vt 0.034330 -0.280602
vt -0.034330 -0.295948
vt 0.034330 -0.315678
vt -0.034330 -0.325543
vt 0.034330 -0.350753
vt -0.034330 -0.355137
vt 0.034330 -0.385828
vt -0.034330 -0.384732
vt -0.034330 -0.414327
vt 0.034330 -0.420904
vt -0.034330 -0.443922
vt 0.034330 -0.455979
vt -0.034330 -0.473517
vt 0.034330 -0.491054
vt 0.034330 0.455979
vt -0.034330 0.473517
vt -0.034330 0.443922
vt 0.034330 0.420904
vt -0.034330 0.414327
vt 0.034330 0.385828
vt -0.034330 0.384732
vt -0.034330 0.355137
vt 0.034330 0.350753
vt -0.034330 0.325543
vt 0.034330 0.315678
vt -0.034330 0.295948
vt 0.034330 0.280602
vt -0.034330 0.266353
vt 0.034330 0.245527
vt -0.034330 0.236758
vt 0.034330 0.210452
vt -0.034330 0.207163
vt 0.034330 0.175377
vt -0.034330 0.177569
vt -0.034330 0.147974
vt 0.034330 0.140301
vt -0.034330 0.118379
vt 0.034330 0.105226
vt -0.034330 0.088784
vt 0.034330 0.070151
vt -0.034330 0.059190
vt 0.034330 0.035075
vt -0.651450 -0.029426
vt -0.200967 -0.014713
vt -0.651450 0.000000
vt -0.200967 0.014713
vt -0.651450 0.029426
vt -0.200967 0.044139
vt -0.651450 0.058853
vt -0.200967 0.073566
vt -0.651450 0.088279
vt -0.200967 0.102992
vt -0.651450 0.117705
vt -0.200967 0.132418
vt -0.651450 0.147131
vt -0.200967 0.161844
vt -0.651450 0.176558
vt -0.200967 0.191271
vt -0.651450 0.205984
vt -0.200967 0.220697
vt -0.651450 0.235410
vt -0.200967 0.250123
vt -0.651450 0.264836
vt -0.200967 0.279549
vt -0.651450 0.294263
vt -0.200967 0.308976
vt -0.651450 0.323689
vt -0.200967 0.338402
vt -0.651450 0.353115
vt -0.200967 0.367828
vt -0.651450 0.382541
vt -0.200967 0.397254
vt -0.651450 0.411968
vt -0.651450 -0.382541
vt -0.200967 -0.397254
vt -0.200967 -0.367828
vt -0.651450 -0.353115
vt -0.200967 -0.338402
vt -0.651450 -0.323689
vt -0.200967 -0.308976
vt -0.651450 -0.294263
vt -0.200967 -0.279549
vt -0.651450 -0.264836
vt -0.200967 -0.250123
vt -0.651450 -0.235410
vt -0.200967 -0.220697
vt -0.651450 -0.205984
vt -0.200967 -0.191271
vt -0.651450 -0.176558
vt -0.200967 -0.161844
vt -0.651450 -0.147131
vt -0.200967 -0.132418
vt -0.651450 -0.117705
vt -0.200967 -0.102992
vt -0.651450 -0.088279
vt -0.200967 -0.073566
vt -0.651450 -0.058853
vt -0.200967 -0.044139
vt 0.700000 0.029426
vt 0.249517 0.014713
vt 0.700000 0.000000
vt 0.249517 -0.014713
vt 0.700000 -0.029426
vt 0.249517 -0.044139
vt 0.700000 -0.058853
vt 0.249517 -0.073566
vt 0.700000 -0.088279
vt 0.249517 -0.102992
vt 0.700000 -0.117705
vt 0.249517 -0.132418
vt 0.700000 -0.147131
vt 0.249517 -0.161844
vt 0.700000 -0.176558
vt 0.249517 -0.191271
vt 0.700000 -0.205984
vt 0.249517 -0.220697
vt 0.700000 -0.235410
vt 0.249517 -0.250123
vt 0.700000 -0.264836
vt 0.249517 -0.279549
vt 0.700000 -0.294263
vt 0.249517 -0.308976
vt 0.700000 -0.323689
vt 0.249517 -0.338402
vt 0.700000 -0.353115
vt 0.249517 -0.367828
vt 0.700000 -0.382541
vt 0.249517 -0.397254
vt 0.700000 -0.411968
vt 0.700000 0.382541
vt 0.249517 0.397254
vt 0.249517 0.367828
vt 0.700000 0.353115
vt 0.249517 0.338402
vt 0.700000 0.323689
vt 0.249517 0.308976
vt 0.700000 0.294263
vt 0.249517 0.279549
vt 0.700000 0.264836
vt 0.249517 0.250123
vt 0.700000 0.235410
vt 0.249517 0.220697
vt 0.700000 0.205984
vt 0.249517 0.191271
vt 0.700000 0.176558
vt 0.249517 0.161844
vt 0.700000 0.147131
vt 0.249517 0.132418
vt 0.700000 0.117705
vt 0.249517 0.102992
vt 0.700000 0.088279
vt 0.249517 0.073566
vt 0.700000 0.058853
vt 0.249517 0.044139
vt -0.024537 0.029146
vt -0.024537 0.000000
vt 0.024537 0.000000
vt -0.024537 -0.029146
vt 0.024537 -0.033464
vt -0.024537 -0.058292
vt 0.024537 -0.066928
vt -0.024537 -0.087438
vt 0.024537 -0.100391
vt -0.024537 -0.116583
vt 0.024537 -0.133855
vt -0.024537 -0.145729
vt 0.024537 -0.167319
vt -0.024537 -0.174875
vt 0.024537 -0.200783
vt -0.024537 -0.204021
vt 0.024537 -0.234246
vt -0.024537 -0.233167
vt -0.024537 -0.262313
vt 0.024537 -0.267710
vt -0.024537 -0.291459
vt 0.024537 -0.301174
vt -0.024537 -0.320605
vt 0.024537 -0.334638
vt -0.024537 -0.349750
vt 0.024537 -0.368102
vt -0.024537 -0.378896
vt 0.024537 -0.401565
vt -0.024537 -0.408042
vt 0.024537 -0.435029
vt -0.024537 -0.437188
vt -0.024537 -0.466334
vt 0.024537 -0.468493
vt 0.024537 0.435029
vt -0.024537 0.437188
vt -0.024537 0.408042
vt 0.024537 0.401565
vt -0.024537 0.378896
vt 0.024537 0.368102
vt -0.024537 0.349750
vt 0.024537 0.334638
vt -0.024537 0.320605
vt 0.024537 0.301174
vt -0.024537 0.291459
vt 0.024537 0.267710
vt -0.024537 0.262313
vt 0.024537 0.234246
vt -0.024537 0.233167
vt -0.024537 0.204021
vt 0.024537 0.200783
vt -0.024537 0.174875
vt 0.024537 0.167319
vt -0.024537 0.145729
vt 0.024537 0.133855
vt -0.024537 0.116583
vt 0.024537 0.100391
vt -0.024537 0.087438
vt 0.024537 0.066928
vt -0.024537 0.058292
vt 0.024537 0.033464
vt -0.443800 -0.029426
vt -0.026150 -0.014713
vt -0.443800 0.000000
vt -0.026150 0.014713
vt -0.443800 0.029426
vt -0.026150 0.044139
vt -0.443800 0.058853
vt -0.026150 0.073566
vt -0.443800 0.088279
vt -0.026150 0.102992
vt -0.443800 0.117705
vt -0.026150 0.132418
vt -0.443800 0.147131
vt -0.026150 0.161844
vt -0.443800 0.176558
vt -0.026150 0.191271
vt -0.443800 0.205984
vt -0.026150 0.220697
vt -0.443800 0.235410
vt -0.026150 0.250123
vt -0.443800 0.264836
vt -0.026150 0.279549
vt -0.443800 0.294263
vt -0.026150 0.308976
vt -0.443800 0.323689
vt -0.026150 0.338402
vt -0.443800 0.353115
vt -0.026150 0.367828
vt -0.443800 0.382541
vt -0.026150 0.397254
vt -0.443800 0.411968
vt -0.443800 -0.382541
vt -0.026150 -0.397254
vt -0.026150 -0.367828
vt -0.443800 -0.353115
vt -0.026150 -0.338402
vt -0.443800 -0.323689
vt -0.026150 -0.308976
vt -0.443800 -0.294263
vt -0.026150 -0.279549
vt -0.443800 -0.264836
vt -0.026150 -0.250123
vt -0.443800 -0.235410
vt -0.026150 -0.220697
vt -0.443800 -0.205984
vt -0.026150 -0.191271
vt -0.443800 -0.176558
vt -0.026150 -0.161844
vt -0.443800 -0.147131
vt -0.026150 -0.132418
vt -0.443800 -0.117705
vt -0.026150 -0.102992
vt -0.443800 -0.088279
vt -0.026150 -0.073566
vt -0.443800 -0.058853
vt -0.026150 -0.044139
vt 0.391500 -0.367828
vt 0.391500 -0.397254
vt 0.391500 0.397254
vt 0.391500 0.367828
vt 0.391500 0.338402
vt 0.391500 0.308976
vt 0.391500 0.279549
vt 0.391500 0.250123
vt 0.391500 0.220697
vt 0.391500 0.191271
vt 0.391500 0.161844
vt 0.391500 0.132418
vt 0.391500 0.102992
vt 0.391500 0.073566
vt 0.391500 0.044139
vt 0.391500 0.014713
vt 0.391500 -0.014713
vt 0.391500 -0.044139
vt 0.391500 -0.073566
vt 0.391500 -0.102992
vt 0.391500 -0.132418
vt 0.391500 -0.161844
vt 0.391500 -0.191271
vt 0.391500 -0.220697
vt 0.391500 -0.250123
vt 0.391500 -0.279549
vt 0.391500 -0.308976
vt 0.391500 -0.338402
vt 0.029161 2.926958
vt 0.000000 2.923550
vt -0.000000 -1.695000
vt -0.029161 2.926958
vt -0.041840 -1.698456
vt -0.056751 2.937000
vt -0.082547 -1.708730
vt -0.081280 2.953134
vt -0.121016 -1.725545
vt -0.101428 2.974489
vt -0.156204 -1.748443
vt -0.116108 2.999916
vt -0.187159 -1.776805
vt -0.213040 -1.809861
vt -0.500000 3.050000
vt -0.233147 -1.846716
vt -0.246934 -1.886371
vt -0.600000 -1.950000
vt -0.254027 -1.927750
vt -0.254235 -1.969733
vt -0.600000 -3.550000
vt -0.247552 -2.011180
vt -0.234158 -2.050970
vt -0.214418 -2.088022
vt -0.188865 -2.121333
vt -0.158193 -2.150000
vt 0.600000 -3.550000
vt 0.158193 -2.150000
vt 0.188865 -2.121333
vt 0.214418 -2.088022
vt 0.234158 -2.050970
vt 0.247552 -2.011180
vt 0.254235 -1.969733
vt 0.600000 -1.950000
vt 0.254027 -1.927750
vt 0.246934 -1.886371
vt 0.500000 3.050000
vt 0.233147 -1.846716
vt 0.213040 -1.809861
vt 0.116108 2.999916
vt 0.187159 -1.776805
vt 0.156204 -1.748443
vt 0.101428 2.974489
vt 0.121016 -1.725545
vt 0.081280 2.953134
vt 0.082547 -1.708730
vt 0.056751 2.937000
vt 0.041840 -1.698456
vt -0.124529 3.028042
vt -0.383022 3.371394
vt -0.417744 3.324754
vt -0.126236 3.057352
vt -0.250000 3.483013
vt -0.298579 3.451062
vt -0.343121 3.413687
vt -0.121138 3.086266
vt -0.143402 3.528995
vt -0.198040 3.509108
vt -0.109509 3.113225
vt -0.086824 3.542404
vt -0.091976 3.136775
vt -0.069485 3.155647
vt -0.043248 3.168824
vt -0.029072 3.549154
vt -0.014680 3.175595
vt 0.014680 3.175595
vt 0.029072 3.549154
vt 0.043248 3.168824
vt 0.086824 3.542404
vt 0.069485 3.155647
vt 0.091976 3.136775
vt 0.109509 3.113225
vt 0.143402 3.528995
vt 0.121138 3.086266
vt 0.126236 3.057352
vt 0.124529 3.028042
vt 0.250000 3.483013
vt 0.198040 3.509108
vt 0.383022 3.371394
vt 0.343121 3.413687
vt 0.496619 3.108046
vt 0.486522 3.165308
vt 0.469846 3.221010
vt 0.446816 3.274400
vt 0.417744 3.324754
vt 0.298579 3.451062
vt -0.446816 3.274400
vt -0.469846 3.221010
vt -0.486522 3.165308
vt -0.496619 3.108046
vt -0.000000 0.006555
vt 0.820000 0.006555
vt 0.000000 0.048586
vt 0.820000 0.048586
vt 0.000000 0.090616
vt 0.820000 0.090616
vt 0.000000 0.132647
vt 0.820000 0.132647
vt 0.000000 0.174677
vt 0.820000 0.174677
vt 0.000000 0.216708
vt 0.820000 0.216708
vt 0.000000 0.258738
vt 0.820000 0.258738
vt 0.000000 0.300769
vt 0.820000 0.300769
vt 0.000000 0.342799
vt 0.820000 0.342799
vt 0.000000 0.384830
vt 0.820000 0.384830
vt 0.000000 0.426861
vt 0.820000 0.426861
vt 0.000000 0.468891
vt 0.820000 0.468891
vt 0.000000 0.510922
vt 0.820000 0.510922
vt 0.000000 0.552952
vt 0.820000 0.552952
vt 0.000000 0.594983
vt 0.820000 0.594983
vt 0.000000 0.637013
vt 0.820000 0.637013
vt 0.000000 0.679044
vt 0.820000 0.679044
vt 0.000000 0.721074
vt 0.820000 0.721074
vt 0.000000 0.763105
vt 0.820000 0.763105
vt 0.000000 0.805136
vt 0.820000 0.805136
vt 0.000000 0.847166
vt 0.820000 0.847166
vt 0.000000 0.889197
vt 0.820000 0.889197
vt 0.000000 0.931227
vt 0.820000 0.931227
vt 0.000000 0.973258
vt 0.820000 0.973258
vt 0.000000 1.015288
vt 0.820000 1.015288
vt 0.000000 1.057319
vt 0.820000 1.057319
vt 0.000000 1.099349
vt 0.820000 1.099349
vt 0.000000 1.141380
vt 0.820000 1.141380
vt 0.000000 1.183411
vt 0.820000 1.183411
vt 0.000000 1.225441
vt 0.820000 1.225441
vt -0.000000 1.267472
vt 0.820000 1.267472
vt 0.026958 0.464161
vt -0.008193 0.820000
vt 0.023550 0.435000
vt -0.008193 0.000000
vt 0.026958 0.405839
vt 0.037000 0.378249
vt 0.053134 0.353720
vt 0.074489 0.333572
vt 0.099916 0.318892
vt 0.128042 0.310471
vt 0.157352 0.308764
vt 0.308193 0.000000
vt 0.186266 0.313862
vt 0.213225 0.325491
vt 0.236775 0.343024
vt 0.255647 0.365515
vt 0.268824 0.391752
vt 0.275595 0.420320
vt 0.308193 0.820000
vt 0.275595 0.449680
vt 0.268824 0.478248
vt 0.255647 0.504485
vt 0.236775 0.526976
vt 0.213225 0.544509
vt 0.186266 0.556138
vt 0.157352 0.561236
vt 0.128042 0.559529
vt 0.099916 0.551108
vt 0.074489 0.536428
vt 0.053134 0.516280
vt 0.037000 0.491751
vt 0.000000 0.000000
vt 1.600000 0.000000
vt 0.000000 0.870000
vt 1.600000 0.870000
vt 5.001000 0.000000
vt 5.001000 0.870000
vt -0.870000 0.000000
vt -0.870000 0.058178
vt -0.000000 0.058178
vt -0.870000 0.116355
vt -0.000000 0.116355
vt -0.870000 0.174533
vt -0.000000 0.174533
vt -0.870000 0.232711
vt -0.000000 0.232711
vt -0.870000 0.290888
vt -0.000000 0.290888
vt -0.870000 0.349066
vt -0.000000 0.349066
vt -0.870000 0.407243
vt -0.000000 0.407243
vt -0.870000 0.465421
vt -0.000000 0.465421
vt -0.870000 0.523599
vt -0.000000 0.523599
vt -0.870000 0.581776
vt -0.000000 0.581776
vt -0.870000 0.639954
vt -0.000000 0.639954
vt -0.870000 0.698132
vt -0.000000 0.698132
vt -0.870000 0.756309
vt -0.000000 0.756309
vt -0.870000 0.814487
vt -0.000000 0.814487
vt -0.870000 0.872665
vt -0.000000 0.872665
vt -0.870000 0.930842
vt -0.000000 0.930842
vt -0.870000 0.989020
vt -0.000000 0.989020
vt -0.870000 1.047198
vt -0.000000 1.047198
vt -0.870000 1.105375
vt -0.000000 1.105375
vt -0.870000 1.163553
vt -0.000000 1.163553
vt -0.870000 1.221730
vt -0.000000 1.221730
vt -0.870000 1.279908
vt -0.000000 1.279908
vt -0.870000 1.338086
vt -0.000000 1.338086
vt -0.870000 1.396263
vt -0.000000 1.396263
vt -0.870000 1.454441
vt -0.000000 1.454441
vt -0.870000 1.512619
vt -0.000000 1.512619
vt -0.870000 1.570796
vt -0.000000 1.570796
vt 0.771637 0.400859
vt 1.200000 0.000000
vt 0.775000 0.435000
vt 1.200000 0.870000
vt 0.771637 0.469141
vt 0.761679 0.501970
vt 0.745507 0.532225
vt 0.723744 0.558744
vt 0.697225 0.580507
vt 0.666970 0.596679
vt 0.634141 0.606637
vt 0.600000 0.610000
vt 0.565859 0.606637
vt 0.533030 0.596679
vt 0.502775 0.580507
vt 0.476256 0.558744
vt 0.454493 0.532225
vt 0.438321 0.501970
vt 0.428363 0.469141
vt 0.425000 0.435000
vt 0.428363 0.400859
vt 0.438321 0.368030
vt 0.454493 0.337775
vt 0.476256 0.311256
vt 0.502775 0.289493
vt 0.533030 0.273321
vt 0.565859 0.263363
vt 0.600000 0.260000
vt 0.634141 0.263363
vt 0.666970 0.273321
vt 0.697225 0.289493
vt 0.723744 0.311256
vt 0.745507 0.337775
vt 0.761679 0.368030
vt 0.035355 0.528677
vt -0.035355 0.512088
vt 0.035355 0.486980
vt -0.035355 0.465936
vt 0.035355 0.445282
vt -0.035355 0.419785
vt 0.035355 0.403585
vt -0.035355 0.373634
vt 0.035355 0.361887
vt -0.035355 0.327483
vt 0.035355 0.320190
vt -0.035355 0.281332
vt 0.035355 0.278492
vt -0.035355 0.235180
vt 0.035355 0.236795
vt 0.035355 0.195097
vt -0.035355 0.189029
vt 0.035355 0.153400
vt -0.035355 0.142878
vt 0.035355 0.111702
vt -0.035355 0.096727
vt 0.035355 0.070005
vt -0.035355 0.050576
vt 0.035355 0.028307
vt -0.035355 0.004424
vt 0.035355 -0.013390
vt -0.035355 -0.041727
vt 0.035355 -0.055088
vt -0.035355 -0.087878
vt 0.035355 -0.096785
vt -0.035355 -0.134029
vt 0.035355 -0.138483
vt -0.035355 -0.180180
vt 0.035355 -0.180180
vt 0.035355 -0.221878
vt -0.035355 -0.226332
vt 0.035355 -0.263575
vt -0.035355 -0.272483
vt 0.035355 -0.305273
vt -0.035355 -0.318634
vt 0.035355 -0.346970
vt -0.035355 -0.364785
vt 0.035355 -0.388668
vt -0.035355 -0.410936
vt 0.035355 -0.430365
vt -0.035355 -0.457087
vt 0.035355 -0.472063
vt -0.035355 -0.503239
vt 0.035355 -0.513760
vt -0.035355 -0.549390
vt 0.035355 -0.555458
vt -0.035355 -0.595541
vt 0.035355 -0.597155
vt 0.035355 -0.638853
vt -0.035355 -0.641692
vt 0.035355 -0.680550
vt -0.035355 -0.687843
vt 0.035355 -0.722248
vt -0.035355 -0.733995
vt 0.035355 -0.763945
vt -0.035355 -0.780146
vt 0.035355 -0.805643
vt -0.035355 -0.826297
vt 0.035355 -0.847341
vt -0.035355 -0.872448
vt 0.035355 -0.889038
vt -0.249714 -0.035355
vt 0.099714 -0.035355
vt -0.233193 0.035355
vt 0.083193 0.035355
vt 0.032439 3.207851
vt -0.000000 3.211150
vt -0.032439 3.207851
vt -0.063550 3.198090
vt -0.092060 3.182266
vt -0.116800 3.161027
vt -0.136759 3.135243
vt -0.151119 3.105968
vt -0.159292 3.074403
vt -0.160943 3.041838
vt 0.063550 3.198090
vt 0.092060 3.182266
vt 0.116800 3.161027
vt 0.136759 3.135243
vt 0.151119 3.105968
vt 0.159292 3.074403
vt 0.160943 3.041838
vt 0.156006 3.009607
vt 0.237681 -1.758864
vt 0.144681 2.979030
vt 0.206691 -1.725715
vt 0.171127 -1.697531
vt 0.127434 2.951359
vt 0.131774 -1.674935
vt 0.104969 2.927726
vt 0.078206 2.909099
vt 0.089504 -1.658428
vt 0.048242 2.896240
vt 0.045253 -1.648376
vt 0.016303 2.889677
vt -0.000000 -1.645000
vt -0.016303 2.889677
vt -0.045253 -1.648376
vt -0.048242 2.896240
vt -0.089504 -1.658428
vt -0.078206 2.909099
vt -0.131774 -1.674935
vt -0.104969 2.927726
vt -0.127434 2.951359
vt -0.171127 -1.697531
vt -0.144681 2.979030
vt -0.206691 -1.725715
vt -0.237681 -1.758864
vt -0.156006 3.009607
vt 0.209873 -2.171311
vt 0.174714 -2.200000
vt -0.174714 -2.200000
vt -0.209873 -2.171311
vt -0.240386 -2.137722
vt -0.265577 -2.099979
vt -0.284890 -2.058915
vt -0.297897 -2.015440
vt -0.304309 -1.970517
vt -0.303985 -1.925140
vt -0.296932 -1.880313
vt -0.283306 -1.837028
vt -0.263409 -1.796245
vt 0.263409 -1.796245
vt 0.283306 -1.837028
vt 0.296932 -1.880313
vt 0.303985 -1.925140
vt 0.304309 -1.970517
vt 0.297897 -2.015440
vt 0.284890 -2.058915
vt 0.265577 -2.099979
vt 0.240386 -2.137722
vt 0.013779 0.388544
vt 0.013779 0.417325
vt -0.022774 0.417325
vt -0.022774 -0.417325
vt 0.013779 -0.417325
vt 0.013779 -0.388544
vt -0.022774 -0.385223
vt 0.013779 -0.359763
vt -0.022774 -0.353121
vt 0.013779 -0.330982
vt -0.022774 -0.321019
vt 0.013779 -0.302201
vt -0.022774 -0.288917
vt 0.013779 -0.273420
vt -0.022774 -0.256816
vt 0.013779 -0.244639
vt -0.022774 -0.224714
vt 0.013779 -0.215858
vt -0.022774 -0.192612
vt 0.013779 -0.187077
vt -0.022774 -0.160510
vt 0.013779 -0.158296
vt -0.022774 -0.128408
vt 0.013779 -0.129515
vt 0.013779 -0.100734
vt -0.022774 -0.096306
vt 0.013779 -0.071953
vt -0.022774 -0.064204
vt 0.013779 -0.043172
vt -0.022774 -0.032102
vt 0.013779 -0.014391
vt -0.022774 0.000000
vt 0.013779 0.014391
vt -0.022774 0.032102
vt 0.013779 0.043172
vt -0.022774 0.064204
vt 0.013779 0.071953
vt -0.022774 0.096306
vt 0.013779 0.100734
vt -0.022774 0.128408
vt 0.013779 0.129515
vt 0.013779 0.158296
vt -0.022774 0.160510
vt 0.013779 0.187077
vt -0.022774 0.192612
vt 0.013779 0.215858
vt -0.022774 0.224714
vt 0.013779 0.244639
vt -0.022774 0.256816
vt 0.013779 0.273420
vt -0.022774 0.288917
vt 0.013779 0.302201
vt -0.022774 0.321019
vt 0.013779 0.330982
vt -0.022774 0.353121
vt 0.013779 0.359763
vt -0.022774 0.385223
vt 0.047124 0.044018
vt 0.039270 0.041817
vt 0.047124 0.000000
vt 0.039270 0.000000
vt 0.039270 -0.041817
vt 0.031416 0.000000
vt 0.031416 -0.041817
vt 0.023562 -0.000000
vt 0.023562 -0.041817
vt 0.015708 -0.000000
vt 0.015708 -0.041817
vt 0.007854 -0.000000
vt 0.007854 -0.041817
vt 0.000000 -0.041817
vt 0.039270 0.083633
vt 0.047124 0.088035
vt 0.039270 0.125450
vt 0.047124 0.132053
vt 0.039270 0.167267
vt 0.047124 0.176070
vt 0.039270 0.209083
vt 0.047124 0.220088
vt 0.039270 0.250900
vt 0.047124 0.264105
vt 0.039270 0.292717
vt 0.047124 0.308123
vt 0.039270 0.334533
vt 0.047124 0.352140
vt 0.039270 0.376350
vt 0.047124 0.396158
vt 0.039270 0.418167
vt 0.047124 0.440175
vt 0.039270 0.459983
vt 0.047124 0.484193
vt 0.039270 0.501800
vt 0.047124 0.528211
vt 0.039270 0.543617
vt 0.047124 0.572228
vt 0.039270 0.585433
vt 0.047124 0.616246
vt 0.039270 0.627250
vt 0.047124 0.660263
vt 0.039270 0.669067
vt 0.047124 0.704281
vt 0.039270 0.710883
vt 0.047124 0.748298
vt 0.039270 0.752700
vt 0.047124 0.792316
vt 0.039270 0.794517
vt 0.047124 0.836333
vt 0.039270 0.836333
vt 0.039270 -0.836333
vt 0.047124 -0.836333
vt 0.039270 -0.794517
vt 0.031416 -0.794517
vt 0.031416 -0.752700
vt 0.023562 -0.752700
vt 0.023562 -0.710883
vt 0.015708 -0.710883
vt 0.015708 -0.669067
vt 0.007854 -0.669067
vt 0.007854 -0.627250
vt 0.000000 -0.627250
vt -0.000000 -0.585433
vt 0.007854 -0.585433
vt -0.000000 -0.543617
vt 0.007854 -0.543617
vt 0.000000 -0.501800
vt 0.007854 -0.501800
vt 0.000000 -0.459983
vt 0.007854 -0.459983
vt -0.000000 -0.418167
vt 0.007854 -0.418167
vt -0.000000 -0.376350
vt 0.007854 -0.376350
vt -0.000000 -0.334533
vt 0.007854 -0.334533
vt 0.000000 -0.292717
vt 0.007854 -0.292717
vt 0.000000 -0.250900
vt 0.007854 -0.250900
vt -0.000000 -0.209083
vt 0.007854 -0.209083
vt 0.000000 -0.167267
vt 0.007854 -0.167267
vt -0.000000 -0.125450
vt 0.007854 -0.125450
vt 0.000000 -0.083633
vt 0.007854 -0.083633
vt 0.047124 -0.792316
vt 0.039270 -0.752700
vt 0.031416 -0.710883
vt 0.023562 -0.669067
vt 0.015708 -0.627250
vt 0.047124 -0.748298
vt 0.039270 -0.710883
vt 0.031416 -0.669067
vt 0.023562 -0.627250
vt 0.015708 -0.585433
vt 0.047124 -0.704281
vt 0.039270 -0.669067
vt 0.031416 -0.627250
vt 0.023562 -0.585433
vt 0.015708 -0.543617
vt 0.047124 -0.660263
vt 0.039270 -0.627250
vt 0.031416 -0.585433
vt 0.023562 -0.543617
vt 0.015708 -0.501800
vt 0.047124 -0.616246
vt 0.039270 -0.585433
vt 0.031416 -0.543617
vt 0.023562 -0.501800
vt 0.015708 -0.459983
vt 0.047124 -0.572228
vt 0.039270 -0.543617
vt 0.031416 -0.501800
vt 0.023562 -0.459983
vt 0.015708 -0.418167
vt 0.047124 -0.528211
vt 0.039270 -0.501800
vt 0.031416 -0.459983
vt 0.023562 -0.418167
vt 0.015708 -0.376350
vt 0.047124 -0.484193
vt 0.039270 -0.459983
vt 0.031416 -0.418167
vt 0.023562 -0.376350
vt 0.015708 -0.334533
vt 0.047124 -0.440175
vt 0.039270 -0.418167
vt 0.031416 -0.376350
vt 0.023562 -0.334533
vt 0.015708 -0.292717
vt 0.047124 -0.396158
vt 0.039270 -0.376350
vt 0.031416 -0.334533
vt 0.023562 -0.292717
vt 0.015708 -0.250900
vt 0.047124 -0.352140
vt 0.039270 -0.334533
vt 0.031416 -0.292717
vt 0.023562 -0.250900
vt 0.015708 -0.209083
vt 0.047124 -0.308123
vt 0.039270 -0.292717
vt 0.031416 -0.250900
vt 0.023562 -0.209083
vt 0.015708 -0.167267
vt 0.047124 -0.264105
vt 0.039270 -0.250900
vt 0.031416 -0.209083
vt 0.023562 -0.167267
vt 0.015708 -0.125450
vt 0.047124 -0.220088
vt 0.039270 -0.209083
vt 0.031416 -0.167267
vt 0.023562 -0.125450
vt 0.015708 -0.083633
vt 0.047124 -0.176070
vt 0.039270 -0.167267
vt 0.031416 -0.125450
vt 0.023562 -0.083633
vt 0.047124 -0.132053
vt 0.039270 -0.125450
vt 0.031416 -0.083633
vt 0.047124 -0.088035
vt 0.039270 -0.083633
vt 0.047124 -0.044018
vt -0.000000 -0.669067
vt 0.007854 -0.710883
vt 0.015708 -0.752700
vt 0.023562 -0.794517
vt 0.031416 -0.836333
vt 0.031416 0.836333
vt 0.000000 -0.710883
vt 0.007854 -0.752700
vt 0.015708 -0.794517
vt 0.023562 -0.836333
vt 0.023562 0.836333
vt 0.031416 0.794517
vt -0.000000 -0.752700
vt 0.007854 -0.794517
vt 0.015708 -0.836333
vt 0.015708 0.836333
vt 0.023562 0.794517
vt 0.031416 0.752700
vt -0.000000 -0.794517
vt 0.007854 -0.836333
vt 0.007854 0.836333
vt 0.015708 0.794517
vt 0.023562 0.752700
vt 0.031416 0.710883
vt -0.000000 -0.836333
vt -0.000000 0.836333
vt 0.007854 0.794517
vt 0.015708 0.752700
vt 0.023562 0.710883
vt 0.031416 0.669067
vt -0.000000 0.794517
vt 0.007854 0.752700
vt 0.015708 0.710883
vt 0.023562 0.669067
vt 0.031416 0.627250
vt -0.000000 0.752700
vt 0.007854 0.710883
vt 0.015708 0.669067
vt 0.023562 0.627250
vt 0.031416 0.585433
vt 0.000000 0.710883
vt 0.007854 0.669067
vt 0.015708 0.627250
vt 0.023562 0.585433
vt 0.031416 0.543617
vt -0.000000 0.669067
vt 0.007854 0.627250
vt 0.015708 0.585433
vt 0.023562 0.543617
vt 0.031416 0.501800
vt 0.000000 0.627250
vt 0.007854 0.585433
vt 0.015708 0.543617
vt 0.023562 0.501800
vt 0.031416 0.459983
vt -0.000000 0.585433
vt 0.007854 0.543617
vt 0.015708 0.501800
vt 0.023562 0.459983
vt 0.031416 0.418167
vt -0.000000 0.543617
vt 0.007854 0.501800
vt 0.015708 0.459983
vt 0.023562 0.418167
vt 0.031416 0.376350
vt 0.000000 0.501800
vt 0.007854 0.459983
vt 0.015708 0.418167
vt 0.023562 0.376350
vt 0.031416 0.334533
vt 0.000000 0.459983
vt 0.007854 0.418167
vt 0.015708 0.376350
vt 0.023562 0.334533
vt 0.031416 0.292717
vt -0.000000 0.418167
vt 0.007854 0.376350
vt 0.015708 0.334533
vt 0.023562 0.292717
vt 0.031416 0.250900
vt -0.000000 0.376350
vt 0.007854 0.334533
vt 0.015708 0.292717
vt 0.023562 0.250900
vt 0.031416 0.209083
vt -0.000000 0.334533
vt 0.007854 0.292717
vt 0.015708 0.250900
vt 0.023562 0.209083
vt 0.031416 0.167267
vt 0.000000 0.292717
vt 0.007854 0.250900
vt 0.015708 0.209083
vt 0.023562 0.167267
vt 0.031416 0.125450
vt 0.000000 0.250900
vt 0.007854 0.209083
vt 0.015708 0.167267
vt 0.023562 0.125450
vt 0.031416 0.083633
vt -0.000000 0.209083
vt 0.007854 0.167267
vt 0.015708 0.125450
vt 0.023562 0.083633
vt 0.031416 0.041817
vt 0.000000 0.167267
vt 0.007854 0.125450
vt 0.015708 0.083633
vt 0.023562 0.041817
vt -0.000000 0.125450
vt 0.007854 0.083633
vt 0.015708 0.041817
vt 0.000000 0.083633
vt 0.007854 0.041817
vt 0.000000 0.041817
vt 0.275000 -0.144338
vt 0.409002 -0.205106
vt 0.400000 -0.072169
vt 0.440934 -0.180252
vt 0.468339 -0.150482
vt 0.150000 -0.072169
vt 0.140998 -0.205106
vt 0.176585 -0.224364
vt 0.214856 -0.237503
vt 0.150000 0.072169
vt 0.030000 0.000000
vt 0.033341 -0.040326
vt 0.043275 -0.079551
vt 0.275000 0.144338
vt 0.140998 0.205106
vt 0.109066 0.180252
vt 0.081661 0.150482
vt 0.400000 0.072169
vt 0.409002 0.205106
vt 0.373415 0.224364
vt 0.335144 0.237503
vt 0.520000 0.000000
vt 0.516659 0.040326
vt 0.506725 0.079551
vt 0.059529 -0.116607
vt 0.081661 -0.150482
vt 0.109066 -0.180252
vt 0.254768 -0.244163
vt 0.295232 -0.244163
vt 0.335144 -0.237503
vt 0.373415 -0.224364
vt 0.490471 -0.116607
vt 0.506725 -0.079551
vt 0.516659 -0.040326
vt 0.490471 0.116607
vt 0.468339 0.150482
vt 0.440934 0.180252
vt 0.295232 0.244163
vt 0.254768 0.244163
vt 0.214856 0.237503
vt 0.176585 0.224364
vt 0.059529 0.116607
vt 0.043275 0.079551
vt 0.033341 0.040326
vt -0.150000 -0.043197
vt 0.120000 -0.043197
vt -0.150000 0.000000
vt 0.120000 -0.000000
vt -0.150000 0.043197
vt 0.120000 0.043197
vt -0.150000 0.086394
vt 0.120000 0.086394
vt -0.150000 0.129591
vt 0.120000 0.129591
vt -0.150000 0.172788
vt 0.120000 0.172788
vt -0.150000 0.215984
vt 0.120000 0.215984
vt -0.150000 0.259181
vt 0.120000 0.259181
vt -0.150000 0.302378
vt 0.120000 0.302378
vt -0.150000 0.345575
vt 0.120000 0.345575
vt -0.150000 0.388772
vt 0.120000 0.388772
vt -0.150000 0.431969
vt 0.120000 0.431969
vt -0.150000 0.475166
vt 0.120000 0.475166
vt -0.150000 0.518363
vt 0.120000 0.518363
vt -0.150000 0.561560
vt 0.120000 0.561560
vt -0.150000 0.604757
vt 0.120000 0.604757
vt -0.150000 0.647953
vt 0.120000 0.647953
vt -0.150000 0.691150
vt 0.120000 0.691150
vt -0.150000 0.734347
vt 0.120000 0.734347
vt -0.150000 0.777544
vt 0.120000 0.777544
vt -0.150000 0.820741
vt 0.120000 0.820741
vt -0.150000 0.863938
vt 0.120000 0.863938
vt -0.150000 -0.863938
vt 0.120000 -0.863938
vt -0.150000 -0.820741
vt 0.120000 -0.820741
vt -0.150000 -0.777544
vt 0.120000 -0.777544
vt -0.150000 -0.734347
vt 0.120000 -0.734347
vt -0.150000 -0.691150
vt 0.120000 -0.691150
vt -0.150000 -0.647953
vt 0.120000 -0.647953
vt -0.150000 -0.604757
vt 0.120000 -0.604757
vt -0.150000 -0.561560
vt 0.120000 -0.561560
vt -0.150000 -0.518363
vt 0.120000 -0.518363
vt -0.150000 -0.475166
vt 0.120000 -0.475166
vt -0.150000 -0.431969
vt 0.120000 -0.431969
vt -0.150000 -0.388772
vt 0.120000 -0.388772
vt -0.150000 -0.345575
vt 0.120000 -0.345575
vt -0.150000 -0.302378
vt 0.120000 -0.302378
vt -0.150000 -0.259181
vt 0.120000 -0.259181
vt -0.150000 -0.215984
vt 0.120000 -0.215984
vt -0.150000 -0.172788
vt 0.120000 -0.172788
vt -0.150000 -0.129591
vt 0.120000 -0.129591
vt -0.150000 -0.086394
vt 0.120000 -0.086394
vt 0.072169 0.125477
vt 0.144338 -0.000000
vt -0.144338 -0.000000
vt -0.144338 0.130000
vt 0.000000 0.130000
vt -0.775385 0.428064
vt -0.250257 0.428064
vt -0.775385 0.459772
vt -0.250257 0.459772
vt -0.775385 -0.459772
vt -0.250257 -0.459772
vt -0.775385 -0.428064
vt -0.250257 -0.428064
vt -0.775385 -0.396355
vt -0.250257 -0.396355
vt -0.775385 -0.364647
vt -0.250257 -0.364647
vt -0.775385 -0.332938
vt -0.250257 -0.332938
vt -0.775385 -0.301230
vt -0.250257 -0.301230
vt -0.775385 -0.269522
vt -0.250257 -0.269522
vt -0.775385 -0.237813
vt -0.250257 -0.237813
vt -0.775385 -0.206105
vt -0.250257 -0.206105
vt -0.775385 -0.174396
vt -0.250257 -0.174396
vt -0.775385 -0.142688
vt -0.250257 -0.142688
vt -0.775385 -0.110979
vt -0.250257 -0.110979
vt -0.775385 -0.079271
vt -0.250257 -0.079271
vt -0.775385 -0.047563
vt -0.250257 -0.047563
vt -0.775385 -0.015854
vt -0.250257 -0.015854
vt -0.775385 0.015854
vt -0.250257 0.015854
vt -0.775385 0.047563
vt -0.250257 0.047563
vt -0.775385 0.079271
vt -0.250257 0.079271
vt -0.775385 0.110979
vt -0.250257 0.110979
vt -0.775385 0.142688
vt -0.250257 0.142688
vt -0.775385 0.174396
vt -0.250257 0.174396
vt -0.775385 0.206105
vt -0.250257 0.206105
vt -0.775385 0.237813
vt -0.250257 0.237813
vt -0.775385 0.269522
vt -0.250257 0.269522
vt -0.775385 0.301230
vt -0.250257 0.301230
vt -0.775385 0.332938
vt -0.250257 0.332938
vt -0.775385 0.364647
vt -0.250257 0.364647
vt -0.775385 0.396355
vt -0.250257 0.396355
vt 0.800000 -0.428064
vt 0.274872 -0.428064
vt 0.800000 -0.459772
vt 0.274872 -0.459772
vt 0.800000 0.459772
vt 0.274872 0.459772
vt 0.800000 0.428064
vt 0.274872 0.428064
vt 0.800000 0.396355
vt 0.274872 0.396355
vt 0.800000 0.364647
vt 0.274872 0.364647
vt 0.800000 0.332938
vt 0.274872 0.332938
vt 0.800000 0.301230
vt 0.274872 0.301230
vt 0.800000 0.269522
vt 0.274872 0.269522
vt 0.800000 0.237813
vt 0.274872 0.237813
vt 0.800000 0.206105
vt 0.274872 0.206105
vt 0.800000 0.174396
vt 0.274872 0.174396
vt 0.800000 0.142688
vt 0.274872 0.142688
vt 0.800000 0.110979
vt 0.274872 0.110979
vt 0.800000 0.079271
vt 0.274872 0.079271
vt 0.800000 0.047563
vt 0.274872 0.047563
vt 0.800000 0.015854
vt 0.274872 0.015854
vt 0.800000 -0.015854
vt 0.274872 -0.015854
vt 0.800000 -0.047563
vt 0.274872 -0.047563
vt 0.800000 -0.079271
vt 0.274872 -0.079271
vt 0.800000 -0.110979
vt 0.274872 -0.110979
vt 0.800000 -0.142688
vt 0.274872 -0.142688
vt 0.800000 -0.174396
vt 0.274872 -0.174396
vt 0.800000 -0.206105
vt 0.274872 -0.206105
vt 0.800000 -0.237813
vt 0.274872 -0.237813
vt 0.800000 -0.269522
vt 0.274872 -0.269522
vt 0.800000 -0.301230
vt 0.274872 -0.301230
vt 0.800000 -0.332938
vt 0.274872 -0.332938
vt 0.800000 -0.364647
vt 0.274872 -0.364647
vt 0.800000 -0.396355
vt 0.274872 -0.396355
vt 0.115860 0.028557
vt -0.115860 0.028557
vt 0.119328 0.000000
vt -0.119327 0.000000
vt 0.115860 -0.028557
vt -0.115860 -0.028557
vt 0.105659 -0.055454
vt -0.105659 -0.055454
vt 0.089318 -0.079129
vt -0.089318 -0.079129
vt 0.067786 -0.098205
vt -0.067786 -0.098205
vt 0.042314 -0.111573
vt -0.042314 -0.111573
vt 0.014383 -0.118457
vt -0.014383 -0.118457
vt -0.105659 0.055454
vt 0.105659 0.055454
vt -0.089318 0.079129
vt 0.089318 0.079129
vt -0.067786 0.098205
vt 0.067786 0.098205
vt -0.042314 0.111573
vt 0.042314 0.111573
vt -0.014383 0.118457
vt 0.014383 0.118457
vt 0.121614 0.043019
vt -0.004508 0.015823
vt 0.125000 0.000000
vt -0.004508 -0.015823
vt 0.121614 -0.043019
vt -0.011311 -0.046730
vt 0.111541 -0.084980
vt 0.095027 -0.124847
vt -0.024599 -0.075451
vt 0.072480 -0.161641
vt -0.043751 -0.100645
vt 0.044454 -0.194454
vt 0.011641 -0.222480
vt -0.067870 -0.121132
vt -0.025153 -0.245027
vt -0.095830 -0.135956
vt -0.065020 -0.261541
vt -0.126323 -0.144422
vt -0.106981 -0.271614
vt -0.150000 -0.275000
vt -0.157923 -0.146135
vt -0.193019 -0.271614
vt -0.189153 -0.141016
vt -0.234980 -0.261541
vt -0.218552 -0.129302
vt -0.274847 -0.245027
vt -0.311641 -0.222480
vt -0.244745 -0.111542
vt -0.344454 -0.194454
vt -0.266508 -0.088567
vt -0.372480 -0.161641
vt -0.395027 -0.124847
vt -0.282824 -0.061451
vt -0.411541 -0.084980
vt -0.292928 -0.031461
vt -0.421614 -0.043019
vt -0.296350 0.000000
vt -0.425000 0.000000
vt -0.421614 0.043019
vt -0.292928 0.031461
vt -0.411541 0.084980
vt -0.282824 0.061451
vt -0.395027 0.124847
vt -0.266508 0.088567
vt -0.372480 0.161641
vt -0.344454 0.194454
vt -0.244745 0.111542
vt -0.311641 0.222480
vt -0.218552 0.129302
vt -0.274847 0.245027
vt -0.234980 0.261541
vt -0.189153 0.141016
vt -0.193019 0.271614
vt -0.157923 0.146135
vt -0.150000 0.275000
vt -0.126323 0.144422
vt -0.106981 0.271614
vt -0.065020 0.261541
vt -0.095830 0.135956
vt -0.025153 0.245027
vt -0.067870 0.121132
vt 0.011641 0.222480
vt -0.043751 0.100645
vt 0.044454 0.194454
vt 0.072480 0.161641
vt -0.024599 0.075451
vt 0.095027 0.124847
vt -0.011311 0.046730
vt 0.111541 0.084980
vt -0.636874 1.446364
vt -0.577612 1.494880
vt -0.636874 1.553503
vt -0.577612 1.553503
vt -0.636874 -1.553503
vt -0.577612 -1.553503
vt -0.577612 -1.494880
vt -0.518351 -1.553503
vt -0.518351 -1.494880
vt -0.459090 -1.553503
vt -0.459090 -1.494880
vt -0.399828 -1.553503
vt -0.399828 -1.494880
vt -0.340567 -1.553503
vt -0.340567 -1.494880
vt -0.281306 -1.553503
vt -0.281306 -1.494880
vt -0.222044 -1.553503
vt -0.222044 -1.494880
vt -0.162783 -1.553503
vt -0.162783 -1.494880
vt -0.103522 -1.553503
vt -0.103522 -1.494880
vt -0.044260 -1.553503
vt -0.044260 -1.494880
vt 0.015001 -1.553503
vt 0.015001 -1.494880
vt 0.074262 -1.553503
vt 0.074262 -1.494880
vt 0.133524 -1.553503
vt 0.133524 -1.494880
vt 0.192785 -1.553503
vt 0.192785 -1.494880
vt 0.252046 -1.553503
vt 0.252046 -1.494880
vt 0.311308 -1.553503
vt 0.311308 -1.494880
vt 0.370569 -1.553503
vt 0.370569 -1.494880
vt 0.429830 -1.553503
vt 0.429830 -1.494880
vt 0.489092 -1.553503
vt 0.489092 -1.494880
vt 0.548353 -1.553503
vt 0.548353 -1.494880
vt 0.607614 -1.553503
vt 0.607614 -1.494880
vt 0.666876 -1.553503
vt 0.666876 -1.494880
vt 0.726137 -1.553503
vt 0.726137 -1.494880
vt 0.785398 -1.553503
vt -0.636874 1.339226
vt -0.577612 1.377634
vt -0.577612 1.436257
vt -0.518351 1.436257
vt -0.518351 1.494880
vt -0.459090 1.436257
vt -0.459090 1.494880
vt -0.399828 1.436257
vt -0.399828 1.494880
vt -0.340567 1.436257
vt -0.340567 1.494880
vt -0.281306 1.436257
vt -0.281306 1.494880
vt -0.222044 1.436257
vt -0.222044 1.494880
vt -0.162783 1.436257
vt -0.162783 1.494880
vt -0.103522 1.436257
vt -0.103522 1.494880
vt -0.044260 1.436257
vt -0.044260 1.494880
vt 0.015001 1.436257
vt 0.015001 1.494880
vt 0.074262 1.436257
vt 0.074262 1.494880
vt 0.133524 1.436257
vt 0.133524 1.494880
vt 0.192785 1.436257
vt 0.192785 1.494880
vt 0.252046 1.436257
vt 0.252046 1.494880
vt 0.311308 1.436257
vt 0.311308 1.494880
vt 0.370569 1.436257
vt 0.370569 1.494880
vt 0.429830 1.436257
vt 0.429830 1.494880
vt 0.489092 1.436257
vt 0.489092 1.494880
vt 0.548353 1.436257
vt 0.548353 1.494880
vt 0.607614 1.436257
vt 0.607614 1.494880
vt 0.666876 1.436257
vt 0.666876 1.494880
vt 0.726137 1.436257
vt 0.726137 1.494880
vt 0.785398 1.436257
vt -0.636874 1.232088
vt -0.577612 1.260389
vt -0.577612 1.319012
vt -0.518351 1.319012
vt -0.518351 1.377634
vt -0.459090 1.319012
vt -0.459090 1.377634
vt -0.399828 1.319012
vt -0.399828 1.377634
vt -0.340567 1.319012
vt -0.340567 1.377634
vt -0.281306 1.319012
vt -0.281306 1.377634
vt -0.222044 1.319012
vt -0.222044 1.377634
vt -0.162783 1.319012
vt -0.162783 1.377634
vt -0.103522 1.319012
vt -0.103522 1.377634
vt -0.044260 1.319012
vt -0.044260 1.377634
vt 0.015001 1.319012
vt 0.015001 1.377634
vt 0.074262 1.319012
vt 0.074262 1.377634
vt 0.133524 1.319012
vt 0.133524 1.377634
vt 0.192785 1.319012
vt 0.192785 1.377634
vt 0.252046 1.319012
vt 0.252046 1.377634
vt 0.311308 1.319012
vt 0.311308 1.377634
vt 0.370569 1.319012
vt 0.370569 1.377634
vt 0.429830 1.319012
vt 0.429830 1.377634
vt 0.489092 1.319012
vt 0.489092 1.377634
vt 0.548353 1.319012
vt 0.548353 1.377634
vt 0.607614 1.319012
vt 0.607614 1.377634
vt 0.666876 1.319012
vt 0.666876 1.377634
vt 0.726137 1.319012
vt 0.726137 1.377634
vt 0.785398 1.319012
vt -0.577612 1.201766
vt -0.636874 1.124950
vt -0.577612 1.143143
vt -0.577612 1.084521
vt -0.518351 1.084521
vt -0.518351 1.025898
vt -0.459090 1.025898
vt -0.459090 0.967275
vt -0.399828 0.967275
vt -0.399828 0.908652
vt -0.340567 0.908652
vt -0.340567 0.850030
vt -0.281306 0.850030
vt -0.281306 0.791407
vt -0.222044 0.791407
vt -0.222044 0.732784
vt -0.162783 0.732784
vt -0.162783 0.674162
vt -0.103522 0.674162
vt -0.103522 0.615539
vt -0.044260 0.615539
vt -0.044260 0.556916
vt 0.015001 0.556916
vt 0.015001 0.498293
vt 0.074262 0.498293
vt 0.074262 0.439671
vt 0.133524 0.439671
vt 0.133524 0.381048
vt 0.192785 0.381048
vt 0.192785 0.322425
vt 0.252046 0.322425
vt 0.252046 0.263802
vt 0.311308 0.263802
vt 0.311308 0.205180
vt 0.370569 0.205180
vt 0.370569 0.146557
vt 0.429830 0.146557
vt 0.429830 0.087934
vt 0.489092 0.087934
vt 0.489092 0.029311
vt 0.548353 0.029311
vt 0.548353 -0.029311
vt 0.607614 -0.029311
vt 0.607614 -0.087934
vt 0.666876 -0.087934
vt 0.666876 -0.146557
vt 0.726137 -0.146557
vt 0.726137 -0.205180
vt 0.785398 -0.205180
vt -0.636874 1.017812
vt -0.577612 1.025898
vt -0.518351 0.967275
vt -0.459090 0.908652
vt -0.399828 0.850030
vt -0.340567 0.791407
vt -0.281306 0.732784
vt -0.222044 0.674162
vt -0.162783 0.615539
vt -0.103522 0.556916
vt -0.044260 0.498293
vt 0.015001 0.439671
vt 0.074262 0.381048
vt 0.133524 0.322425
vt 0.192785 0.263802
vt 0.252046 0.205180
vt 0.311308 0.146557
vt 0.370569 0.087934
vt 0.429830 0.029311
vt 0.489092 -0.029311
vt 0.548353 -0.087934
vt 0.607614 -0.146557
vt 0.666876 -0.205180
vt 0.726137 -0.263802
vt 0.785398 -0.263802
vt -0.577612 0.967275
vt -0.636874 0.910674
vt -0.577612 0.908652
vt -0.577612 0.850030
vt -0.518351 0.850030
vt -0.518351 0.791407
vt -0.459090 0.791407
vt -0.459090 0.732784
vt -0.399828 0.732784
vt -0.399828 0.674162
vt -0.340567 0.674162
vt -0.340567 0.615539
vt -0.281306 0.615539
vt -0.281306 0.556916
vt -0.222044 0.556916
vt -0.222044 0.498293
vt -0.162783 0.498293
vt -0.162783 0.439671
vt -0.103522 0.439671
vt -0.103522 0.381048
vt -0.044260 0.381048
vt -0.044260 0.322425
vt 0.015001 0.322425
vt 0.015001 0.263802
vt 0.074262 0.263802
vt 0.074262 0.205180
vt 0.133524 0.205180
vt 0.133524 0.146557
vt 0.192785 0.146557
vt 0.192785 0.087934
vt 0.252046 0.087934
vt 0.252046 0.029311
vt 0.311308 0.029311
vt 0.311308 -0.029311
vt 0.370569 -0.029311
vt 0.370569 -0.087934
vt 0.429830 -0.087934
vt 0.429830 -0.146557
vt 0.489092 -0.146557
vt 0.489092 -0.205180
vt 0.548353 -0.205180
vt 0.548353 -0.263802
vt 0.607614 -0.263802
vt 0.607614 -0.322425
vt 0.666876 -0.322425
vt 0.666876 -0.381048
vt 0.726137 -0.381048
vt 0.726137 -0.439671
vt 0.785398 -0.439671
vt -0.636874 0.803536
vt -0.577612 0.791407
vt -0.518351 0.732784
vt -0.459090 0.674162
vt -0.399828 0.615539
vt -0.340567 0.556916
vt -0.281306 0.498293
vt -0.222044 0.439671
vt -0.162783 0.381048
vt -0.103522 0.322425
vt -0.044260 0.263802
vt 0.015001 0.205180
vt 0.074262 0.146557
vt 0.133524 0.087934
vt 0.192785 0.029311
vt 0.252046 -0.029311
vt 0.311308 -0.087934
vt 0.370569 -0.146557
vt 0.429830 -0.205180
vt 0.489092 -0.263802
vt 0.548353 -0.322425
vt 0.607614 -0.381048
vt 0.666876 -0.439671
vt 0.726137 -0.498293
vt 0.785398 -0.498293
vt -0.577612 0.732784
vt -0.636874 0.696398
vt -0.577612 0.674162
vt -0.577612 0.615539
vt -0.518351 0.615539
vt -0.518351 0.556916
vt -0.459090 0.556916
vt -0.459090 0.498293
vt -0.399828 0.498293
vt -0.399828 0.439671
vt -0.340567 0.439671
vt -0.340567 0.381048
vt -0.281306 0.381048
vt -0.281306 0.322425
vt -0.222044 0.322425
vt -0.222044 0.263802
vt -0.162783 0.263802
vt -0.162783 0.205180
vt -0.103522 0.205180
vt -0.103522 0.146557
vt -0.044260 0.146557
vt -0.044260 0.087934
vt 0.015001 0.087934
vt 0.015001 0.029311
vt 0.074262 0.029311
vt 0.074262 -0.029311
vt 0.133524 -0.029311
vt 0.133524 -0.087934
vt 0.192785 -0.087934
vt 0.192785 -0.146557
vt 0.252046 -0.146557
vt 0.252046 -0.205180
vt 0.311308 -0.205180
vt 0.311308 -0.263802
vt 0.370569 -0.263802
vt 0.370569 -0.322425
vt 0.429830 -0.322425
vt 0.429830 -0.381048
vt 0.489092 -0.381048
vt 0.489092 -0.439671
vt 0.548353 -0.439671
vt 0.548353 -0.498293
vt 0.607614 -0.498293
vt 0.607614 -0.556916
vt 0.666876 -0.556916
vt 0.666876 -0.615539
vt 0.726137 -0.615539
vt 0.726137 -0.674162
vt 0.785398 -0.674162
vt -0.636874 0.589260
vt -0.577612 0.556916
vt -0.518351 0.498293
vt -0.459090 0.439671
vt -0.399828 0.381048
vt -0.340567 0.322425
vt -0.281306 0.263802
vt -0.222044 0.205180
vt -0.162783 0.146557
vt -0.103522 0.087934
vt -0.044260 0.029311
vt 0.015001 -0.029311
vt 0.074262 -0.087934
vt 0.133524 -0.146557
vt 0.192785 -0.205180
vt 0.252046 -0.263802
vt 0.311308 -0.322425
vt 0.370569 -0.381048
vt 0.429830 -0.439671
vt 0.489092 -0.498293
vt 0.548353 -0.556916
vt 0.607614 -0.615539
vt 0.666876 -0.674162
vt 0.726137 -0.732784
vt 0.785398 -0.732784
vt -0.636874 0.482121
vt -0.577612 0.498293
vt -0.518351 0.439671
vt -0.459090 0.381048
vt -0.399828 0.322425
vt -0.340567 0.263802
vt -0.281306 0.205180
vt -0.222044 0.146557
vt -0.162783 0.087934
vt -0.103522 0.029311
vt -0.044260 -0.029311
vt 0.015001 -0.087934
vt 0.074262 -0.146557
vt 0.133524 -0.205180
vt 0.192785 -0.263802
vt 0.252046 -0.322425
vt 0.311308 -0.381048
vt 0.370569 -0.439671
vt 0.429830 -0.498293
vt 0.489092 -0.556916
vt 0.548353 -0.615539
vt 0.607614 -0.674162
vt 0.666876 -0.732784
vt 0.726137 -0.791407
vt 0.785398 -0.791407
vt -0.577612 0.439671
vt -0.636874 0.374983
vt -0.577612 0.381048
vt -0.577612 0.322425
vt -0.518351 0.322425
vt -0.518351 0.263802
vt -0.459090 0.263802
vt -0.459090 0.205180
vt -0.399828 0.205180
vt -0.399828 0.146557
vt -0.340567 0.146557
vt -0.340567 0.087934
vt -0.281306 0.087934
vt -0.281306 0.029311
vt -0.222044 0.029311
vt -0.222044 -0.029311
vt -0.162783 -0.029311
vt -0.162783 -0.087934
vt -0.103522 -0.087934
vt -0.103522 -0.146557
vt -0.044260 -0.146557
vt -0.044260 -0.205180
vt 0.015001 -0.205180
vt 0.015001 -0.263802
vt 0.074262 -0.263802
vt 0.074262 -0.322425
vt 0.133524 -0.322425
vt 0.133524 -0.381048
vt 0.192785 -0.381048
vt 0.192785 -0.439671
vt 0.252046 -0.439671
vt 0.252046 -0.498293
vt 0.311308 -0.498293
vt 0.311308 -0.556916
vt 0.370569 -0.556916
vt 0.370569 -0.615539
vt 0.429830 -0.615539
vt 0.429830 -0.674162
vt 0.489092 -0.674162
vt 0.489092 -0.732784
vt 0.548353 -0.732784
vt 0.548353 -0.791407
vt 0.607614 -0.791407
vt 0.607614 -0.850030
vt 0.666876 -0.850030
vt 0.666876 -0.908652
vt 0.726137 -0.908652
vt 0.726137 -0.967275
vt 0.785398 -0.967275
vt -0.636874 0.267845
vt -0.577612 0.263802
vt -0.518351 0.205180
vt -0.459090 0.146557
vt -0.399828 0.087934
vt -0.340567 0.029311
vt -0.281306 -0.029311
vt -0.222044 -0.087934
vt -0.162783 -0.146557
vt -0.103522 -0.205180
vt -0.044260 -0.263802
vt 0.015001 -0.322425
vt 0.074262 -0.381048
vt 0.133524 -0.439671
vt 0.192785 -0.498293
vt 0.252046 -0.556916
vt 0.311308 -0.615539
vt 0.370569 -0.674162
vt 0.429830 -0.732784
vt 0.489092 -0.791407
vt 0.548353 -0.850030
vt 0.607614 -0.908652
vt 0.666876 -0.967275
vt 0.726137 -1.025898
vt 0.785398 -1.025898
vt -0.577612 0.205180
vt -0.636874 0.160707
vt -0.577612 0.146557
vt -0.577612 0.087934
vt -0.518351 0.087934
vt -0.518351 0.029311
vt -0.459090 0.029311
vt -0.459090 -0.029311
vt -0.399828 -0.029311
vt -0.399828 -0.087934
vt -0.340567 -0.087934
vt -0.340567 -0.146557
vt -0.281306 -0.146557
vt -0.281306 -0.205180
vt -0.222044 -0.205180
vt -0.222044 -0.263802
vt -0.162783 -0.263802
vt -0.162783 -0.322425
vt -0.103522 -0.322425
vt -0.103522 -0.381048
vt -0.044260 -0.381048
vt -0.044260 -0.439671
vt 0.015001 -0.439671
vt 0.015001 -0.498293
vt 0.074262 -0.498293
vt 0.074262 -0.556916
vt 0.133524 -0.556916
vt 0.133524 -0.615539
vt 0.192785 -0.615539
vt 0.192785 -0.674162
vt 0.252046 -0.674162
vt 0.252046 -0.732784
vt 0.311308 -0.732784
vt 0.311308 -0.791407
vt 0.370569 -0.791407
vt 0.370569 -0.850030
vt 0.429830 -0.850030
vt 0.429830 -0.908652
vt 0.489092 -0.908652
vt 0.489092 -0.967275
vt 0.548353 -0.967275
vt 0.548353 -1.025898
vt 0.607614 -1.025898
vt 0.607614 -1.084521
vt 0.666876 -1.084521
vt 0.666876 -1.143143
vt 0.726137 -1.143143
vt 0.726137 -1.201766
vt 0.785398 -1.201766
vt -0.636874 0.053569
vt -0.577612 0.029311
vt -0.518351 -0.029311
vt -0.459090 -0.087934
vt -0.399828 -0.146557
vt -0.340567 -0.205180
vt -0.281306 -0.263802
vt -0.222044 -0.322425
vt -0.162783 -0.381048
vt -0.103522 -0.439671
vt -0.044260 -0.498293
vt 0.015001 -0.556916
vt 0.074262 -0.615539
vt 0.133524 -0.674162
vt 0.192785 -0.732784
vt 0.252046 -0.791407
vt 0.311308 -0.850030
vt 0.370569 -0.908652
vt 0.429830 -0.967275
vt 0.489092 -1.025898
vt 0.548353 -1.084521
vt 0.607614 -1.143143
vt 0.666876 -1.201766
vt 0.726137 -1.260389
vt 0.785398 -1.260389
vt -0.636874 -0.053569
vt -0.577612 -0.029311
vt -0.518351 -0.087934
vt -0.459090 -0.146557
vt -0.399828 -0.205180
vt -0.340567 -0.263802
vt -0.281306 -0.322425
vt -0.222044 -0.381048
vt -0.162783 -0.439671
vt -0.103522 -0.498293
vt -0.044260 -0.556916
vt 0.015001 -0.615539
vt 0.074262 -0.674162
vt 0.133524 -0.732784
vt 0.192785 -0.791407
vt 0.252046 -0.850030
vt 0.311308 -0.908652
vt 0.370569 -0.967275
vt 0.429830 -1.025898
vt 0.489092 -1.084521
vt 0.548353 -1.143143
vt 0.607614 -1.201766
vt 0.666876 -1.260389
vt 0.726137 -1.319012
vt 0.785398 -1.319012
vt -0.577612 -0.087934
vt -0.636874 -0.160707
vt -0.577612 -0.146557
vt -0.577612 -0.205180
vt -0.518351 -0.205180
vt -0.518351 -0.263802
vt -0.459090 -0.263802
vt -0.459090 -0.322425
vt -0.399828 -0.322425
vt -0.399828 -0.381048
vt -0.340567 -0.381048
vt -0.340567 -0.439671
vt -0.281306 -0.439671
vt -0.281306 -0.498293
vt -0.222044 -0.498293
vt -0.222044 -0.556916
vt -0.162783 -0.556916
vt -0.162783 -0.615539
vt -0.103522 -0.615539
vt -0.103522 -0.674162
vt -0.044260 -0.674162
vt -0.044260 -0.732784
vt 0.015001 -0.732784
vt 0.015001 -0.791407
vt 0.074262 -0.791407
vt 0.074262 -0.850030
vt 0.133524 -0.850030
vt 0.133524 -0.908652
vt 0.192785 -0.908652
vt 0.192785 -0.967275
vt 0.252046 -0.967275
vt 0.252046 -1.025898
vt 0.311308 -1.025898
vt 0.311308 -1.084521
vt 0.370569 -1.084521
vt 0.370569 -1.143143
vt 0.429830 -1.143143
vt 0.429830 -1.201766
vt 0.489092 -1.201766
vt 0.489092 -1.260389
vt 0.548353 -1.260389
vt 0.548353 -1.319012
vt 0.607614 -1.319012
vt 0.607614 -1.377634
vt 0.666876 -1.377634
vt 0.666876 -1.436257
vt 0.726137 -1.436257
vt 0.785398 -1.494880
vt -0.636874 -0.267845
vt -0.577612 -0.263802
vt -0.518351 -0.322425
vt -0.459090 -0.381048
vt -0.399828 -0.439671
vt -0.340567 -0.498293
vt -0.281306 -0.556916
vt -0.222044 -0.615539
vt -0.162783 -0.674162
vt -0.103522 -0.732784
vt -0.044260 -0.791407
vt 0.015001 -0.850030
vt 0.074262 -0.908652
vt 0.133524 -0.967275
vt 0.192785 -1.025898
vt 0.252046 -1.084521
vt 0.311308 -1.143143
vt 0.370569 -1.201766
vt 0.429830 -1.260389
vt 0.489092 -1.319012
vt 0.548353 -1.377634
vt 0.607614 -1.436257
vt -0.577612 -0.322425
vt -0.636874 -0.374983
vt -0.577612 -0.381048
vt -0.577612 -0.439671
vt -0.518351 -0.439671
vt -0.518351 -0.498293
vt -0.459090 -0.498293
vt -0.459090 -0.556916
vt -0.399828 -0.556916
vt -0.399828 -0.615539
vt -0.340567 -0.615539
vt -0.340567 -0.674162
vt -0.281306 -0.674162
vt -0.281306 -0.732784
vt -0.222044 -0.732784
vt -0.222044 -0.791407
vt -0.162783 -0.791407
vt -0.162783 -0.850030
vt -0.103522 -0.850030
vt -0.103522 -0.908652
vt -0.044260 -0.908652
vt -0.044260 -0.967275
vt 0.015001 -0.967275
vt 0.015001 -1.025898
vt 0.074262 -1.025898
vt 0.074262 -1.084521
vt 0.133524 -1.084521
vt 0.133524 -1.143143
vt 0.192785 -1.143143
vt 0.192785 -1.201766
vt 0.252046 -1.201766
vt 0.252046 -1.260389
vt 0.311308 -1.260389
vt 0.311308 -1.319012
vt 0.370569 -1.319012
vt 0.370569 -1.377634
vt 0.429830 -1.377634
vt 0.429830 -1.436257
vt 0.489092 -1.436257
vt -0.636874 -0.482121
vt -0.577612 -0.498293
vt -0.518351 -0.556916
vt -0.459090 -0.615539
vt -0.399828 -0.674162
vt -0.340567 -0.732784
vt -0.281306 -0.791407
vt -0.222044 -0.850030
vt -0.162783 -0.908652
vt -0.103522 -0.967275
vt -0.044260 -1.025898
vt 0.015001 -1.084521
vt 0.074262 -1.143143
vt 0.133524 -1.201766
vt 0.192785 -1.260389
vt 0.252046 -1.319012
vt 0.311308 -1.377634
vt 0.370569 -1.436257
vt -0.577612 -0.556916
vt -0.636874 -0.589260
vt -0.577612 -0.615539
vt -0.636874 -0.696398
vt -0.577612 -0.674162
vt -0.577612 -0.732784
vt -0.518351 -0.732784
vt -0.518351 -0.791407
vt -0.459090 -0.791407
vt -0.459090 -0.850030
vt -0.399828 -0.850030
vt -0.399828 -0.908652
vt -0.340567 -0.908652
vt -0.340567 -0.967275
vt -0.281306 -0.967275
vt -0.281306 -1.025898
vt -0.222044 -1.025898
vt -0.222044 -1.084521
vt -0.162783 -1.084521
vt -0.162783 -1.143143
vt -0.103522 -1.143143
vt -0.103522 -1.201766
vt -0.044260 -1.201766
vt -0.044260 -1.260389
vt 0.015001 -1.260389
vt 0.015001 -1.319012
vt 0.074262 -1.319012
vt 0.074262 -1.377634
vt 0.133524 -1.377634
vt 0.133524 -1.436257
vt 0.192785 -1.436257
vt -0.636874 -0.803536
vt -0.577612 -0.791407
vt -0.518351 -0.850030
vt -0.459090 -0.908652
vt -0.399828 -0.967275
vt -0.340567 -1.025898
vt -0.281306 -1.084521
vt -0.222044 -1.143143
vt -0.162783 -1.201766
vt -0.103522 -1.260389
vt -0.044260 -1.319012
vt 0.015001 -1.377634
vt 0.074262 -1.436257
vt -0.577612 -0.850030
vt -0.636874 -0.910674
vt -0.577612 -0.908652
vt -0.577612 -0.967275
vt -0.518351 -0.967275
vt -0.518351 -1.025898
vt -0.459090 -1.025898
vt -0.459090 -1.084521
vt -0.399828 -1.084521
vt -0.399828 -1.143143
vt -0.340567 -1.143143
vt -0.340567 -1.201766
vt -0.281306 -1.201766
vt -0.281306 -1.260389
vt -0.222044 -1.260389
vt -0.222044 -1.319012
vt -0.162783 -1.319012
vt -0.162783 -1.377634
vt -0.103522 -1.377634
vt -0.103522 -1.436257
vt -0.044260 -1.436257
vt -0.636874 -1.017812
vt -0.577612 -1.025898
vt -0.518351 -1.084521
vt -0.459090 -1.143143
vt -0.399828 -1.201766
vt -0.340567 -1.260389
vt -0.281306 -1.319012
vt -0.222044 -1.377634
vt -0.162783 -1.436257
vt -0.577612 -1.084521
vt -0.636874 -1.124950
vt -0.577612 -1.143143
vt -0.577612 -1.201766
vt -0.518351 -1.201766
vt -0.518351 -1.260389
vt -0.459090 -1.260389
vt -0.459090 -1.319012
vt -0.399828 -1.319012
vt -0.399828 -1.377634
vt -0.340567 -1.377634
vt -0.340567 -1.436257
vt -0.281306 -1.436257
vt -0.636874 -1.232088
vt -0.577612 -1.260389
vt -0.518351 -1.319012
vt -0.459090 -1.377634
vt -0.399828 -1.436257
vt -0.636874 -1.339226
vt -0.577612 -1.319012
vt -0.518351 -1.377634
vt -0.459090 -1.436257
vt -0.577612 -1.377634
vt -0.636874 -1.446364
vt -0.577612 -1.436257
vt 0.785398 1.494880
vt 0.726137 1.553503
vt 0.785398 -1.436257
vt 0.726137 -1.377634
vt 0.785398 -1.377634
vt 0.785398 -1.143143
vt 0.726137 -1.084521
vt 0.785398 -1.084521
vt 0.785398 -0.908652
vt 0.726137 -0.850030
vt 0.785398 -0.850030
vt 0.785398 -0.615539
vt 0.726137 -0.556916
vt 0.785398 -0.381048
vt 0.726137 -0.322425
vt 0.785398 -0.322425
vt 0.785398 -0.146557
vt 0.726137 -0.087934
vt 0.785398 -0.087934
vt 0.726137 -0.029311
vt 0.785398 -0.029311
vt 0.726137 0.029311
vt 0.785398 0.029311
vt 0.726137 0.087934
vt 0.785398 0.087934
vt 0.726137 0.146557
vt 0.785398 0.146557
vt 0.726137 0.205180
vt 0.785398 0.205180
vt 0.726137 0.263802
vt 0.785398 0.263802
vt 0.726137 0.322425
vt 0.785398 0.322425
vt 0.726137 0.381048
vt 0.785398 0.381048
vt 0.726137 0.439671
vt 0.785398 0.439671
vt 0.726137 0.498293
vt 0.726137 0.556916
vt 0.785398 0.556916
vt 0.726137 0.615539
vt 0.785398 0.615539
vt 0.726137 0.674162
vt 0.785398 0.674162
vt 0.726137 0.732784
vt 0.785398 0.732784
vt 0.726137 0.791407
vt 0.785398 0.791407
vt 0.726137 0.850030
vt 0.785398 0.850030
vt 0.726137 0.908652
vt 0.785398 0.908652
vt 0.726137 0.967275
vt 0.785398 0.967275
vt 0.726137 1.025898
vt 0.785398 1.025898
vt 0.726137 1.084521
vt 0.785398 1.084521
vt 0.726137 1.143143
vt 0.785398 1.143143
vt 0.726137 1.201766
vt 0.785398 1.201766
vt 0.726137 1.260389
vt 0.785398 1.260389
vt 0.785398 1.377634
vt -0.518351 1.553503
vt -0.459090 1.553503
vt -0.399828 1.553503
vt -0.340567 1.553503
vt -0.281306 1.553503
vt -0.222044 1.553503
vt -0.162783 1.553503
vt -0.103522 1.553503
vt -0.044260 1.553503
vt 0.015001 1.553503
vt 0.074262 1.553503
vt 0.133524 1.553503
vt 0.192785 1.553503
vt 0.252046 1.553503
vt 0.311308 1.553503
vt 0.370569 1.553503
vt 0.429830 1.553503
vt 0.489092 1.553503
vt 0.548353 1.553503
vt 0.607614 1.553503
vt 0.666876 1.553503
vt 0.785398 -0.517834
vt 0.785398 0.517834
vt -0.518351 1.260389
vt -0.518351 1.201766
vt -0.518351 1.143143
vt -0.459090 1.260389
vt -0.459090 1.201766
vt -0.459090 1.143143
vt -0.459090 1.084521
vt -0.399828 1.260389
vt -0.399828 1.201766
vt -0.399828 1.143143
vt -0.399828 1.084521
vt -0.399828 1.025898
vt -0.340567 1.260389
vt -0.340567 1.201766
vt -0.340567 1.143143
vt -0.340567 1.084521
vt -0.340567 1.025898
vt -0.340567 0.967275
vt -0.281306 1.260389
vt -0.281306 1.201766
vt -0.281306 1.143143
vt -0.281306 1.084521
vt -0.281306 1.025898
vt -0.281306 0.967275
vt -0.281306 0.908652
vt -0.222044 1.260389
vt -0.222044 1.201766
vt -0.222044 1.143143
vt -0.222044 1.084521
vt -0.222044 1.025898
vt -0.222044 0.967275
vt -0.222044 0.908652
vt -0.222044 0.850030
vt -0.162783 1.260389
vt -0.162783 1.201766
vt -0.162783 1.143143
vt -0.162783 1.084521
vt -0.162783 1.025898
vt -0.162783 0.967275
vt -0.162783 0.908652
vt -0.162783 0.850030
vt -0.162783 0.791407
vt -0.103522 1.260389
vt -0.103522 1.201766
vt -0.103522 1.143143
vt -0.103522 1.084521
vt -0.103522 1.025898
vt -0.103522 0.967275
vt -0.103522 0.908652
vt -0.103522 0.850030
vt -0.103522 0.791407
vt -0.103522 0.732784
vt -0.044260 1.260389
vt -0.044260 1.201766
vt -0.044260 1.143143
vt -0.044260 1.084521
vt -0.044260 1.025898
vt -0.044260 0.967275
vt -0.044260 0.908652
vt -0.044260 0.850030
vt -0.044260 0.791407
vt -0.044260 0.732784
vt -0.044260 0.674162
vt 0.015001 1.260389
vt 0.015001 1.201766
vt 0.015001 1.143143
vt 0.015001 1.084521
vt 0.015001 1.025898
vt 0.015001 0.967275
vt 0.015001 0.908652
vt 0.015001 0.850030
vt 0.015001 0.791407
vt 0.015001 0.732784
vt 0.015001 0.674162
vt 0.015001 0.615539
vt 0.074262 1.260389
vt 0.074262 1.201766
vt 0.074262 1.143143
vt 0.074262 1.084521
vt 0.074262 1.025898
vt 0.074262 0.967275
vt 0.074262 0.908652
vt 0.074262 0.850030
vt 0.074262 0.791407
vt 0.074262 0.732784
vt 0.074262 0.674162
vt 0.074262 0.615539
vt 0.074262 0.556916
vt 0.133524 1.260389
vt 0.133524 1.201766
vt 0.133524 1.143143
vt 0.133524 1.084521
vt 0.133524 1.025898
vt 0.133524 0.967275
vt 0.133524 0.908652
vt 0.133524 0.850030
vt 0.133524 0.791407
vt 0.133524 0.732784
vt 0.133524 0.674162
vt 0.133524 0.615539
vt 0.133524 0.556916
vt 0.133524 0.498293
vt 0.192785 1.260389
vt 0.192785 1.201766
vt 0.192785 1.143143
vt 0.192785 1.084521
vt 0.192785 1.025898
vt 0.192785 0.967275
vt 0.192785 0.908652
vt 0.192785 0.850030
vt 0.192785 0.791407
vt 0.192785 0.732784
vt 0.192785 0.674162
vt 0.192785 0.615539
vt 0.192785 0.556916
vt 0.192785 0.498293
vt 0.192785 0.439671
vt 0.252046 1.260389
vt 0.252046 1.201766
vt 0.252046 1.143143
vt 0.252046 1.084521
vt 0.252046 1.025898
vt 0.252046 0.967275
vt 0.252046 0.908652
vt 0.252046 0.850030
vt 0.252046 0.791407
vt 0.252046 0.732784
vt 0.252046 0.674162
vt 0.252046 0.615539
vt 0.252046 0.556916
vt 0.252046 0.498293
vt 0.252046 0.439671
vt 0.252046 0.381048
vt 0.311308 1.260389
vt 0.311308 1.201766
vt 0.311308 1.143143
vt 0.311308 1.084521
vt 0.311308 1.025898
vt 0.311308 0.967275
vt 0.311308 0.908652
vt 0.311308 0.850030
vt 0.311308 0.791407
vt 0.311308 0.732784
vt 0.311308 0.674162
vt 0.311308 0.615539
vt 0.311308 0.556916
vt 0.311308 0.498293
vt 0.311308 0.439671
vt 0.311308 0.381048
vt 0.311308 0.322425
vt 0.370569 1.260389
vt 0.370569 1.201766
vt 0.370569 1.143143
vt 0.370569 1.084521
vt 0.370569 1.025898
vt 0.370569 0.967275
vt 0.370569 0.908652
vt 0.370569 0.850030
vt 0.370569 0.791407
vt 0.370569 0.732784
vt 0.370569 0.674162
vt 0.370569 0.615539
vt 0.370569 0.556916
vt 0.370569 0.498293
vt 0.370569 0.439671
vt 0.370569 0.381048
vt 0.370569 0.322425
vt 0.370569 0.263802
vt 0.429830 1.260389
vt 0.429830 1.201766
vt 0.429830 1.143143
vt 0.429830 1.084521
vt 0.429830 1.025898
vt 0.429830 0.967275
vt 0.429830 0.908652
vt 0.429830 0.850030
vt 0.429830 0.791407
vt 0.429830 0.732784
vt 0.429830 0.674162
vt 0.429830 0.615539
vt 0.429830 0.556916
vt 0.429830 0.498293
vt 0.429830 0.439671
vt 0.429830 0.381048
vt 0.429830 0.322425
vt 0.429830 0.263802
vt 0.429830 0.205180
vt 0.489092 1.260389
vt 0.489092 1.201766
vt 0.489092 1.143143
vt 0.489092 1.084521
vt 0.489092 1.025898
vt 0.489092 0.967275
vt 0.489092 0.908652
vt 0.489092 0.850030
vt 0.489092 0.791407
vt 0.489092 0.732784
vt 0.489092 0.674162
vt 0.489092 0.615539
vt 0.489092 0.556916
vt 0.489092 0.498293
vt 0.489092 0.439671
vt 0.489092 0.381048
vt 0.489092 0.322425
vt 0.489092 0.263802
vt 0.489092 0.205180
vt 0.489092 0.146557
vt 0.548353 1.260389
vt 0.548353 1.201766
vt 0.548353 1.143143
vt 0.548353 1.084521
vt 0.548353 1.025898
vt 0.548353 0.967275
vt 0.548353 0.908652
vt 0.548353 0.850030
vt 0.548353 0.791407
vt 0.548353 0.732784
vt 0.548353 0.674162
vt 0.548353 0.615539
vt 0.548353 0.556916
vt 0.548353 0.498293
vt 0.548353 0.439671
vt 0.548353 0.381048
vt 0.548353 0.322425
vt 0.548353 0.263802
vt 0.548353 0.205180
vt 0.548353 0.146557
vt 0.548353 0.087934
vt 0.607614 1.260389
vt 0.607614 1.201766
vt 0.607614 1.143143
vt 0.607614 1.084521
vt 0.607614 1.025898
vt 0.607614 0.967275
vt 0.607614 0.908652
vt 0.607614 0.850030
vt 0.607614 0.791407
vt 0.607614 0.732784
vt 0.607614 0.674162
vt 0.607614 0.615539
vt 0.607614 0.556916
vt 0.607614 0.498293
vt 0.607614 0.439671
vt 0.607614 0.381048
vt 0.607614 0.322425
vt 0.607614 0.263802
vt 0.607614 0.205180
vt 0.607614 0.146557
vt 0.607614 0.087934
vt 0.607614 0.029311
vt 0.666876 1.260389
vt 0.666876 1.201766
vt 0.666876 1.143143
vt 0.666876 1.084521
vt 0.666876 1.025898
vt 0.666876 0.967275
vt 0.666876 0.908652
vt 0.666876 0.850030
vt 0.666876 0.791407
vt 0.666876 0.732784
vt 0.666876 0.674162
vt 0.666876 0.615539
vt 0.666876 0.556916
vt 0.666876 0.498293
vt 0.666876 0.439671
vt 0.666876 0.381048
vt 0.666876 0.322425
vt 0.666876 0.263802
vt 0.666876 0.205180
vt 0.666876 0.146557
vt 0.666876 0.087934
vt 0.666876 0.029311
vt 0.666876 -0.029311
vt -0.518351 0.908652
vt -0.459090 0.850030
vt -0.399828 0.791407
vt -0.340567 0.732784
vt -0.281306 0.674162
vt -0.222044 0.615539
vt -0.162783 0.556916
vt -0.103522 0.498293
vt -0.044260 0.439671
vt 0.015001 0.381048
vt 0.074262 0.322425
vt 0.133524 0.263802
vt 0.192785 0.205180
vt 0.252046 0.146557
vt 0.311308 0.087934
vt 0.370569 0.029311
vt 0.429830 -0.029311
vt 0.489092 -0.087934
vt 0.548353 -0.146557
vt 0.607614 -0.205180
vt 0.666876 -0.263802
vt -0.518351 0.674162
vt -0.459090 0.615539
vt -0.399828 0.556916
vt -0.340567 0.498293
vt -0.281306 0.439671
vt -0.222044 0.381048
vt -0.162783 0.322425
vt -0.103522 0.263802
vt -0.044260 0.205180
vt 0.015001 0.146557
vt 0.074262 0.087934
vt 0.133524 0.029311
vt 0.192785 -0.029311
vt 0.252046 -0.087934
vt 0.311308 -0.146557
vt 0.370569 -0.205180
vt 0.429830 -0.263802
vt 0.489092 -0.322425
vt 0.548353 -0.381048
vt 0.607614 -0.439671
vt 0.666876 -0.498293
vt -0.518351 0.381048
vt -0.459090 0.322425
vt -0.399828 0.263802
vt -0.340567 0.205180
vt -0.281306 0.146557
vt -0.222044 0.087934
vt -0.162783 0.029311
vt -0.103522 -0.029311
vt -0.044260 -0.087934
vt 0.015001 -0.146557
vt 0.074262 -0.205180
vt 0.133524 -0.263802
vt 0.192785 -0.322425
vt 0.252046 -0.381048
vt 0.311308 -0.439671
vt 0.370569 -0.498293
vt 0.429830 -0.556916
vt 0.489092 -0.615539
vt 0.548353 -0.674162
vt 0.607614 -0.732784
vt 0.666876 -0.791407
vt -0.518351 0.146557
vt -0.459090 0.087934
vt -0.399828 0.029311
vt -0.340567 -0.029311
vt -0.281306 -0.087934
vt -0.222044 -0.146557
vt -0.162783 -0.205180
vt -0.103522 -0.263802
vt -0.044260 -0.322425
vt 0.015001 -0.381048
vt 0.074262 -0.439671
vt 0.133524 -0.498293
vt 0.192785 -0.556916
vt 0.252046 -0.615539
vt 0.311308 -0.674162
vt 0.370569 -0.732784
vt 0.429830 -0.791407
vt 0.489092 -0.850030
vt 0.548353 -0.908652
vt 0.607614 -0.967275
vt 0.666876 -1.025898
vt -0.518351 -0.146557
vt -0.459090 -0.205180
vt -0.399828 -0.263802
vt -0.340567 -0.322425
vt -0.281306 -0.381048
vt -0.222044 -0.439671
vt -0.162783 -0.498293
vt -0.103522 -0.556916
vt -0.044260 -0.615539
vt 0.015001 -0.674162
vt 0.074262 -0.732784
vt 0.133524 -0.791407
vt 0.192785 -0.850030
vt 0.252046 -0.908652
vt 0.311308 -0.967275
vt 0.370569 -1.025898
vt 0.429830 -1.084521
vt 0.489092 -1.143143
vt 0.548353 -1.201766
vt 0.607614 -1.260389
vt 0.666876 -1.319012
vt -0.518351 -0.381048
vt -0.459090 -0.439671
vt -0.399828 -0.498293
vt -0.340567 -0.556916
vt -0.281306 -0.615539
vt -0.222044 -0.674162
vt -0.162783 -0.732784
vt -0.103522 -0.791407
vt -0.044260 -0.850030
vt 0.015001 -0.908652
vt 0.074262 -0.967275
vt 0.133524 -1.025898
vt 0.192785 -1.084521
vt 0.252046 -1.143143
vt 0.311308 -1.201766
vt 0.370569 -1.260389
vt 0.429830 -1.319012
vt 0.489092 -1.377634
vt 0.548353 -1.436257
vt -0.518351 -0.615539
vt -0.459090 -0.674162
vt -0.399828 -0.732784
vt -0.340567 -0.791407
vt -0.281306 -0.850030
vt -0.222044 -0.908652
vt -0.162783 -0.967275
vt -0.103522 -1.025898
vt -0.044260 -1.084521
vt 0.015001 -1.143143
vt 0.074262 -1.201766
vt 0.133524 -1.260389
vt 0.192785 -1.319012
vt 0.252046 -1.377634
vt 0.311308 -1.436257
vt -0.518351 -0.674162
vt -0.459090 -0.732784
vt -0.399828 -0.791407
vt -0.340567 -0.850030
vt -0.281306 -0.908652
vt -0.222044 -0.967275
vt -0.162783 -1.025898
vt -0.103522 -1.084521
vt -0.044260 -1.143143
vt 0.015001 -1.201766
vt 0.074262 -1.260389
vt 0.133524 -1.319012
vt 0.192785 -1.377634
vt 0.252046 -1.436257
vt -0.518351 -0.908652
vt -0.459090 -0.967275
vt -0.399828 -1.025898
vt -0.340567 -1.084521
vt -0.281306 -1.143143
vt -0.222044 -1.201766
vt -0.162783 -1.260389
vt -0.103522 -1.319012
vt -0.044260 -1.377634
vt 0.015001 -1.436257
vt -0.518351 -1.143143
vt -0.459090 -1.201766
vt -0.399828 -1.260389
vt -0.340567 -1.319012
vt -0.281306 -1.377634
vt -0.222044 -1.436257
vt -0.518351 -1.436257
vt -0.478102 -0.428064
vt -1.089051 -0.428064
vt -0.478102 -0.459772
vt -1.089051 -0.459772
vt -0.478102 0.459772
vt -1.089051 0.459772
vt -0.478102 0.428064
vt -1.089051 0.428064
vt -0.478102 0.396355
vt -1.089051 0.396355
vt -0.478102 0.364647
vt -1.089051 0.364647
vt -0.478102 0.332938
vt -1.089051 0.332938
vt -0.478102 0.301230
vt -1.089051 0.301230
vt -0.478102 0.269522
vt -1.089051 0.269522
vt -0.478102 0.237813
vt -1.089051 0.237813
vt -0.478102 0.206105
vt -1.089051 0.206105
vt -0.478102 0.174396
vt -1.089051 0.174396
vt -0.478102 0.142688
vt -1.089051 0.142688
vt -0.478102 0.110979
vt -1.089051 0.110979
vt -0.478102 0.079271
vt -1.089051 0.079271
vt -0.478102 0.047563
vt -1.089051 0.047563
vt -0.478102 0.015854
vt -1.089051 0.015854
vt -0.478102 -0.015854
vt -1.089051 -0.015854
vt -0.478102 -0.047563
vt -1.089051 -0.047563
vt -0.478102 -0.079271
vt -1.089051 -0.079271
vt -0.478102 -0.110979
vt -1.089051 -0.110979
vt -0.478102 -0.142688
vt -1.089051 -0.142688
vt -0.478102 -0.174396
vt -1.089051 -0.174396
vt -0.478102 -0.206105
vt -1.089051 -0.206105
vt -0.478102 -0.237813
vt -1.089051 -0.237813
vt -0.478102 -0.269522
vt -1.089051 -0.269522
vt -0.478102 -0.301230
vt -1.089051 -0.301230
vt -0.478102 -0.332938
vt -1.089051 -0.332938
vt -0.478102 -0.364647
vt -1.089051 -0.364647
vt -0.478102 -0.396355
vt -1.089051 -0.396355
vt -1.700000 0.428064
vt -1.700000 0.459772
vt -1.700000 -0.459772
vt -1.700000 -0.428064
vt -1.700000 -0.396355
vt -1.700000 -0.364647
vt -1.700000 -0.332938
vt -1.700000 -0.301230
vt -1.700000 -0.269522
vt -1.700000 -0.237813
vt -1.700000 -0.206105
vt -1.700000 -0.174396
vt -1.700000 -0.142688
vt -1.700000 -0.110979
vt -1.700000 -0.079271
vt -1.700000 -0.047563
vt -1.700000 -0.015854
vt -1.700000 0.015854
vt -1.700000 0.047563
vt -1.700000 0.079271
vt -1.700000 0.110979
vt -1.700000 0.142688
vt -1.700000 0.174396
vt -1.700000 0.206105
vt -1.700000 0.237813
vt -1.700000 0.269522
vt -1.700000 0.301230
vt -1.700000 0.332938
vt -1.700000 0.364647
vt -1.700000 0.396355
vt -0.142928 0.031461
vt -0.146350 0.000000
vt 0.082130 -0.121132
vt -0.142928 -0.031461
vt -0.132824 -0.061451
vt -0.116508 -0.088567
vt -0.094745 -0.111542
vt -0.068552 -0.129302
vt 0.054170 -0.135956
vt -0.039153 -0.141016
vt 0.023677 -0.144422
vt -0.007923 -0.146135
vt 0.106249 -0.100645
vt 0.082130 0.121132
vt 0.054170 0.135956
vt 0.023677 0.144422
vt 0.106249 0.100645
vt 0.125401 -0.075451
vt 0.125401 0.075451
vt 0.138689 -0.046730
vt 0.138689 0.046730
vt 0.145492 -0.015823
vt 0.145492 0.015823
vt -0.007923 0.146135
vt -0.039153 0.141016
vt -0.068552 0.129302
vt -0.094745 0.111542
vt -0.116508 0.088567
vt -0.132824 0.061451
s 0
usemtl Plastic_-_Glossy_(Red)
f 32/1/1 1/2/2 33/3/2
f 33/3/2 1/2/2 2/4/3
f 33/3/2 2/4/4 59/5/5
f 59/5/6 2/4/4 3/6/7
f 59/5/6 3/6/7 58/7/8
f 58/7/8 3/6/7 4/8/9
f 58/7/10 4/8/9 57/9/11
f 57/9/11 4/8/12 5/10/13
f 57/9/11 5/10/13 56/11/14
f 56/11/15 5/10/13 6/12/16
f 56/11/15 6/12/17 55/13/18
f 55/13/19 6/12/16 7/14/20
f 55/13/19 7/14/20 8/15/21
f 55/13/19 8/15/22 54/16/23
f 54/16/23 8/15/21 9/17/24
f 54/16/23 9/17/24 53/18/25
f 53/18/25 9/17/24 10/19/26
f 53/18/25 10/19/26 52/20/27
f 52/20/27 10/19/26 11/21/28
f 52/20/27 11/21/28 51/22/29
f 51/22/29 11/21/28 12/23/30
f 51/22/31 12/23/32 50/24/33
f 50/24/34 12/23/35 13/25/36
f 50/24/34 13/25/36 49/26/37
f 49/26/37 13/25/36 14/27/38
f 49/26/39 14/27/38 15/28/40
f 49/26/37 15/28/40 48/29/41
f 48/29/42 15/28/40 16/30/43
f 48/29/42 16/30/44 47/31/45
f 47/31/45 16/30/44 17/32/46
f 47/31/45 17/32/46 46/33/47
f 46/34/47 17/35/46 18/36/48
f 46/34/47 18/36/48 45/37/49
f 45/37/50 18/36/51 19/38/52
f 45/37/50 19/38/52 44/39/53
f 44/39/54 19/38/52 20/40/55
f 44/39/54 20/40/55 21/41/56
f 44/39/54 21/41/56 43/42/57
f 43/42/58 21/41/56 22/43/59
f 43/42/57 22/43/60 42/44/61
f 42/44/61 22/43/59 23/45/62
f 42/44/61 23/45/62 41/46/63
f 41/46/63 23/45/62 24/47/64
f 41/46/63 24/47/65 40/48/66
f 40/48/66 24/47/64 25/49/67
f 40/48/66 25/49/67 39/50/68
f 39/50/68 25/49/67 26/51/69
f 39/50/68 26/51/69 38/52/70
f 38/52/71 26/51/72 27/53/73
f 38/52/70 27/53/73 28/54/74
f 38/52/70 28/54/75 37/55/76
f 37/55/76 28/54/75 29/56/77
f 37/55/78 29/56/77 36/57/79
f 36/57/79 29/56/77 30/58/80
f 36/57/79 30/58/80 35/59/81
f 35/59/82 30/58/83 31/60/84
f 35/59/82 31/60/84 34/61/85
f 34/61/86 31/60/84 32/1/87
f 34/61/88 32/1/87 33/3/89
f 59/62/90 89/63/91 33/64/92
f 33/64/92 89/63/93 92/65/94
f 33/64/92 92/65/95 34/66/96
f 34/66/97 92/65/94 139/67/98
f 34/66/99 139/67/98 35/68/100
f 35/68/100 139/67/98 137/69/101
f 35/68/100 137/69/101 36/70/102
f 36/70/102 137/69/101 135/71/103
f 36/70/104 135/71/103 37/72/105
f 37/72/105 135/71/106 133/73/107
f 37/72/108 133/73/107 38/74/109
f 38/74/109 133/73/107 131/75/110
f 38/74/109 131/75/110 39/76/111
f 39/76/112 131/75/110 129/77/113
f 39/76/111 129/77/114 40/78/115
f 40/78/116 129/77/113 127/79/117
f 40/78/115 127/79/118 41/80/119
f 41/80/119 127/79/117 125/81/120
f 41/80/119 125/81/121 42/82/122
f 42/82/122 125/81/120 123/83/123
f 42/82/122 123/83/124 43/84/125
f 43/84/126 123/83/124 121/85/127
f 43/84/128 121/85/129 44/86/130
f 44/86/130 121/85/129 119/87/131
f 44/86/130 119/87/132 45/88/133
f 45/88/133 119/87/131 117/89/134
f 45/88/133 117/89/135 46/90/136
f 46/90/137 117/89/134 87/91/138
f 46/90/136 87/91/138 47/92/139
f 47/93/140 87/94/138 115/95/141
f 47/93/139 115/95/142 48/96/143
f 48/96/144 115/95/141 113/97/145
f 48/96/143 113/97/145 49/98/146
f 49/98/146 113/97/145 111/99/147
f 49/98/146 111/99/147 50/100/148
f 50/100/148 111/99/149 109/101/150
f 50/100/151 109/101/150 51/102/152
f 51/102/152 109/101/153 107/103/154
f 51/102/152 107/103/155 52/104/156
f 52/104/157 107/103/154 105/105/158
f 52/104/156 105/105/159 53/106/160
f 53/106/161 105/105/158 103/107/162
f 53/106/160 103/107/163 54/108/164
f 54/108/165 103/107/162 101/109/166
f 54/108/164 101/109/167 55/110/168
f 55/110/168 101/109/166 99/111/169
f 55/110/168 99/111/169 56/112/170
f 56/112/171 99/111/169 97/113/172
f 56/112/171 97/113/173 57/114/174
f 57/114/175 97/113/173 95/115/176
f 57/114/175 95/115/176 58/116/177
f 58/116/178 95/115/176 93/117/179
f 58/116/177 93/117/179 59/62/90
f 59/62/180 93/117/179 89/63/93
f 61/118/96 91/119/181 60/120/92
f 60/120/92 91/119/94 90/121/93
f 60/120/92 90/121/182 86/122/90
f 86/122/90 90/121/93 94/123/179
f 86/122/183 94/123/184 85/124/177
f 85/124/177 94/123/179 96/125/176
f 85/124/177 96/125/176 84/126/175
f 84/126/185 96/125/176 98/127/173
f 84/126/174 98/127/173 83/128/171
f 83/128/171 98/127/172 100/129/169
f 83/128/170 100/129/169 82/130/168
f 82/130/168 100/129/169 102/131/166
f 82/130/168 102/131/166 81/132/164
f 81/132/186 102/131/166 104/133/162
f 81/132/164 104/133/187 80/134/160
f 80/134/188 104/133/162 106/135/158
f 80/134/160 106/135/189 79/136/156
f 79/136/156 106/135/158 108/137/154
f 79/136/156 108/137/154 78/138/152
f 78/138/152 108/137/154 110/139/153
f 78/138/152 110/139/150 77/140/151
f 77/140/148 110/139/150 112/141/149
f 77/140/148 112/141/190 76/142/146
f 76/142/146 112/141/147 114/143/145
f 76/142/146 114/143/145 75/144/143
f 75/144/191 114/143/145 116/145/141
f 75/144/143 116/145/192 74/146/139
f 74/146/193 116/145/141 88/147/138
f 74/146/139 88/147/138 73/148/136
f 73/149/194 88/150/138 118/151/134
f 73/149/136 118/151/195 72/152/133
f 72/152/196 118/151/134 120/153/131
f 72/152/133 120/153/131 71/154/130
f 71/154/130 120/153/131 122/155/127
f 71/154/130 122/155/197 70/156/128
f 70/156/126 122/155/127 124/157/124
f 70/156/126 124/157/124 69/158/122
f 69/158/122 124/157/123 126/159/120
f 69/158/122 126/159/198 68/160/119
f 68/160/119 126/159/120 128/161/117
f 68/160/119 128/161/118 67/162/115
f 67/162/199 128/161/200 130/163/114
f 67/162/201 130/163/202 66/164/203
f 66/164/204 130/163/113 132/165/110
f 66/164/111 132/165/205 65/166/109
f 65/166/109 132/165/110 134/167/107
f 65/166/109 134/167/107 64/168/108
f 64/168/105 134/167/107 136/169/103
f 64/168/105 136/169/103 63/170/104
f 63/170/102 136/169/103 138/171/101
f 63/170/104 138/171/206 62/172/100
f 62/172/207 138/171/101 140/173/98
f 62/172/100 140/173/208 61/118/99
f 61/118/96 140/173/98 91/119/94
f 87/94/138 88/147/138 115/95/141
f 115/95/141 88/147/138 116/145/141
f 115/95/209 116/145/209 113/97/145
f 113/97/145 116/145/209 114/143/145
f 113/97/145 114/143/145 111/99/149
f 111/99/147 114/143/145 112/141/147
f 111/99/147 112/141/147 109/101/150
f 109/101/150 112/141/147 110/139/150
f 109/101/153 110/139/153 107/103/154
f 107/103/154 110/139/150 108/137/154
f 107/103/154 108/137/154 105/105/210
f 105/105/158 108/137/154 106/135/158
f 105/105/158 106/135/158 103/107/163
f 103/107/163 106/135/210 104/133/163
f 103/107/162 104/133/162 101/109/166
f 101/109/166 104/133/163 102/131/166
f 101/109/166 102/131/166 99/111/169
f 99/111/169 102/131/166 100/129/169
f 99/111/169 100/129/169 97/113/173
f 97/113/173 100/129/169 98/127/173
f 97/113/172 98/127/172 95/115/176
f 95/115/176 98/127/173 96/125/176
f 95/115/176 96/125/176 93/117/179
f 93/117/179 96/125/176 94/123/179
f 93/117/179 94/123/179 89/63/93
f 89/63/93 94/123/179 90/121/93
f 89/63/93 90/121/93 92/65/94
f 92/65/94 90/121/93 91/119/94
f 92/65/94 91/119/94 139/67/98
f 139/67/98 91/119/94 140/173/98
f 139/67/98 140/173/98 137/69/101
f 137/69/101 140/173/98 138/171/101
f 137/69/101 138/171/101 135/71/103
f 135/71/103 138/171/101 136/169/103
f 135/71/103 136/169/103 133/73/107
f 133/73/107 136/169/103 134/167/107
f 133/73/107 134/167/107 131/75/110
f 131/75/110 134/167/107 132/165/110
f 131/75/110 132/165/110 129/77/113
f 129/77/113 132/165/110 130/163/113
f 129/77/114 130/163/114 127/79/200
f 127/79/117 130/163/114 128/161/117
f 127/79/117 128/161/117 125/81/120
f 125/81/120 128/161/200 126/159/120
f 125/81/120 126/159/120 123/83/124
f 123/83/124 126/159/120 124/157/124
f 123/83/124 124/157/124 121/85/129
f 121/85/129 124/157/124 122/155/129
f 121/85/127 122/155/127 119/87/131
f 119/87/131 122/155/127 120/153/131
f 119/87/131 120/153/131 117/89/211
f 117/89/211 120/153/131 118/151/211
f 117/89/134 118/151/134 87/91/138
f 87/91/138 118/151/134 88/150/138
f 171/174/212 141/175/67 172/176/67
f 172/176/67 141/175/67 142/177/213
f 172/176/67 142/177/213 198/178/214
f 198/178/215 142/177/213 143/179/216
f 198/178/215 143/179/216 197/180/217
f 197/180/218 143/179/216 144/181/219
f 197/180/217 144/181/220 196/182/221
f 196/182/221 144/181/219 145/183/222
f 196/182/221 145/183/222 195/184/223
f 195/184/224 145/183/222 146/185/225
f 195/184/224 146/185/225 194/186/226
f 194/186/226 146/185/225 147/187/227
f 194/186/228 147/187/227 193/188/229
f 193/188/229 147/187/227 148/189/230
f 193/188/229 148/189/231 192/190/232
f 192/190/232 148/189/230 149/191/233
f 192/190/232 149/191/233 150/192/234
f 192/190/232 150/192/235 191/193/236
f 191/193/236 150/192/235 151/194/237
f 191/193/236 151/194/237 190/195/238
f 190/195/238 151/194/237 152/196/239
f 190/195/238 152/196/239 189/197/240
f 189/197/241 152/196/239 153/198/242
f 189/197/240 153/198/242 188/199/243
f 188/199/244 153/198/242 154/200/245
f 188/199/244 154/200/245 187/201/246
f 187/201/246 154/200/245 155/202/247
f 187/201/248 155/202/247 186/203/249
f 186/203/249 155/202/247 156/204/250
f 186/203/249 156/204/251 157/205/252
f 186/203/249 157/205/252 185/206/253
f 185/207/253 157/208/254 158/209/255
f 185/207/253 158/209/255 184/210/256
f 184/210/257 158/209/255 159/211/258
f 184/210/257 159/211/258 183/212/259
f 183/212/259 159/211/260 160/213/261
f 183/212/262 160/213/261 182/214/263
f 182/214/264 160/213/261 161/215/265
f 182/214/263 161/215/265 181/216/266
f 181/216/266 161/215/265 162/217/267
f 181/216/268 162/217/267 180/218/269
f 180/218/269 162/217/267 163/219/270
f 180/218/269 163/219/270 179/220/271
f 179/220/271 163/219/272 164/221/273
f 179/220/271 164/221/273 165/222/274
f 179/220/271 165/222/274 178/223/275
f 178/223/275 165/222/276 166/224/277
f 178/223/275 166/224/277 177/225/278
f 177/225/279 166/224/277 167/226/280
f 177/225/279 167/226/280 176/227/281
f 176/227/281 167/226/280 168/228/282
f 176/227/283 168/228/282 175/229/284
f 175/229/284 168/228/282 169/230/285
f 175/229/284 169/230/286 174/231/287
f 174/231/288 169/230/285 170/232/289
f 174/231/287 170/232/289 173/233/290
f 173/233/290 170/232/289 171/174/212
f 173/233/291 171/174/212 172/176/292
f 198/234/293 227/235/294 172/236/295
f 172/236/295 227/235/294 228/237/296
f 172/236/295 228/237/296 173/238/297
f 173/238/297 228/237/296 252/239/298
f 173/238/297 252/239/298 174/240/299
f 174/240/299 252/239/298 251/241/300
f 174/240/299 251/241/300 175/242/301
f 175/242/302 251/241/300 250/243/303
f 175/242/301 250/243/303 176/244/304
f 176/244/305 250/243/303 249/245/306
f 176/244/305 249/245/306 177/246/307
f 177/246/307 249/245/306 248/247/308
f 177/246/307 248/247/308 178/248/309
f 178/248/309 248/247/308 247/249/310
f 178/248/311 247/249/312 179/250/313
f 179/250/314 247/249/310 246/251/315
f 179/250/313 246/251/316 180/252/317
f 180/252/317 246/251/318 245/253/319
f 180/252/317 245/253/319 181/254/320
f 181/254/320 245/253/319 244/255/321
f 181/254/320 244/255/321 182/256/322
f 182/256/322 244/255/321 243/257/323
f 182/256/322 243/257/323 183/258/324
f 183/258/324 243/257/323 242/259/325
f 183/258/324 242/259/325 184/260/326
f 184/260/326 242/259/325 241/261/327
f 184/260/326 241/261/327 185/262/328
f 185/262/328 241/261/327 226/263/329
f 185/262/328 226/263/329 186/264/330
f 186/265/330 226/266/329 240/267/331
f 186/265/330 240/267/331 187/268/332
f 187/268/332 240/267/331 239/269/333
f 187/268/332 239/269/333 188/270/334
f 188/270/334 239/269/333 238/271/335
f 188/270/334 238/271/335 189/272/336
f 189/272/336 238/271/335 237/273/337
f 189/272/336 237/273/337 190/274/338
f 190/274/338 237/273/337 236/275/339
f 190/274/338 236/275/339 191/276/340
f 191/276/340 236/275/339 235/277/341
f 191/276/340 235/277/342 192/278/343
f 192/278/344 235/277/345 234/279/346
f 192/278/343 234/279/347 193/280/348
f 193/280/349 234/279/346 233/281/350
f 193/280/351 233/281/350 194/282/352
f 194/282/353 233/281/350 232/283/354
f 194/282/352 232/283/354 195/284/355
f 195/284/355 232/283/354 231/285/356
f 195/284/355 231/285/356 196/286/357
f 196/286/357 231/285/356 230/287/358
f 196/286/357 230/287/358 197/288/359
f 197/288/359 230/287/358 229/289/360
f 197/288/359 229/289/360 198/234/293
f 198/234/293 229/289/360 227/235/294
f 200/290/361 240/267/361 199/291/329
f 199/291/329 240/267/361 226/266/329
f 199/292/329 226/263/329 225/293/362
f 225/293/362 226/263/329 241/261/362
f 225/293/327 241/261/327 224/294/325
f 224/294/325 241/261/327 242/259/325
f 224/294/325 242/259/325 223/295/363
f 223/295/363 242/259/325 243/257/363
f 223/295/323 243/257/323 222/296/321
f 222/296/321 243/257/323 244/255/321
f 222/296/321 244/255/321 221/297/319
f 221/297/319 244/255/321 245/253/319
f 221/297/319 245/253/319 220/298/315
f 220/298/315 245/253/319 246/251/315
f 220/298/318 246/251/318 219/299/310
f 219/299/310 246/251/318 247/249/310
f 219/299/364 247/249/364 218/300/308
f 218/300/308 247/249/364 248/247/308
f 218/300/308 248/247/308 217/301/306
f 217/301/306 248/247/308 249/245/306
f 217/301/306 249/245/306 216/302/303
f 216/302/303 249/245/306 250/243/303
f 216/302/303 250/243/303 215/303/300
f 215/303/300 250/243/303 251/241/300
f 215/303/300 251/241/300 214/304/298
f 214/304/298 251/241/300 252/239/298
f 214/304/298 252/239/298 213/305/296
f 213/305/296 252/239/298 228/237/296
f 213/305/296 228/237/296 212/306/294
f 212/306/294 228/237/296 227/235/294
f 212/306/294 227/235/294 211/307/360
f 211/307/360 227/235/294 229/289/360
f 211/307/360 229/289/360 210/308/358
f 210/308/358 229/289/360 230/287/358
f 210/308/358 230/287/358 209/309/356
f 209/309/356 230/287/358 231/285/356
f 209/309/356 231/285/356 208/310/354
f 208/310/354 231/285/356 232/283/354
f 208/310/354 232/283/354 207/311/350
f 207/311/350 232/283/354 233/281/350
f 207/311/350 233/281/350 206/312/365
f 206/312/365 233/281/350 234/279/365
f 206/312/346 234/279/346 205/313/341
f 205/313/341 234/279/346 235/277/341
f 205/313/345 235/277/345 204/314/339
f 204/314/339 235/277/345 236/275/339
f 204/314/339 236/275/339 203/315/337
f 203/315/337 236/275/339 237/273/337
f 203/315/337 237/273/337 202/316/335
f 202/316/335 237/273/337 238/271/335
f 202/316/366 238/271/366 201/317/333
f 201/317/333 238/271/366 239/269/333
f 201/317/333 239/269/333 200/290/331
f 200/290/331 239/269/333 240/267/331
f 200/318/367 199/319/367 269/320/367
f 269/320/367 199/319/367 225/321/367
f 269/320/367 225/321/367 268/322/367
f 268/322/367 225/321/367 224/323/367
f 268/322/367 224/323/367 267/324/367
f 267/324/367 224/323/367 223/325/367
f 267/324/367 223/325/367 266/326/367
f 266/326/367 223/325/367 222/327/367
f 266/326/367 222/327/367 265/328/367
f 265/328/367 222/327/367 221/329/367
f 265/328/367 221/329/367 264/330/367
f 264/330/367 221/329/367 263/331/367
f 263/331/367 221/329/367 314/332/367
f 263/331/367 314/332/367 262/333/367
f 262/333/367 314/332/367 261/334/367
f 261/334/367 314/332/367 315/335/367
f 261/334/367 315/335/367 260/336/367
f 260/336/367 315/335/367 259/337/367
f 259/337/367 315/335/367 284/338/367
f 259/337/367 284/338/367 258/339/367
f 258/339/367 284/338/367 257/340/367
f 257/340/367 284/338/367 256/341/367
f 256/341/367 284/338/367 255/342/367
f 255/342/367 284/338/367 254/343/367
f 254/343/367 284/338/367 285/344/367
f 254/343/367 285/344/367 253/345/367
f 253/345/367 285/344/367 283/346/367
f 283/346/367 285/344/367 282/347/367
f 282/347/367 285/344/367 281/348/367
f 281/348/367 285/344/367 280/349/367
f 280/349/367 285/344/367 279/350/367
f 279/350/367 285/344/367 286/351/367
f 279/350/367 286/351/367 278/352/367
f 278/352/367 286/351/367 277/353/367
f 277/353/367 286/351/367 287/354/367
f 277/353/367 287/354/367 276/355/367
f 276/355/367 287/354/367 275/356/367
f 275/356/367 287/354/367 204/357/367
f 275/356/367 204/357/367 274/358/367
f 274/358/367 204/357/367 273/359/367
f 273/359/367 204/357/367 203/360/367
f 273/359/367 203/360/367 272/361/367
f 272/361/367 203/360/367 202/362/367
f 272/361/367 202/362/367 271/363/367
f 271/363/367 202/362/367 201/364/367
f 271/363/367 201/364/367 270/365/367
f 270/365/367 201/364/367 200/318/367
f 270/365/367 200/318/367 269/320/367
f 221/329/367 220/366/367 314/332/367
f 314/332/367 220/366/367 308/367/367
f 314/332/367 308/367/367 309/368/367
f 219/369/367 305/370/367 220/366/367
f 220/366/367 305/370/367 306/371/367
f 220/366/367 306/371/367 307/372/367
f 218/373/367 303/374/367 219/369/367
f 219/369/367 303/374/367 304/375/367
f 219/369/367 304/375/367 305/370/367
f 218/373/367 217/376/367 303/374/367
f 303/374/367 217/376/367 302/377/367
f 302/377/367 217/376/367 216/378/367
f 302/377/367 216/378/367 215/379/367
f 215/379/367 214/380/367 302/377/367
f 302/377/367 214/380/367 301/381/367
f 301/381/367 214/380/367 213/382/367
f 301/381/367 213/382/367 212/383/367
f 301/381/367 212/383/367 300/384/367
f 300/384/367 212/383/367 211/385/367
f 300/384/367 211/385/367 299/386/367
f 299/386/367 211/385/367 210/387/367
f 299/386/367 210/387/367 209/388/367
f 209/388/367 208/389/367 299/386/367
f 299/386/367 208/389/367 298/390/367
f 298/390/367 208/389/367 207/391/367
f 298/390/367 207/391/367 206/392/367
f 205/393/367 296/394/367 206/392/367
f 206/392/367 296/394/367 297/395/367
f 206/392/367 297/395/367 298/390/367
f 204/357/367 287/354/367 205/393/367
f 205/393/367 287/354/367 293/396/367
f 205/393/367 293/396/367 294/397/367
f 288/398/367 289/399/367 287/354/367
f 287/354/367 289/399/367 290/400/367
f 287/354/367 290/400/367 291/401/367
f 291/401/367 292/402/367 287/354/367
f 287/354/367 292/402/367 293/396/367
f 294/397/367 295/403/367 205/393/367
f 205/393/367 295/403/367 296/394/367
f 307/372/367 308/367/367 220/366/367
f 309/368/367 310/404/367 314/332/367
f 314/332/367 310/404/367 311/405/367
f 314/332/367 311/405/367 312/406/367
f 312/406/367 313/407/367 314/332/367
f 254/408/368 316/409/368 255/410/369
f 255/410/369 316/409/368 317/411/369
f 255/410/370 317/411/370 256/412/371
f 256/412/371 317/411/370 318/413/371
f 256/412/371 318/413/371 257/414/372
f 257/414/372 318/413/373 319/415/372
f 257/414/372 319/415/372 258/416/374
f 258/416/374 319/415/372 320/417/374
f 258/416/374 320/417/374 259/418/375
f 259/418/375 320/417/374 321/419/375
f 259/418/375 321/419/375 260/420/376
f 260/420/376 321/419/375 322/421/376
f 260/420/377 322/421/377 261/422/378
f 261/422/378 322/421/377 323/423/378
f 261/422/378 323/423/378 262/424/379
f 262/424/379 323/423/378 324/425/379
f 262/424/379 324/425/379 263/426/380
f 263/426/380 324/425/379 325/427/380
f 263/426/381 325/427/381 264/428/382
f 264/428/382 325/427/381 326/429/382
f 264/428/382 326/429/382 265/430/383
f 265/430/383 326/429/382 327/431/383
f 265/430/383 327/431/383 266/432/384
f 266/432/384 327/431/383 328/433/384
f 266/432/384 328/433/384 267/434/385
f 267/434/385 328/433/384 329/435/385
f 267/434/385 329/435/385 268/436/386
f 268/436/386 329/435/385 330/437/386
f 268/436/386 330/437/386 269/438/295
f 269/438/295 330/437/386 331/439/295
f 269/438/295 331/439/295 270/440/387
f 270/440/387 331/439/295 332/441/387
f 270/440/387 332/441/387 271/442/388
f 271/442/388 332/441/387 333/443/388
f 271/442/388 333/443/388 272/444/389
f 272/444/389 333/443/388 334/445/389
f 272/444/389 334/445/389 273/446/390
f 273/446/390 334/445/389 335/447/390
f 273/446/390 335/447/390 274/448/391
f 274/448/391 335/447/390 336/449/391
f 274/448/391 336/449/391 275/450/392
f 275/450/392 336/449/391 337/451/392
f 275/450/393 337/451/393 276/452/394
f 276/452/394 337/451/393 338/453/394
f 276/452/394 338/453/394 277/454/395
f 277/454/395 338/453/394 339/455/395
f 277/454/395 339/455/395 278/456/396
f 278/456/396 339/455/395 340/457/396
f 278/456/397 340/457/397 279/458/398
f 279/458/398 340/457/397 341/459/398
f 279/458/398 341/459/398 280/460/399
f 280/460/399 341/459/398 342/461/399
f 280/460/399 342/461/399 281/462/400
f 281/462/400 342/461/399 343/463/400
f 281/462/400 343/463/400 282/464/401
f 282/464/402 343/463/400 344/465/402
f 282/464/401 344/465/401 283/466/403
f 283/466/403 344/465/401 345/467/403
f 283/466/404 345/467/404 253/468/405
f 253/468/405 345/467/404 346/469/405
f 86/470/329 316/471/329 60/472/329
f 60/472/329 316/471/329 254/473/329
f 60/472/329 254/473/329 61/474/329
f 61/474/329 254/473/329 62/475/329
f 62/475/329 254/473/329 63/476/329
f 63/476/329 254/473/329 64/477/329
f 64/477/329 254/473/329 65/478/329
f 65/478/329 254/473/329 66/479/329
f 66/479/329 254/473/329 67/480/329
f 67/480/329 254/473/329 253/481/329
f 67/480/329 253/481/329 68/482/329
f 68/482/329 253/481/329 69/483/329
f 69/483/329 253/481/329 70/484/329
f 70/484/329 253/481/329 71/485/329
f 71/485/329 253/481/329 72/486/329
f 72/486/329 253/481/329 73/487/329
f 73/487/329 253/481/329 346/488/329
f 73/487/329 346/488/329 74/489/329
f 74/489/329 346/488/329 75/490/329
f 75/490/329 346/488/329 76/491/329
f 76/491/329 346/488/329 77/492/329
f 77/492/329 346/488/329 78/493/329
f 78/493/329 346/488/329 79/494/329
f 79/494/329 346/488/329 80/495/329
f 80/495/329 346/488/329 316/471/329
f 80/495/329 316/471/329 81/496/329
f 81/496/329 316/471/329 82/497/329
f 82/497/329 316/471/329 83/498/329
f 83/498/329 316/471/329 84/499/329
f 84/499/329 316/471/329 85/500/329
f 85/500/329 316/471/329 86/470/329
f 286/501/92 285/502/92 348/503/92
f 348/503/92 285/502/92 347/504/92
f 287/501/406 286/505/406 349/503/406
f 349/503/406 286/505/406 348/506/406
f 376/507/138 314/501/138 375/508/407
f 375/508/407 314/501/138 313/509/407
f 375/508/407 313/509/407 374/510/408
f 374/510/409 313/509/407 312/511/409
f 374/510/409 312/511/409 373/512/410
f 373/512/410 312/511/409 311/513/410
f 373/512/410 311/513/410 372/514/411
f 372/514/411 311/513/410 310/515/411
f 372/514/411 310/515/411 371/516/412
f 371/516/412 310/515/411 309/517/412
f 371/516/412 309/517/412 370/518/413
f 370/518/413 309/517/412 308/519/413
f 370/518/414 308/519/414 369/520/415
f 369/520/416 308/519/414 307/521/416
f 369/520/416 307/521/416 368/522/417
f 368/522/417 307/521/416 306/523/417
f 368/522/418 306/523/418 367/524/419
f 367/524/419 306/523/418 305/525/419
f 367/524/419 305/525/419 366/526/420
f 366/526/420 305/525/419 304/527/420
f 366/526/420 304/527/420 365/528/421
f 365/528/421 304/527/420 303/529/421
f 365/528/421 303/529/421 364/530/422
f 364/530/422 303/529/421 302/531/422
f 364/530/423 302/531/423 363/532/424
f 363/532/424 302/531/423 301/533/424
f 363/532/424 301/533/424 362/534/425
f 362/534/425 301/533/424 300/535/425
f 362/534/425 300/535/425 361/536/426
f 361/536/426 300/535/425 299/537/426
f 361/536/427 299/537/427 360/538/428
f 360/538/428 299/537/427 298/539/428
f 360/538/428 298/539/428 359/540/429
f 359/540/429 298/539/428 297/541/429
f 359/540/429 297/541/429 358/542/430
f 358/542/430 297/541/429 296/543/430
f 358/542/430 296/543/430 357/544/431
f 357/544/431 296/543/430 295/545/431
f 357/544/432 295/545/432 356/546/433
f 356/546/433 295/545/432 294/547/433
f 356/546/434 294/547/434 355/548/435
f 355/548/435 294/547/433 293/549/435
f 355/548/436 293/549/436 354/550/437
f 354/550/437 293/549/436 292/551/437
f 354/550/437 292/551/437 353/552/438
f 353/552/438 292/551/437 291/553/438
f 353/552/438 291/553/438 352/554/439
f 352/554/439 291/553/438 290/555/439
f 352/554/439 290/555/439 351/556/440
f 351/556/441 290/555/439 289/557/441
f 351/556/441 289/557/441 350/558/442
f 350/558/442 289/557/441 288/559/442
f 350/558/442 288/559/442 349/560/92
f 349/560/92 288/559/442 287/561/92
f 315/501/443 314/505/443 377/503/443
f 377/503/443 314/505/443 376/506/443
f 284/501/138 315/502/138 378/503/138
f 378/503/138 315/502/138 377/504/138
f 32/562/295 284/563/295 1/564/295
f 1/564/295 284/563/295 378/565/295
f 1/564/295 378/565/295 2/566/295
f 2/566/295 378/565/295 3/567/295
f 3/567/295 378/565/295 4/568/295
f 4/568/295 378/565/295 5/569/295
f 5/569/295 378/565/295 6/570/295
f 6/570/295 378/565/295 7/571/295
f 7/571/295 378/565/295 8/572/295
f 8/572/295 378/565/295 9/573/295
f 9/573/295 378/565/295 347/503/295
f 9/573/295 347/503/295 10/574/295
f 10/574/295 347/503/295 11/575/295
f 11/575/295 347/503/295 12/576/295
f 12/576/295 347/503/295 13/577/295
f 13/577/295 347/503/295 14/578/295
f 14/578/295 347/503/295 15/579/295
f 15/579/295 347/503/295 16/580/295
f 16/580/295 347/503/295 17/581/295
f 17/581/295 347/503/295 285/501/295
f 17/581/295 285/501/295 18/582/295
f 18/582/295 285/501/295 19/583/295
f 19/583/295 285/501/295 20/584/295
f 20/584/295 285/501/295 21/585/295
f 21/585/295 285/501/295 22/586/295
f 22/586/295 285/501/295 23/587/295
f 23/587/295 285/501/295 24/588/295
f 24/588/295 285/501/295 25/589/295
f 25/589/295 285/501/295 284/563/295
f 25/589/295 284/563/295 26/590/295
f 26/590/295 284/563/295 27/591/295
f 27/591/295 284/563/295 28/592/295
f 28/592/295 284/563/295 29/593/295
f 29/593/295 284/563/295 30/594/295
f 30/594/295 284/563/295 31/595/295
f 31/595/295 284/563/295 32/562/295
f 413/596/444 346/597/445 412/598/446
f 412/598/446 346/597/445 345/599/447
f 412/598/446 345/599/447 411/600/448
f 411/600/448 345/599/447 344/601/449
f 411/600/448 344/601/449 410/602/450
f 410/602/450 344/601/449 343/603/451
f 410/602/450 343/603/451 409/604/452
f 409/604/452 343/603/451 342/605/453
f 409/604/452 342/605/453 408/606/454
f 408/606/454 342/605/453 341/607/455
f 408/606/454 341/607/455 407/608/456
f 407/608/456 341/607/455 340/609/457
f 407/608/456 340/609/457 406/610/458
f 406/610/459 340/609/457 405/611/460
f 405/611/460 340/609/457 339/612/461
f 405/611/462 339/612/463 404/613/464
f 404/613/464 339/612/461 338/614/465
f 404/613/464 338/614/465 403/615/466
f 403/615/466 338/614/465 337/616/467
f 403/615/466 337/616/467 402/617/468
f 402/617/468 337/616/469 336/618/470
f 402/617/468 336/618/470 401/619/471
f 401/619/471 336/618/470 335/620/472
f 401/619/471 335/620/472 400/621/473
f 400/621/474 335/620/475 334/622/476
f 400/621/474 334/622/476 399/623/477
f 399/623/477 334/622/476 333/624/478
f 399/623/477 333/624/478 398/625/479
f 398/625/479 333/624/478 332/626/480
f 398/625/479 332/626/480 397/627/481
f 397/627/481 332/626/482 331/628/67
f 397/627/481 331/628/67 396/629/67
f 396/629/67 331/628/67 395/630/483
f 395/630/483 331/628/484 330/631/485
f 395/630/483 330/631/485 394/632/486
f 394/632/486 330/631/485 329/633/487
f 394/632/486 329/633/487 393/634/488
f 393/634/488 329/633/487 328/635/489
f 393/634/488 328/635/490 392/636/491
f 392/636/491 328/635/489 327/637/492
f 392/636/493 327/637/494 391/638/495
f 391/638/495 327/637/494 326/639/496
f 391/638/495 326/639/496 390/640/497
f 390/640/497 326/639/496 325/641/498
f 390/640/497 325/641/499 389/642/500
f 389/642/500 325/641/499 324/643/501
f 389/642/500 324/643/501 388/644/502
f 388/644/502 324/643/501 323/645/503
f 388/644/502 323/645/504 387/646/505
f 387/646/506 323/645/503 322/647/507
f 387/646/506 322/647/507 386/648/508
f 386/648/509 322/647/507 385/649/510
f 385/649/510 322/647/507 321/650/511
f 385/649/510 321/650/511 384/651/512
f 384/651/512 321/650/511 320/652/513
f 384/651/512 320/652/513 383/653/514
f 383/653/514 320/652/513 319/654/515
f 383/653/514 319/654/515 382/655/516
f 382/655/516 319/654/515 318/656/517
f 382/655/516 318/656/517 381/657/518
f 381/657/518 318/656/517 317/658/519
f 381/657/518 317/658/519 380/659/520
f 380/659/520 317/658/519 316/660/521
f 380/659/520 316/660/521 379/661/522
f 413/662/523 379/663/523 346/664/523
f 346/664/523 379/663/523 316/665/523
f 171/666/524 363/384/524 141/667/524
f 141/667/524 363/384/524 362/381/524
f 141/667/524 362/381/524 142/668/524
f 142/668/524 362/381/524 143/669/524
f 143/669/524 362/381/524 361/377/524
f 143/669/524 361/377/524 144/670/524
f 144/670/524 361/377/524 145/671/524
f 145/671/524 361/377/524 360/374/524
f 145/671/524 360/374/524 146/672/524
f 146/672/524 360/374/524 147/673/524
f 147/673/524 360/374/524 359/375/524
f 147/673/524 359/375/524 148/674/524
f 148/674/524 359/375/524 358/370/524
f 148/674/524 358/370/524 149/675/524
f 149/675/524 358/370/524 357/371/524
f 149/675/524 357/371/524 356/372/524
f 171/666/524 170/676/524 363/384/524
f 363/384/524 170/676/524 364/386/524
f 364/386/524 170/676/524 169/677/524
f 364/386/524 169/677/524 168/678/524
f 364/386/524 168/678/524 365/390/524
f 365/390/524 168/678/524 167/679/524
f 365/390/524 167/679/524 166/680/524
f 365/390/524 166/680/524 366/395/524
f 366/395/524 166/680/524 165/681/524
f 366/395/524 165/681/524 367/394/524
f 367/394/524 165/681/524 164/682/524
f 367/394/524 164/682/524 368/403/524
f 368/403/524 164/682/524 369/397/524
f 369/397/524 164/682/524 163/683/524
f 369/397/524 163/683/524 370/396/524
f 370/396/524 163/683/524 376/354/524
f 370/396/524 376/354/524 371/402/524
f 371/402/524 376/354/524 372/401/524
f 372/401/524 376/354/524 373/400/524
f 373/400/524 376/354/524 374/399/524
f 374/399/524 376/354/524 375/398/524
f 376/354/524 163/683/524 390/684/524
f 390/684/524 163/683/524 162/685/524
f 390/684/524 162/685/524 391/686/524
f 391/686/524 162/685/524 392/687/524
f 392/687/524 162/685/524 161/688/524
f 392/687/524 161/688/524 393/689/524
f 393/689/524 161/688/524 160/690/524
f 393/689/524 160/690/524 159/691/524
f 393/689/524 159/691/524 394/692/524
f 394/692/524 159/691/524 158/693/524
f 394/692/524 158/693/524 395/694/524
f 395/694/524 158/693/524 157/695/524
f 395/694/524 157/695/524 396/696/524
f 396/696/524 157/695/524 156/697/524
f 396/696/524 156/697/524 397/698/524
f 397/698/524 156/697/524 155/699/524
f 397/698/524 155/699/524 398/700/524
f 398/700/524 155/699/524 154/701/524
f 398/700/524 154/701/524 399/702/524
f 399/702/524 154/701/524 153/703/524
f 399/702/524 153/703/524 152/704/524
f 399/702/524 152/704/524 400/705/524
f 400/705/524 152/704/524 151/706/524
f 400/705/524 151/706/524 401/707/524
f 401/707/524 151/706/524 402/708/524
f 402/708/524 151/706/524 150/709/524
f 402/708/524 150/709/524 349/332/524
f 349/332/524 150/709/524 355/367/524
f 349/332/524 355/367/524 354/368/524
f 355/367/524 150/709/524 356/372/524
f 356/372/524 150/709/524 149/675/524
f 380/710/524 379/711/524 378/344/524
f 378/344/524 379/711/524 413/712/524
f 378/344/524 413/712/524 347/338/524
f 347/338/524 413/712/524 412/713/524
f 347/338/524 412/713/524 411/714/524
f 411/714/524 410/715/524 347/338/524
f 347/338/524 410/715/524 409/716/524
f 347/338/524 409/716/524 408/717/524
f 408/717/524 407/718/524 347/338/524
f 347/338/524 407/718/524 348/335/524
f 348/335/524 407/718/524 406/719/524
f 348/335/524 406/719/524 405/720/524
f 405/720/524 404/721/524 348/335/524
f 348/335/524 404/721/524 349/332/524
f 349/332/524 404/721/524 403/722/524
f 349/332/524 403/722/524 402/708/524
f 390/684/524 389/723/524 376/354/524
f 376/354/524 389/723/524 388/724/524
f 376/354/524 388/724/524 377/351/524
f 377/351/524 388/724/524 387/725/524
f 377/351/524 387/725/524 386/726/524
f 386/726/524 385/727/524 377/351/524
f 377/351/524 385/727/524 378/344/524
f 378/344/524 385/727/524 384/728/524
f 378/344/524 384/728/524 383/729/524
f 383/729/524 382/730/524 378/344/524
f 378/344/524 382/730/524 381/731/524
f 378/344/524 381/731/524 380/710/524
f 354/368/524 353/404/524 349/332/524
f 349/332/524 353/404/524 352/405/524
f 349/332/524 352/405/524 351/406/524
f 351/406/524 350/407/524 349/332/524
usemtl Steel_-_Satin.001
f 442/732/525 414/733/526 456/734/526
f 456/735/526 414/736/526 415/737/527
f 456/735/526 415/737/528 455/738/529
f 455/738/529 415/737/527 416/739/530
f 455/738/531 416/739/532 454/740/533
f 454/740/534 416/739/532 417/741/535
f 454/740/534 417/741/535 453/742/536
f 453/742/537 417/741/538 418/743/539
f 453/742/540 418/743/539 452/744/541
f 452/744/541 418/743/539 419/745/542
f 452/744/543 419/745/542 451/746/544
f 451/746/545 419/745/542 420/747/546
f 451/746/544 420/747/547 450/748/548
f 450/748/548 420/747/546 421/749/549
f 450/748/548 421/749/549 449/750/550
f 449/750/550 421/749/549 422/751/551
f 449/750/550 422/751/551 448/752/552
f 448/752/553 422/751/554 423/753/555
f 448/752/553 423/753/556 447/754/557
f 447/754/558 423/753/556 424/755/559
f 447/754/558 424/755/559 425/756/560
f 447/754/558 425/756/560 446/757/561
f 446/757/562 425/756/560 426/758/563
f 446/757/562 426/758/563 445/759/564
f 445/759/565 426/758/563 427/760/566
f 445/759/564 427/760/566 444/761/567
f 444/761/567 427/760/566 428/762/568
f 444/761/567 428/762/568 443/763/569
f 443/763/569 428/762/568 429/764/570
f 443/763/569 429/764/570 468/765/571
f 468/765/571 429/764/570 430/766/572
f 468/765/571 430/766/572 467/767/573
f 467/767/574 430/766/572 431/768/575
f 467/767/573 431/768/575 466/769/576
f 466/769/576 431/768/575 432/770/577
f 466/769/578 432/770/577 465/771/579
f 465/771/579 432/770/577 433/772/580
f 465/771/579 433/772/580 434/773/581
f 465/771/582 434/773/581 464/774/583
f 464/774/583 434/773/584 435/775/585
f 464/774/586 435/775/587 463/776/588
f 463/776/588 435/775/587 436/777/589
f 463/776/588 436/777/589 462/778/590
f 462/778/590 436/777/589 437/779/591
f 462/778/590 437/779/592 461/780/593
f 461/780/594 437/779/591 438/781/595
f 461/780/593 438/781/595 460/782/596
f 460/782/597 438/781/595 439/783/598
f 460/782/597 439/783/598 459/784/599
f 459/784/600 439/783/598 440/785/601
f 459/784/602 440/785/603 458/786/604
f 458/786/604 440/785/603 441/787/605
f 458/786/606 441/787/607 457/788/608
f 457/788/609 441/787/605 442/732/525
f 457/788/609 442/732/610 456/734/526
f 470/789/295 552/790/611 469/791/295
f 469/791/295 552/790/611 561/792/612
f 469/791/295 561/792/612 742/793/613
f 742/793/613 561/792/612 560/794/614
f 742/793/613 560/794/614 743/795/615
f 743/795/615 560/794/614 559/796/24
f 743/795/615 559/796/24 744/797/616
f 744/797/616 559/796/24 558/798/617
f 744/797/616 558/798/617 745/799/618
f 745/799/618 558/798/617 557/800/619
f 745/799/618 557/800/619 746/801/620
f 746/801/620 557/800/619 507/501/367
f 746/801/620 507/501/367 508/802/621
f 552/790/611 470/789/295 562/803/622
f 562/803/623 470/789/295 471/804/295
f 562/803/623 471/804/295 567/805/624
f 567/805/624 471/804/295 472/806/295
f 567/805/624 472/806/295 572/807/625
f 572/807/625 472/806/295 473/808/295
f 572/807/625 473/808/295 577/809/626
f 577/809/626 473/808/295 474/810/295
f 577/809/626 474/810/295 582/811/627
f 582/811/627 474/810/295 475/812/295
f 582/811/627 475/812/295 587/813/628
f 587/813/628 475/812/295 476/814/295
f 587/813/628 476/814/295 592/815/629
f 592/815/630 476/814/295 477/816/295
f 592/815/629 477/816/295 597/817/631
f 597/817/631 477/816/295 478/818/295
f 597/817/631 478/818/295 602/819/632
f 602/819/632 478/818/295 479/820/295
f 602/819/632 479/820/295 607/821/633
f 607/821/633 479/820/295 480/822/295
f 607/821/633 480/822/295 612/823/634
f 612/823/635 480/822/295 481/824/295
f 612/823/634 481/824/295 617/825/636
f 617/825/636 481/824/295 482/826/295
f 617/825/636 482/826/295 622/827/637
f 622/827/637 482/826/295 483/828/295
f 622/827/637 483/828/295 627/829/638
f 627/829/638 483/828/295 484/830/295
f 627/829/638 484/830/295 632/831/639
f 632/831/639 484/830/295 485/832/295
f 632/831/639 485/832/295 637/833/640
f 637/833/640 485/832/295 486/834/295
f 637/833/640 486/834/295 642/835/641
f 642/835/642 486/834/295 487/836/295
f 642/835/642 487/836/295 647/837/643
f 647/837/643 487/836/295 488/838/295
f 647/837/643 488/838/295 547/839/644
f 547/840/644 488/841/295 652/842/645
f 547/840/644 652/842/645 653/843/646
f 653/843/646 652/842/645 658/844/647
f 653/843/648 658/844/647 659/845/649
f 659/845/649 658/844/647 664/846/650
f 659/845/649 664/846/651 665/847/652
f 665/847/652 664/846/650 670/848/653
f 665/847/652 670/848/653 671/849/654
f 671/849/655 670/848/653 676/850/656
f 671/849/654 676/850/656 522/851/657
f 522/851/657 676/850/656 521/852/658
f 521/852/658 676/850/656 681/853/659
f 521/852/658 681/853/660 520/854/661
f 520/854/661 681/853/659 686/855/662
f 520/854/661 686/855/663 519/856/664
f 519/856/664 686/855/663 691/857/665
f 519/856/664 691/857/666 518/858/667
f 518/858/667 691/857/666 696/859/668
f 518/858/667 696/859/668 517/860/138
f 517/860/138 696/859/668 701/861/669
f 517/860/138 701/861/669 516/862/670
f 516/862/670 701/861/669 706/863/671
f 516/862/670 706/863/671 515/864/672
f 515/864/672 706/863/671 711/865/673
f 515/864/672 711/865/673 514/866/674
f 514/866/674 711/865/673 716/867/675
f 514/866/674 716/867/676 513/868/677
f 513/868/677 716/867/676 721/869/678
f 513/868/677 721/869/678 512/870/679
f 512/870/679 721/869/678 726/871/680
f 512/870/679 726/871/680 511/872/681
f 511/872/681 726/871/680 731/873/682
f 511/872/681 731/873/682 510/874/683
f 510/874/683 731/873/684 736/875/685
f 510/874/683 736/875/685 509/876/686
f 509/876/686 736/875/685 741/877/687
f 509/876/686 741/877/687 508/802/621
f 508/802/621 741/877/687 746/801/620
f 488/841/295 489/878/295 652/842/645
f 652/842/645 489/878/295 657/879/688
f 652/842/645 657/879/688 658/844/647
f 658/844/647 657/879/688 663/880/689
f 658/844/647 663/880/689 664/846/650
f 664/846/650 663/880/689 669/881/690
f 664/846/650 669/881/690 670/848/653
f 670/848/653 669/881/691 675/882/692
f 670/848/653 675/882/692 676/850/656
f 676/850/656 675/882/692 681/853/659
f 489/878/295 490/883/295 657/879/688
f 657/879/688 490/883/295 662/884/693
f 657/879/694 662/884/693 663/880/689
f 663/880/689 662/884/693 668/885/695
f 663/880/689 668/885/695 669/881/691
f 669/881/691 668/885/695 674/886/56
f 669/881/690 674/886/56 675/882/692
f 675/882/692 674/886/56 680/887/696
f 675/882/692 680/887/696 681/853/659
f 681/853/660 680/887/696 686/855/663
f 490/883/295 491/888/295 662/884/693
f 662/884/693 491/888/295 667/889/697
f 662/884/693 667/889/697 668/885/695
f 668/885/695 667/889/697 673/890/698
f 668/885/695 673/890/699 674/886/56
f 674/886/56 673/890/699 679/891/700
f 674/886/56 679/891/701 680/887/696
f 680/887/696 679/891/701 685/892/702
f 680/887/696 685/892/702 686/855/662
f 686/855/662 685/892/702 691/857/666
f 491/888/295 492/893/295 667/889/697
f 667/889/697 492/893/295 672/894/703
f 667/889/697 672/894/703 673/890/699
f 673/890/704 672/894/703 678/895/705
f 673/890/699 678/895/705 679/891/700
f 679/891/701 678/895/705 684/896/706
f 679/891/701 684/896/706 685/892/702
f 685/892/702 684/896/706 690/897/707
f 685/892/702 690/897/707 691/857/666
f 691/857/666 690/897/707 696/859/668
f 492/893/295 493/898/295 672/894/703
f 672/894/703 493/898/295 677/899/708
f 672/894/703 677/899/708 678/895/705
f 678/895/705 677/899/708 683/900/709
f 678/895/705 683/900/709 684/896/706
f 684/896/706 683/900/709 689/901/710
f 684/896/706 689/901/710 690/897/707
f 690/897/707 689/901/710 695/902/711
f 690/897/707 695/902/711 696/859/668
f 696/859/668 695/902/711 701/861/669
f 493/898/295 494/903/295 677/899/708
f 677/899/708 494/903/295 682/904/712
f 677/899/708 682/904/712 683/900/709
f 683/900/709 682/904/712 688/905/713
f 683/900/709 688/905/713 689/901/710
f 689/901/710 688/905/713 694/906/714
f 689/901/710 694/906/714 695/902/711
f 695/902/711 694/906/714 700/907/354
f 695/902/715 700/907/354 701/861/669
f 701/861/669 700/907/354 706/863/671
f 494/903/295 495/908/295 682/904/712
f 682/904/712 495/908/295 687/909/716
f 682/904/712 687/909/717 688/905/713
f 688/905/713 687/909/717 693/910/718
f 688/905/713 693/910/718 694/906/714
f 694/906/714 693/910/718 699/911/46
f 694/906/714 699/911/46 700/907/354
f 700/907/354 699/911/46 705/912/719
f 700/907/354 705/912/719 706/863/671
f 706/863/671 705/912/719 711/865/720
f 495/908/295 496/913/295 687/909/717
f 687/909/716 496/913/295 692/914/721
f 687/909/717 692/914/721 693/910/718
f 693/910/718 692/914/721 698/915/722
f 693/910/718 698/915/722 699/911/46
f 699/911/46 698/915/722 704/916/723
f 699/911/46 704/916/723 705/912/719
f 705/912/719 704/916/723 710/917/724
f 705/912/719 710/917/725 711/865/720
f 711/865/720 710/917/724 716/867/675
f 496/913/295 497/918/295 692/914/721
f 692/914/721 497/918/295 697/919/726
f 692/914/721 697/919/726 698/915/722
f 698/915/722 697/919/726 703/920/727
f 698/915/722 703/920/727 704/916/723
f 704/916/723 703/920/727 709/921/728
f 704/916/723 709/921/728 710/917/724
f 710/917/724 709/921/728 715/922/729
f 710/917/724 715/922/729 716/867/675
f 716/867/675 715/922/729 721/869/730
f 497/918/295 498/923/295 697/919/726
f 697/919/726 498/923/295 702/924/731
f 697/919/726 702/924/731 703/920/732
f 703/920/727 702/924/731 708/925/733
f 703/920/732 708/925/733 709/921/728
f 709/921/728 708/925/733 714/926/734
f 709/921/728 714/926/734 715/922/729
f 715/922/729 714/926/734 720/927/735
f 715/922/729 720/927/735 721/869/736
f 721/869/678 720/927/735 726/871/680
f 498/923/295 499/928/295 702/924/731
f 702/924/731 499/928/295 707/929/737
f 702/924/731 707/929/738 708/925/733
f 708/925/733 707/929/737 713/930/739
f 708/925/733 713/930/739 714/926/734
f 714/926/734 713/930/739 719/931/740
f 714/926/741 719/931/740 720/927/742
f 720/927/735 719/931/740 725/932/743
f 720/927/735 725/932/743 726/871/680
f 726/871/680 725/932/743 731/873/682
f 499/928/295 500/933/295 707/929/737
f 707/929/737 500/933/295 712/934/744
f 707/929/738 712/934/744 713/930/739
f 713/930/739 712/934/744 718/935/745
f 713/930/739 718/935/745 719/931/740
f 719/931/746 718/935/745 724/936/36
f 719/931/740 724/936/36 725/932/743
f 725/932/743 724/936/36 730/937/747
f 725/932/743 730/937/747 731/873/682
f 731/873/682 730/937/747 736/875/748
f 500/933/295 501/938/295 712/934/744
f 712/934/744 501/938/295 717/939/749
f 712/934/744 717/939/749 718/935/745
f 718/935/745 717/939/749 723/940/750
f 718/935/745 723/940/751 724/936/36
f 724/936/36 723/940/750 729/941/752
f 724/936/36 729/941/752 730/937/747
f 730/937/747 729/941/752 735/942/753
f 730/937/747 735/942/753 736/875/748
f 736/875/685 735/942/753 741/877/754
f 501/938/295 502/943/295 717/939/749
f 717/939/749 502/943/295 722/944/755
f 717/939/749 722/944/755 723/940/751
f 723/940/750 722/944/755 728/945/756
f 723/940/757 728/945/756 729/941/752
f 729/941/752 728/945/756 734/946/758
f 729/941/752 734/946/758 735/942/753
f 735/942/753 734/946/758 740/947/759
f 735/942/753 740/947/759 741/877/687
f 741/877/687 740/947/759 746/801/620
f 502/943/295 503/948/295 722/944/755
f 722/944/755 503/948/295 727/949/760
f 722/944/755 727/949/760 728/945/756
f 728/945/756 727/949/760 733/950/761
f 728/945/756 733/950/761 734/946/758
f 734/946/758 733/950/761 739/951/762
f 734/946/758 739/951/762 740/947/759
f 740/947/759 739/951/762 745/799/618
f 740/947/759 745/799/618 746/801/620
f 503/948/295 504/952/295 727/949/760
f 727/949/760 504/952/295 732/953/763
f 727/949/760 732/953/763 733/950/761
f 733/950/761 732/953/763 738/954/764
f 733/950/761 738/954/764 739/951/762
f 739/951/762 738/954/764 744/797/616
f 739/951/762 744/797/616 745/799/618
f 504/952/295 505/955/295 732/953/763
f 732/953/763 505/955/295 737/956/765
f 732/953/763 737/956/766 738/954/764
f 738/954/764 737/956/766 743/795/615
f 738/954/764 743/795/615 744/797/616
f 505/955/295 506/957/295 737/956/766
f 737/956/765 506/957/295 742/793/613
f 737/956/765 742/793/613 743/795/615
f 506/957/295 469/791/295 742/793/767
f 522/851/657 523/958/768 671/849/655
f 671/849/655 523/958/768 666/959/769
f 671/849/655 666/959/769 665/847/652
f 665/847/652 666/959/770 660/960/771
f 665/847/652 660/960/772 659/845/649
f 659/845/649 660/960/771 654/961/773
f 659/845/649 654/961/773 653/843/646
f 653/843/646 654/961/773 548/962/774
f 653/843/646 548/962/774 547/840/644
f 547/839/644 548/963/774 647/837/643
f 523/958/768 524/964/775 666/959/770
f 666/959/769 524/964/775 661/965/776
f 666/959/770 661/965/777 660/960/771
f 660/960/771 661/965/776 655/966/778
f 660/960/771 655/966/778 654/961/773
f 654/961/773 655/966/778 549/967/67
f 654/961/773 549/967/67 548/962/774
f 548/963/774 549/968/67 648/969/779
f 548/963/774 648/969/780 647/837/643
f 647/837/643 648/969/779 642/835/641
f 524/964/775 525/970/781 661/965/777
f 661/965/776 525/970/781 656/971/782
f 661/965/776 656/971/782 655/966/778
f 655/966/778 656/971/782 550/972/783
f 655/966/778 550/972/783 549/967/67
f 549/968/67 550/973/783 649/974/784
f 549/968/67 649/974/784 648/969/779
f 648/969/779 649/974/784 643/975/785
f 648/969/780 643/975/785 642/835/642
f 642/835/641 643/975/785 637/833/640
f 525/970/781 526/976/786 656/971/782
f 656/971/782 526/976/786 551/977/787
f 656/971/782 551/977/787 550/972/783
f 550/973/783 551/978/787 650/979/788
f 550/973/783 650/979/788 649/974/784
f 649/974/784 650/979/788 644/980/789
f 649/974/784 644/980/789 643/975/785
f 643/975/785 644/980/789 638/981/790
f 643/975/785 638/981/790 637/833/640
f 637/833/640 638/981/790 632/831/639
f 526/976/786 527/982/524 551/977/787
f 551/978/787 527/983/524 651/984/791
f 551/978/787 651/984/791 650/979/788
f 650/979/788 651/984/791 645/985/792
f 650/979/788 645/985/792 644/980/789
f 644/980/789 645/985/793 639/986/794
f 644/980/789 639/986/795 638/981/790
f 638/981/790 639/986/795 633/987/796
f 638/981/790 633/987/796 632/831/639
f 632/831/639 633/987/796 627/829/638
f 527/983/524 528/988/797 651/984/791
f 651/984/791 528/988/797 646/989/798
f 651/984/791 646/989/799 645/985/792
f 645/985/792 646/989/799 640/990/800
f 645/985/792 640/990/800 639/986/795
f 639/986/795 640/990/800 634/991/801
f 639/986/795 634/991/802 633/987/796
f 633/987/796 634/991/802 628/992/803
f 633/987/796 628/992/804 627/829/638
f 627/829/638 628/992/805 622/827/637
f 528/988/797 529/993/806 646/989/799
f 646/989/799 529/993/806 641/994/807
f 646/989/799 641/994/808 640/990/800
f 640/990/800 641/994/808 635/995/809
f 640/990/800 635/995/809 634/991/801
f 634/991/802 635/995/809 629/996/77
f 634/991/801 629/996/77 628/992/803
f 628/992/805 629/996/77 623/997/810
f 628/992/804 623/997/810 622/827/637
f 622/827/637 623/997/810 617/825/636
f 529/993/806 530/998/811 641/994/807
f 641/994/807 530/998/811 636/999/812
f 641/994/807 636/999/812 635/995/809
f 635/995/809 636/999/812 630/1000/813
f 635/995/809 630/1000/813 629/996/77
f 629/996/77 630/1000/813 624/1001/814
f 629/996/77 624/1001/815 623/997/810
f 623/997/810 624/1001/814 618/1002/816
f 623/997/810 618/1002/816 617/825/636
f 617/825/636 618/1002/816 612/823/635
f 530/998/811 531/1003/817 636/999/812
f 636/999/818 531/1003/817 631/1004/819
f 636/999/812 631/1004/819 630/1000/813
f 630/1000/813 631/1004/819 625/1005/820
f 630/1000/813 625/1005/820 624/1001/814
f 624/1001/814 625/1005/820 619/1006/821
f 624/1001/814 619/1006/822 618/1002/816
f 618/1002/816 619/1006/821 613/1007/823
f 618/1002/816 613/1007/823 612/823/634
f 612/823/634 613/1007/823 607/821/633
f 531/1003/817 532/1008/824 631/1004/819
f 631/1004/819 532/1008/824 626/1009/825
f 631/1004/819 626/1009/825 625/1005/820
f 625/1005/820 626/1009/826 620/1010/827
f 625/1005/820 620/1010/827 619/1006/821
f 619/1006/821 620/1010/827 614/1011/828
f 619/1006/821 614/1011/828 613/1007/823
f 613/1007/823 614/1011/828 608/1012/829
f 613/1007/823 608/1012/829 607/821/633
f 607/821/633 608/1012/829 602/819/632
f 532/1008/824 533/1013/830 626/1009/831
f 626/1009/825 533/1013/830 621/1014/832
f 626/1009/825 621/1014/832 620/1010/827
f 620/1010/827 621/1014/832 615/1015/833
f 620/1010/827 615/1015/833 614/1011/828
f 614/1011/828 615/1015/833 609/1016/834
f 614/1011/828 609/1016/834 608/1012/829
f 608/1012/829 609/1016/834 603/1017/835
f 608/1012/829 603/1017/835 602/819/632
f 602/819/632 603/1017/835 597/817/631
f 533/1013/830 534/1018/836 621/1014/837
f 621/1014/837 534/1018/836 616/1019/838
f 621/1014/837 616/1019/839 615/1015/833
f 615/1015/840 616/1019/838 610/1020/841
f 615/1015/833 610/1020/841 609/1016/834
f 609/1016/834 610/1020/841 604/1021/2
f 609/1016/834 604/1021/2 603/1017/835
f 603/1017/835 604/1021/2 598/1022/842
f 603/1017/835 598/1022/842 597/817/631
f 597/817/631 598/1022/842 592/815/630
f 534/1018/836 535/1023/843 616/1019/838
f 616/1019/838 535/1023/843 611/1024/844
f 616/1019/839 611/1024/844 610/1020/841
f 610/1020/841 611/1024/844 605/1025/306
f 610/1020/841 605/1025/306 604/1021/2
f 604/1021/2 605/1025/306 599/1026/845
f 604/1021/2 599/1026/845 598/1022/842
f 598/1022/842 599/1026/845 593/1027/846
f 598/1022/842 593/1027/846 592/815/630
f 592/815/630 593/1027/846 587/813/628
f 535/1023/843 536/1028/847 611/1024/844
f 611/1024/844 536/1028/847 606/1029/848
f 611/1024/844 606/1029/848 605/1025/306
f 605/1025/306 606/1029/848 600/1030/849
f 605/1025/306 600/1030/849 599/1026/845
f 599/1026/845 600/1030/849 594/1031/850
f 599/1026/845 594/1031/850 593/1027/846
f 593/1027/846 594/1031/850 588/1032/851
f 593/1027/846 588/1032/851 587/813/628
f 587/813/628 588/1032/851 582/811/627
f 536/1028/847 537/1033/92 606/1029/848
f 606/1029/848 537/1033/92 601/1034/852
f 606/1029/848 601/1034/852 600/1030/849
f 600/1030/849 601/1034/852 595/1035/853
f 600/1030/849 595/1035/853 594/1031/850
f 594/1031/850 595/1035/853 589/1036/854
f 594/1031/850 589/1036/854 588/1032/851
f 588/1032/851 589/1036/854 583/1037/855
f 588/1032/851 583/1037/855 582/811/627
f 582/811/627 583/1037/855 577/809/626
f 537/1033/92 538/1038/856 601/1034/852
f 601/1034/852 538/1038/856 596/1039/857
f 601/1034/852 596/1039/857 595/1035/853
f 595/1035/853 596/1039/858 590/1040/859
f 595/1035/853 590/1040/859 589/1036/854
f 589/1036/854 590/1040/859 584/1041/860
f 589/1036/854 584/1041/860 583/1037/855
f 583/1037/855 584/1041/861 578/1042/862
f 583/1037/855 578/1042/863 577/809/626
f 577/809/626 578/1042/863 572/807/625
f 538/1038/856 539/1043/864 596/1039/858
f 596/1039/857 539/1043/864 591/1044/865
f 596/1039/857 591/1044/866 590/1040/859
f 590/1040/859 591/1044/866 585/1045/867
f 590/1040/859 585/1045/867 584/1041/860
f 584/1041/860 585/1045/867 579/1046/13
f 584/1041/868 579/1046/13 578/1042/863
f 578/1042/862 579/1046/13 573/1047/869
f 578/1042/870 573/1047/869 572/807/625
f 572/807/625 573/1047/869 567/805/624
f 539/1043/864 540/1048/871 591/1044/865
f 591/1044/865 540/1048/871 586/1049/872
f 591/1044/865 586/1049/873 585/1045/867
f 585/1045/867 586/1049/873 580/1050/874
f 585/1045/867 580/1050/874 579/1046/13
f 579/1046/13 580/1050/874 574/1051/875
f 579/1046/13 574/1051/875 573/1047/869
f 573/1047/869 574/1051/875 568/1052/876
f 573/1047/869 568/1052/876 567/805/624
f 567/805/624 568/1052/876 562/803/622
f 540/1048/871 541/1053/877 586/1049/873
f 586/1049/873 541/1053/877 581/1054/878
f 586/1049/873 581/1054/878 580/1050/874
f 580/1050/874 581/1054/878 575/1055/879
f 580/1050/874 575/1055/880 574/1051/875
f 574/1051/875 575/1055/879 569/1056/881
f 574/1051/875 569/1056/881 568/1052/876
f 568/1052/876 569/1056/881 563/1057/882
f 568/1052/876 563/1057/882 562/803/622
f 562/803/622 563/1057/882 552/790/611
f 541/1053/877 542/1058/883 581/1054/878
f 581/1054/878 542/1058/883 576/1059/884
f 581/1054/878 576/1059/884 575/1055/880
f 575/1055/880 576/1059/885 570/1060/886
f 575/1055/880 570/1060/886 569/1056/881
f 569/1056/881 570/1060/886 564/1061/887
f 569/1056/881 564/1061/887 563/1057/882
f 563/1057/882 564/1061/887 553/1062/888
f 563/1057/882 553/1062/888 552/790/611
f 552/790/611 553/1062/888 561/792/612
f 542/1058/883 543/1063/889 576/1059/884
f 576/1059/884 543/1063/889 571/1064/890
f 576/1059/884 571/1064/891 570/1060/886
f 570/1060/886 571/1064/890 565/1065/892
f 570/1060/886 565/1065/892 564/1061/887
f 564/1061/887 565/1065/892 554/1066/893
f 564/1061/887 554/1066/893 553/1062/888
f 553/1062/888 554/1066/893 560/794/614
f 553/1062/888 560/794/614 561/792/612
f 543/1063/889 544/1067/894 571/1064/890
f 571/1064/891 544/1067/894 566/1068/895
f 571/1064/891 566/1068/895 565/1065/892
f 565/1065/892 566/1068/895 555/1069/896
f 565/1065/892 555/1069/896 554/1066/893
f 554/1066/893 555/1069/896 559/796/24
f 554/1066/893 559/796/24 560/794/614
f 544/1067/894 545/1070/897 566/1068/895
f 566/1068/895 545/1070/897 556/1071/898
f 566/1068/899 556/1071/898 555/1069/896
f 555/1069/896 556/1071/898 558/798/617
f 555/1069/896 558/798/617 559/796/24
f 545/1070/897 546/1072/900 556/1071/898
f 556/1071/898 546/1072/900 557/800/619
f 556/1071/898 557/800/619 558/798/617
f 546/1072/900 507/501/367 557/800/619
f 748/1073/295 494/1074/295 747/1075/295
f 747/1075/295 494/1074/295 493/1076/295
f 747/1075/295 493/1076/295 492/1077/295
f 749/1078/295 501/1079/295 748/1073/295
f 748/1073/295 501/1079/295 500/1080/295
f 748/1073/295 500/1080/295 499/1081/295
f 750/1082/295 469/1083/295 749/1078/295
f 749/1078/295 469/1083/295 506/1084/295
f 749/1078/295 506/1084/295 505/1085/295
f 751/1086/295 475/1087/295 750/1082/295
f 750/1082/295 475/1087/295 474/1088/295
f 750/1082/295 474/1088/295 473/1089/295
f 752/1090/295 482/1091/295 751/1086/295
f 751/1086/295 482/1091/295 481/1092/295
f 751/1086/295 481/1092/295 480/1093/295
f 747/1075/295 488/1094/295 752/1090/295
f 752/1090/295 488/1094/295 487/1095/295
f 752/1090/295 487/1095/295 486/1096/295
f 505/1085/295 504/1097/295 749/1078/295
f 749/1078/295 504/1097/295 503/1098/295
f 749/1078/295 503/1098/295 502/1099/295
f 502/1099/295 501/1079/295 749/1078/295
f 499/1081/295 498/1100/295 748/1073/295
f 748/1073/295 498/1100/295 497/1101/295
f 748/1073/295 497/1101/295 496/1102/295
f 496/1102/295 495/1103/295 748/1073/295
f 748/1073/295 495/1103/295 494/1074/295
f 492/1077/295 491/1104/295 747/1075/295
f 747/1075/295 491/1104/295 490/1105/295
f 747/1075/295 490/1105/295 489/1106/295
f 489/1106/295 488/1094/295 747/1075/295
f 486/1096/295 485/1107/295 752/1090/295
f 752/1090/295 485/1107/295 484/1108/295
f 752/1090/295 484/1108/295 483/1109/295
f 483/1109/295 482/1091/295 752/1090/295
f 480/1093/295 479/1110/295 751/1086/295
f 751/1086/295 479/1110/295 478/1111/295
f 751/1086/295 478/1111/295 477/1112/295
f 477/1112/295 476/1113/295 751/1086/295
f 751/1086/295 476/1113/295 475/1087/295
f 473/1089/295 472/1114/295 750/1082/295
f 750/1082/295 472/1114/295 471/1115/295
f 750/1082/295 471/1115/295 470/1116/295
f 470/1116/295 469/1083/295 750/1082/295
f 754/1117/621 508/1118/621 753/1119/367
f 753/1119/367 508/1118/621 507/1120/367
f 753/1119/367 507/1120/367 792/1121/900
f 792/1121/900 507/1120/367 546/1122/900
f 792/1121/900 546/1122/900 791/1123/897
f 791/1123/897 546/1122/900 545/1124/897
f 791/1123/897 545/1124/897 790/1125/894
f 790/1125/894 545/1124/897 544/1126/894
f 790/1125/894 544/1126/894 789/1127/889
f 789/1127/889 544/1126/894 543/1128/889
f 789/1127/889 543/1128/889 788/1129/883
f 788/1129/883 543/1128/889 542/1130/883
f 788/1129/883 542/1130/883 787/1131/877
f 787/1131/877 542/1130/883 541/1132/877
f 787/1131/877 541/1132/877 786/1133/871
f 786/1133/871 541/1132/877 540/1134/871
f 786/1133/871 540/1134/871 785/1135/864
f 785/1135/864 540/1134/871 539/1136/864
f 785/1135/864 539/1136/864 784/1137/901
f 784/1137/856 539/1136/864 538/1138/856
f 784/1137/856 538/1138/856 783/1139/92
f 783/1139/92 538/1138/856 537/1140/92
f 783/1139/92 537/1140/92 782/1141/847
f 782/1141/847 537/1140/92 536/1142/847
f 782/1141/902 536/1142/902 781/1143/843
f 781/1143/843 536/1142/847 535/1144/843
f 781/1143/843 535/1144/843 780/1145/836
f 780/1145/836 535/1144/843 534/1146/836
f 780/1145/836 534/1146/836 779/1147/830
f 779/1147/830 534/1146/836 533/1148/830
f 779/1147/830 533/1148/830 778/1149/824
f 778/1149/824 533/1148/830 532/1150/824
f 778/1149/824 532/1150/824 777/1151/817
f 777/1151/817 532/1150/824 531/1152/817
f 777/1151/817 531/1152/817 776/1153/811
f 776/1153/811 531/1152/817 530/1154/811
f 776/1153/811 530/1154/811 775/1155/806
f 775/1155/806 530/1154/811 529/1156/806
f 775/1155/806 529/1156/806 774/1157/797
f 774/1157/797 529/1156/806 528/1158/797
f 774/1157/797 528/1158/797 773/1159/524
f 773/1159/524 528/1158/797 527/1160/524
f 773/1161/524 527/1162/524 772/1163/786
f 772/1163/786 527/1162/524 526/1164/786
f 772/1163/786 526/1164/786 771/1165/781
f 771/1165/781 526/1164/786 525/1166/781
f 771/1165/781 525/1166/781 770/1167/775
f 770/1167/775 525/1166/781 524/1168/775
f 770/1167/775 524/1168/775 769/1169/768
f 769/1169/768 524/1168/775 523/1170/768
f 769/1169/768 523/1170/768 768/1171/657
f 768/1171/657 523/1170/768 522/1172/657
f 768/1171/657 522/1172/657 767/1173/658
f 767/1173/658 522/1172/657 521/1174/658
f 767/1173/658 521/1174/658 766/1175/661
f 766/1175/661 521/1174/658 520/1176/661
f 766/1175/661 520/1176/661 765/1177/664
f 765/1177/664 520/1176/661 519/1178/664
f 765/1177/664 519/1178/664 764/1179/667
f 764/1179/903 519/1178/664 518/1180/903
f 764/1179/667 518/1180/667 763/1181/138
f 763/1181/138 518/1180/667 517/1182/138
f 763/1181/138 517/1182/138 762/1183/670
f 762/1183/670 517/1182/138 516/1184/670
f 762/1183/670 516/1184/670 761/1185/672
f 761/1185/672 516/1184/904 515/1186/672
f 761/1185/672 515/1186/672 760/1187/674
f 760/1187/674 515/1186/672 514/1188/674
f 760/1187/674 514/1188/674 759/1189/677
f 759/1189/677 514/1188/674 513/1190/677
f 759/1189/677 513/1190/677 758/1191/679
f 758/1191/679 513/1190/677 512/1192/679
f 758/1191/679 512/1192/679 757/1193/681
f 757/1193/681 512/1192/679 511/1194/681
f 757/1193/681 511/1194/681 756/1195/683
f 756/1195/683 511/1194/681 510/1196/683
f 756/1195/683 510/1196/683 755/1197/686
f 755/1197/686 510/1196/683 509/1198/686
f 755/1197/686 509/1198/686 754/1117/621
f 754/1117/621 509/1198/686 508/1118/621
f 793/1199/905 794/501/905 795/1200/905
f 793/1199/906 795/501/906 796/1200/906
f 793/1199/907 796/501/907 797/1200/907
f 793/1199/908 797/501/908 798/1200/908
f 793/1199/909 798/501/909 799/1200/909
f 793/1199/910 799/501/910 794/1200/910
f 748/1201/911 747/501/911 794/1202/911
f 794/1202/911 747/501/911 795/1203/911
f 747/1201/367 752/501/367 795/1202/367
f 795/1202/367 752/501/367 796/1203/367
f 752/1201/912 751/501/912 796/1202/912
f 796/1202/912 751/501/912 797/1203/912
f 751/1201/913 750/501/913 797/1202/913
f 797/1202/913 750/501/913 798/1203/913
f 750/1201/524 749/501/524 798/1202/524
f 798/1202/524 749/501/524 799/1203/524
f 749/1201/914 748/501/914 799/1202/914
f 799/1202/914 748/501/914 794/1203/914
f 442/1204/915 831/1205/915 414/1206/524
f 414/1206/524 831/1205/915 829/1207/524
f 414/1208/524 829/1209/524 415/1210/916
f 415/1210/916 829/1209/524 885/1211/916
f 415/1210/916 885/1211/916 416/1212/917
f 416/1212/917 885/1211/918 883/1213/917
f 416/1212/917 883/1213/917 417/1214/919
f 417/1214/919 883/1213/917 881/1215/919
f 417/1214/919 881/1215/919 418/1216/920
f 418/1216/920 881/1215/919 879/1217/920
f 418/1216/920 879/1217/920 419/1218/921
f 419/1218/921 879/1217/920 877/1219/921
f 419/1218/921 877/1219/921 420/1220/922
f 420/1220/922 877/1219/921 875/1221/922
f 420/1220/922 875/1221/922 421/1222/923
f 421/1222/923 875/1221/922 873/1223/923
f 421/1222/923 873/1223/923 422/1224/924
f 422/1224/924 873/1223/923 871/1225/924
f 422/1224/924 871/1225/924 423/1226/925
f 423/1226/925 871/1225/924 869/1227/925
f 423/1226/925 869/1227/925 424/1228/926
f 424/1228/926 869/1227/925 867/1229/926
f 424/1228/926 867/1229/926 425/1230/927
f 425/1230/927 867/1229/926 865/1231/927
f 425/1230/927 865/1231/927 426/1232/928
f 426/1232/929 865/1231/927 863/1233/929
f 426/1232/929 863/1233/929 427/1234/930
f 427/1234/930 863/1233/931 861/1235/930
f 427/1234/930 861/1235/930 428/1236/932
f 428/1236/932 861/1235/930 859/1237/932
f 428/1236/932 859/1237/932 429/1238/933
f 429/1238/933 859/1237/932 857/1239/933
f 429/1238/933 857/1239/933 430/1240/934
f 430/1240/934 857/1239/933 855/1241/934
f 430/1240/934 855/1241/934 431/1242/935
f 431/1242/935 855/1241/934 853/1243/935
f 431/1242/935 853/1243/935 432/1244/936
f 432/1244/936 853/1243/937 851/1245/936
f 432/1244/936 851/1245/936 433/1246/938
f 433/1246/938 851/1245/936 849/1247/938
f 433/1246/938 849/1247/938 434/1248/939
f 434/1248/939 849/1247/940 847/1249/939
f 434/1248/939 847/1249/939 435/1250/941
f 435/1250/941 847/1249/939 845/1251/941
f 435/1250/941 845/1251/941 436/1252/942
f 436/1252/942 845/1251/941 843/1253/942
f 436/1252/942 843/1253/942 437/1254/943
f 437/1254/943 843/1253/942 841/1255/943
f 437/1254/943 841/1255/943 438/1256/944
f 438/1256/944 841/1255/943 839/1257/944
f 438/1256/944 839/1257/944 439/1258/945
f 439/1258/945 839/1257/944 837/1259/945
f 439/1258/945 837/1259/945 440/1260/946
f 440/1260/946 837/1259/945 835/1261/946
f 440/1260/946 835/1261/946 441/1262/947
f 441/1262/947 835/1261/946 833/1263/947
f 441/1262/947 833/1263/947 442/1204/948
f 442/1204/915 833/1263/947 831/1205/915
f 801/1264/916 886/1265/916 800/1266/524
f 800/1266/524 886/1265/916 830/1267/524
f 800/1268/524 830/1269/524 828/1270/915
f 828/1270/915 830/1269/524 832/1271/915
f 828/1270/915 832/1271/915 827/1272/947
f 827/1272/947 832/1271/948 834/1273/947
f 827/1272/947 834/1273/947 826/1274/946
f 826/1274/946 834/1273/947 836/1275/946
f 826/1274/946 836/1275/946 825/1276/945
f 825/1276/945 836/1275/949 838/1277/945
f 825/1276/945 838/1277/945 824/1278/944
f 824/1278/944 838/1277/945 840/1279/944
f 824/1278/944 840/1279/944 823/1280/943
f 823/1280/943 840/1279/944 842/1281/943
f 823/1280/943 842/1281/943 822/1282/942
f 822/1282/942 842/1281/943 844/1283/942
f 822/1282/942 844/1283/942 821/1284/941
f 821/1284/941 844/1283/942 846/1285/941
f 821/1284/941 846/1285/941 820/1286/939
f 820/1286/939 846/1285/941 848/1287/939
f 820/1286/939 848/1287/939 819/1288/940
f 819/1288/938 848/1287/939 850/1289/938
f 819/1288/938 850/1289/938 818/1290/936
f 818/1290/936 850/1289/938 852/1291/936
f 818/1290/936 852/1291/936 817/1292/937
f 817/1292/937 852/1291/936 854/1293/937
f 817/1292/935 854/1293/935 816/1294/934
f 816/1294/934 854/1293/935 856/1295/934
f 816/1294/934 856/1295/934 815/1296/933
f 815/1296/933 856/1295/934 858/1297/933
f 815/1296/933 858/1297/933 814/1298/932
f 814/1298/932 858/1297/933 860/1299/932
f 814/1298/932 860/1299/932 813/1300/930
f 813/1300/930 860/1299/932 862/1301/930
f 813/1300/930 862/1301/930 812/1302/929
f 812/1302/929 862/1301/930 864/1303/929
f 812/1302/928 864/1303/928 811/1304/927
f 811/1304/927 864/1303/928 866/1305/927
f 811/1304/927 866/1305/927 810/1306/926
f 810/1306/926 866/1305/927 868/1307/926
f 810/1306/926 868/1307/926 809/1308/925
f 809/1308/925 868/1307/926 870/1309/925
f 809/1308/925 870/1309/925 808/1310/924
f 808/1310/924 870/1309/925 872/1311/924
f 808/1310/924 872/1311/924 807/1312/923
f 807/1312/923 872/1311/924 874/1313/923
f 807/1312/923 874/1313/923 806/1314/922
f 806/1314/922 874/1313/923 876/1315/922
f 806/1314/922 876/1315/922 805/1316/921
f 805/1316/921 876/1315/922 878/1317/921
f 805/1316/921 878/1317/921 804/1318/920
f 804/1318/920 878/1317/921 880/1319/920
f 804/1318/920 880/1319/920 803/1320/919
f 803/1320/919 880/1319/920 882/1321/919
f 803/1320/919 882/1321/919 802/1322/917
f 802/1322/917 882/1321/919 884/1323/917
f 802/1322/917 884/1323/917 801/1264/918
f 801/1264/916 884/1323/917 886/1265/916
f 829/1209/524 830/1267/524 885/1211/916
f 885/1211/916 830/1267/524 886/1265/916
f 885/1211/916 886/1265/916 883/1213/917
f 883/1213/917 886/1265/918 884/1323/917
f 883/1213/917 884/1323/917 881/1215/919
f 881/1215/919 884/1323/917 882/1321/919
f 881/1215/919 882/1321/919 879/1217/920
f 879/1217/920 882/1321/950 880/1319/920
f 879/1217/920 880/1319/920 877/1219/921
f 877/1219/921 880/1319/920 878/1317/921
f 877/1219/921 878/1317/921 875/1221/922
f 875/1221/922 878/1317/921 876/1315/922
f 875/1221/922 876/1315/922 873/1223/923
f 873/1223/923 876/1315/922 874/1313/923
f 873/1223/923 874/1313/923 871/1225/924
f 871/1225/924 874/1313/923 872/1311/924
f 871/1225/924 872/1311/924 869/1227/925
f 869/1227/925 872/1311/924 870/1309/925
f 869/1227/925 870/1309/925 867/1229/926
f 867/1229/926 870/1309/925 868/1307/926
f 867/1229/926 868/1307/926 865/1231/951
f 865/1231/927 868/1307/926 866/1305/927
f 865/1231/927 866/1305/927 863/1233/928
f 863/1233/928 866/1305/927 864/1303/928
f 863/1233/929 864/1303/929 861/1235/930
f 861/1235/930 864/1303/929 862/1301/930
f 861/1235/930 862/1301/930 859/1237/932
f 859/1237/932 862/1301/930 860/1299/932
f 859/1237/932 860/1299/932 857/1239/933
f 857/1239/933 860/1299/932 858/1297/933
f 857/1239/933 858/1297/933 855/1241/934
f 855/1241/934 858/1297/933 856/1295/934
f 855/1241/934 856/1295/934 853/1243/935
f 853/1243/935 856/1295/934 854/1293/935
f 853/1243/937 854/1293/937 851/1245/936
f 851/1245/936 854/1293/937 852/1291/936
f 851/1245/936 852/1291/936 849/1247/938
f 849/1247/938 852/1291/936 850/1289/938
f 849/1247/938 850/1289/938 847/1249/939
f 847/1249/939 850/1289/938 848/1287/939
f 847/1249/939 848/1287/939 845/1251/941
f 845/1251/941 848/1287/939 846/1285/941
f 845/1251/941 846/1285/941 843/1253/942
f 843/1253/942 846/1285/941 844/1283/942
f 843/1253/942 844/1283/942 841/1255/943
f 841/1255/943 844/1283/942 842/1281/943
f 841/1255/943 842/1281/943 839/1257/944
f 839/1257/944 842/1281/943 840/1279/944
f 839/1257/944 840/1279/944 837/1259/945
f 837/1259/945 840/1279/944 838/1277/945
f 837/1259/945 838/1277/945 835/1261/949
f 835/1261/946 838/1277/945 836/1275/946
f 835/1261/946 836/1275/946 833/1263/947
f 833/1263/947 836/1275/946 834/1273/947
f 833/1263/947 834/1273/947 831/1205/948
f 831/1205/915 834/1273/947 832/1271/915
f 831/1205/915 832/1271/915 829/1207/524
f 829/1207/524 832/1271/915 830/1269/524
f 468/1324/329 457/1325/329 443/1326/329
f 443/1326/329 457/1325/329 456/1327/329
f 443/1326/329 456/1327/329 444/1328/329
f 444/1328/329 456/1327/329 455/1329/329
f 444/1328/329 455/1329/329 445/1330/329
f 445/1330/329 455/1329/329 454/1331/329
f 445/1330/329 454/1331/329 446/1332/329
f 446/1332/329 454/1331/329 453/1333/329
f 446/1332/329 453/1333/329 447/1334/329
f 447/1334/329 453/1333/329 452/1335/329
f 447/1334/329 452/1335/329 448/1336/329
f 448/1336/329 452/1335/329 451/1337/329
f 448/1336/329 451/1337/329 449/1338/329
f 449/1338/329 451/1337/329 450/1339/329
f 457/1325/329 468/1324/329 458/1340/329
f 458/1340/329 468/1324/329 467/1341/329
f 458/1340/329 467/1341/329 459/1342/329
f 459/1342/329 467/1341/329 466/1343/329
f 459/1342/329 466/1343/329 460/1344/329
f 460/1344/329 466/1343/329 465/1345/329
f 460/1344/329 465/1345/329 461/1346/329
f 461/1346/329 465/1345/329 464/1347/329
f 461/1346/329 464/1347/329 462/1348/329
f 462/1348/329 464/1347/329 463/1349/329
f 792/1350/329 815/1351/329 753/1352/329
f 753/1352/329 815/1351/329 814/1353/329
f 753/1352/329 814/1353/329 754/1354/329
f 754/1354/329 814/1353/329 813/1355/329
f 754/1354/329 813/1355/329 755/1356/329
f 755/1356/329 813/1355/329 756/1357/329
f 756/1357/329 813/1355/329 812/1358/329
f 756/1357/329 812/1358/329 757/1359/329
f 757/1359/329 812/1358/329 811/1360/329
f 757/1359/329 811/1360/329 758/1361/329
f 758/1361/329 811/1360/329 759/1362/329
f 759/1362/329 811/1360/329 810/1363/329
f 759/1362/329 810/1363/329 760/1364/329
f 760/1364/329 810/1363/329 809/1365/329
f 760/1364/329 809/1365/329 761/1366/329
f 761/1366/329 809/1365/329 808/1367/329
f 761/1366/329 808/1367/329 762/1368/329
f 762/1368/329 808/1367/329 763/1369/329
f 763/1369/329 808/1367/329 807/1370/329
f 763/1369/329 807/1370/329 764/1371/329
f 764/1371/329 807/1370/329 806/1372/329
f 764/1371/329 806/1372/329 765/1373/329
f 765/1373/329 806/1372/329 805/1374/329
f 765/1373/329 805/1374/329 766/1375/329
f 766/1375/329 805/1374/329 767/1376/329
f 767/1376/329 805/1374/329 804/1377/329
f 767/1376/329 804/1377/329 768/1378/329
f 768/1378/329 804/1377/329 803/1379/329
f 768/1378/329 803/1379/329 769/1380/329
f 769/1380/329 803/1379/329 770/1381/329
f 770/1381/329 803/1379/329 802/1382/329
f 770/1381/329 802/1382/329 771/1383/329
f 771/1383/329 802/1382/329 801/1384/329
f 771/1383/329 801/1384/329 772/1385/329
f 772/1385/329 801/1384/329 800/1386/329
f 772/1385/329 800/1386/329 773/1387/329
f 773/1387/329 800/1386/329 774/1388/329
f 774/1388/329 800/1386/329 828/1389/329
f 774/1388/329 828/1389/329 775/1390/329
f 775/1390/329 828/1389/329 827/1391/329
f 775/1390/329 827/1391/329 776/1392/329
f 776/1392/329 827/1391/329 826/1393/329
f 776/1392/329 826/1393/329 777/1394/329
f 777/1394/329 826/1393/329 778/1395/329
f 778/1395/329 826/1393/329 825/1396/329
f 778/1395/329 825/1396/329 779/1397/329
f 779/1397/329 825/1396/329 824/1398/329
f 779/1397/329 824/1398/329 780/1399/329
f 780/1399/329 824/1398/329 781/1400/329
f 781/1400/329 824/1398/329 823/1401/329
f 781/1400/329 823/1401/329 782/1402/329
f 782/1402/329 823/1401/329 822/1403/329
f 782/1402/329 822/1403/329 783/1404/329
f 783/1404/329 822/1403/329 821/1405/329
f 783/1404/329 821/1405/329 784/1406/329
f 784/1406/329 821/1405/329 785/1407/329
f 785/1407/329 821/1405/329 820/1408/329
f 785/1407/329 820/1408/329 786/1409/329
f 786/1409/329 820/1408/329 819/1410/329
f 786/1409/329 819/1410/329 787/1411/329
f 787/1411/329 819/1410/329 818/1412/329
f 787/1411/329 818/1412/329 788/1413/329
f 788/1413/329 818/1412/329 789/1414/329
f 789/1414/329 818/1412/329 817/1415/329
f 789/1414/329 817/1415/329 790/1416/329
f 790/1416/329 817/1415/329 816/1417/329
f 790/1416/329 816/1417/329 791/1418/329
f 791/1418/329 816/1417/329 792/1350/329
f 792/1350/329 816/1417/329 815/1351/329
usemtl Stainless_Steel_-_Satin.003
f 888/1419/952 963/1420/953 887/1421/954
f 887/1421/954 963/1420/953 917/1422/955
f 887/1423/954 917/1424/955 2090/1425/956
f 2090/1425/956 917/1424/955 918/1426/957
f 2090/1425/956 918/1426/958 2091/1427/959
f 2091/1427/959 918/1426/957 919/1428/960
f 2091/1427/959 919/1428/960 2092/1429/961
f 2092/1429/961 919/1428/960 920/1430/962
f 2092/1429/961 920/1430/962 2093/1431/963
f 2093/1431/963 920/1430/964 921/1432/965
f 2093/1431/966 921/1432/965 2094/1433/967
f 2094/1433/967 921/1432/965 922/1434/968
f 2094/1433/967 922/1434/968 2095/1435/969
f 2095/1435/969 922/1434/968 923/1436/970
f 2095/1435/969 923/1436/970 2096/1437/971
f 2096/1437/971 923/1436/972 924/1438/973
f 2096/1437/971 924/1438/974 2097/1439/975
f 2097/1439/976 924/1438/973 925/1440/977
f 2097/1439/978 925/1440/977 2098/1441/979
f 2098/1441/979 925/1440/977 926/1442/980
f 2098/1441/979 926/1442/980 2099/1443/981
f 2099/1443/981 926/1442/980 927/1444/982
f 2099/1443/981 927/1444/982 2100/1445/983
f 2100/1445/983 927/1444/982 928/1446/984
f 2100/1445/983 928/1446/984 2101/1447/985
f 2101/1447/985 928/1446/984 929/1448/986
f 2101/1447/985 929/1448/986 2102/1449/987
f 2102/1449/987 929/1448/986 930/1450/988
f 2102/1449/987 930/1450/988 2103/1451/989
f 2103/1451/989 930/1450/988 931/1452/990
f 2103/1451/989 931/1452/990 2104/1453/991
f 2104/1453/991 931/1452/990 932/1454/992
f 2104/1453/991 932/1454/992 2105/1455/993
f 2105/1455/994 932/1454/995 933/1456/996
f 2105/1455/993 933/1456/996 2106/1457/997
f 2106/1457/997 933/1456/996 934/1458/998
f 2106/1457/999 934/1458/998 2107/1459/1000
f 2107/1459/1000 934/1458/998 935/1460/1001
f 2107/1459/1000 935/1460/1001 2108/1461/1002
f 2108/1461/1002 935/1460/1001 936/1462/1003
f 2108/1461/1002 936/1462/1003 2109/1463/1004
f 2109/1463/1004 936/1462/1003 937/1464/1005
f 2109/1463/1004 937/1464/1005 2110/1465/1006
f 2110/1465/1006 937/1464/1007 938/1466/1008
f 2110/1465/1006 938/1466/1008 2111/1467/1009
f 2111/1467/1009 938/1466/1008 939/1468/1010
f 2111/1467/1009 939/1468/1010 2112/1469/1011
f 2112/1469/1011 939/1468/1012 916/1470/524
f 889/1471/1013 962/1472/1014 888/1419/952
f 888/1419/952 962/1472/1015 986/1473/1016
f 888/1419/1017 986/1473/1016 963/1420/1018
f 963/1420/1018 986/1473/1016 987/1474/1019
f 963/1420/1018 987/1474/1019 964/1475/1020
f 964/1475/1020 987/1474/1019 988/1476/1021
f 964/1475/1020 988/1476/1021 965/1477/1022
f 965/1477/1022 988/1476/1021 989/1478/1023
f 965/1477/1022 989/1478/1023 966/1479/1024
f 966/1479/1024 989/1478/1023 990/1480/1025
f 966/1479/1026 990/1480/1025 967/1481/1027
f 967/1481/1027 990/1480/1025 991/1482/1028
f 967/1481/1027 991/1482/1028 968/1483/1029
f 968/1483/1030 991/1482/1028 992/1484/1031
f 968/1483/1029 992/1484/1031 969/1485/1032
f 969/1485/1032 992/1484/1031 993/1486/1033
f 969/1485/1032 993/1486/1034 970/1487/1035
f 970/1487/1036 993/1486/1037 994/1488/1038
f 970/1487/1036 994/1488/1038 971/1489/1039
f 971/1489/1040 994/1488/1038 995/1490/1041
f 971/1489/1040 995/1490/1041 972/1491/1042
f 972/1491/1042 995/1490/1041 996/1492/1043
f 972/1491/1042 996/1492/1043 973/1493/1044
f 973/1493/1044 996/1492/1043 997/1494/1045
f 973/1493/1044 997/1494/1045 974/1495/1046
f 974/1495/1046 997/1494/1045 998/1496/1047
f 974/1495/1046 998/1496/1048 975/1497/1049
f 975/1497/1049 998/1496/1048 999/1498/1050
f 975/1497/1049 999/1498/1050 976/1499/1051
f 976/1499/1051 999/1498/1050 1000/1500/1052
f 976/1499/1051 1000/1500/1052 977/1501/1053
f 977/1501/1053 1000/1500/1052 1001/1502/1054
f 977/1501/1053 1001/1502/1054 978/1503/1055
f 978/1503/1056 1001/1502/1054 1002/1504/1057
f 978/1503/1055 1002/1504/1057 979/1505/1058
f 979/1505/1059 1002/1504/1057 1003/1506/1060
f 979/1505/1058 1003/1506/1060 980/1507/1061
f 980/1507/1061 1003/1506/1060 1004/1508/1062
f 980/1507/1061 1004/1508/1062 981/1509/1063
f 981/1509/1063 1004/1508/1062 1005/1510/1064
f 981/1509/1063 1005/1510/1065 982/1511/1066
f 982/1511/1066 1005/1510/1065 1006/1512/1067
f 982/1511/1066 1006/1512/1067 983/1513/1068
f 983/1513/1068 1006/1512/1069 1007/1514/1070
f 983/1513/1068 1007/1514/1070 984/1515/1071
f 984/1515/1071 1007/1514/1070 1008/1516/1072
f 984/1515/1071 1008/1516/1072 985/1517/1073
f 985/1517/1073 1008/1516/1074 916/1518/524
f 890/1519/1075 961/1520/1076 889/1471/1077
f 889/1471/1013 961/1520/1078 1009/1521/1079
f 889/1471/1077 1009/1521/1079 962/1472/1015
f 962/1472/1014 1009/1521/1080 1010/1522/1081
f 962/1472/1015 1010/1522/1081 1053/1523/1082
f 1053/1523/1082 1010/1522/1083 1011/1524/1084
f 1053/1523/1082 1011/1524/1085 1052/1525/1086
f 1052/1525/1087 1011/1524/1085 1012/1526/1088
f 1052/1525/1087 1012/1526/1089 1051/1527/1090
f 1051/1527/1090 1012/1526/1088 1013/1528/1091
f 1051/1527/1090 1013/1528/1091 1050/1529/1092
f 1050/1529/1093 1013/1528/1091 1014/1530/1094
f 1050/1529/1093 1014/1530/1095 1049/1531/1096
f 1049/1531/1096 1014/1530/1095 1015/1532/1097
f 1049/1531/1096 1015/1532/1098 1048/1533/1099
f 1048/1533/1100 1015/1532/1097 1016/1534/1101
f 1048/1533/1099 1016/1534/1101 1047/1535/1102
f 1047/1535/1102 1016/1534/1101 1017/1536/1103
f 1047/1535/1102 1017/1536/1103 1046/1537/1104
f 1046/1537/1104 1017/1536/1103 1018/1538/1105
f 1046/1537/1104 1018/1538/1106 1045/1539/1107
f 1045/1539/1108 1018/1538/1105 1019/1540/1109
f 1045/1539/1107 1019/1540/1109 1044/1541/1110
f 1044/1541/1111 1019/1540/1109 1020/1542/1112
f 1044/1541/1110 1020/1542/1112 1043/1543/1113
f 1043/1543/1113 1020/1542/1112 1021/1544/1114
f 1043/1543/1113 1021/1544/1114 1042/1545/1115
f 1042/1545/1116 1021/1544/1114 1022/1546/1117
f 1042/1545/1115 1022/1546/1117 1041/1547/1118
f 1041/1547/1118 1022/1546/1117 1023/1548/1119
f 1041/1547/1118 1023/1548/1119 1040/1549/1120
f 1040/1549/1120 1023/1548/1119 1024/1550/1121
f 1040/1549/1120 1024/1550/1122 1039/1551/1123
f 1039/1551/1123 1024/1550/1122 1025/1552/1124
f 1039/1551/1123 1025/1552/1124 1038/1553/1125
f 1038/1553/1126 1025/1552/1124 1026/1554/1127
f 1038/1553/1126 1026/1554/1127 1037/1555/1128
f 1037/1555/1129 1026/1554/1127 1027/1556/1130
f 1037/1555/1129 1027/1556/1130 1036/1557/1131
f 1036/1557/1131 1027/1556/1130 1028/1558/1132
f 1036/1557/1131 1028/1558/1132 1035/1559/1133
f 1035/1559/1133 1028/1558/1132 1029/1560/1134
f 1035/1559/1133 1029/1560/1135 1034/1561/1136
f 1034/1561/1136 1029/1560/1134 1030/1562/1137
f 1034/1561/1138 1030/1562/1137 1033/1563/1139
f 1033/1563/1140 1030/1562/1137 1031/1564/1141
f 1033/1563/1140 1031/1564/1141 1032/1565/1142
f 1032/1565/1143 1031/1564/1141 916/1566/524
f 961/1520/1078 890/1519/1075 960/1567/1144
f 960/1567/1144 890/1519/1075 891/1568/1145
f 960/1567/1146 891/1568/1145 1142/1569/1147
f 1142/1569/1147 891/1568/1145 959/1570/1148
f 1142/1569/1147 959/1570/1148 1098/1571/1149
f 1098/1571/1149 959/1570/1148 1187/1572/1150
f 1098/1571/1149 1187/1572/1150 1186/1573/1151
f 1186/1573/1151 1187/1572/1150 1145/1574/1152
f 1186/1573/1151 1145/1574/1153 1146/1575/1154
f 1146/1575/1154 1145/1574/1153 1192/1576/1155
f 1146/1575/1156 1192/1576/1155 1193/1577/1157
f 1193/1577/1157 1192/1576/1155 1253/1578/1158
f 1193/1577/1157 1253/1578/1159 1252/1579/1160
f 1252/1579/1160 1253/1578/1159 1217/1580/1161
f 1252/1579/1160 1217/1580/1161 1218/1581/1162
f 1218/1581/1163 1217/1580/1161 1296/1582/1164
f 1218/1581/1163 1296/1582/1164 1295/1583/1165
f 1295/1583/1165 1296/1582/1164 1264/1584/1166
f 1295/1583/1165 1264/1584/1167 1265/1585/1168
f 1265/1585/1168 1264/1584/1169 1338/1586/1170
f 1265/1585/1171 1338/1586/1170 1337/1587/1172
f 1337/1587/1172 1338/1586/1170 1310/1588/1173
f 1337/1587/1172 1310/1588/1173 1311/1589/1174
f 1311/1589/1174 1310/1588/1173 1380/1590/1175
f 1311/1589/1174 1380/1590/1175 1379/1591/1176
f 1379/1591/1177 1380/1590/1175 1356/1592/1178
f 1379/1591/1177 1356/1592/1178 1357/1593/1179
f 1357/1593/1179 1356/1592/1178 1424/1594/1180
f 1357/1593/1181 1424/1594/1180 1423/1595/1182
f 1423/1595/1182 1424/1594/1180 1404/1596/1183
f 1423/1595/1182 1404/1596/1184 1405/1597/1185
f 1405/1597/1185 1404/1596/1183 1451/1598/1186
f 1405/1597/1185 1451/1598/1186 1452/1599/1187
f 1452/1599/1187 1451/1598/1186 1490/1600/1188
f 1452/1599/1187 1490/1600/1188 1489/1601/1189
f 1489/1601/1189 1490/1600/1188 1476/1602/1190
f 1489/1601/1189 1476/1602/1191 1477/1603/1192
f 1477/1603/1192 1476/1602/1190 1532/1604/1193
f 1477/1603/1194 1532/1604/1193 1531/1605/1195
f 1531/1605/1195 1532/1604/1193 1522/1606/1196
f 1531/1605/1195 1522/1606/1197 1523/1607/1198
f 1523/1607/1199 1522/1606/1196 1574/1608/1200
f 1523/1607/1199 1574/1608/1201 1573/1609/1202
f 1573/1609/1203 1574/1608/1201 1568/1610/1204
f 1573/1609/1203 1568/1610/1205 1569/1611/1206
f 1569/1611/1206 1568/1610/1204 1617/1612/1207
f 1569/1611/1206 1617/1612/1207 1616/1613/1208
f 1616/1613/1208 1617/1612/1207 1615/1614/1209
f 1616/1613/1208 1615/1614/1209 916/1615/524
f 891/1568/1145 892/1616/1210 959/1570/1148
f 959/1570/1148 892/1616/1210 1188/1617/1211
f 959/1570/1148 1188/1617/1211 1187/1572/1150
f 1187/1572/1150 1188/1617/1211 1144/1618/1212
f 1187/1572/1150 1144/1618/1213 1145/1574/1152
f 1145/1574/1152 1144/1618/1212 1191/1619/1214
f 1145/1574/1153 1191/1619/1214 1192/1576/1155
f 1192/1576/1155 1191/1619/1214 1254/1620/1215
f 1192/1576/1155 1254/1620/1215 1253/1578/1158
f 1253/1578/1158 1254/1620/1215 1216/1621/1216
f 1253/1578/1159 1216/1621/1216 1217/1580/1161
f 1217/1580/1161 1216/1621/1216 1297/1622/1217
f 1217/1580/1161 1297/1622/1217 1296/1582/1164
f 1296/1582/1164 1297/1622/1217 1263/1623/1218
f 1296/1582/1219 1263/1623/1220 1264/1584/1167
f 1264/1584/1167 1263/1623/1218 1339/1624/1221
f 1264/1584/1166 1339/1624/1222 1338/1586/1170
f 1338/1586/1170 1339/1624/1223 1309/1625/1224
f 1338/1586/1170 1309/1625/1225 1310/1588/1173
f 1310/1588/1173 1309/1625/1225 1381/1626/1226
f 1310/1588/1173 1381/1626/1226 1380/1590/1175
f 1380/1590/1175 1381/1626/1226 1355/1627/1227
f 1380/1590/1175 1355/1627/1227 1356/1592/1178
f 1356/1592/1178 1355/1627/1227 1425/1628/1228
f 1356/1592/1178 1425/1628/1228 1424/1594/1180
f 1424/1594/1180 1425/1628/1228 1403/1629/1229
f 1424/1594/1180 1403/1629/1229 1404/1596/1184
f 1404/1596/1184 1403/1629/1229 1450/1630/1230
f 1404/1596/1183 1450/1630/1230 1451/1598/1186
f 1451/1598/1231 1450/1630/1230 1491/1631/1232
f 1451/1598/1186 1491/1631/1232 1490/1600/1188
f 1490/1600/1188 1491/1631/1232 1475/1632/1233
f 1490/1600/1188 1475/1632/1234 1476/1602/1190
f 1476/1602/1235 1475/1632/1233 1533/1633/1236
f 1476/1602/1190 1533/1633/1236 1532/1604/1193
f 1532/1604/1193 1533/1633/1236 1521/1634/1237
f 1532/1604/1193 1521/1634/1237 1522/1606/1196
f 1522/1606/1197 1521/1634/1237 1575/1635/1238
f 1522/1606/1197 1575/1635/1238 1574/1608/1201
f 1574/1608/1201 1575/1635/1238 1567/1636/1239
f 1574/1608/1201 1567/1636/1239 1568/1610/1204
f 1568/1610/1204 1567/1636/1239 1618/1637/1240
f 1568/1610/1204 1618/1637/1240 1617/1612/1207
f 1617/1612/1207 1618/1637/1241 1614/1638/1242
f 1617/1612/1207 1614/1638/1242 1615/1614/1209
f 1615/1614/1209 1614/1638/1242 1662/1639/1243
f 1615/1614/1209 1662/1639/1243 916/1640/524
f 1188/1617/1244 892/1616/1210 1143/1641/1245
f 1143/1641/1245 892/1616/1210 893/1642/1246
f 1143/1641/1245 893/1642/1246 1189/1643/1247
f 1189/1643/1247 893/1642/1246 958/1644/1248
f 1189/1643/1247 958/1644/1248 1256/1645/1249
f 1256/1645/1249 958/1644/1248 1213/1646/1250
f 1256/1645/1249 1213/1646/1250 1214/1647/1251
f 1214/1647/1251 1213/1646/1252 1300/1648/1253
f 1214/1647/1251 1300/1648/1253 1299/1649/1254
f 1299/1649/1254 1300/1648/1253 1260/1650/1255
f 1299/1649/1254 1260/1650/1255 1261/1651/1256
f 1261/1651/1256 1260/1650/1255 1342/1652/1257
f 1261/1651/1256 1342/1652/1257 1341/1653/1258
f 1341/1653/1258 1342/1652/1257 1306/1654/1259
f 1341/1653/1258 1306/1654/1260 1307/1655/1261
f 1307/1655/1262 1306/1654/1259 1384/1656/1263
f 1307/1655/1264 1384/1656/1263 1383/1657/1265
f 1383/1657/1265 1384/1656/1263 1352/1658/1266
f 1383/1657/1265 1352/1658/1266 1353/1659/1267
f 1353/1659/1267 1352/1658/1266 1428/1660/1268
f 1353/1659/1267 1428/1660/1268 1427/1661/1269
f 1427/1661/1269 1428/1660/1268 1400/1662/1270
f 1427/1661/1269 1400/1662/1271 1401/1663/1272
f 1401/1663/1272 1400/1662/1270 1447/1664/1273
f 1401/1663/1272 1447/1664/1273 1448/1665/1274
f 1448/1665/1274 1447/1664/1275 1494/1666/1276
f 1448/1665/1274 1494/1666/1276 1493/1667/1277
f 1493/1667/1277 1494/1666/1276 1472/1668/1278
f 1493/1667/1277 1472/1668/1278 1473/1669/1279
f 1473/1669/1279 1472/1668/1278 1536/1670/1280
f 1473/1669/1279 1536/1670/1280 1535/1671/1281
f 1535/1671/1281 1536/1670/1280 1518/1672/1282
f 1535/1671/1281 1518/1672/1282 1519/1673/1283
f 1519/1673/1283 1518/1672/1282 1578/1674/1284
f 1519/1673/1283 1578/1674/1284 1577/1675/1285
f 1577/1675/1285 1578/1674/1284 1564/1676/1286
f 1577/1675/1285 1564/1676/1286 1565/1677/1287
f 1565/1677/1287 1564/1676/1286 1621/1678/1288
f 1565/1677/1287 1621/1678/1289 1620/1679/1290
f 1620/1679/1290 1621/1678/1289 1611/1680/1291
f 1620/1679/1290 1611/1680/1291 1612/1681/1292
f 1612/1681/1292 1611/1680/1291 1665/1682/1293
f 1612/1681/1292 1665/1682/1293 1664/1683/1294
f 1664/1683/1295 1665/1682/1293 1659/1684/1296
f 1664/1683/1295 1659/1684/1296 1660/1685/1297
f 1660/1685/1297 1659/1684/1296 1706/1686/1298
f 1660/1685/1297 1706/1686/1298 1707/1687/1299
f 1707/1687/1300 1706/1686/1298 1731/1688/1301
f 1707/1687/1300 1731/1688/1301 916/1689/524
f 893/1642/1302 894/1690/1303 958/1644/1248
f 958/1644/1248 894/1690/1303 1212/1691/1304
f 958/1644/1248 1212/1691/1305 1213/1646/1252
f 1213/1646/1250 1212/1691/1304 1301/1692/1306
f 1213/1646/1252 1301/1692/1306 1300/1648/1253
f 1300/1648/1253 1301/1692/1306 1259/1693/1307
f 1300/1648/1253 1259/1693/1307 1260/1650/1255
f 1260/1650/1255 1259/1693/1307 1343/1694/1308
f 1260/1650/1309 1343/1694/1308 1342/1652/1257
f 1342/1652/1310 1343/1694/1308 1305/1695/1311
f 1342/1652/1257 1305/1695/1312 1306/1654/1259
f 1306/1654/1259 1305/1695/1312 1385/1696/1313
f 1306/1654/1259 1385/1696/1313 1384/1656/1263
f 1384/1656/1314 1385/1696/1315 1351/1697/1316
f 1384/1656/1317 1351/1697/1316 1352/1658/1266
f 1352/1658/1266 1351/1697/1316 1429/1698/1318
f 1352/1658/1266 1429/1698/1319 1428/1660/1268
f 1428/1660/1268 1429/1698/1320 1399/1699/1321
f 1428/1660/1268 1399/1699/1321 1400/1662/1271
f 1400/1662/1270 1399/1699/1321 1446/1700/1322
f 1400/1662/1271 1446/1700/1323 1447/1664/1275
f 1447/1664/1275 1446/1700/1323 1495/1701/1324
f 1447/1664/1275 1495/1701/1324 1494/1666/1276
f 1494/1666/1276 1495/1701/1324 1471/1702/1325
f 1494/1666/1276 1471/1702/1326 1472/1668/1278
f 1472/1668/1278 1471/1702/1325 1537/1703/1327
f 1472/1668/1278 1537/1703/1327 1536/1670/1280
f 1536/1670/1280 1537/1703/1327 1517/1704/1328
f 1536/1670/1280 1517/1704/1328 1518/1672/1282
f 1518/1672/1282 1517/1704/1328 1579/1705/1329
f 1518/1672/1282 1579/1705/1329 1578/1674/1284
f 1578/1674/1284 1579/1705/1329 1563/1706/1330
f 1578/1674/1284 1563/1706/1330 1564/1676/1286
f 1564/1676/1286 1563/1706/1330 1622/1707/1331
f 1564/1676/1286 1622/1707/1332 1621/1678/1288
f 1621/1678/1289 1622/1707/1331 1610/1708/1333
f 1621/1678/1289 1610/1708/1333 1611/1680/1291
f 1611/1680/1291 1610/1708/1333 1666/1709/1334
f 1611/1680/1291 1666/1709/1334 1665/1682/1293
f 1665/1682/1293 1666/1709/1334 1658/1710/1335
f 1665/1682/1293 1658/1710/1335 1659/1684/1296
f 1659/1684/1296 1658/1710/1335 1705/1711/1336
f 1659/1684/1337 1705/1711/1338 1706/1686/1298
f 1706/1686/1298 1705/1711/1338 1732/1712/1339
f 1706/1686/1298 1732/1712/1340 1731/1688/1301
f 1731/1688/1301 1732/1712/1339 1730/1713/1341
f 1731/1688/1301 1730/1713/1341 916/1714/524
f 1212/1691/1305 894/1690/1303 957/1715/1342
f 957/1715/1343 894/1690/1303 895/1716/1344
f 957/1715/1342 895/1716/1345 1257/1717/1346
f 1257/1717/1347 895/1716/1348 956/1718/1349
f 1257/1717/1350 956/1718/1349 1345/1719/1351
f 1345/1719/1352 956/1718/1353 1302/1720/1354
f 1345/1719/1355 1302/1720/1354 1303/1721/1356
f 1303/1721/1357 1302/1720/1354 1388/1722/1358
f 1303/1721/1357 1388/1722/1358 1387/1723/1359
f 1387/1723/1360 1388/1722/1358 1348/1724/1361
f 1387/1723/1362 1348/1724/1363 1349/1725/1364
f 1349/1725/1364 1348/1724/1363 1432/1726/1365
f 1349/1725/1366 1432/1726/1365 1431/1727/1367
f 1431/1727/1367 1432/1726/1365 1396/1728/1368
f 1431/1727/1367 1396/1728/1368 1397/1729/1369
f 1397/1729/1370 1396/1728/1371 1443/1730/1372
f 1397/1729/1370 1443/1730/1372 1444/1731/1373
f 1444/1731/1373 1443/1730/1374 1498/1732/1375
f 1444/1731/1373 1498/1732/1376 1497/1733/1377
f 1497/1733/1377 1498/1732/1378 1468/1734/1379
f 1497/1733/1377 1468/1734/1379 1469/1735/1380
f 1469/1735/1380 1468/1734/1381 1540/1736/1382
f 1469/1735/1380 1540/1736/1382 1539/1737/1383
f 1539/1737/1383 1540/1736/1382 1514/1738/1384
f 1539/1737/1383 1514/1738/1384 1515/1739/1385
f 1515/1739/1385 1514/1738/1384 1582/1740/1386
f 1515/1739/1385 1582/1740/1387 1581/1741/1388
f 1581/1741/1388 1582/1740/1386 1560/1742/1389
f 1581/1741/1388 1560/1742/1389 1561/1743/1390
f 1561/1743/1390 1560/1742/1389 1625/1744/1391
f 1561/1743/1390 1625/1744/1391 1624/1745/1392
f 1624/1745/1392 1625/1744/1391 1607/1746/1393
f 1624/1745/1392 1607/1746/1393 1608/1747/1394
f 1608/1747/1394 1607/1746/1393 1669/1748/1395
f 1608/1747/1394 1669/1748/1395 1668/1749/1396
f 1668/1749/1397 1669/1748/1395 1655/1750/1398
f 1668/1749/1396 1655/1750/1398 1656/1751/1399
f 1656/1751/1399 1655/1750/1398 1702/1752/1400
f 1656/1751/1399 1702/1752/1400 1703/1753/1401
f 1703/1753/1402 1702/1752/1400 1735/1754/1403
f 1703/1753/1404 1735/1754/1403 1734/1755/1405
f 1734/1755/1405 1735/1754/1403 1727/1756/1406
f 1734/1755/1407 1727/1756/1406 1728/1757/1408
f 1728/1757/1409 1727/1756/1406 1777/1758/1410
f 1728/1757/1409 1777/1758/1411 1776/1759/1412
f 1776/1759/1412 1777/1758/1410 1773/1760/1413
f 1776/1759/1412 1773/1760/1414 1774/1761/1415
f 1774/1761/1415 1773/1760/1413 1819/1762/1416
f 1774/1761/1415 1819/1762/1416 916/1763/524
f 895/1716/1345 896/1764/1417 956/1718/1349
f 956/1718/1349 896/1764/1417 955/1765/1418
f 956/1718/1353 955/1765/1418 1302/1720/1354
f 1302/1720/1354 955/1765/1418 1389/1766/1419
f 1302/1720/1354 1389/1766/1420 1388/1722/1358
f 1388/1722/1358 1389/1766/1421 1347/1767/1422
f 1388/1722/1358 1347/1767/1422 1348/1724/1363
f 1348/1724/1363 1347/1767/1422 1433/1768/1423
f 1348/1724/1363 1433/1768/1424 1432/1726/1365
f 1432/1726/1365 1433/1768/1423 1395/1769/1425
f 1432/1726/1365 1395/1769/1425 1396/1728/1368
f 1396/1728/1368 1395/1769/1425 1442/1770/1426
f 1396/1728/1371 1442/1770/1427 1443/1730/1372
f 1443/1730/1372 1442/1770/1427 1499/1771/1428
f 1443/1730/1374 1499/1771/1428 1498/1732/1375
f 1498/1732/1376 1499/1771/1428 1467/1772/1429
f 1498/1732/1378 1467/1772/1430 1468/1734/1381
f 1468/1734/1381 1467/1772/1430 1541/1773/1431
f 1468/1734/1381 1541/1773/1431 1540/1736/1382
f 1540/1736/1382 1541/1773/1431 1513/1774/1432
f 1540/1736/1382 1513/1774/1432 1514/1738/1384
f 1514/1738/1384 1513/1774/1432 1583/1775/1433
f 1514/1738/1384 1583/1775/1433 1582/1740/1386
f 1582/1740/1386 1583/1775/1433 1559/1776/1434
f 1582/1740/1386 1559/1776/1435 1560/1742/1389
f 1560/1742/1389 1559/1776/1434 1626/1777/1436
f 1560/1742/1389 1626/1777/1436 1625/1744/1391
f 1625/1744/1391 1626/1777/1436 1606/1778/1437
f 1625/1744/1391 1606/1778/1437 1607/1746/1393
f 1607/1746/1393 1606/1778/1438 1670/1779/1439
f 1607/1746/1393 1670/1779/1439 1669/1748/1395
f 1669/1748/1395 1670/1779/1439 1654/1780/1440
f 1669/1748/1395 1654/1780/1440 1655/1750/1398
f 1655/1750/1398 1654/1780/1440 1701/1781/1441
f 1655/1750/1398 1701/1781/1441 1702/1752/1400
f 1702/1752/1442 1701/1781/1443 1736/1782/1444
f 1702/1752/1400 1736/1782/1444 1735/1754/1403
f 1735/1754/1403 1736/1782/1444 1726/1783/1445
f 1735/1754/1403 1726/1783/1445 1727/1756/1406
f 1727/1756/1406 1726/1783/1445 1778/1784/1446
f 1727/1756/1406 1778/1784/1447 1777/1758/1411
f 1777/1758/1411 1778/1784/1447 1772/1785/1448
f 1777/1758/1411 1772/1785/1448 1773/1760/1413
f 1773/1760/1413 1772/1785/1448 1820/1786/1449
f 1773/1760/1413 1820/1786/1449 1819/1762/1416
f 1819/1762/1416 1820/1786/1449 1818/1787/1450
f 1819/1762/1416 1818/1787/1450 916/1788/524
f 896/1764/1417 897/1789/1451 955/1765/1418
f 955/1765/1452 897/1789/1451 1390/1790/1453
f 955/1765/1418 1390/1790/1453 1389/1766/1454
f 1389/1766/1454 1390/1790/1453 1346/1791/1455
f 1389/1766/1419 1346/1791/1455 1347/1767/1422
f 1347/1767/1456 1346/1791/1457 1434/1792/1458
f 1347/1767/1422 1434/1792/1458 1433/1768/1423
f 1433/1768/1423 1434/1792/1458 1394/1793/1459
f 1433/1768/1423 1394/1793/1459 1395/1769/1425
f 1395/1769/1425 1394/1793/1459 1441/1794/1460
f 1395/1769/1425 1441/1794/1460 1442/1770/1427
f 1442/1770/1427 1441/1794/1460 1500/1795/1461
f 1442/1770/1427 1500/1795/1461 1499/1771/1428
f 1499/1771/1428 1500/1795/1461 1466/1796/1462
f 1499/1771/1428 1466/1796/1462 1467/1772/1429
f 1467/1772/1463 1466/1796/1462 1542/1797/1464
f 1467/1772/1429 1542/1797/1465 1541/1773/1431
f 1541/1773/1431 1542/1797/1465 1512/1798/1466
f 1541/1773/1431 1512/1798/1466 1513/1774/1432
f 1513/1774/1432 1512/1798/1466 1584/1799/1467
f 1513/1774/1432 1584/1799/1467 1583/1775/1433
f 1583/1775/1433 1584/1799/1467 1558/1800/1468
f 1583/1775/1433 1558/1800/1468 1559/1776/1435
f 1559/1776/1435 1558/1800/1468 1627/1801/1469
f 1559/1776/1435 1627/1801/1469 1626/1777/1436
f 1626/1777/1436 1627/1801/1469 1605/1802/1470
f 1626/1777/1436 1605/1802/1470 1606/1778/1437
f 1606/1778/1437 1605/1802/1470 1671/1803/1471
f 1606/1778/1437 1671/1803/1471 1670/1779/1439
f 1670/1779/1439 1671/1803/1471 1653/1804/1472
f 1670/1779/1439 1653/1804/1472 1654/1780/1440
f 1654/1780/1440 1653/1804/1472 1700/1805/1473
f 1654/1780/1440 1700/1805/1474 1701/1781/1443
f 1701/1781/1441 1700/1805/1473 1737/1806/1475
f 1701/1781/1443 1737/1806/1475 1736/1782/1476
f 1736/1782/1444 1737/1806/1475 1725/1807/1477
f 1736/1782/1444 1725/1807/1477 1726/1783/1445
f 1726/1783/1445 1725/1807/1477 1779/1808/1478
f 1726/1783/1445 1779/1808/1478 1778/1784/1446
f 1778/1784/1447 1779/1808/1478 1771/1809/1479
f 1778/1784/1446 1771/1809/1479 1772/1785/1480
f 1772/1785/1448 1771/1809/1479 1821/1810/1481
f 1772/1785/1448 1821/1810/1481 1820/1786/1449
f 1820/1786/1449 1821/1810/1482 1817/1811/1483
f 1820/1786/1449 1817/1811/1484 1818/1787/1450
f 1818/1787/1450 1817/1811/1483 1864/1812/1485
f 1818/1787/1450 1864/1812/1485 916/1813/524
f 1390/1790/1453 897/1789/1451 954/1814/1486
f 954/1814/1486 897/1789/1451 898/1815/1487
f 954/1814/1486 898/1815/1487 1436/1816/1488
f 1436/1816/1488 898/1815/1487 1391/1817/1489
f 1436/1816/1488 1391/1817/1489 1392/1818/1490
f 1392/1818/1490 1391/1817/1489 1438/1819/1491
f 1392/1818/1490 1438/1819/1491 1439/1820/1492
f 1439/1820/1492 1438/1819/1491 1503/1821/1493
f 1439/1820/1492 1503/1821/1493 1502/1822/1494
f 1502/1822/1494 1503/1821/1493 1463/1823/1495
f 1502/1822/1494 1463/1823/1495 1464/1824/1496
f 1464/1824/1496 1463/1823/1495 1545/1825/1497
f 1464/1824/1496 1545/1825/1497 1544/1826/1498
f 1544/1826/1498 1545/1825/1497 1509/1827/1499
f 1544/1826/1498 1509/1827/1499 1510/1828/1500
f 1510/1828/1501 1509/1827/1499 1587/1829/1502
f 1510/1828/1501 1587/1829/1502 1586/1830/1503
f 1586/1830/1504 1587/1829/1502 1555/1831/1505
f 1586/1830/1503 1555/1831/1506 1556/1832/1507
f 1556/1832/1507 1555/1831/1505 1630/1833/1508
f 1556/1832/1507 1630/1833/1508 1629/1834/1509
f 1629/1834/1509 1630/1833/1508 1602/1835/1510
f 1629/1834/1509 1602/1835/1511 1603/1836/1512
f 1603/1836/1513 1602/1835/1514 1674/1837/1515
f 1603/1836/1516 1674/1837/1515 1673/1838/1517
f 1673/1838/1517 1674/1837/1518 1650/1839/1519
f 1673/1838/1517 1650/1839/1519 1651/1840/1520
f 1651/1840/1520 1650/1839/1519 1697/1841/1521
f 1651/1840/1520 1697/1841/1521 1698/1842/1522
f 1698/1842/1522 1697/1841/1521 1740/1843/1523
f 1698/1842/1522 1740/1843/1523 1739/1844/1524
f 1739/1844/1524 1740/1843/1523 1722/1845/1525
f 1739/1844/1524 1722/1845/1525 1723/1846/1526
f 1723/1846/1527 1722/1845/1525 1782/1847/1528
f 1723/1846/1527 1782/1847/1528 1781/1848/1529
f 1781/1848/1529 1782/1847/1528 1768/1849/1530
f 1781/1848/1531 1768/1849/1530 1769/1850/1532
f 1769/1850/1532 1768/1849/1533 1824/1851/1534
f 1769/1850/1532 1824/1851/1535 1823/1852/1536
f 1823/1852/1536 1824/1851/1535 1814/1853/1537
f 1823/1852/1538 1814/1853/1537 1815/1854/1539
f 1815/1854/1539 1814/1853/1537 1867/1855/1540
f 1815/1854/1539 1867/1855/1540 1866/1856/1541
f 1866/1856/1542 1867/1855/1540 1861/1857/1543
f 1866/1856/1541 1861/1857/1544 1862/1858/1545
f 1862/1858/1546 1861/1857/1544 1911/1859/1547
f 1862/1858/1546 1911/1859/1547 1910/1860/1548
f 1910/1860/1549 1911/1859/1547 1909/1861/1550
f 1910/1860/1548 1909/1861/1550 916/1862/524
f 898/1815/1487 899/1863/1551 1391/1817/1489
f 1391/1817/1489 899/1863/1551 1437/1864/1552
f 1391/1817/1489 1437/1864/1552 1438/1819/1491
f 1438/1819/1491 1437/1864/1552 1504/1865/1553
f 1438/1819/1491 1504/1865/1553 1503/1821/1493
f 1503/1821/1493 1504/1865/1553 1462/1866/1554
f 1503/1821/1493 1462/1866/1555 1463/1823/1495
f 1463/1823/1556 1462/1866/1554 1546/1867/1557
f 1463/1823/1556 1546/1867/1557 1545/1825/1497
f 1545/1825/1497 1546/1867/1557 1508/1868/1558
f 1545/1825/1497 1508/1868/1558 1509/1827/1499
f 1509/1827/1499 1508/1868/1558 1588/1869/1559
f 1509/1827/1499 1588/1869/1559 1587/1829/1502
f 1587/1829/1502 1588/1869/1559 1554/1870/1560
f 1587/1829/1502 1554/1870/1561 1555/1831/1506
f 1555/1831/1506 1554/1870/1561 1631/1871/1562
f 1555/1831/1506 1631/1871/1562 1630/1833/1508
f 1630/1833/1508 1631/1871/1562 1601/1872/1563
f 1630/1833/1508 1601/1872/1563 1602/1835/1510
f 1602/1835/1511 1601/1872/1563 1675/1873/1564
f 1602/1835/1510 1675/1873/1564 1674/1837/1515
f 1674/1837/1518 1675/1873/1564 1649/1874/1565
f 1674/1837/1518 1649/1874/1565 1650/1839/1519
f 1650/1839/1519 1649/1874/1565 1696/1875/1566
f 1650/1839/1519 1696/1875/1566 1697/1841/1521
f 1697/1841/1521 1696/1875/1566 1741/1876/1567
f 1697/1841/1521 1741/1876/1567 1740/1843/1523
f 1740/1843/1523 1741/1876/1567 1721/1877/1568
f 1740/1843/1523 1721/1877/1568 1722/1845/1525
f 1722/1845/1525 1721/1877/1568 1783/1878/1569
f 1722/1845/1525 1783/1878/1569 1782/1847/1528
f 1782/1847/1528 1783/1878/1569 1767/1879/1570
f 1782/1847/1528 1767/1879/1570 1768/1849/1530
f 1768/1849/1533 1767/1879/1570 1825/1880/1571
f 1768/1849/1530 1825/1880/1572 1824/1851/1534
f 1824/1851/1534 1825/1880/1571 1813/1881/1573
f 1824/1851/1535 1813/1881/1573 1814/1853/1537
f 1814/1853/1537 1813/1881/1573 1868/1882/1574
f 1814/1853/1537 1868/1882/1575 1867/1855/1540
f 1867/1855/1540 1868/1882/1574 1860/1883/1576
f 1867/1855/1540 1860/1883/1576 1861/1857/1544
f 1861/1857/1544 1860/1883/1576 1912/1884/1577
f 1861/1857/1544 1912/1884/1577 1911/1859/1547
f 1911/1859/1547 1912/1884/1577 1908/1885/1578
f 1911/1859/1547 1908/1885/1578 1909/1861/1550
f 1909/1861/1550 1908/1885/1578 1955/1886/1579
f 1909/1861/1550 1955/1886/1579 916/1887/524
f 1437/1864/1552 899/1863/1551 953/1888/1580
f 953/1888/1580 899/1863/1551 900/1889/1581
f 953/1888/1582 900/1889/1581 1460/1890/1583
f 1460/1890/1583 900/1889/1581 952/1891/1584
f 1460/1890/1583 952/1891/1585 1548/1892/1586
f 1548/1892/1587 952/1891/1585 1505/1893/1588
f 1548/1892/1586 1505/1893/1588 1506/1894/1589
f 1506/1894/1589 1505/1893/1588 1591/1895/1590
f 1506/1894/1589 1591/1895/1590 1590/1896/1591
f 1590/1896/1591 1591/1895/1590 1551/1897/1592
f 1590/1896/1591 1551/1897/1592 1552/1898/1593
f 1552/1898/1593 1551/1897/1592 1634/1899/1594
f 1552/1898/1593 1634/1899/1594 1633/1900/1595
f 1633/1900/1595 1634/1899/1594 1598/1901/1596
f 1633/1900/1597 1598/1901/1596 1599/1902/1598
f 1599/1902/1598 1598/1901/1596 1678/1903/1599
f 1599/1902/1598 1678/1903/1599 1677/1904/1600
f 1677/1904/1600 1678/1903/1599 1646/1905/1601
f 1677/1904/1602 1646/1905/1603 1647/1906/1604
f 1647/1906/1605 1646/1905/1601 1693/1907/1606
f 1647/1906/1605 1693/1907/1606 1694/1908/1607
f 1694/1908/1607 1693/1907/1606 1744/1909/1608
f 1694/1908/1607 1744/1909/1608 1743/1910/1609
f 1743/1910/1609 1744/1909/1608 1718/1911/1610
f 1743/1910/1609 1718/1911/1610 1719/1912/1611
f 1719/1912/1611 1718/1911/1610 1786/1913/1612
f 1719/1912/1613 1786/1913/1612 1785/1914/1614
f 1785/1914/1614 1786/1913/1612 1764/1915/1615
f 1785/1914/1614 1764/1915/1615 1765/1916/1616
f 1765/1916/1617 1764/1915/1618 1828/1917/1619
f 1765/1916/1617 1828/1917/1620 1827/1918/1621
f 1827/1918/1622 1828/1917/1620 1810/1919/1623
f 1827/1918/1621 1810/1919/1624 1811/1920/1625
f 1811/1920/1625 1810/1919/1623 1871/1921/1626
f 1811/1920/1625 1871/1921/1626 1870/1922/1627
f 1870/1922/1627 1871/1921/1626 1857/1923/1628
f 1870/1922/1629 1857/1923/1628 1858/1924/1630
f 1858/1924/1630 1857/1923/1628 1915/1925/1631
f 1858/1924/1630 1915/1925/1631 1914/1926/1632
f 1914/1926/1632 1915/1925/1631 1905/1927/1633
f 1914/1926/1632 1905/1927/1633 1906/1928/1634
f 1906/1928/1634 1905/1927/1633 1952/1929/1635
f 1906/1928/1634 1952/1929/1635 1953/1930/1636
f 1953/1930/1636 1952/1929/1635 1981/1931/1637
f 1953/1930/1636 1981/1931/1638 1980/1932/1639
f 1980/1932/1639 1981/1931/1637 1977/1933/1640
f 1980/1932/1639 1977/1933/1640 1978/1934/1641
f 1978/1934/1642 1977/1933/1640 2023/1935/1643
f 1978/1934/1642 2023/1935/1643 916/1936/524
f 900/1889/1581 901/1937/1644 952/1891/1584
f 952/1891/1585 901/1937/1645 951/1938/1646
f 952/1891/1585 951/1938/1646 1505/1893/1588
f 1505/1893/1588 951/1938/1646 1592/1939/1647
f 1505/1893/1588 1592/1939/1647 1591/1895/1590
f 1591/1895/1590 1592/1939/1648 1550/1940/1649
f 1591/1895/1590 1550/1940/1649 1551/1897/1650
f 1551/1897/1592 1550/1940/1649 1635/1941/1651
f 1551/1897/1592 1635/1941/1652 1634/1899/1594
f 1634/1899/1594 1635/1941/1652 1597/1942/1653
f 1634/1899/1594 1597/1942/1653 1598/1901/1596
f 1598/1901/1596 1597/1942/1653 1679/1943/1654
f 1598/1901/1596 1679/1943/1655 1678/1903/1656
f 1678/1903/1599 1679/1943/1655 1645/1944/1657
f 1678/1903/1656 1645/1944/1657 1646/1905/1601
f 1646/1905/1601 1645/1944/1658 1692/1945/1659
f 1646/1905/1601 1692/1945/1659 1693/1907/1606
f 1693/1907/1606 1692/1945/1660 1745/1946/1661
f 1693/1907/1606 1745/1946/1661 1744/1909/1608
f 1744/1909/1608 1745/1946/1661 1717/1947/1662
f 1744/1909/1608 1717/1947/1662 1718/1911/1610
f 1718/1911/1610 1717/1947/1662 1787/1948/1663
f 1718/1911/1610 1787/1948/1663 1786/1913/1612
f 1786/1913/1612 1787/1948/1663 1763/1949/1664
f 1786/1913/1612 1763/1949/1665 1764/1915/1618
f 1764/1915/1615 1763/1949/1665 1829/1950/1666
f 1764/1915/1618 1829/1950/1666 1828/1917/1619
f 1828/1917/1620 1829/1950/1666 1809/1951/1667
f 1828/1917/1620 1809/1951/1667 1810/1919/1623
f 1810/1919/1624 1809/1951/1667 1872/1952/1668
f 1810/1919/1623 1872/1952/1669 1871/1921/1626
f 1871/1921/1626 1872/1952/1669 1856/1953/1670
f 1871/1921/1626 1856/1953/1671 1857/1923/1628
f 1857/1923/1628 1856/1953/1671 1916/1954/1672
f 1857/1923/1628 1916/1954/1673 1915/1925/1631
f 1915/1925/1674 1916/1954/1672 1904/1955/1675
f 1915/1925/1631 1904/1955/1676 1905/1927/1633
f 1905/1927/1633 1904/1955/1675 1951/1956/1677
f 1905/1927/1633 1951/1956/1677 1952/1929/1635
f 1952/1929/1635 1951/1956/1677 1982/1957/1678
f 1952/1929/1635 1982/1957/1678 1981/1931/1637
f 1981/1931/1637 1982/1957/1678 1976/1958/1679
f 1981/1931/1638 1976/1958/1679 1977/1933/1640
f 1977/1933/1640 1976/1958/1679 2024/1959/1680
f 1977/1933/1640 2024/1959/1680 2023/1935/1643
f 2023/1935/1643 2024/1959/1680 2022/1960/1681
f 2023/1935/1643 2022/1960/1681 916/1961/524
f 901/1937/1644 902/1962/1682 951/1938/1646
f 951/1938/1646 902/1962/1682 1593/1963/1683
f 951/1938/1646 1593/1963/1683 1592/1939/1647
f 1592/1939/1684 1593/1963/1683 1549/1964/1685
f 1592/1939/1648 1549/1964/1686 1550/1940/1649
f 1550/1940/1649 1549/1964/1685 1636/1965/1687
f 1550/1940/1649 1636/1965/1687 1635/1941/1652
f 1635/1941/1652 1636/1965/1688 1596/1966/1689
f 1635/1941/1652 1596/1966/1689 1597/1942/1653
f 1597/1942/1690 1596/1966/1691 1680/1967/1692
f 1597/1942/1653 1680/1967/1692 1679/1943/1654
f 1679/1943/1654 1680/1967/1692 1644/1968/1693
f 1679/1943/1655 1644/1968/1694 1645/1944/1657
f 1645/1944/1695 1644/1968/1693 1691/1969/1696
f 1645/1944/1657 1691/1969/1697 1692/1945/1659
f 1692/1945/1659 1691/1969/1697 1746/1970/1698
f 1692/1945/1660 1746/1970/1698 1745/1946/1661
f 1745/1946/1661 1746/1970/1698 1716/1971/1699
f 1745/1946/1700 1716/1971/1699 1717/1947/1662
f 1717/1947/1662 1716/1971/1699 1788/1972/1701
f 1717/1947/1662 1788/1972/1701 1787/1948/1663
f 1787/1948/1663 1788/1972/1701 1762/1973/1702
f 1787/1948/1663 1762/1973/1702 1763/1949/1665
f 1763/1949/1665 1762/1973/1702 1830/1974/1703
f 1763/1949/1665 1830/1974/1703 1829/1950/1666
f 1829/1950/1666 1830/1974/1703 1808/1975/1704
f 1829/1950/1666 1808/1975/1705 1809/1951/1667
f 1809/1951/1667 1808/1975/1704 1873/1976/1706
f 1809/1951/1667 1873/1976/1707 1872/1952/1669
f 1872/1952/1669 1873/1976/1706 1855/1977/1708
f 1872/1952/1668 1855/1977/1708 1856/1953/1671
f 1856/1953/1671 1855/1977/1708 1917/1978/1709
f 1856/1953/1670 1917/1978/1709 1916/1954/1672
f 1916/1954/1673 1917/1978/1709 1903/1979/1710
f 1916/1954/1673 1903/1979/1711 1904/1955/1675
f 1904/1955/1676 1903/1979/1711 1950/1980/1712
f 1904/1955/1676 1950/1980/1712 1951/1956/1713
f 1951/1956/1677 1950/1980/1712 1983/1981/1714
f 1951/1956/1677 1983/1981/1714 1982/1957/1678
f 1982/1957/1715 1983/1981/1714 1975/1982/1716
f 1982/1957/1715 1975/1982/1717 1976/1958/1679
f 1976/1958/1679 1975/1982/1717 2025/1983/1718
f 1976/1958/1679 2025/1983/1718 2024/1959/1680
f 2024/1959/1680 2025/1983/1718 2021/1984/1719
f 2024/1959/1680 2021/1984/1719 2022/1960/1720
f 2022/1960/1681 2021/1984/1719 2067/1985/1721
f 2022/1960/1681 2067/1985/1721 916/1986/524
f 1593/1963/1683 902/1962/1722 950/1987/1723
f 950/1987/1723 902/1962/1682 903/1988/1724
f 950/1987/1723 903/1988/1724 1638/1989/1725
f 1638/1989/1725 903/1988/1724 949/1990/1726
f 1638/1989/1725 949/1990/1726 1594/1991/1727
f 1594/1991/1727 949/1990/1728 1683/1992/1729
f 1594/1991/1727 1683/1992/1729 1682/1993/1730
f 1682/1993/1730 1683/1992/1729 1641/1994/1731
f 1682/1993/1730 1641/1994/1731 1642/1995/1732
f 1642/1995/1732 1641/1994/1731 1688/1996/1733
f 1642/1995/1732 1688/1996/1733 1689/1997/1734
f 1689/1997/1734 1688/1996/1733 1749/1998/1735
f 1689/1997/1734 1749/1998/1735 1748/1999/1736
f 1748/1999/1736 1749/1998/1737 1713/2000/1738
f 1748/1999/1736 1713/2000/1739 1714/2001/1740
f 1714/2001/1740 1713/2000/1738 1791/2002/1741
f 1714/2001/1740 1791/2002/1742 1790/2003/1743
f 1790/2003/1743 1791/2002/1741 1759/2004/1744
f 1790/2003/1745 1759/2004/1744 1760/2005/1746
f 1760/2005/1746 1759/2004/1747 1833/2006/1748
f 1760/2005/1746 1833/2006/1748 1832/2007/1749
f 1832/2007/1749 1833/2006/1748 1805/2008/1750
f 1832/2007/1749 1805/2008/1751 1806/2009/1752
f 1806/2009/1753 1805/2008/1750 1876/2010/1754
f 1806/2009/1752 1876/2010/1754 1875/2011/1755
f 1875/2011/1755 1876/2010/1754 1852/2012/1756
f 1875/2011/1755 1852/2012/1757 1853/2013/1758
f 1853/2013/1758 1852/2012/1756 1920/2014/1759
f 1853/2013/1758 1920/2014/1760 1919/2015/1761
f 1919/2015/1762 1920/2014/1759 1900/2016/1763
f 1919/2015/1761 1900/2016/1763 1901/2017/1764
f 1901/2017/1764 1900/2016/1763 1947/2018/1765
f 1901/2017/1764 1947/2018/1765 1948/2019/1766
f 1948/2019/1766 1947/2018/1765 1986/2020/1767
f 1948/2019/1766 1986/2020/1767 1985/2021/1768
f 1985/2021/1768 1986/2020/1767 1972/2022/1769
f 1985/2021/1768 1972/2022/1770 1973/2023/1771
f 1973/2023/1771 1972/2022/1769 2028/2024/1772
f 1973/2023/1771 2028/2024/1772 2027/2025/1773
f 2027/2025/1773 2028/2024/1772 2018/2026/1774
f 2027/2025/1773 2018/2026/1775 2019/2027/1776
f 2019/2027/1776 2018/2026/1774 2070/2028/1777
f 2019/2027/1776 2070/2028/1778 2069/2029/1779
f 2069/2029/1780 2070/2028/1778 2064/2030/1781
f 2069/2029/1780 2064/2030/1781 2065/2031/1782
f 2065/2031/1782 2064/2030/1781 2114/2032/1783
f 2065/2031/1784 2114/2032/1785 2113/2033/1786
f 2113/2033/1787 2114/2032/1783 2112/1469/1011
f 2113/2033/1787 2112/1469/1011 916/2034/524
f 903/1988/1724 904/2035/1788 949/1990/1726
f 949/1990/1726 904/2035/1788 1684/2036/1789
f 949/1990/1790 1684/2036/1789 1683/1992/1729
f 1683/1992/1729 1684/2036/1789 1640/2037/1791
f 1683/1992/1729 1640/2037/1791 1641/1994/1731
f 1641/1994/1731 1640/2037/1791 1687/2038/1792
f 1641/1994/1731 1687/2038/1792 1688/1996/1793
f 1688/1996/1733 1687/2038/1792 1750/2039/1794
f 1688/1996/1733 1750/2039/1795 1749/1998/1735
f 1749/1998/1735 1750/2039/1794 1712/2040/1796
f 1749/1998/1737 1712/2040/1796 1713/2000/1738
f 1713/2000/1738 1712/2040/1796 1792/2041/1797
f 1713/2000/1738 1792/2041/1797 1791/2002/1798
f 1791/2002/1799 1792/2041/1797 1758/2042/1800
f 1791/2002/1799 1758/2042/1801 1759/2004/1747
f 1759/2004/1744 1758/2042/1800 1834/2043/1802
f 1759/2004/1747 1834/2043/1803 1833/2006/1748
f 1833/2006/1804 1834/2043/1802 1804/2044/1805
f 1833/2006/1748 1804/2044/1805 1805/2008/1750
f 1805/2008/1751 1804/2044/1806 1877/2045/1807
f 1805/2008/1750 1877/2045/1807 1876/2010/1754
f 1876/2010/1754 1877/2045/1807 1851/2046/1808
f 1876/2010/1754 1851/2046/1808 1852/2012/1757
f 1852/2012/1757 1851/2046/1808 1921/2047/1809
f 1852/2012/1756 1921/2047/1809 1920/2014/1810
f 1920/2014/1760 1921/2047/1809 1899/2048/1811
f 1920/2014/1810 1899/2048/1811 1900/2016/1812
f 1900/2016/1763 1899/2048/1813 1946/2049/1814
f 1900/2016/1763 1946/2049/1815 1947/2018/1765
f 1947/2018/1765 1946/2049/1814 1987/2050/1816
f 1947/2018/1765 1987/2050/1816 1986/2020/1767
f 1986/2020/1767 1987/2050/1816 1971/2051/1817
f 1986/2020/1767 1971/2051/1817 1972/2022/1769
f 1972/2022/1769 1971/2051/1817 2029/2052/1818
f 1972/2022/1769 2029/2052/1818 2028/2024/1772
f 2028/2024/1772 2029/2052/1818 2017/2053/1819
f 2028/2024/1772 2017/2053/1819 2018/2026/1774
f 2018/2026/1774 2017/2053/1819 2071/2054/1820
f 2018/2026/1775 2071/2054/1820 2070/2028/1778
f 2070/2028/1778 2071/2054/1820 2063/2055/1821
f 2070/2028/1778 2063/2055/1821 2064/2030/1822
f 2064/2030/1781 2063/2055/1821 2115/2056/1823
f 2064/2030/1781 2115/2056/1823 2114/2032/1824
f 2114/2032/1824 2115/2056/1823 2111/1467/1009
f 2114/2032/1783 2111/1467/1009 2112/1469/1011
f 1684/2036/1789 904/2035/1788 1639/2057/1825
f 1639/2057/1825 904/2035/1788 905/2058/1826
f 1639/2057/1825 905/2058/1826 1685/2059/1827
f 1685/2059/1827 905/2058/1826 948/2060/1828
f 1685/2059/1827 948/2060/1828 1752/2061/1829
f 1752/2061/1829 948/2060/1828 1709/2062/1830
f 1752/2061/1829 1709/2062/1831 1710/2063/1832
f 1710/2063/1832 1709/2062/1831 1795/2064/1833
f 1710/2063/1832 1795/2064/1834 1794/2065/1835
f 1794/2065/1835 1795/2064/1834 1755/2066/1836
f 1794/2065/1835 1755/2066/1836 1756/2067/1837
f 1756/2067/1837 1755/2066/1836 1837/2068/1838
f 1756/2067/1837 1837/2068/1838 1836/2069/1839
f 1836/2069/1839 1837/2068/1838 1801/2070/1840
f 1836/2069/1839 1801/2070/1840 1802/2071/1841
f 1802/2071/1841 1801/2070/1840 1880/2072/1842
f 1802/2071/1841 1880/2072/1842 1879/2073/1843
f 1879/2073/1843 1880/2072/1844 1848/2074/1845
f 1879/2073/1846 1848/2074/1847 1849/2075/1848
f 1849/2075/1848 1848/2074/1845 1924/2076/1849
f 1849/2075/1848 1924/2076/1850 1923/2077/1851
f 1923/2077/1852 1924/2076/1850 1896/2078/1853
f 1923/2077/1851 1896/2078/1853 1897/2079/1854
f 1897/2079/1855 1896/2078/1853 1943/2080/1856
f 1897/2079/1854 1943/2080/1856 1944/2081/1857
f 1944/2081/1857 1943/2080/1856 1990/2082/1858
f 1944/2081/1857 1990/2082/1859 1989/2083/1860
f 1989/2083/1860 1990/2082/1859 1968/2084/1861
f 1989/2083/1860 1968/2084/1861 1969/2085/1862
f 1969/2085/1863 1968/2084/1861 2032/2086/1864
f 1969/2085/1863 2032/2086/1864 2031/2087/1865
f 2031/2087/1865 2032/2086/1864 2014/2088/1866
f 2031/2087/1865 2014/2088/1866 2015/2089/1867
f 2015/2089/1867 2014/2088/1866 2074/2090/1868
f 2015/2089/1867 2074/2090/1868 2073/2091/1869
f 2073/2091/1869 2074/2090/1868 2060/2092/1870
f 2073/2091/1869 2060/2092/1871 2061/2093/1872
f 2061/2093/1872 2060/2092/1870 2118/2094/1873
f 2061/2093/1874 2118/2094/1873 2117/2095/1875
f 2117/2095/1875 2118/2094/1873 2108/1461/1002
f 2117/2095/1875 2108/1461/1002 2109/1463/1004
f 905/2058/1826 906/2096/1876 948/2060/1828
f 948/2060/1828 906/2096/1876 1708/2097/1877
f 948/2060/1828 1708/2097/1877 1709/2062/1878
f 1709/2062/1879 1708/2097/1877 1796/2098/1880
f 1709/2062/1878 1796/2098/1880 1795/2064/1834
f 1795/2064/1834 1796/2098/1880 1754/2099/1881
f 1795/2064/1834 1754/2099/1881 1755/2066/1882
f 1755/2066/1836 1754/2099/1881 1838/2100/1883
f 1755/2066/1882 1838/2100/1883 1837/2068/1838
f 1837/2068/1838 1838/2100/1883 1800/2101/1884
f 1837/2068/1838 1800/2101/1884 1801/2070/1840
f 1801/2070/1840 1800/2101/1884 1881/2102/1885
f 1801/2070/1840 1881/2102/1885 1880/2072/1844
f 1880/2072/1844 1881/2102/1885 1847/2103/1886
f 1880/2072/1842 1847/2103/1886 1848/2074/1845
f 1848/2074/1845 1847/2103/1886 1925/2104/1887
f 1848/2074/1847 1925/2104/1888 1924/2076/1850
f 1924/2076/1850 1925/2104/1887 1895/2105/1889
f 1924/2076/1849 1895/2105/1889 1896/2078/1890
f 1896/2078/1853 1895/2105/1889 1942/2106/1891
f 1896/2078/1890 1942/2106/1891 1943/2080/1856
f 1943/2080/1856 1942/2106/1891 1991/2107/1892
f 1943/2080/1856 1991/2107/1892 1990/2082/1859
f 1990/2082/1859 1991/2107/1892 1967/2108/1893
f 1990/2082/1859 1967/2108/1893 1968/2084/1861
f 1968/2084/1861 1967/2108/1894 2033/2109/1895
f 1968/2084/1861 2033/2109/1895 2032/2086/1864
f 2032/2086/1864 2033/2109/1895 2013/2110/1896
f 2032/2086/1864 2013/2110/1897 2014/2088/1866
f 2014/2088/1866 2013/2110/1897 2075/2111/1898
f 2014/2088/1866 2075/2111/1898 2074/2090/1868
f 2074/2090/1899 2075/2111/1898 2059/2112/1900
f 2074/2090/1868 2059/2112/1901 2060/2092/1870
f 2060/2092/1870 2059/2112/1901 2119/2113/1902
f 2060/2092/1870 2119/2113/1903 2118/2094/1873
f 2118/2094/1873 2119/2113/1902 2107/1459/1000
f 2118/2094/1873 2107/1459/1000 2108/1461/1002
f 1708/2097/1877 906/2096/1876 947/2114/1904
f 947/2114/1904 906/2096/1905 907/2115/1906
f 947/2114/1904 907/2115/1906 946/2116/1907
f 946/2116/1907 907/2115/1906 908/2117/1908
f 946/2116/1907 908/2117/1909 1841/2118/1910
f 1841/2118/1911 908/2117/1912 945/2119/1913
f 1841/2118/1911 945/2119/1914 1797/2120/1915
f 1797/2120/1915 945/2119/1913 1885/2121/1916
f 1797/2120/1917 1885/2121/1918 1884/2122/1919
f 1884/2122/1919 1885/2121/1916 1843/2123/1920
f 1884/2122/1919 1843/2123/1921 1844/2124/1922
f 1844/2124/1922 1843/2123/1921 1929/2125/1923
f 1844/2124/1922 1929/2125/1923 1928/2126/1924
f 1928/2126/1924 1929/2125/1923 1891/2127/1925
f 1928/2126/1924 1891/2127/1925 1892/2128/1926
f 1892/2128/1926 1891/2127/1925 1938/2129/1927
f 1892/2128/1926 1938/2129/1927 1939/2130/1928
f 1939/2130/1929 1938/2129/1927 1995/2131/1930
f 1939/2130/1931 1995/2131/1930 1994/2132/1932
f 1994/2132/1933 1995/2131/1930 1963/2133/1934
f 1994/2132/1932 1963/2133/1935 1964/2134/1936
f 1964/2134/1936 1963/2133/1935 2037/2135/1937
f 1964/2134/1936 2037/2135/1937 2036/2136/1938
f 2036/2136/1939 2037/2135/1937 2009/2137/1940
f 2036/2136/1938 2009/2137/1940 2010/2138/1941
f 2010/2138/1941 2009/2137/1940 2079/2139/1942
f 2010/2138/1941 2079/2139/1942 2078/2140/1943
f 2078/2140/1943 2079/2139/1942 2055/2141/1944
f 2078/2140/1943 2055/2141/1944 2056/2142/1945
f 2056/2142/1946 2055/2141/1944 2123/2143/1947
f 2056/2142/1945 2123/2143/1948 2122/2144/1949
f 2122/2144/1949 2123/2143/1947 2103/1451/989
f 2122/2144/1949 2103/1451/989 2104/1453/991
f 908/2117/1909 909/2145/1950 945/2119/1914
f 945/2119/1913 909/2145/1950 1886/2146/1951
f 945/2119/1913 1886/2146/1951 1885/2121/1918
f 1885/2121/1916 1886/2146/1952 1842/2147/1953
f 1885/2121/1918 1842/2147/1953 1843/2123/1921
f 1843/2123/1920 1842/2147/1954 1930/2148/1955
f 1843/2123/1921 1930/2148/1955 1929/2125/1923
f 1929/2125/1923 1930/2148/1955 1890/2149/1956
f 1929/2125/1923 1890/2149/1956 1891/2127/1925
f 1891/2127/1925 1890/2149/1956 1937/2150/1957
f 1891/2127/1925 1937/2150/1957 1938/2129/1927
f 1938/2129/1927 1937/2150/1957 1996/2151/1958
f 1938/2129/1927 1996/2151/1958 1995/2131/1930
f 1995/2131/1930 1996/2151/1959 1962/2152/1960
f 1995/2131/1961 1962/2152/1960 1963/2133/1935
f 1963/2133/1935 1962/2152/1962 2038/2153/1963
f 1963/2133/1934 2038/2153/1964 2037/2135/1937
f 2037/2135/1937 2038/2153/1963 2008/2154/1965
f 2037/2135/1937 2008/2154/1965 2009/2137/1966
f 2009/2137/1940 2008/2154/1965 2080/2155/1967
f 2009/2137/1940 2080/2155/1967 2079/2139/1942
f 2079/2139/1942 2080/2155/1967 2054/2156/1968
f 2079/2139/1942 2054/2156/1969 2055/2141/1944
f 2055/2141/1944 2054/2156/1968 2124/2157/1970
f 2055/2141/1944 2124/2157/1970 2123/2143/1947
f 2123/2143/1947 2124/2157/1970 2102/1449/987
f 2123/2143/1947 2102/1449/987 2103/1451/989
f 1886/2146/1952 909/2145/1950 944/2158/1971
f 944/2158/1971 909/2145/1950 910/2159/1972
f 944/2158/1971 910/2159/1972 1932/2160/1973
f 1932/2160/1973 910/2159/1972 1887/2161/1974
f 1932/2160/1973 1887/2161/1974 1888/2162/1975
f 1888/2162/1976 1887/2161/1974 1934/2163/1977
f 1888/2162/1976 1934/2163/1977 1935/2164/1978
f 1935/2164/1978 1934/2163/1977 1999/2165/1979
f 1935/2164/1978 1999/2165/1979 1998/2166/1980
f 1998/2166/1980 1999/2165/1979 1959/2167/1981
f 1998/2166/1980 1959/2167/1981 1960/2168/1982
f 1960/2168/1982 1959/2167/1981 2041/2169/1983
f 1960/2168/1982 2041/2169/1984 2040/2170/1985
f 2040/2170/1986 2041/2169/1984 2005/2171/1987
f 2040/2170/1986 2005/2171/1988 2006/2172/1989
f 2006/2172/1990 2005/2171/1987 2083/2173/1991
f 2006/2172/1990 2083/2173/1991 2082/2174/1992
f 2082/2174/1993 2083/2173/1991 2051/2175/1994
f 2082/2174/1993 2051/2175/1994 2052/2176/1995
f 2052/2176/1995 2051/2175/1994 2127/2177/1996
f 2052/2176/1995 2127/2177/1996 2126/2178/1997
f 2126/2178/1997 2127/2177/1996 2099/1443/981
f 2126/2178/1997 2099/1443/981 2100/1445/983
f 910/2159/1972 911/2179/1998 1887/2161/1974
f 1887/2161/1974 911/2179/1998 1933/2180/1999
f 1887/2161/1974 1933/2180/1999 1934/2163/1977
f 1934/2163/1977 1933/2180/2000 2000/2181/2001
f 1934/2163/1977 2000/2181/2001 1999/2165/1979
f 1999/2165/1979 2000/2181/2001 1958/2182/2002
f 1999/2165/1979 1958/2182/2002 1959/2167/1981
f 1959/2167/1981 1958/2182/2002 2042/2183/2003
f 1959/2167/1981 2042/2183/2004 2041/2169/1984
f 2041/2169/1983 2042/2183/2004 2004/2184/2005
f 2041/2169/1983 2004/2184/2005 2005/2171/1987
f 2005/2171/1987 2004/2184/2005 2084/2185/2006
f 2005/2171/1987 2084/2185/2006 2083/2173/2007
f 2083/2173/1991 2084/2185/2008 2050/2186/2009
f 2083/2173/1991 2050/2186/2010 2051/2175/1994
f 2051/2175/1994 2050/2186/2009 2128/2187/2011
f 2051/2175/1994 2128/2187/2012 2127/2177/1996
f 2127/2177/1996 2128/2187/2011 2098/1441/979
f 2127/2177/1996 2098/1441/2013 2099/1443/981
f 1933/2180/2000 911/2179/1998 943/2188/2014
f 943/2188/2014 911/2179/1998 912/2189/2015
f 943/2188/2014 912/2189/2015 1956/2190/2016
f 1956/2190/2017 912/2189/2015 942/2191/2018
f 1956/2190/2016 942/2191/2018 2044/2192/2019
f 2044/2192/2019 942/2191/2018 2001/2193/2020
f 2044/2192/2019 2001/2193/2020 2002/2194/2021
f 2002/2194/2021 2001/2193/2020 2087/2195/2022
f 2002/2194/2023 2087/2195/2024 2086/2196/2025
f 2086/2196/2026 2087/2195/2022 2047/2197/2027
f 2086/2196/2028 2047/2197/2027 2048/2198/2029
f 2048/2198/2029 2047/2197/2027 2131/2199/2030
f 2048/2198/2031 2131/2199/2030 2130/2200/2032
f 2130/2200/2032 2131/2199/2030 2095/1435/969
f 2130/2200/2032 2095/1435/2033 2096/1437/971
f 912/2189/2015 913/2201/2034 942/2191/2018
f 942/2191/2035 913/2201/2034 941/2202/2036
f 942/2191/2035 941/2202/2036 2001/2193/2020
f 2001/2193/2020 941/2202/2036 2088/2203/2037
f 2001/2193/2020 2088/2203/2038 2087/2195/2024
f 2087/2195/2022 2088/2203/2037 2046/2204/2039
f 2087/2195/2022 2046/2204/2040 2047/2197/2027
f 2047/2197/2027 2046/2204/2041 2132/2205/2042
f 2047/2197/2027 2132/2205/2043 2131/2199/2030
f 2131/2199/2030 2132/2205/2043 2094/1433/967
f 2131/2199/2030 2094/1433/967 2095/1435/969
f 913/2201/2034 914/2206/2044 941/2202/2036
f 941/2202/2036 914/2206/2045 2089/2207/2046
f 941/2202/2047 2089/2207/2048 2088/2203/2037
f 2088/2203/2038 2089/2207/2049 2045/2208/2050
f 2088/2203/2037 2045/2208/2051 2046/2204/2039
f 2046/2204/2040 2045/2208/2050 2133/2209/2052
f 2046/2204/2041 2133/2209/2052 2132/2205/2042
f 2132/2205/2042 2133/2209/2052 2093/1431/963
f 2132/2205/2043 2093/1431/963 2094/1433/967
f 2089/2207/2048 914/2206/2044 940/2210/2053
f 940/2210/2054 914/2206/2045 915/2211/2055
f 940/2210/2053 915/2211/2055 2135/2212/2056
f 2135/2212/2056 915/2211/2057 2090/1425/956
f 2135/2212/2056 2090/1425/2058 2091/1427/959
f 915/2211/2055 887/1423/954 2090/1425/956
f 985/1517/1073 916/2213/524 939/2214/1012
f 2113/2033/1787 916/2215/524 2066/2216/2059
f 2066/2216/2059 916/2217/524 2067/1985/1721
f 1978/1934/1642 916/2218/524 1979/2219/2060
f 1979/2219/2060 916/2220/524 1955/1886/1579
f 1910/1860/1549 916/2221/524 1863/2222/2061
f 1863/2222/2062 916/2223/524 1864/1812/1485
f 1774/1761/1415 916/2224/524 1775/2225/2063
f 1707/1687/1299 916/2226/524 1661/2227/2064
f 1661/2227/2064 916/2228/524 1662/1639/1243
f 1616/1613/1208 916/2229/524 1570/2230/2065
f 1570/2230/2065 916/2231/524 1571/2232/2066
f 1571/2232/2066 916/2233/524 1526/2234/2067
f 1526/2234/2067 916/2235/524 1527/2236/2068
f 1527/2236/2068 916/2237/524 1482/2238/2069
f 1482/2238/2069 916/2239/524 1483/2240/2070
f 1483/2240/2070 916/2241/524 1459/2242/2071
f 1459/2242/2071 916/2243/524 1413/2244/2072
f 1413/2244/2072 916/2245/524 1414/2246/2073
f 1414/2246/2073 916/2247/524 1367/2248/2074
f 1367/2248/2074 916/2249/524 1368/2250/2075
f 1323/2251/2076 916/2252/524 1324/2253/2077
f 1324/2253/2077 916/2254/524 1279/2255/2078
f 1279/2255/2078 916/2256/524 1280/2257/2079
f 1280/2257/2079 916/2258/524 1234/2259/2080
f 1234/2259/2080 916/2260/524 1235/2261/2081
f 1235/2261/2081 916/2262/524 1211/2263/2082
f 1211/2263/2083 916/2264/524 1165/2265/2084
f 1165/2265/2084 916/2266/524 1166/2267/2085
f 1166/2267/2085 916/2268/524 1119/2269/2086
f 1119/2269/2086 916/2270/524 1120/2271/2087
f 1120/2271/2087 916/2272/524 1075/2273/2088
f 1075/2273/2088 916/2274/524 1076/2275/2089
f 1076/2275/2090 916/2276/524 1031/1564/1141
f 1032/1565/1143 916/2277/524 1008/1516/1074
f 963/1420/1018 964/1475/1020 917/1422/955
f 917/1422/955 964/1475/1020 918/2278/2091
f 964/1475/1020 965/1477/1022 918/2278/2091
f 918/2278/958 965/1477/1022 919/2279/960
f 965/1477/1022 966/1479/1024 919/2279/960
f 919/2279/960 966/1479/1024 920/2280/962
f 966/1479/1026 967/1481/1027 920/2280/964
f 920/2280/964 967/1481/1027 921/2281/965
f 967/1481/1027 968/1483/1029 921/2281/965
f 921/2281/965 968/1483/1029 922/2282/968
f 968/1483/1030 969/1485/1032 922/2282/968
f 922/2282/968 969/1485/2092 923/2283/972
f 969/1485/2093 970/1487/2094 923/2283/970
f 923/2283/972 970/1487/2094 924/2284/973
f 970/1487/2094 971/1489/1040 924/2284/973
f 924/2284/974 971/1489/1039 925/2285/977
f 971/1489/1039 972/1491/1042 925/2285/977
f 925/2285/977 972/1491/1042 926/2286/980
f 972/1491/1042 973/1493/1044 926/2286/980
f 926/2286/980 973/1493/1044 927/2287/2095
f 973/1493/1044 974/1495/1046 927/2287/2095
f 927/2287/982 974/1495/1046 928/2288/984
f 974/1495/1046 975/1497/1049 928/2288/984
f 928/2288/984 975/1497/1049 929/2289/986
f 975/1497/1049 976/1499/1051 929/2289/2096
f 929/2289/2096 976/1499/1051 930/2290/988
f 976/1499/1051 977/1501/1053 930/2290/988
f 930/2290/988 977/1501/1053 931/2291/990
f 977/1501/1053 978/1503/1056 931/2291/990
f 931/2291/990 978/1503/1056 932/2292/992
f 978/1503/1055 979/1505/1058 932/2292/995
f 932/2292/992 979/1505/1058 933/2293/996
f 979/1505/1059 980/1507/1061 933/2293/996
f 933/2293/996 980/1507/1061 934/2294/998
f 980/1507/1061 981/1509/1063 934/2294/998
f 934/2294/998 981/1509/1063 935/2295/1001
f 981/1509/1063 982/1511/1066 935/2295/1001
f 935/2295/1001 982/1511/1066 936/2296/1003
f 982/1511/1066 983/1513/1068 936/2296/1003
f 936/2296/1003 983/1513/1068 937/2297/1007
f 985/1517/1073 939/2214/1010 938/2298/1008
f 983/1513/1068 984/1515/1071 937/2297/1007
f 937/2297/1007 984/1515/1071 938/2298/1008
f 984/1515/1071 985/1517/1073 938/2298/1008
f 1775/2225/2063 916/2299/524 1730/1713/1341
f 1368/2250/2075 916/2300/524 1323/2251/2076
f 962/1472/1015 1053/1523/2097 986/1473/1016
f 986/1473/1016 1053/1523/1082 987/1474/1019
f 1053/1523/1082 1052/1525/1087 987/1474/1019
f 987/1474/1019 1052/1525/1087 988/1476/1021
f 1052/1525/2098 1051/1527/1090 988/1476/1021
f 988/1476/1021 1051/1527/1090 989/1478/1023
f 1051/1527/1090 1050/1529/1092 989/1478/2099
f 989/1478/2099 1050/1529/1092 990/1480/1025
f 1050/1529/1093 1049/1531/1096 990/1480/1025
f 990/1480/1025 1049/1531/1096 991/1482/1028
f 1049/1531/1096 1048/1533/1099 991/1482/1028
f 991/1482/1028 1048/1533/1099 992/1484/1031
f 1048/1533/1100 1047/1535/1102 992/1484/2100
f 992/1484/1031 1047/1535/2101 993/1486/2102
f 1047/1535/1102 1046/1537/1104 993/1486/1033
f 993/1486/1033 1046/1537/1104 994/1488/1038
f 1046/1537/1104 1045/1539/1107 994/1488/1038
f 994/1488/1038 1045/1539/1107 995/1490/1041
f 1045/1539/1108 1044/1541/1110 995/1490/1041
f 995/1490/1041 1044/1541/1111 996/1492/1043
f 1044/1541/1110 1043/1543/1113 996/1492/1043
f 996/1492/1043 1043/1543/1113 997/1494/1045
f 1043/1543/1113 1042/1545/1116 997/1494/1045
f 997/1494/1045 1042/1545/1115 998/1496/1047
f 1042/1545/1115 1041/1547/1118 998/1496/1047
f 998/1496/1047 1041/1547/1118 999/1498/1050
f 1041/1547/1118 1040/1549/1120 999/1498/1050
f 999/1498/1050 1040/1549/1120 1000/1500/1052
f 1040/1549/1120 1039/1551/1123 1000/1500/1052
f 1000/1500/1052 1039/1551/1123 1001/1502/1054
f 1039/1551/1123 1038/1553/1125 1001/1502/1054
f 1001/1502/1054 1038/1553/1125 1002/1504/1057
f 1038/1553/1125 1037/1555/1129 1002/1504/1057
f 1002/1504/1057 1037/1555/1128 1003/1506/1060
f 1037/1555/1129 1036/1557/1131 1003/1506/1060
f 1003/1506/1060 1036/1557/1131 1004/1508/1062
f 1036/1557/1131 1035/1559/1133 1004/1508/1062
f 1004/1508/1062 1035/1559/1133 1005/1510/1065
f 1035/1559/1133 1034/1561/1136 1005/1510/1065
f 1005/1510/1065 1034/1561/1136 1006/1512/1067
f 1032/1565/1142 1008/1516/1072 1007/1514/2103
f 1034/1561/1138 1033/1563/1139 1006/1512/1067
f 1006/1512/1067 1033/1563/1139 1007/1514/2104
f 1033/1563/1140 1032/1565/1142 1007/1514/1070
f 1010/1522/1081 1009/1521/1079 1097/2301/2105
f 1097/2301/2105 1009/1521/1079 961/1520/1078
f 1097/2301/2105 961/1520/1078 1054/2302/2106
f 1054/2302/2106 961/1520/1078 960/1567/1144
f 1054/2302/2106 960/1567/1144 1141/2303/2107
f 1141/2303/2107 960/1567/1146 1142/1569/1147
f 1141/2303/2107 1142/1569/1147 1098/1571/1149
f 1011/1524/1085 1010/1522/1083 1096/2304/2108
f 1096/2304/2109 1010/1522/1081 1097/2301/2105
f 1096/2304/2109 1097/2301/2105 1055/2305/2110
f 1055/2305/2111 1097/2301/2105 1054/2302/2106
f 1055/2305/2111 1054/2302/2106 1140/2306/2112
f 1140/2306/2112 1054/2302/2106 1141/2303/2107
f 1140/2306/2113 1141/2303/2107 1099/2307/2114
f 1099/2307/2114 1141/2303/2107 1098/1571/1149
f 1099/2307/2114 1098/1571/1149 1186/1573/1151
f 1012/1526/2115 1011/1524/1085 1095/2308/2116
f 1095/2308/2116 1011/1524/1085 1096/2304/2108
f 1095/2308/2116 1096/2304/2109 1056/2309/2117
f 1056/2309/2118 1096/2304/2109 1055/2305/2111
f 1056/2309/2118 1055/2305/2111 1139/2310/2119
f 1139/2310/2119 1055/2305/2111 1140/2306/2113
f 1139/2310/2119 1140/2306/2112 1100/2311/2120
f 1100/2311/2120 1140/2306/2112 1099/2307/2114
f 1100/2311/2120 1099/2307/2114 1185/2312/2121
f 1185/2312/2122 1099/2307/2114 1186/1573/1151
f 1185/2312/2121 1186/1573/1151 1146/1575/1154
f 1013/1528/1091 1012/1526/2123 1094/2313/2124
f 1094/2313/2124 1012/1526/2123 1095/2308/2116
f 1094/2313/2125 1095/2308/2126 1057/2314/2127
f 1057/2314/2127 1095/2308/2126 1056/2309/2118
f 1057/2314/2127 1056/2309/2117 1138/2315/2128
f 1138/2315/2128 1056/2309/2117 1139/2310/2119
f 1138/2315/2128 1139/2310/2119 1101/2316/2129
f 1101/2316/2129 1139/2310/2119 1100/2311/2120
f 1101/2316/2129 1100/2311/2120 1184/2317/2130
f 1184/2317/2130 1100/2311/2120 1185/2312/2121
f 1184/2317/2130 1185/2312/2122 1147/2318/2131
f 1147/2318/2131 1185/2312/2122 1146/1575/1154
f 1147/2318/2131 1146/1575/1154 1193/1577/1157
f 1014/1530/1094 1013/1528/1091 1093/2319/2132
f 1093/2319/2132 1013/1528/1091 1094/2313/2124
f 1093/2319/2132 1094/2313/2124 1058/2320/2133
f 1058/2320/2134 1094/2313/2124 1057/2314/2127
f 1058/2320/2133 1057/2314/2135 1137/2321/2136
f 1137/2321/2136 1057/2314/2127 1138/2315/2128
f 1137/2321/2136 1138/2315/2128 1102/2322/2137
f 1102/2322/2138 1138/2315/2128 1101/2316/2129
f 1102/2322/2138 1101/2316/2129 1183/2323/2139
f 1183/2323/2140 1101/2316/2129 1184/2317/2130
f 1183/2323/2139 1184/2317/2130 1148/2324/2141
f 1148/2324/2142 1184/2317/2130 1147/2318/2131
f 1148/2324/2142 1147/2318/2131 1194/2325/2143
f 1194/2325/2143 1147/2318/2131 1193/1577/1157
f 1194/2325/2143 1193/1577/1157 1252/1579/1160
f 1015/1532/1097 1014/1530/1094 1092/2326/2144
f 1092/2326/2144 1014/1530/1095 1093/2319/2132
f 1092/2326/2144 1093/2319/2132 1059/2327/2145
f 1059/2327/2145 1093/2319/2146 1058/2320/2134
f 1059/2327/2145 1058/2320/2133 1136/2328/2147
f 1136/2328/2147 1058/2320/2133 1137/2321/2136
f 1136/2328/2147 1137/2321/2136 1103/2329/2148
f 1103/2329/2148 1137/2321/2136 1102/2322/2138
f 1103/2329/2148 1102/2322/2138 1182/2330/2149
f 1182/2330/2150 1102/2322/2137 1183/2323/2139
f 1182/2330/2149 1183/2323/2140 1149/2331/2151
f 1149/2331/2152 1183/2323/2139 1148/2324/2141
f 1149/2331/2151 1148/2324/2141 1195/2332/2153
f 1195/2332/2153 1148/2324/2141 1194/2325/2143
f 1195/2332/2153 1194/2325/2154 1251/2333/2155
f 1251/2333/2155 1194/2325/2156 1252/1579/1160
f 1251/2333/2155 1252/1579/1160 1218/1581/2157
f 1016/1534/1101 1015/1532/2158 1091/2334/2159
f 1091/2334/2159 1015/1532/1097 1092/2326/2160
f 1091/2334/2159 1092/2326/2161 1060/2335/2162
f 1060/2335/2163 1092/2326/2144 1059/2327/2145
f 1060/2335/2162 1059/2327/2145 1135/2336/2164
f 1135/2336/2164 1059/2327/2145 1136/2328/2147
f 1135/2336/2164 1136/2328/2147 1104/2337/2165
f 1104/2337/2165 1136/2328/2147 1103/2329/2166
f 1104/2337/2167 1103/2329/2148 1181/2338/2168
f 1181/2338/2169 1103/2329/2148 1182/2330/2170
f 1181/2338/2169 1182/2330/2171 1150/2339/2172
f 1150/2339/2172 1182/2330/2150 1149/2331/2152
f 1150/2339/2172 1149/2331/2151 1196/2340/2173
f 1196/2340/2173 1149/2331/2151 1195/2332/2153
f 1196/2340/2174 1195/2332/2175 1250/2341/2176
f 1250/2341/2176 1195/2332/2153 1251/2333/2155
f 1250/2341/2176 1251/2333/2177 1219/2342/2178
f 1219/2342/2178 1251/2333/2177 1218/1581/1162
f 1219/2342/2178 1218/1581/1163 1295/1583/1165
f 1017/1536/2179 1016/1534/2180 1090/2343/2181
f 1090/2343/2181 1016/1534/1101 1091/2334/2159
f 1090/2343/2181 1091/2334/2159 1061/2344/2182
f 1061/2344/2182 1091/2334/2183 1060/2335/2163
f 1061/2344/2182 1060/2335/2163 1134/2345/2184
f 1134/2345/2184 1060/2335/2162 1135/2336/2164
f 1134/2345/2184 1135/2336/2164 1105/2346/2185
f 1105/2346/2185 1135/2336/2164 1104/2337/2186
f 1105/2346/2185 1104/2337/2187 1180/2347/2188
f 1180/2347/2188 1104/2337/2165 1181/2338/2169
f 1180/2347/2188 1181/2338/2169 1151/2348/2189
f 1151/2348/2189 1181/2338/2169 1150/2339/2190
f 1151/2348/2189 1150/2339/2172 1197/2349/2191
f 1197/2349/2191 1150/2339/2172 1196/2340/2174
f 1197/2349/2192 1196/2340/2174 1249/2350/2193
f 1249/2350/2193 1196/2340/2173 1250/2341/2176
f 1249/2350/2193 1250/2341/2194 1220/2351/2195
f 1220/2351/2195 1250/2341/2176 1219/2342/2196
f 1220/2351/2195 1219/2342/2178 1294/2352/2197
f 1294/2352/2197 1219/2342/2178 1295/1583/1165
f 1294/2352/2197 1295/1583/1165 1265/1585/1171
f 1018/1538/1106 1017/1536/1103 1089/2353/2198
f 1089/2353/2199 1017/1536/1103 1090/2343/2181
f 1089/2353/2200 1090/2343/2181 1062/2354/2201
f 1062/2354/2202 1090/2343/2181 1061/2344/2182
f 1062/2354/2203 1061/2344/2182 1133/2355/2204
f 1133/2355/2205 1061/2344/2182 1134/2345/2184
f 1133/2355/2206 1134/2345/2184 1106/2356/2207
f 1106/2356/2207 1134/2345/2184 1105/2346/2185
f 1106/2356/2207 1105/2346/2185 1179/2357/2208
f 1179/2357/2208 1105/2346/2185 1180/2347/2188
f 1179/2357/2208 1180/2347/2188 1152/2358/2209
f 1152/2358/2209 1180/2347/2188 1151/2348/2189
f 1152/2358/2210 1151/2348/2189 1198/2359/2211
f 1198/2359/2211 1151/2348/2189 1197/2349/2192
f 1198/2359/2212 1197/2349/2191 1248/2360/2213
f 1248/2360/2213 1197/2349/2191 1249/2350/2193
f 1248/2360/2213 1249/2350/2193 1221/2361/2214
f 1221/2361/2214 1249/2350/2193 1220/2351/2195
f 1221/2361/2214 1220/2351/2195 1293/2362/2215
f 1293/2362/2215 1220/2351/2195 1294/2352/2197
f 1293/2362/2216 1294/2352/2197 1266/2363/2217
f 1266/2363/2217 1294/2352/2197 1265/1585/1168
f 1266/2363/2217 1265/1585/1171 1337/1587/1172
f 1019/1540/1109 1018/1538/1106 1088/2364/2218
f 1088/2364/2218 1018/1538/1105 1089/2353/2198
f 1088/2364/2218 1089/2353/2199 1063/2365/2219
f 1063/2365/2219 1089/2353/2200 1062/2354/2203
f 1063/2365/2219 1062/2354/2203 1132/2366/2220
f 1132/2366/2220 1062/2354/2203 1133/2355/2204
f 1132/2366/2220 1133/2355/2205 1107/2367/2221
f 1107/2367/2221 1133/2355/2204 1106/2356/2207
f 1107/2367/2221 1106/2356/2207 1178/2368/2222
f 1178/2368/2222 1106/2356/2207 1179/2357/2208
f 1178/2368/2222 1179/2357/2208 1153/2369/2223
f 1153/2369/2224 1179/2357/2208 1152/2358/2209
f 1153/2369/2224 1152/2358/2225 1199/2370/2226
f 1199/2370/2226 1152/2358/2209 1198/2359/2212
f 1199/2370/2226 1198/2359/2211 1247/2371/2227
f 1247/2371/2227 1198/2359/2211 1248/2360/2213
f 1247/2371/2227 1248/2360/2213 1222/2372/2228
f 1222/2372/2228 1248/2360/2213 1221/2361/2214
f 1222/2372/2228 1221/2361/2214 1292/2373/2229
f 1292/2373/2229 1221/2361/2214 1293/2362/2216
f 1292/2373/2230 1293/2362/2215 1267/2374/2231
f 1267/2374/2231 1293/2362/2215 1266/2363/2217
f 1267/2374/2231 1266/2363/2217 1336/2375/2232
f 1336/2375/2232 1266/2363/2217 1337/1587/1172
f 1336/2375/2232 1337/1587/1172 1311/1589/1174
f 1020/1542/1112 1019/1540/1109 1087/2376/2233
f 1087/2376/2233 1019/1540/1109 1088/2364/2218
f 1087/2376/2233 1088/2364/2218 1064/2377/2234
f 1064/2377/2234 1088/2364/2218 1063/2365/2219
f 1064/2377/2234 1063/2365/2219 1131/2378/2235
f 1131/2378/2236 1063/2365/2219 1132/2366/2220
f 1131/2378/2235 1132/2366/2220 1108/2379/2237
f 1108/2379/2238 1132/2366/2220 1107/2367/2221
f 1108/2379/2238 1107/2367/2221 1177/2380/2239
f 1177/2380/2239 1107/2367/2221 1178/2368/2240
f 1177/2380/2239 1178/2368/2222 1154/2381/2241
f 1154/2381/2241 1178/2368/2222 1153/2369/2224
f 1154/2381/2241 1153/2369/2224 1200/2382/2242
f 1200/2382/2242 1153/2369/2223 1199/2370/2226
f 1200/2382/2242 1199/2370/2226 1246/2383/2243
f 1246/2383/2243 1199/2370/2226 1247/2371/2227
f 1246/2383/2244 1247/2371/2227 1223/2384/2245
f 1223/2384/2245 1247/2371/2227 1222/2372/2228
f 1223/2384/2245 1222/2372/2228 1291/2385/2246
f 1291/2385/2246 1222/2372/2228 1292/2373/2230
f 1291/2385/2246 1292/2373/2229 1268/2386/2247
f 1268/2386/2247 1292/2373/2229 1267/2374/2231
f 1268/2386/2247 1267/2374/2231 1335/2387/2248
f 1335/2387/2248 1267/2374/2231 1336/2375/2232
f 1335/2387/2249 1336/2375/2232 1312/2388/2250
f 1312/2388/2250 1336/2375/2232 1311/1589/1174
f 1312/2388/2250 1311/1589/1174 1379/1591/1176
f 1021/1544/2251 1020/1542/1112 1086/2389/2252
f 1086/2389/2252 1020/1542/1112 1087/2376/2233
f 1086/2389/2252 1087/2376/2233 1065/2390/2253
f 1065/2390/2253 1087/2376/2233 1064/2377/2234
f 1065/2390/2253 1064/2377/2234 1130/2391/2254
f 1130/2391/2254 1064/2377/2234 1131/2378/2236
f 1130/2391/2254 1131/2378/2235 1109/2392/2255
f 1109/2392/2255 1131/2378/2235 1108/2379/2238
f 1109/2392/2255 1108/2379/2238 1176/2393/2256
f 1176/2393/2256 1108/2379/2238 1177/2380/2239
f 1176/2393/2256 1177/2380/2239 1155/2394/2257
f 1155/2394/2257 1177/2380/2239 1154/2381/2241
f 1155/2394/2257 1154/2381/2241 1201/2395/2258
f 1201/2395/2258 1154/2381/2241 1200/2382/2242
f 1201/2395/2259 1200/2382/2242 1245/2396/2260
f 1245/2396/2260 1200/2382/2242 1246/2383/2244
f 1245/2396/2260 1246/2383/2243 1224/2397/2261
f 1224/2397/2261 1246/2383/2244 1223/2384/2245
f 1224/2397/2261 1223/2384/2245 1290/2398/2262
f 1290/2398/2262 1223/2384/2245 1291/2385/2246
f 1290/2398/2263 1291/2385/2246 1269/2399/2264
f 1269/2399/2264 1291/2385/2246 1268/2386/2247
f 1269/2399/2264 1268/2386/2247 1334/2400/2265
f 1334/2400/2265 1268/2386/2247 1335/2387/2248
f 1334/2400/2266 1335/2387/2248 1313/2401/2267
f 1313/2401/2267 1335/2387/2249 1312/2388/2250
f 1313/2401/2267 1312/2388/2250 1378/2402/2268
f 1378/2402/2268 1312/2388/2250 1379/1591/1177
f 1378/2402/2268 1379/1591/1177 1357/1593/1181
f 1022/1546/1117 1021/1544/1114 1085/2403/2269
f 1085/2403/2269 1021/1544/1114 1086/2389/2252
f 1085/2403/2269 1086/2389/2252 1066/2404/2270
f 1066/2404/2270 1086/2389/2252 1065/2390/2253
f 1066/2404/2270 1065/2390/2253 1129/2405/2271
f 1129/2405/2271 1065/2390/2253 1130/2391/2254
f 1129/2405/2271 1130/2391/2254 1110/2406/2272
f 1110/2406/2272 1130/2391/2254 1109/2392/2255
f 1110/2406/2272 1109/2392/2255 1175/2407/2273
f 1175/2407/2274 1109/2392/2255 1176/2393/2256
f 1175/2407/2274 1176/2393/2256 1156/2408/2275
f 1156/2408/2275 1176/2393/2256 1155/2394/2257
f 1156/2408/2276 1155/2394/2257 1202/2409/2277
f 1202/2409/2278 1155/2394/2257 1201/2395/2259
f 1202/2409/2277 1201/2395/2258 1244/2410/2279
f 1244/2410/2279 1201/2395/2258 1245/2396/2260
f 1244/2410/2279 1245/2396/2260 1225/2411/2280
f 1225/2411/2281 1245/2396/2260 1224/2397/2261
f 1225/2411/2280 1224/2397/2261 1289/2412/2282
f 1289/2412/2282 1224/2397/2261 1290/2398/2263
f 1289/2412/2282 1290/2398/2262 1270/2413/2283
f 1270/2413/2283 1290/2398/2262 1269/2399/2264
f 1270/2413/2284 1269/2399/2264 1333/2414/2285
f 1333/2414/2285 1269/2399/2264 1334/2400/2266
f 1333/2414/2285 1334/2400/2265 1314/2415/2286
f 1314/2415/2286 1334/2400/2265 1313/2401/2267
f 1314/2415/2286 1313/2401/2267 1377/2416/2287
f 1377/2416/2287 1313/2401/2267 1378/2402/2268
f 1377/2416/2287 1378/2402/2268 1358/2417/2288
f 1358/2417/2288 1378/2402/2268 1357/1593/1179
f 1358/2417/2288 1357/1593/1181 1423/1595/1182
f 1023/1548/1119 1022/1546/1117 1084/2418/2289
f 1084/2418/2289 1022/1546/1117 1085/2403/2269
f 1084/2418/2289 1085/2403/2269 1067/2419/2290
f 1067/2419/2290 1085/2403/2269 1066/2404/2270
f 1067/2419/2290 1066/2404/2270 1128/2420/2291
f 1128/2420/2291 1066/2404/2270 1129/2405/2292
f 1128/2420/2291 1129/2405/2271 1111/2421/2293
f 1111/2421/2293 1129/2405/2271 1110/2406/2272
f 1111/2421/2293 1110/2406/2272 1174/2422/2294
f 1174/2422/2294 1110/2406/2272 1175/2407/2274
f 1174/2422/2294 1175/2407/2273 1157/2423/2295
f 1157/2423/2295 1175/2407/2273 1156/2408/2276
f 1157/2423/2295 1156/2408/2275 1203/2424/2296
f 1203/2424/2297 1156/2408/2275 1202/2409/2277
f 1203/2424/2296 1202/2409/2277 1243/2425/2298
f 1243/2425/2298 1202/2409/2277 1244/2410/2279
f 1243/2425/2298 1244/2410/2279 1226/2426/2299
f 1226/2426/2299 1244/2410/2279 1225/2411/2280
f 1226/2426/2300 1225/2411/2280 1288/2427/2301
f 1288/2427/2301 1225/2411/2280 1289/2412/2282
f 1288/2427/2302 1289/2412/2282 1271/2428/2303
f 1271/2428/2303 1289/2412/2282 1270/2413/2284
f 1271/2428/2303 1270/2413/2283 1332/2429/2304
f 1332/2429/2304 1270/2413/2283 1333/2414/2285
f 1332/2429/2304 1333/2414/2285 1315/2430/2305
f 1315/2430/2305 1333/2414/2285 1314/2415/2286
f 1315/2430/2305 1314/2415/2286 1376/2431/2306
f 1376/2431/2306 1314/2415/2286 1377/2416/2287
f 1376/2431/2306 1377/2416/2287 1359/2432/2307
f 1359/2432/2307 1377/2416/2287 1358/2417/2288
f 1359/2432/2307 1358/2417/2288 1422/2433/2308
f 1422/2433/2308 1358/2417/2288 1423/1595/1182
f 1422/2433/2308 1423/1595/1182 1405/1597/1185
f 1024/1550/1122 1023/1548/1119 1083/2434/2309
f 1083/2434/2309 1023/1548/1119 1084/2418/2289
f 1083/2434/2309 1084/2418/2289 1068/2435/2310
f 1068/2435/2310 1084/2418/2289 1067/2419/2290
f 1068/2435/2310 1067/2419/2290 1127/2436/2311
f 1127/2436/2311 1067/2419/2290 1128/2420/2291
f 1127/2436/2311 1128/2420/2291 1112/2437/2312
f 1112/2437/2312 1128/2420/2291 1111/2421/2293
f 1112/2437/2312 1111/2421/2293 1173/2438/2313
f 1173/2438/2313 1111/2421/2293 1174/2422/2294
f 1173/2438/2313 1174/2422/2294 1158/2439/2314
f 1158/2439/2314 1174/2422/2294 1157/2423/2295
f 1158/2439/2314 1157/2423/2295 1204/2440/2315
f 1204/2440/2315 1157/2423/2295 1203/2424/2296
f 1204/2440/2315 1203/2424/2296 1242/2441/2316
f 1242/2441/2317 1203/2424/2296 1243/2425/2298
f 1242/2441/2316 1243/2425/2298 1227/2442/2318
f 1227/2442/2318 1243/2425/2298 1226/2426/2300
f 1227/2442/2318 1226/2426/2299 1287/2443/2319
f 1287/2443/2319 1226/2426/2299 1288/2427/2302
f 1287/2443/2319 1288/2427/2301 1272/2444/2320
f 1272/2444/2320 1288/2427/2301 1271/2428/2303
f 1272/2444/2320 1271/2428/2303 1331/2445/2321
f 1331/2445/2321 1271/2428/2303 1332/2429/2304
f 1331/2445/2321 1332/2429/2304 1316/2446/2322
f 1316/2446/2322 1332/2429/2304 1315/2430/2305
f 1316/2446/2322 1315/2430/2305 1375/2447/2323
f 1375/2447/2323 1315/2430/2305 1376/2431/2306
f 1375/2447/2324 1376/2431/2306 1360/2448/2325
f 1360/2448/2325 1376/2431/2306 1359/2432/2307
f 1360/2448/2326 1359/2432/2307 1421/2449/2327
f 1421/2449/2328 1359/2432/2307 1422/2433/2308
f 1421/2449/2328 1422/2433/2308 1406/2450/2329
f 1406/2450/2329 1422/2433/2308 1405/1597/1185
f 1406/2450/2329 1405/1597/1185 1452/1599/1187
f 1025/1552/1124 1024/1550/1122 1082/2451/2330
f 1082/2451/2330 1024/1550/1122 1083/2434/2309
f 1082/2451/2330 1083/2434/2309 1069/2452/2331
f 1069/2452/2331 1083/2434/2309 1068/2435/2310
f 1069/2452/2331 1068/2435/2310 1126/2453/2332
f 1126/2453/2332 1068/2435/2310 1127/2436/2311
f 1126/2453/2332 1127/2436/2311 1113/2454/2333
f 1113/2454/2333 1127/2436/2311 1112/2437/2312
f 1113/2454/2333 1112/2437/2312 1172/2455/2334
f 1172/2455/2334 1112/2437/2312 1173/2438/2313
f 1172/2455/2334 1173/2438/2313 1159/2456/2335
f 1159/2456/2335 1173/2438/2313 1158/2439/2314
f 1159/2456/2336 1158/2439/2314 1205/2457/2337
f 1205/2457/2337 1158/2439/2314 1204/2440/2315
f 1205/2457/2337 1204/2440/2315 1241/2458/2338
f 1241/2458/2338 1204/2440/2315 1242/2441/2316
f 1241/2458/2338 1242/2441/2316 1228/2459/2339
f 1228/2459/2339 1242/2441/2316 1227/2442/2318
f 1228/2459/2340 1227/2442/2318 1286/2460/2341
f 1286/2460/2341 1227/2442/2318 1287/2443/2319
f 1286/2460/2341 1287/2443/2319 1273/2461/2342
f 1273/2461/2342 1287/2443/2319 1272/2444/2320
f 1273/2461/2342 1272/2444/2320 1330/2462/2343
f 1330/2462/2344 1272/2444/2320 1331/2445/2321
f 1330/2462/2343 1331/2445/2321 1317/2463/2345
f 1317/2463/2345 1331/2445/2321 1316/2446/2322
f 1317/2463/2345 1316/2446/2322 1374/2464/2346
f 1374/2464/2346 1316/2446/2322 1375/2447/2324
f 1374/2464/2346 1375/2447/2323 1361/2465/2347
f 1361/2465/2347 1375/2447/2323 1360/2448/2326
f 1361/2465/2347 1360/2448/2325 1420/2466/2348
f 1420/2466/2349 1360/2448/2325 1421/2449/2328
f 1420/2466/2348 1421/2449/2328 1407/2467/2350
f 1407/2467/2351 1421/2449/2328 1406/2450/2329
f 1407/2467/2351 1406/2450/2329 1453/2468/2352
f 1453/2468/2352 1406/2450/2329 1452/1599/1187
f 1453/2468/2353 1452/1599/1187 1489/1601/1189
f 1026/1554/1127 1025/1552/1124 1081/2469/2354
f 1081/2469/2355 1025/1552/1124 1082/2451/2330
f 1081/2469/2354 1082/2451/2330 1070/2470/2356
f 1070/2470/2356 1082/2451/2357 1069/2452/2331
f 1070/2470/2356 1069/2452/2331 1125/2471/2358
f 1125/2471/2358 1069/2452/2331 1126/2453/2332
f 1125/2471/2359 1126/2453/2360 1114/2472/2361
f 1114/2472/2361 1126/2453/2360 1113/2454/2333
f 1114/2472/2361 1113/2454/2362 1171/2473/2363
f 1171/2473/2363 1113/2454/2362 1172/2455/2334
f 1171/2473/2363 1172/2455/2334 1160/2474/2364
f 1160/2474/2365 1172/2455/2334 1159/2456/2335
f 1160/2474/2364 1159/2456/2335 1206/2475/2366
f 1206/2475/2366 1159/2456/2335 1205/2457/2337
f 1206/2475/2366 1205/2457/2367 1240/2476/2368
f 1240/2476/2369 1205/2457/2337 1241/2458/2338
f 1240/2476/2369 1241/2458/2338 1229/2477/2370
f 1229/2477/2370 1241/2458/2338 1228/2459/2339
f 1229/2477/2370 1228/2459/2339 1285/2478/2371
f 1285/2478/2371 1228/2459/2339 1286/2460/2341
f 1285/2478/2372 1286/2460/2341 1274/2479/2373
f 1274/2479/2373 1286/2460/2341 1273/2461/2374
f 1274/2479/2375 1273/2461/2342 1329/2480/2376
f 1329/2480/2376 1273/2461/2342 1330/2462/2377
f 1329/2480/2376 1330/2462/2343 1318/2481/2378
f 1318/2481/2378 1330/2462/2344 1317/2463/2345
f 1318/2481/2379 1317/2463/2345 1373/2482/2380
f 1373/2482/2380 1317/2463/2381 1374/2464/2346
f 1373/2482/2380 1374/2464/2346 1362/2483/2382
f 1362/2483/2382 1374/2464/2346 1361/2465/2347
f 1362/2483/2382 1361/2465/2383 1419/2484/2384
f 1419/2484/2385 1361/2465/2347 1420/2466/2348
f 1419/2484/2385 1420/2466/2349 1408/2485/2386
f 1408/2485/2386 1420/2466/2349 1407/2467/2351
f 1408/2485/2386 1407/2467/2351 1454/2486/2387
f 1454/2486/2387 1407/2467/2351 1453/2468/2353
f 1454/2486/2387 1453/2468/2352 1488/2487/2388
f 1488/2487/2388 1453/2468/2353 1489/1601/1189
f 1488/2487/2388 1489/1601/1189 1477/1603/1194
f 1027/1556/1130 1026/1554/1127 1080/2488/2389
f 1080/2488/2390 1026/1554/1127 1081/2469/2354
f 1080/2488/2389 1081/2469/2354 1071/2489/2391
f 1071/2489/2391 1081/2469/2354 1070/2470/2356
f 1071/2489/2391 1070/2470/2356 1124/2490/2392
f 1124/2490/2392 1070/2470/2356 1125/2471/2359
f 1124/2490/2392 1125/2471/2359 1115/2491/2393
f 1115/2491/2393 1125/2471/2358 1114/2472/2361
f 1115/2491/2393 1114/2472/2361 1170/2492/2394
f 1170/2492/2394 1114/2472/2361 1171/2473/2363
f 1170/2492/2394 1171/2473/2363 1161/2493/2395
f 1161/2493/2395 1171/2473/2363 1160/2474/2365
f 1161/2493/2395 1160/2474/2365 1207/2494/2396
f 1207/2494/2396 1160/2474/2364 1206/2475/2366
f 1207/2494/2396 1206/2475/2366 1239/2495/2397
f 1239/2495/2397 1206/2475/2366 1240/2476/2368
f 1239/2495/2397 1240/2476/2368 1230/2496/2398
f 1230/2496/2399 1240/2476/2368 1229/2477/2370
f 1230/2496/2399 1229/2477/2370 1284/2497/2400
f 1284/2497/2400 1229/2477/2370 1285/2478/2372
f 1284/2497/2400 1285/2478/2372 1275/2498/2401
f 1275/2498/2402 1285/2478/2372 1274/2479/2373
f 1275/2498/2403 1274/2479/2373 1328/2499/2404
f 1328/2499/2404 1274/2479/2373 1329/2480/2376
f 1328/2499/2404 1329/2480/2376 1319/2500/2405
f 1319/2500/2405 1329/2480/2376 1318/2481/2379
f 1319/2500/2405 1318/2481/2379 1372/2501/2406
f 1372/2501/2406 1318/2481/2378 1373/2482/2380
f 1372/2501/2406 1373/2482/2380 1363/2502/2407
f 1363/2502/2407 1373/2482/2380 1362/2483/2382
f 1363/2502/2407 1362/2483/2382 1418/2503/2408
f 1418/2503/2408 1362/2483/2382 1419/2484/2385
f 1418/2503/2409 1419/2484/2385 1409/2504/2410
f 1409/2504/2410 1419/2484/2385 1408/2485/2386
f 1409/2504/2411 1408/2485/2412 1455/2505/2413
f 1455/2505/2413 1408/2485/2386 1454/2486/2387
f 1455/2505/2413 1454/2486/2387 1487/2506/2414
f 1487/2506/2414 1454/2486/2387 1488/2487/2388
f 1487/2506/2414 1488/2487/2388 1478/2507/2415
f 1478/2507/2415 1488/2487/2388 1477/1603/1194
f 1478/2507/2415 1477/1603/1194 1531/1605/1195
f 1028/1558/2416 1027/1556/1130 1079/2508/2417
f 1079/2508/2417 1027/1556/1130 1080/2488/2389
f 1079/2508/2417 1080/2488/2390 1072/2509/2418
f 1072/2509/2418 1080/2488/2389 1071/2489/2391
f 1072/2509/2418 1071/2489/2391 1123/2510/2419
f 1123/2510/2420 1071/2489/2391 1124/2490/2392
f 1123/2510/2419 1124/2490/2392 1116/2511/2421
f 1116/2511/2422 1124/2490/2392 1115/2491/2393
f 1116/2511/2422 1115/2491/2393 1169/2512/2423
f 1169/2512/2423 1115/2491/2393 1170/2492/2394
f 1169/2512/2423 1170/2492/2394 1162/2513/2424
f 1162/2513/2424 1170/2492/2394 1161/2493/2395
f 1162/2513/2424 1161/2493/2395 1208/2514/2425
f 1208/2514/2425 1161/2493/2395 1207/2494/2396
f 1208/2514/2425 1207/2494/2396 1238/2515/2426
f 1238/2515/2426 1207/2494/2396 1239/2495/2397
f 1238/2515/2426 1239/2495/2397 1231/2516/2427
f 1231/2516/2427 1239/2495/2397 1230/2496/2399
f 1231/2516/2427 1230/2496/2399 1283/2517/2428
f 1283/2517/2428 1230/2496/2398 1284/2497/2400
f 1283/2517/2428 1284/2497/2400 1276/2518/2429
f 1276/2518/2429 1284/2497/2400 1275/2498/2403
f 1276/2518/2429 1275/2498/2403 1327/2519/2430
f 1327/2519/2430 1275/2498/2401 1328/2499/2404
f 1327/2519/2430 1328/2499/2404 1320/2520/2431
f 1320/2520/2432 1328/2499/2404 1319/2500/2405
f 1320/2520/2432 1319/2500/2405 1371/2521/2433
f 1371/2521/2433 1319/2500/2405 1372/2501/2406
f 1371/2521/2433 1372/2501/2406 1364/2522/2434
f 1364/2522/2434 1372/2501/2406 1363/2502/2407
f 1364/2522/2434 1363/2502/2407 1417/2523/2435
f 1417/2523/2435 1363/2502/2407 1418/2503/2436
f 1417/2523/2435 1418/2503/2437 1410/2524/2438
f 1410/2524/2438 1418/2503/2437 1409/2504/2410
f 1410/2524/2438 1409/2504/2410 1456/2525/2439
f 1456/2525/2439 1409/2504/2411 1455/2505/2413
f 1456/2525/2439 1455/2505/2413 1486/2526/2440
f 1486/2526/2440 1455/2505/2413 1487/2506/2414
f 1486/2526/2440 1487/2506/2414 1479/2527/2441
f 1479/2527/2441 1487/2506/2414 1478/2507/2415
f 1479/2527/2441 1478/2507/2415 1530/2528/2442
f 1530/2528/2442 1478/2507/2415 1531/1605/1195
f 1530/2528/2442 1531/1605/1195 1523/1607/1198
f 1029/1560/1134 1028/1558/1132 1078/2529/2443
f 1078/2529/2443 1028/1558/1132 1079/2508/2417
f 1078/2529/2443 1079/2508/2444 1073/2530/2445
f 1073/2530/2445 1079/2508/2444 1072/2509/2418
f 1073/2530/2445 1072/2509/2418 1122/2531/2446
f 1122/2531/2446 1072/2509/2418 1123/2510/2420
f 1122/2531/2447 1123/2510/2420 1117/2532/2448
f 1117/2532/2448 1123/2510/2420 1116/2511/2422
f 1117/2532/2449 1116/2511/2422 1168/2533/2450
f 1168/2533/2450 1116/2511/2421 1169/2512/2423
f 1168/2533/2450 1169/2512/2423 1163/2534/2451
f 1163/2534/2451 1169/2512/2423 1162/2513/2424
f 1163/2534/2451 1162/2513/2424 1209/2535/2452
f 1209/2535/2453 1162/2513/2424 1208/2514/2425
f 1209/2535/2453 1208/2514/2454 1237/2536/2455
f 1237/2536/2456 1208/2514/2425 1238/2515/2426
f 1237/2536/2455 1238/2515/2426 1232/2537/2457
f 1232/2537/2457 1238/2515/2426 1231/2516/2427
f 1232/2537/2457 1231/2516/2427 1282/2538/2458
f 1282/2538/2459 1231/2516/2427 1283/2517/2428
f 1282/2538/2458 1283/2517/2428 1277/2539/2460
f 1277/2539/2461 1283/2517/2428 1276/2518/2429
f 1277/2539/2460 1276/2518/2462 1326/2540/2463
f 1326/2540/2463 1276/2518/2429 1327/2519/2430
f 1326/2540/2463 1327/2519/2430 1321/2541/2464
f 1321/2541/2464 1327/2519/2430 1320/2520/2431
f 1321/2541/2464 1320/2520/2431 1370/2542/2465
f 1370/2542/2465 1320/2520/2431 1371/2521/2433
f 1370/2542/2466 1371/2521/2433 1365/2543/2467
f 1365/2543/2467 1371/2521/2468 1364/2522/2434
f 1365/2543/2469 1364/2522/2434 1416/2544/2470
f 1416/2544/2470 1364/2522/2434 1417/2523/2435
f 1416/2544/2470 1417/2523/2435 1411/2545/2471
f 1411/2545/2471 1417/2523/2435 1410/2524/2438
f 1411/2545/2471 1410/2524/2438 1457/2546/2472
f 1457/2546/2473 1410/2524/2438 1456/2525/2439
f 1457/2546/2472 1456/2525/2439 1485/2547/2474
f 1485/2547/2474 1456/2525/2439 1486/2526/2440
f 1485/2547/2475 1486/2526/2440 1480/2548/2476
f 1480/2548/2477 1486/2526/2440 1479/2527/2441
f 1480/2548/2477 1479/2527/2441 1529/2549/2478
f 1529/2549/2478 1479/2527/2441 1530/2528/2442
f 1529/2549/2478 1530/2528/2442 1524/2550/2479
f 1524/2550/2479 1530/2528/2442 1523/1607/1198
f 1524/2550/2480 1523/1607/1198 1573/1609/1202
f 1076/2275/2089 1031/1564/1141 1030/1562/1137
f 1030/1562/1137 1029/1560/1134 1077/2551/2481
f 1077/2551/2481 1029/1560/1134 1078/2529/2482
f 1077/2551/2481 1078/2529/2482 1074/2552/2483
f 1074/2552/2483 1078/2529/2482 1073/2530/2445
f 1074/2552/2483 1073/2530/2484 1121/2553/2485
f 1121/2553/2485 1073/2530/2445 1122/2531/2446
f 1121/2553/2485 1122/2531/2446 1118/2554/2486
f 1118/2554/2486 1122/2531/2446 1117/2532/2448
f 1118/2554/2486 1117/2532/2449 1167/2555/2487
f 1167/2555/2488 1117/2532/2448 1168/2533/2450
f 1167/2555/2487 1168/2533/2450 1164/2556/2489
f 1164/2556/2489 1168/2533/2450 1163/2534/2490
f 1164/2556/2489 1163/2534/2451 1210/2557/2491
f 1210/2557/2491 1163/2534/2490 1209/2535/2453
f 1210/2557/2491 1209/2535/2453 1236/2558/2492
f 1236/2558/2492 1209/2535/2452 1237/2536/2455
f 1236/2558/2493 1237/2536/2456 1233/2559/2494
f 1233/2559/2494 1237/2536/2455 1232/2537/2457
f 1233/2559/2494 1232/2537/2457 1281/2560/2495
f 1281/2560/2496 1232/2537/2457 1282/2538/2458
f 1281/2560/2495 1282/2538/2458 1278/2561/2497
f 1278/2561/2497 1282/2538/2459 1277/2539/2460
f 1278/2561/2497 1277/2539/2460 1325/2562/2498
f 1325/2562/2498 1277/2539/2460 1326/2540/2463
f 1325/2562/2498 1326/2540/2463 1322/2563/2499
f 1322/2563/2499 1326/2540/2463 1321/2541/2464
f 1322/2563/2499 1321/2541/2500 1369/2564/2501
f 1369/2564/2501 1321/2541/2464 1370/2542/2465
f 1369/2564/2501 1370/2542/2465 1366/2565/2502
f 1366/2565/2503 1370/2542/2465 1365/2543/2469
f 1366/2565/2504 1365/2543/2467 1415/2566/2505
f 1415/2566/2505 1365/2543/2467 1416/2544/2470
f 1415/2566/2505 1416/2544/2470 1412/2567/2506
f 1412/2567/2506 1416/2544/2470 1411/2545/2471
f 1412/2567/2506 1411/2545/2507 1458/2568/2508
f 1458/2568/2508 1411/2545/2471 1457/2546/2472
f 1458/2568/2508 1457/2546/2472 1484/2569/2509
f 1484/2569/2509 1457/2546/2473 1485/2547/2475
f 1484/2569/2509 1485/2547/2475 1481/2570/2510
f 1481/2570/2510 1485/2547/2475 1480/2548/2477
f 1481/2570/2510 1480/2548/2477 1528/2571/2511
f 1528/2571/2511 1480/2548/2477 1529/2549/2512
f 1528/2571/2511 1529/2549/2478 1525/2572/2513
f 1525/2572/2513 1529/2549/2478 1524/2550/2479
f 1525/2572/2513 1524/2550/2479 1572/2573/2514
f 1572/2573/2514 1524/2550/2479 1573/1609/1203
f 1572/2573/2514 1573/1609/1202 1569/1611/1206
f 1074/2552/2483 1075/2273/2088 1077/2551/2481
f 1077/2551/2481 1075/2273/2088 1076/2275/2089
f 1077/2551/2481 1076/2275/2089 1030/1562/1137
f 1075/2273/2088 1074/2552/2483 1120/2271/2515
f 1120/2271/2515 1074/2552/2483 1121/2553/2485
f 1120/2271/2515 1121/2553/2485 1119/2269/2086
f 1119/2269/2086 1121/2553/2485 1118/2554/2486
f 1119/2269/2086 1118/2554/2486 1166/2267/2085
f 1166/2267/2516 1118/2554/2486 1167/2555/2487
f 1166/2267/2085 1167/2555/2488 1165/2265/2084
f 1165/2265/2084 1167/2555/2488 1164/2556/2489
f 1165/2265/2084 1164/2556/2489 1211/2263/2082
f 1211/2263/2082 1164/2556/2489 1210/2557/2517
f 1211/2263/2082 1210/2557/2491 1235/2261/2081
f 1235/2261/2518 1210/2557/2491 1236/2558/2519
f 1235/2261/2518 1236/2558/2492 1234/2259/2080
f 1234/2259/2080 1236/2558/2493 1233/2559/2494
f 1234/2259/2080 1233/2559/2494 1280/2257/2079
f 1280/2257/2079 1233/2559/2494 1281/2560/2496
f 1280/2257/2079 1281/2560/2496 1279/2255/2078
f 1279/2255/2078 1281/2560/2495 1278/2561/2497
f 1279/2255/2078 1278/2561/2497 1324/2253/2077
f 1324/2253/2077 1278/2561/2497 1325/2562/2498
f 1324/2253/2077 1325/2562/2498 1323/2251/2076
f 1323/2251/2520 1325/2562/2521 1322/2563/2499
f 1323/2251/2520 1322/2563/2499 1368/2250/2075
f 1368/2250/2075 1322/2563/2499 1369/2564/2501
f 1368/2250/2075 1369/2564/2501 1367/2248/2074
f 1367/2248/2074 1369/2564/2501 1366/2565/2522
f 1367/2248/2074 1366/2565/2502 1414/2246/2523
f 1414/2246/2523 1366/2565/2502 1415/2566/2505
f 1414/2246/2524 1415/2566/2505 1413/2244/2525
f 1413/2244/2525 1415/2566/2505 1412/2567/2506
f 1413/2244/2072 1412/2567/2526 1459/2242/2071
f 1459/2242/2071 1412/2567/2506 1458/2568/2508
f 1459/2242/2071 1458/2568/2508 1483/2240/2070
f 1483/2240/2070 1458/2568/2508 1484/2569/2509
f 1483/2240/2070 1484/2569/2509 1482/2238/2069
f 1482/2238/2069 1484/2569/2509 1481/2570/2510
f 1482/2238/2069 1481/2570/2510 1527/2236/2068
f 1527/2236/2068 1481/2570/2510 1528/2571/2527
f 1527/2236/2068 1528/2571/2511 1526/2234/2528
f 1526/2234/2528 1528/2571/2511 1525/2572/2513
f 1526/2234/2528 1525/2572/2513 1571/2232/2529
f 1571/2232/2529 1525/2572/2513 1572/2573/2514
f 1571/2232/2529 1572/2573/2514 1570/2230/2065
f 1570/2230/2065 1572/2573/2514 1569/1611/1206
f 1570/2230/2065 1569/1611/1206 1616/1613/1208
f 1188/1617/1211 1143/1641/1245 1144/1618/1212
f 1144/1618/1212 1143/1641/1245 1190/2574/2530
f 1144/1618/1212 1190/2574/2531 1191/1619/1214
f 1191/1619/1214 1190/2574/2530 1255/2575/2532
f 1191/1619/1214 1255/2575/2532 1254/1620/1215
f 1254/1620/1215 1255/2575/2532 1215/2576/2533
f 1254/1620/1215 1215/2576/2534 1216/1621/1216
f 1216/1621/1216 1215/2576/2535 1298/2577/2536
f 1216/1621/1216 1298/2577/2536 1297/1622/1217
f 1297/1622/1217 1298/2577/2536 1262/2578/2537
f 1297/1622/1217 1262/2578/2537 1263/1623/1218
f 1263/1623/1218 1262/2578/2537 1340/2579/2538
f 1263/1623/1218 1340/2579/2538 1339/1624/1221
f 1339/1624/1222 1340/2579/2539 1308/2580/2540
f 1339/1624/1221 1308/2580/2540 1309/1625/1225
f 1309/1625/1225 1308/2580/2540 1382/2581/2541
f 1309/1625/1225 1382/2581/2541 1381/1626/1226
f 1381/1626/1226 1382/2581/2541 1354/2582/2542
f 1381/1626/1226 1354/2582/2542 1355/1627/1227
f 1355/1627/1227 1354/2582/2542 1426/2583/2543
f 1355/1627/1227 1426/2583/2544 1425/1628/1228
f 1425/1628/1228 1426/2583/2544 1402/2584/2545
f 1425/1628/1228 1402/2584/2545 1403/1629/1229
f 1403/1629/1229 1402/2584/2545 1449/2585/2546
f 1403/1629/1229 1449/2585/2546 1450/1630/1230
f 1450/1630/1230 1449/2585/2546 1492/2586/2547
f 1450/1630/1230 1492/2586/2547 1491/1631/1232
f 1491/1631/1232 1492/2586/2547 1474/2587/2548
f 1491/1631/1232 1474/2587/2548 1475/1632/1233
f 1475/1632/1233 1474/2587/2548 1534/2588/2549
f 1475/1632/1234 1534/2588/2550 1533/1633/1236
f 1533/1633/1236 1534/2588/2550 1520/2589/2551
f 1533/1633/1236 1520/2589/2551 1521/1634/2552
f 1521/1634/1237 1520/2589/2551 1576/2590/2553
f 1521/1634/1237 1576/2590/2553 1575/1635/1238
f 1575/1635/2554 1576/2590/2553 1566/2591/2555
f 1575/1635/2554 1566/2591/2555 1567/1636/1239
f 1567/1636/1239 1566/2591/2555 1619/2592/2556
f 1567/1636/1239 1619/2592/2556 1618/1637/1241
f 1618/1637/1241 1619/2592/2556 1613/2593/2557
f 1618/1637/1241 1613/2593/2557 1614/1638/1242
f 1614/1638/1242 1613/2593/2557 1663/2594/2558
f 1614/1638/1242 1663/2594/2558 1662/1639/1243
f 1662/1639/1243 1663/2594/2558 1661/2227/2559
f 1143/1641/1245 1189/1643/1247 1190/2574/2531
f 1190/2574/2560 1189/1643/2561 1256/1645/1249
f 1190/2574/2530 1256/1645/1249 1255/2575/2532
f 1255/2575/2532 1256/1645/1249 1214/1647/1251
f 1255/2575/2532 1214/1647/1251 1215/2576/2533
f 1215/2576/2534 1214/1647/1251 1299/1649/1254
f 1215/2576/2535 1299/1649/1254 1298/2577/2536
f 1298/2577/2536 1299/1649/1254 1261/1651/1256
f 1298/2577/2536 1261/1651/1256 1262/2578/2537
f 1262/2578/2537 1261/1651/1256 1341/1653/1258
f 1262/2578/2537 1341/1653/1258 1340/2579/2539
f 1340/2579/2538 1341/1653/1258 1307/1655/1261
f 1340/2579/2538 1307/1655/1261 1308/2580/2540
f 1308/2580/2540 1307/1655/2562 1383/1657/1265
f 1308/2580/2540 1383/1657/2563 1382/2581/2541
f 1382/2581/2564 1383/1657/1265 1353/1659/2565
f 1382/2581/2541 1353/1659/1267 1354/2582/2542
f 1354/2582/2542 1353/1659/1267 1427/1661/1269
f 1354/2582/2542 1427/1661/1269 1426/2583/2544
f 1426/2583/2544 1427/1661/1269 1401/1663/1272
f 1426/2583/2543 1401/1663/1272 1402/2584/2545
f 1402/2584/2545 1401/1663/1272 1448/1665/1274
f 1402/2584/2545 1448/1665/1274 1449/2585/2546
f 1449/2585/2546 1448/1665/1274 1493/1667/1277
f 1449/2585/2546 1493/1667/1277 1492/2586/2547
f 1492/2586/2547 1493/1667/1277 1473/1669/1279
f 1492/2586/2547 1473/1669/1279 1474/2587/2548
f 1474/2587/2566 1473/1669/1279 1535/1671/1281
f 1474/2587/2548 1535/1671/1281 1534/2588/2550
f 1534/2588/2550 1535/1671/1281 1519/1673/1283
f 1534/2588/2550 1519/1673/1283 1520/2589/2551
f 1520/2589/2551 1519/1673/1283 1577/1675/1285
f 1520/2589/2551 1577/1675/1285 1576/2590/2553
f 1576/2590/2553 1577/1675/1285 1565/1677/1287
f 1576/2590/2553 1565/1677/1287 1566/2591/2555
f 1566/2591/2555 1565/1677/1287 1620/1679/1290
f 1566/2591/2555 1620/1679/1290 1619/2592/2556
f 1619/2592/2556 1620/1679/1290 1612/1681/1292
f 1619/2592/2556 1612/1681/1292 1613/2593/2567
f 1613/2593/2557 1612/1681/1292 1664/1683/1295
f 1613/2593/2557 1664/1683/1295 1663/2594/2558
f 1663/2594/2558 1664/1683/1294 1660/1685/1297
f 1663/2594/2558 1660/1685/1297 1661/2227/2559
f 1661/2227/2064 1660/1685/1297 1707/1687/1299
f 1257/1717/1346 1258/2595/2568 957/1715/1343
f 957/1715/1343 1258/2595/2569 1301/1692/1306
f 957/1715/1343 1301/1692/1306 1212/1691/1305
f 1301/1692/2570 1258/2595/2568 1259/1693/2571
f 1259/1693/1307 1258/2595/2568 1344/2596/2572
f 1259/1693/1307 1344/2596/2572 1343/1694/1308
f 1343/1694/1308 1344/2596/2572 1304/2597/2573
f 1343/1694/1308 1304/2597/2573 1305/1695/1311
f 1305/1695/1311 1304/2597/2574 1386/2598/2575
f 1305/1695/1311 1386/2598/2575 1385/1696/1313
f 1385/1696/1313 1386/2598/2575 1350/2599/2576
f 1385/1696/1315 1350/2599/2576 1351/1697/1316
f 1351/1697/1316 1350/2599/2576 1430/2600/2577
f 1351/1697/2578 1430/2600/2579 1429/1698/1318
f 1429/1698/1318 1430/2600/2579 1398/2601/2580
f 1429/1698/1320 1398/2601/2580 1399/1699/1321
f 1399/1699/1321 1398/2601/2580 1445/2602/2581
f 1399/1699/1321 1445/2602/2581 1446/1700/1322
f 1446/1700/1323 1445/2602/2581 1496/2603/2582
f 1446/1700/1323 1496/2603/2583 1495/1701/1324
f 1495/1701/2584 1496/2603/2585 1470/2604/2586
f 1495/1701/2584 1470/2604/2586 1471/1702/1325
f 1471/1702/1325 1470/2604/2586 1538/2605/2587
f 1471/1702/1325 1538/2605/2587 1537/1703/1327
f 1537/1703/1327 1538/2605/2587 1516/2606/2588
f 1537/1703/1327 1516/2606/2588 1517/1704/1328
f 1517/1704/1328 1516/2606/2589 1580/2607/2590
f 1517/1704/1328 1580/2607/2590 1579/1705/1329
f 1579/1705/1329 1580/2607/2590 1562/2608/2591
f 1579/1705/1329 1562/2608/2591 1563/1706/1330
f 1563/1706/1330 1562/2608/2591 1623/2609/2592
f 1563/1706/1330 1623/2609/2592 1622/1707/1331
f 1622/1707/1332 1623/2609/2592 1609/2610/2593
f 1622/1707/1331 1609/2610/2593 1610/1708/1333
f 1610/1708/1333 1609/2610/2593 1667/2611/2594
f 1610/1708/1333 1667/2611/2594 1666/1709/1334
f 1666/1709/1334 1667/2611/2594 1657/2612/2595
f 1666/1709/1334 1657/2612/2595 1658/1710/1335
f 1658/1710/1335 1657/2612/2596 1704/2613/2597
f 1658/1710/1335 1704/2613/2597 1705/1711/1336
f 1705/1711/1338 1704/2613/2597 1733/2614/2598
f 1705/1711/1338 1733/2614/2598 1732/1712/1340
f 1732/1712/1339 1733/2614/2599 1729/2615/2600
f 1732/1712/1340 1729/2615/2600 1730/1713/1341
f 1730/1713/1341 1729/2615/2601 1775/2225/2602
f 1344/2596/2572 1258/2595/2568 1345/1719/2603
f 1345/1719/1355 1258/2595/2568 1257/1717/1346
f 1344/2596/2572 1345/1719/2603 1303/1721/1356
f 1344/2596/2572 1303/1721/1357 1304/2597/2573
f 1304/2597/2573 1303/1721/1357 1387/1723/1359
f 1304/2597/2573 1387/1723/1362 1386/2598/2575
f 1386/2598/2575 1387/1723/1362 1349/1725/1364
f 1386/2598/2575 1349/1725/1364 1350/2599/2576
f 1350/2599/2576 1349/1725/1366 1431/1727/1367
f 1350/2599/2576 1431/1727/1367 1430/2600/2577
f 1430/2600/2579 1431/1727/1367 1397/1729/1370
f 1430/2600/2579 1397/1729/2604 1398/2601/2580
f 1398/2601/2580 1397/1729/1370 1444/1731/1373
f 1398/2601/2605 1444/1731/2606 1445/2602/2581
f 1445/2602/2581 1444/1731/1373 1497/1733/1377
f 1445/2602/2581 1497/1733/1377 1496/2603/2585
f 1496/2603/2582 1497/1733/1377 1469/1735/1380
f 1496/2603/2583 1469/1735/1380 1470/2604/2586
f 1470/2604/2586 1469/1735/1380 1539/1737/1383
f 1470/2604/2586 1539/1737/1383 1538/2605/2587
f 1538/2605/2587 1539/1737/1383 1515/1739/1385
f 1538/2605/2587 1515/1739/2607 1516/2606/2589
f 1516/2606/2588 1515/1739/1385 1581/1741/1388
f 1516/2606/2588 1581/1741/1388 1580/2607/2590
f 1580/2607/2590 1581/1741/1388 1561/1743/1390
f 1580/2607/2590 1561/1743/1390 1562/2608/2591
f 1562/2608/2591 1561/1743/1390 1624/1745/1392
f 1562/2608/2591 1624/1745/1392 1623/2609/2592
f 1623/2609/2608 1624/1745/1392 1608/1747/1394
f 1623/2609/2592 1608/1747/1394 1609/2610/2593
f 1609/2610/2593 1608/1747/1394 1668/1749/1396
f 1609/2610/2593 1668/1749/1396 1667/2611/2594
f 1667/2611/2594 1668/1749/1396 1656/1751/1399
f 1667/2611/2594 1656/1751/1399 1657/2612/2595
f 1657/2612/2596 1656/1751/1399 1703/1753/1402
f 1657/2612/2595 1703/1753/2609 1704/2613/2597
f 1704/2613/2597 1703/1753/1404 1734/1755/1405
f 1704/2613/2597 1734/1755/1407 1733/2614/2598
f 1733/2614/2598 1734/1755/1407 1728/1757/1409
f 1733/2614/2598 1728/1757/1409 1729/2615/2600
f 1729/2615/2600 1728/1757/1409 1776/1759/1412
f 1729/2615/2601 1776/1759/1412 1775/2225/2063
f 1775/2225/2602 1776/1759/1412 1774/1761/1415
f 1390/1790/1453 954/1814/1486 1346/1791/1457
f 1346/1791/1457 954/1814/1486 1435/2616/2610
f 1346/1791/1457 1435/2616/2611 1434/1792/1458
f 1434/1792/1458 1435/2616/2611 1393/2617/2612
f 1434/1792/1458 1393/2617/2612 1394/1793/1459
f 1394/1793/1459 1393/2617/2612 1440/2618/2613
f 1394/1793/1459 1440/2618/2613 1441/1794/1460
f 1441/1794/1460 1440/2618/2613 1501/2619/2614
f 1441/1794/1460 1501/2619/2614 1500/1795/1461
f 1500/1795/1461 1501/2619/2614 1465/2620/2615
f 1500/1795/1461 1465/2620/2615 1466/1796/2616
f 1466/1796/2616 1465/2620/2615 1543/2621/2617
f 1466/1796/1462 1543/2621/2618 1542/1797/1464
f 1542/1797/1464 1543/2621/2619 1511/2622/2620
f 1542/1797/1465 1511/2622/2621 1512/1798/1466
f 1512/1798/1466 1511/2622/2621 1585/2623/2622
f 1512/1798/1466 1585/2623/2622 1584/1799/1467
f 1584/1799/1467 1585/2623/2622 1557/2624/2623
f 1584/1799/1467 1557/2624/2623 1558/1800/1468
f 1558/1800/1468 1557/2624/2623 1628/2625/2624
f 1558/1800/1468 1628/2625/2624 1627/1801/2625
f 1627/1801/1469 1628/2625/2624 1604/2626/2626
f 1627/1801/2627 1604/2626/2626 1605/1802/1470
f 1605/1802/1470 1604/2626/2626 1672/2627/2628
f 1605/1802/1470 1672/2627/2628 1671/1803/1471
f 1671/1803/1471 1672/2627/2628 1652/2628/2629
f 1671/1803/1471 1652/2628/2630 1653/1804/1472
f 1653/1804/1472 1652/2628/2629 1699/2629/2631
f 1653/1804/1472 1699/2629/2631 1700/1805/1473
f 1700/1805/1474 1699/2629/2631 1738/2630/2632
f 1700/1805/1474 1738/2630/2633 1737/1806/1475
f 1737/1806/1475 1738/2630/2632 1724/2631/2634
f 1737/1806/1475 1724/2631/2634 1725/1807/1477
f 1725/1807/1477 1724/2631/2634 1780/2632/2635
f 1725/1807/1477 1780/2632/2635 1779/1808/1478
f 1779/1808/1478 1780/2632/2635 1770/2633/2636
f 1779/1808/1478 1770/2633/2636 1771/1809/1479
f 1771/1809/1479 1770/2633/2636 1822/2634/2637
f 1771/1809/1479 1822/2634/2637 1821/1810/1481
f 1821/1810/1481 1822/2634/2637 1816/2635/2638
f 1821/1810/1481 1816/2635/2638 1817/1811/1484
f 1817/1811/1484 1816/2635/2639 1865/2636/2640
f 1817/1811/1483 1865/2636/2640 1864/1812/1485
f 1864/1812/1485 1865/2636/2640 1863/2222/2062
f 1436/1816/1488 1392/1818/1490 1435/2616/2611
f 1435/2616/2611 1392/1818/1490 1393/2617/2612
f 1440/2618/2613 1393/2617/2612 1439/1820/1492
f 1439/1820/1492 1393/2617/2612 1392/1818/1490
f 954/1814/1486 1436/1816/1488 1435/2616/2610
f 1501/2619/2614 1440/2618/2613 1502/1822/1494
f 1502/1822/1494 1440/2618/2613 1439/1820/1492
f 1460/1890/1583 1461/2637/2641 953/1888/1580
f 953/1888/1582 1461/2637/2641 1504/1865/1553
f 953/1888/1582 1504/1865/1553 1437/1864/1552
f 1504/1865/2642 1461/2637/2641 1462/1866/1554
f 1462/1866/1555 1461/2637/2641 1547/2638/2643
f 1462/1866/1554 1547/2638/2643 1546/1867/1557
f 1546/1867/1557 1547/2638/2643 1507/2639/2644
f 1546/1867/2645 1507/2639/2644 1508/1868/1558
f 1508/1868/1558 1507/2639/2644 1589/2640/2646
f 1508/1868/1558 1589/2640/2646 1588/1869/1559
f 1588/1869/1559 1589/2640/2646 1553/2641/2647
f 1588/1869/1559 1553/2641/2647 1554/1870/1560
f 1554/1870/1560 1553/2641/2647 1632/2642/2648
f 1554/1870/1560 1632/2642/2649 1631/1871/2650
f 1631/1871/1562 1632/2642/2648 1600/2643/2651
f 1631/1871/1562 1600/2643/2652 1601/1872/1563
f 1601/1872/1563 1600/2643/2653 1676/2644/2654
f 1601/1872/1563 1676/2644/2654 1675/1873/1564
f 1675/1873/1564 1676/2644/2655 1648/2645/2656
f 1675/1873/1564 1648/2645/2657 1649/1874/1565
f 1649/1874/1565 1648/2645/2657 1695/2646/2658
f 1649/1874/1565 1695/2646/2659 1696/1875/1566
f 1696/1875/1566 1695/2646/2658 1742/2647/2660
f 1696/1875/1566 1742/2647/2660 1741/1876/1567
f 1741/1876/2661 1742/2647/2662 1720/2648/2663
f 1741/1876/1567 1720/2648/2663 1721/1877/1568
f 1721/1877/1568 1720/2648/2663 1784/2649/2664
f 1721/1877/1568 1784/2649/2664 1783/1878/1569
f 1783/1878/1569 1784/2649/2664 1766/2650/2665
f 1783/1878/1569 1766/2650/2665 1767/1879/1570
f 1767/1879/1570 1766/2650/2665 1826/2651/2666
f 1767/1879/1570 1826/2651/2666 1825/1880/1571
f 1825/1880/1572 1826/2651/2666 1812/2652/2667
f 1825/1880/1572 1812/2652/2667 1813/1881/2668
f 1813/1881/2668 1812/2652/2667 1869/2653/2669
f 1813/1881/1573 1869/2653/2669 1868/1882/1575
f 1868/1882/1575 1869/2653/2670 1859/2654/2671
f 1868/1882/1574 1859/2654/2671 1860/1883/1576
f 1860/1883/1576 1859/2654/2671 1913/2655/2672
f 1860/1883/1576 1913/2655/2672 1912/1884/2673
f 1912/1884/1577 1913/2655/2672 1907/2656/2674
f 1912/1884/1577 1907/2656/2674 1908/1885/1578
f 1908/1885/2675 1907/2656/2676 1954/2657/2677
f 1908/1885/1578 1954/2657/2677 1955/1886/2678
f 1955/1886/2678 1954/2657/2677 1979/2219/2060
f 1547/2638/2643 1461/2637/2641 1548/1892/1587
f 1548/1892/1586 1461/2637/2641 1460/1890/1583
f 1501/2619/2614 1502/1822/1494 1464/1824/1496
f 1501/2619/2614 1464/1824/1496 1465/2620/2615
f 1465/2620/2615 1464/1824/1496 1544/1826/1498
f 1465/2620/2679 1544/1826/1498 1543/2621/2619
f 1543/2621/2619 1544/1826/1498 1510/1828/1500
f 1543/2621/2618 1510/1828/1501 1511/2622/2621
f 1511/2622/2620 1510/1828/1501 1586/1830/1504
f 1511/2622/2621 1586/1830/1503 1585/2623/2622
f 1585/2623/2622 1586/1830/1503 1556/1832/1507
f 1585/2623/2622 1556/1832/1507 1557/2624/2623
f 1557/2624/2623 1556/1832/1507 1629/1834/1509
f 1557/2624/2623 1629/1834/1509 1628/2625/2624
f 1628/2625/2624 1629/1834/1509 1603/1836/1512
f 1628/2625/2624 1603/1836/1513 1604/2626/2626
f 1604/2626/2626 1603/1836/1516 1673/1838/1517
f 1604/2626/2626 1673/1838/1517 1672/2627/2628
f 1672/2627/2628 1673/1838/1517 1651/1840/1520
f 1672/2627/2628 1651/1840/1520 1652/2628/2630
f 1652/2628/2630 1651/1840/1520 1698/1842/1522
f 1652/2628/2629 1698/1842/1522 1699/2629/2631
f 1699/2629/2631 1698/1842/1522 1739/1844/1524
f 1699/2629/2631 1739/1844/1524 1738/2630/2633
f 1738/2630/2633 1739/1844/1524 1723/1846/1526
f 1738/2630/2632 1723/1846/1527 1724/2631/2634
f 1724/2631/2634 1723/1846/1526 1781/1848/1529
f 1724/2631/2634 1781/1848/1529 1780/2632/2680
f 1780/2632/2680 1781/1848/1529 1769/1850/2681
f 1780/2632/2680 1769/1850/1532 1770/2633/2636
f 1770/2633/2636 1769/1850/2681 1823/1852/2682
f 1770/2633/2636 1823/1852/1536 1822/2634/2637
f 1822/2634/2637 1823/1852/2683 1815/1854/1539
f 1822/2634/2637 1815/1854/1539 1816/2635/2639
f 1816/2635/2639 1815/1854/1539 1866/1856/1542
f 1816/2635/2638 1866/1856/1541 1865/2636/2640
f 1865/2636/2640 1866/1856/1541 1862/1858/1546
f 1865/2636/2640 1862/1858/1545 1863/2222/2062
f 1863/2222/2062 1862/1858/1546 1910/1860/1549
f 1547/2638/2643 1548/1892/1586 1506/1894/1589
f 1547/2638/2643 1506/1894/1589 1507/2639/2644
f 1507/2639/2644 1506/1894/1589 1590/1896/1591
f 1507/2639/2644 1590/1896/1591 1589/2640/2646
f 1589/2640/2646 1590/1896/1591 1552/1898/1593
f 1589/2640/2646 1552/1898/1593 1553/2641/2647
f 1553/2641/2647 1552/1898/1593 1633/1900/1595
f 1553/2641/2647 1633/1900/1595 1632/2642/2649
f 1632/2642/2649 1633/1900/1595 1599/1902/1598
f 1632/2642/2649 1599/1902/1598 1600/2643/2651
f 1600/2643/2684 1599/1902/1598 1677/1904/1602
f 1600/2643/2651 1677/1904/1600 1676/2644/2654
f 1676/2644/2654 1677/1904/1600 1647/1906/1605
f 1676/2644/2654 1647/1906/1605 1648/2645/2656
f 1648/2645/2656 1647/1906/1605 1694/1908/1607
f 1648/2645/2656 1694/1908/1607 1695/2646/2658
f 1695/2646/2658 1694/1908/1607 1743/1910/1609
f 1695/2646/2658 1743/1910/1609 1742/2647/2660
f 1742/2647/2660 1743/1910/1609 1719/1912/1611
f 1742/2647/2662 1719/1912/1611 1720/2648/2663
f 1720/2648/2663 1719/1912/1613 1785/1914/1614
f 1720/2648/2663 1785/1914/1614 1784/2649/2664
f 1784/2649/2664 1785/1914/1614 1765/1916/1616
f 1784/2649/2664 1765/1916/1617 1766/2650/2665
f 1766/2650/2665 1765/1916/1616 1827/1918/1621
f 1766/2650/2665 1827/1918/1621 1826/2651/2666
f 1826/2651/2666 1827/1918/1621 1811/1920/1625
f 1826/2651/2666 1811/1920/1625 1812/2652/2667
f 1812/2652/2667 1811/1920/1625 1870/1922/1627
f 1812/2652/2667 1870/1922/1627 1869/2653/2669
f 1869/2653/2669 1870/1922/1627 1858/1924/1630
f 1869/2653/2669 1858/1924/1630 1859/2654/2671
f 1859/2654/2671 1858/1924/1630 1914/1926/1632
f 1859/2654/2671 1914/1926/1632 1913/2655/2672
f 1913/2655/2672 1914/1926/1632 1906/1928/1634
f 1913/2655/2672 1906/1928/1634 1907/2656/2676
f 1907/2656/2676 1906/1928/1634 1953/1930/2685
f 1907/2656/2674 1953/1930/1636 1954/2657/2677
f 1954/2657/2677 1953/1930/1636 1980/1932/1639
f 1954/2657/2677 1980/1932/1639 1979/2219/2060
f 1979/2219/2060 1980/1932/1639 1978/1934/1641
f 1593/1963/1683 950/1987/2686 1549/1964/1685
f 1549/1964/1686 950/1987/2686 1637/2658/2687
f 1549/1964/1685 1637/2658/2687 1636/1965/1688
f 1636/1965/1687 1637/2658/2687 1595/2659/2688
f 1636/1965/1687 1595/2659/2688 1596/1966/1689
f 1596/1966/1689 1595/2659/2688 1681/2660/2689
f 1596/1966/1691 1681/2660/2689 1680/1967/1692
f 1680/1967/1692 1681/2660/2689 1643/2661/2690
f 1680/1967/2691 1643/2661/2690 1644/1968/1693
f 1644/1968/1693 1643/2661/2690 1690/2662/2692
f 1644/1968/1693 1690/2662/2692 1691/1969/1696
f 1691/1969/1696 1690/2662/2692 1747/2663/2693
f 1691/1969/1697 1747/2663/2694 1746/1970/1698
f 1746/1970/1698 1747/2663/2693 1715/2664/2695
f 1746/1970/2696 1715/2664/2697 1716/1971/1699
f 1716/1971/1699 1715/2664/2695 1789/2665/2698
f 1716/1971/1699 1789/2665/2698 1788/1972/1701
f 1788/1972/1701 1789/2665/2698 1761/2666/2699
f 1788/1972/1701 1761/2666/2699 1762/1973/1702
f 1762/1973/1702 1761/2666/2699 1831/2667/2700
f 1762/1973/1702 1831/2667/2700 1830/1974/1703
f 1830/1974/1703 1831/2667/2700 1807/2668/2701
f 1830/1974/1703 1807/2668/2701 1808/1975/1704
f 1808/1975/1705 1807/2668/2701 1874/2669/2702
f 1808/1975/1704 1874/2669/2702 1873/1976/1706
f 1873/1976/1707 1874/2669/2702 1854/2670/2703
f 1873/1976/1706 1854/2670/2703 1855/1977/1708
f 1855/1977/1708 1854/2670/2703 1918/2671/2704
f 1855/1977/1708 1918/2671/2704 1917/1978/1709
f 1917/1978/1709 1918/2671/2704 1902/2672/2705
f 1917/1978/1709 1902/2672/2705 1903/1979/1710
f 1903/1979/1710 1902/2672/2705 1949/2673/2706
f 1903/1979/1710 1949/2673/2706 1950/1980/1712
f 1950/1980/1712 1949/2673/2706 1984/2674/2707
f 1950/1980/1712 1984/2674/2707 1983/1981/1714
f 1983/1981/1714 1984/2674/2707 1974/2675/2708
f 1983/1981/1714 1974/2675/2708 1975/1982/1717
f 1975/1982/1717 1974/2675/2708 2026/2676/2709
f 1975/1982/2710 2026/2676/2709 2025/1983/1718
f 2025/1983/1718 2026/2676/2709 2020/2677/2711
f 2025/1983/1718 2020/2677/2711 2021/1984/1719
f 2021/1984/1719 2020/2677/2712 2068/2678/2713
f 2021/1984/1719 2068/2678/2713 2067/1985/1721
f 2067/1985/1721 2068/2678/2713 2066/2216/2059
f 1638/1989/1725 1594/1991/1727 1637/2658/2687
f 1637/2658/2687 1594/1991/1727 1595/2659/2688
f 1681/2660/2689 1595/2659/2688 1682/1993/1730
f 1682/1993/1730 1595/2659/2688 1594/1991/1727
f 950/1987/1723 1638/1989/1725 1637/2658/2687
f 1684/2036/1789 1639/2057/1825 1640/2037/1791
f 1640/2037/1791 1639/2057/1825 1686/2679/2714
f 1640/2037/1791 1686/2679/2714 1687/2038/1792
f 1687/2038/1792 1686/2679/2714 1751/2680/2715
f 1687/2038/1792 1751/2680/2716 1750/2039/1794
f 1750/2039/1795 1751/2680/2715 1711/2681/2717
f 1750/2039/1794 1711/2681/2718 1712/2040/1796
f 1712/2040/1796 1711/2681/2717 1793/2682/2719
f 1712/2040/1796 1793/2682/2719 1792/2041/1797
f 1792/2041/1797 1793/2682/2720 1757/2683/2721
f 1792/2041/2722 1757/2683/2721 1758/2042/1801
f 1758/2042/1801 1757/2683/2721 1835/2684/2723
f 1758/2042/2724 1835/2684/2723 1834/2043/1802
f 1834/2043/1802 1835/2684/2725 1803/2685/2726
f 1834/2043/1802 1803/2685/2726 1804/2044/1805
f 1804/2044/1805 1803/2685/2727 1878/2686/2728
f 1804/2044/1806 1878/2686/2728 1877/2045/1807
f 1877/2045/1807 1878/2686/2728 1850/2687/2729
f 1877/2045/1807 1850/2687/2729 1851/2046/1808
f 1851/2046/1808 1850/2687/2729 1922/2688/2730
f 1851/2046/1808 1922/2688/2730 1921/2047/1809
f 1921/2047/1809 1922/2688/2730 1898/2689/2731
f 1921/2047/1809 1898/2689/2731 1899/2048/1811
f 1899/2048/1811 1898/2689/2731 1945/2690/2732
f 1899/2048/1811 1945/2690/2732 1946/2049/1814
f 1946/2049/1814 1945/2690/2732 1988/2691/2733
f 1946/2049/1814 1988/2691/2733 1987/2050/1816
f 1987/2050/1816 1988/2691/2733 1970/2692/2734
f 1987/2050/1816 1970/2692/2734 1971/2051/1817
f 1971/2051/1817 1970/2692/2734 2030/2693/2735
f 1971/2051/1817 2030/2693/2735 2029/2052/1818
f 2029/2052/1818 2030/2693/2735 2016/2694/2736
f 2029/2052/1818 2016/2694/2736 2017/2053/1819
f 2017/2053/2737 2016/2694/2736 2072/2695/2738
f 2017/2053/2739 2072/2695/2740 2071/2054/1820
f 2071/2054/1820 2072/2695/2740 2062/2696/2741
f 2071/2054/1820 2062/2696/2741 2063/2055/1821
f 2063/2055/2742 2062/2696/2741 2116/2697/2743
f 2063/2055/1821 2116/2697/2743 2115/2056/1823
f 2115/2056/1823 2116/2697/2743 2110/1465/1006
f 2115/2056/1823 2110/1465/1006 2111/1467/1009
f 1681/2660/2689 1682/1993/1730 1642/1995/1732
f 1681/2660/2689 1642/1995/1732 1643/2661/2690
f 1643/2661/2690 1642/1995/1732 1689/1997/1734
f 1643/2661/2690 1689/1997/1734 1690/2662/2692
f 1690/2662/2692 1689/1997/1734 1748/1999/1736
f 1690/2662/2692 1748/1999/1736 1747/2663/2694
f 1747/2663/2694 1748/1999/1736 1714/2001/1740
f 1747/2663/2693 1714/2001/2744 1715/2664/2695
f 1715/2664/2695 1714/2001/2744 1790/2003/1745
f 1715/2664/2697 1790/2003/1743 1789/2665/2698
f 1789/2665/2698 1790/2003/1743 1760/2005/1746
f 1789/2665/2698 1760/2005/1746 1761/2666/2699
f 1761/2666/2699 1760/2005/1746 1832/2007/1749
f 1761/2666/2699 1832/2007/1749 1831/2667/2700
f 1831/2667/2700 1832/2007/1749 1806/2009/1752
f 1831/2667/2700 1806/2009/1753 1807/2668/2701
f 1807/2668/2701 1806/2009/1753 1875/2011/1755
f 1807/2668/2701 1875/2011/1755 1874/2669/2702
f 1874/2669/2702 1875/2011/1755 1853/2013/1758
f 1874/2669/2702 1853/2013/1758 1854/2670/2703
f 1854/2670/2703 1853/2013/1758 1919/2015/1761
f 1854/2670/2703 1919/2015/1761 1918/2671/2704
f 1918/2671/2704 1919/2015/1761 1901/2017/1764
f 1918/2671/2704 1901/2017/1764 1902/2672/2705
f 1902/2672/2705 1901/2017/1764 1948/2019/1766
f 1902/2672/2705 1948/2019/1766 1949/2673/2706
f 1949/2673/2706 1948/2019/1766 1985/2021/1768
f 1949/2673/2706 1985/2021/2745 1984/2674/2707
f 1984/2674/2707 1985/2021/1768 1973/2023/1771
f 1984/2674/2707 1973/2023/1771 1974/2675/2708
f 1974/2675/2708 1973/2023/1771 2027/2025/1773
f 1974/2675/2708 2027/2025/1773 2026/2676/2709
f 2026/2676/2709 2027/2025/1773 2019/2027/2746
f 2026/2676/2709 2019/2027/2746 2020/2677/2711
f 2020/2677/2711 2019/2027/2746 2069/2029/1780
f 2020/2677/2711 2069/2029/1780 2068/2678/2713
f 2068/2678/2713 2069/2029/1780 2065/2031/1782
f 2068/2678/2713 2065/2031/1782 2066/2216/2059
f 2066/2216/2747 2065/2031/1784 2113/2033/1786
f 1639/2057/1825 1685/2059/1827 1686/2679/2714
f 1686/2679/2748 1685/2059/1827 1752/2061/1829
f 1686/2679/2714 1752/2061/2749 1751/2680/2716
f 1751/2680/2716 1752/2061/1829 1710/2063/1832
f 1751/2680/2715 1710/2063/1832 1711/2681/2750
f 1711/2681/2718 1710/2063/1832 1794/2065/1835
f 1711/2681/2718 1794/2065/1835 1793/2682/2719
f 1793/2682/2720 1794/2065/1835 1756/2067/1837
f 1793/2682/2719 1756/2067/1837 1757/2683/2721
f 1757/2683/2721 1756/2067/1837 1836/2069/1839
f 1757/2683/2721 1836/2069/1839 1835/2684/2751
f 1835/2684/2751 1836/2069/1839 1802/2071/1841
f 1835/2684/2725 1802/2071/1841 1803/2685/2726
f 1803/2685/2726 1802/2071/1841 1879/2073/1843
f 1803/2685/2726 1879/2073/1843 1878/2686/2728
f 1878/2686/2728 1879/2073/1846 1849/2075/1848
f 1878/2686/2728 1849/2075/1848 1850/2687/2729
f 1850/2687/2729 1849/2075/1848 1923/2077/1851
f 1850/2687/2729 1923/2077/2752 1922/2688/2730
f 1922/2688/2730 1923/2077/1851 1897/2079/1854
f 1922/2688/2730 1897/2079/1855 1898/2689/2731
f 1898/2689/2731 1897/2079/1854 1944/2081/1857
f 1898/2689/2731 1944/2081/1857 1945/2690/2732
f 1945/2690/2732 1944/2081/1857 1989/2083/1860
f 1945/2690/2732 1989/2083/1860 1988/2691/2733
f 1988/2691/2733 1989/2083/1860 1969/2085/1863
f 1988/2691/2733 1969/2085/1863 1970/2692/2734
f 1970/2692/2734 1969/2085/1863 2031/2087/1865
f 1970/2692/2734 2031/2087/1865 2030/2693/2735
f 2030/2693/2735 2031/2087/1865 2015/2089/1867
f 2030/2693/2735 2015/2089/1867 2016/2694/2736
f 2016/2694/2736 2015/2089/1867 2073/2091/1869
f 2016/2694/2753 2073/2091/1869 2072/2695/2740
f 2072/2695/2740 2073/2091/1869 2061/2093/1872
f 2072/2695/2740 2061/2093/1874 2062/2696/2741
f 2062/2696/2741 2061/2093/1872 2117/2095/1875
f 2062/2696/2741 2117/2095/1875 2116/2697/2743
f 2116/2697/2743 2117/2095/1875 2109/1463/1004
f 2116/2697/2743 2109/1463/1004 2110/1465/2754
f 946/2116/2755 1753/2698/2756 947/2114/1904
f 947/2114/1904 1753/2698/2757 1796/2098/1880
f 947/2114/1904 1796/2098/1880 1708/2097/1877
f 1796/2098/1880 1753/2698/2757 1754/2099/1881
f 1754/2099/1881 1753/2698/2756 1839/2699/2758
f 1754/2099/1881 1839/2699/2759 1838/2100/1883
f 1838/2100/1883 1839/2699/2759 1799/2700/2760
f 1838/2100/1883 1799/2700/2760 1800/2101/1884
f 1800/2101/1884 1799/2700/2760 1882/2701/2761
f 1800/2101/1884 1882/2701/2761 1881/2102/1885
f 1881/2102/1885 1882/2701/2761 1846/2702/2762
f 1881/2102/1885 1846/2702/2762 1847/2103/1886
f 1847/2103/1886 1846/2702/2762 1926/2703/2763
f 1847/2103/1886 1926/2703/2764 1925/2104/1887
f 1925/2104/1888 1926/2703/2763 1894/2704/2765
f 1925/2104/1887 1894/2704/2765 1895/2105/1889
f 1895/2105/1889 1894/2704/2766 1941/2705/2767
f 1895/2105/1889 1941/2705/2767 1942/2106/1891
f 1942/2106/1891 1941/2705/2768 1992/2706/2769
f 1942/2106/1891 1992/2706/2769 1991/2107/1892
f 1991/2107/1892 1992/2706/2769 1966/2707/2770
f 1991/2107/1892 1966/2707/2770 1967/2108/1893
f 1967/2108/1893 1966/2707/2770 2034/2708/2771
f 1967/2108/1894 2034/2708/2771 2033/2109/1895
f 2033/2109/1895 2034/2708/2771 2012/2709/2772
f 2033/2109/1895 2012/2709/2773 2013/2110/1897
f 2013/2110/1897 2012/2709/2773 2076/2710/2774
f 2013/2110/1897 2076/2710/2774 2075/2111/1898
f 2075/2111/1898 2076/2710/2774 2058/2711/2775
f 2075/2111/1898 2058/2711/2775 2059/2112/1901
f 2059/2112/1901 2058/2711/2775 2120/2712/2776
f 2059/2112/1901 2120/2712/2776 2119/2113/1902
f 2119/2113/1902 2120/2712/2776 2106/1457/999
f 2119/2113/1902 2106/1457/997 2107/1459/1000
f 1753/2698/2777 946/2116/2755 1840/2713/2778
f 1840/2713/2779 946/2116/1907 1841/2118/2780
f 1840/2713/2779 1841/2118/1910 1797/2120/1917
f 1797/2120/1917 1798/2714/2781 1840/2713/2782
f 1840/2713/2778 1798/2714/2781 1839/2699/2759
f 1840/2713/2783 1839/2699/2759 1753/2698/2757
f 1839/2699/2759 1798/2714/2781 1799/2700/2760
f 1799/2700/2760 1798/2714/2781 1883/2715/2784
f 1799/2700/2760 1883/2715/2785 1882/2701/2761
f 1882/2701/2761 1883/2715/2784 1845/2716/2786
f 1882/2701/2761 1845/2716/2787 1846/2702/2762
f 1846/2702/2762 1845/2716/2787 1927/2717/2788
f 1846/2702/2762 1927/2717/2789 1926/2703/2763
f 1926/2703/2763 1927/2717/2788 1893/2718/2790
f 1926/2703/2763 1893/2718/2790 1894/2704/2765
f 1894/2704/2765 1893/2718/2791 1940/2719/2792
f 1894/2704/2766 1940/2719/2792 1941/2705/2767
f 1941/2705/2768 1940/2719/2792 1993/2720/2793
f 1941/2705/2767 1993/2720/2793 1992/2706/2769
f 1992/2706/2769 1993/2720/2793 1965/2721/2794
f 1992/2706/2769 1965/2721/2795 1966/2707/2770
f 1966/2707/2770 1965/2721/2794 2035/2722/2796
f 1966/2707/2770 2035/2722/2796 2034/2708/2771
f 2034/2708/2771 2035/2722/2796 2011/2723/2797
f 2034/2708/2771 2011/2723/2797 2012/2709/2773
f 2012/2709/2772 2011/2723/2797 2077/2724/2798
f 2012/2709/2773 2077/2724/2799 2076/2710/2774
f 2076/2710/2774 2077/2724/2798 2057/2725/2800
f 2076/2710/2774 2057/2725/2801 2058/2711/2775
f 2058/2711/2775 2057/2725/2801 2121/2726/2802
f 2058/2711/2775 2121/2726/2802 2120/2712/2776
f 2120/2712/2776 2121/2726/2802 2105/1455/994
f 2120/2712/2776 2105/1455/993 2106/1457/997
f 1883/2715/2803 1798/2714/2781 1884/2122/1919
f 1884/2122/1919 1798/2714/2781 1797/2120/1915
f 1886/2146/1951 944/2158/1971 1842/2147/1953
f 1842/2147/1953 944/2158/1971 1931/2727/2804
f 1842/2147/1954 1931/2727/2804 1930/2148/1955
f 1930/2148/1955 1931/2727/2805 1889/2728/2806
f 1930/2148/1955 1889/2728/2806 1890/2149/1956
f 1890/2149/1956 1889/2728/2806 1936/2729/2807
f 1890/2149/1956 1936/2729/2808 1937/2150/2809
f 1937/2150/1957 1936/2729/2808 1997/2730/2810
f 1937/2150/1957 1997/2730/2810 1996/2151/1958
f 1996/2151/1959 1997/2730/2810 1961/2731/2811
f 1996/2151/1959 1961/2731/2811 1962/2152/1960
f 1962/2152/1960 1961/2731/2811 2039/2732/2812
f 1962/2152/1960 2039/2732/2812 2038/2153/1963
f 2038/2153/1963 2039/2732/2813 2007/2733/2814
f 2038/2153/1963 2007/2733/2814 2008/2154/1965
f 2008/2154/1965 2007/2733/2814 2081/2734/2815
f 2008/2154/1965 2081/2734/2816 2080/2155/1967
f 2080/2155/1967 2081/2734/2815 2053/2735/2817
f 2080/2155/1967 2053/2735/2818 2054/2156/1968
f 2054/2156/1968 2053/2735/2818 2125/2736/2819
f 2054/2156/1968 2125/2736/2819 2124/2157/1970
f 2124/2157/1970 2125/2736/2819 2101/1447/985
f 2124/2157/1970 2101/1447/985 2102/1449/987
f 1883/2715/2820 1884/2122/1919 1844/2124/1922
f 1883/2715/2803 1844/2124/1922 1845/2716/2821
f 1845/2716/2787 1844/2124/1922 1928/2126/1924
f 1845/2716/2787 1928/2126/1924 1927/2717/2822
f 1927/2717/2788 1928/2126/1924 1892/2128/1926
f 1927/2717/2788 1892/2128/1926 1893/2718/2790
f 1893/2718/2790 1892/2128/1926 1939/2130/1928
f 1893/2718/2791 1939/2130/1928 1940/2719/2792
f 1940/2719/2792 1939/2130/1928 1994/2132/2823
f 1940/2719/2792 1994/2132/1933 1993/2720/2793
f 1993/2720/2793 1994/2132/2823 1964/2134/2824
f 1993/2720/2793 1964/2134/1936 1965/2721/2794
f 1965/2721/2794 1964/2134/1936 2036/2136/1938
f 1965/2721/2794 2036/2136/1938 2035/2722/2796
f 2035/2722/2796 2036/2136/1938 2010/2138/1941
f 2035/2722/2796 2010/2138/1941 2011/2723/2797
f 2011/2723/2797 2010/2138/1941 2078/2140/1943
f 2011/2723/2797 2078/2140/1943 2077/2724/2799
f 2077/2724/2799 2078/2140/1943 2056/2142/1945
f 2077/2724/2799 2056/2142/1945 2057/2725/2801
f 2057/2725/2800 2056/2142/1946 2122/2144/1949
f 2057/2725/2801 2122/2144/2825 2121/2726/2802
f 2121/2726/2802 2122/2144/1949 2104/1453/991
f 2121/2726/2802 2104/1453/991 2105/1455/993
f 1932/2160/1973 1888/2162/1976 1931/2727/2826
f 1931/2727/2804 1888/2162/1975 1889/2728/2806
f 1936/2729/2807 1889/2728/2806 1935/2164/1978
f 1935/2164/1978 1889/2728/2827 1888/2162/1976
f 944/2158/1971 1932/2160/1973 1931/2727/2826
f 1997/2730/2810 1936/2729/2808 1998/2166/2828
f 1998/2166/1980 1936/2729/2807 1935/2164/1978
f 1956/2190/2016 1957/2737/2829 943/2188/2830
f 943/2188/2014 1957/2737/2829 2000/2181/2001
f 943/2188/2014 2000/2181/2001 1933/2180/1999
f 2000/2181/2831 1957/2737/2829 1958/2182/2002
f 1958/2182/2832 1957/2737/2829 2043/2738/2833
f 1958/2182/2002 2043/2738/2833 2042/2183/2003
f 2042/2183/2004 2043/2738/2833 2003/2739/2834
f 2042/2183/2004 2003/2739/2834 2004/2184/2005
f 2004/2184/2005 2003/2739/2835 2085/2740/2836
f 2004/2184/2005 2085/2740/2836 2084/2185/2008
f 2084/2185/2008 2085/2740/2836 2049/2741/2837
f 2084/2185/2008 2049/2741/2837 2050/2186/2009
f 2050/2186/2009 2049/2741/2837 2129/2742/2838
f 2050/2186/2010 2129/2742/2838 2128/2187/2011
f 2128/2187/2839 2129/2742/2838 2097/1439/978
f 2128/2187/2011 2097/1439/976 2098/1441/979
f 2043/2738/2833 1957/2737/2829 2044/2192/2019
f 2044/2192/2019 1957/2737/2829 1956/2190/2016
f 1997/2730/2810 1998/2166/1980 1960/2168/1982
f 1997/2730/2810 1960/2168/1982 1961/2731/2811
f 1961/2731/2811 1960/2168/1982 2040/2170/1986
f 1961/2731/2840 2040/2170/1985 2039/2732/2813
f 2039/2732/2812 2040/2170/1985 2006/2172/1989
f 2039/2732/2812 2006/2172/1990 2007/2733/2814
f 2007/2733/2814 2006/2172/2841 2082/2174/1993
f 2007/2733/2842 2082/2174/2843 2081/2734/2815
f 2081/2734/2815 2082/2174/1992 2052/2176/1995
f 2081/2734/2816 2052/2176/1995 2053/2735/2817
f 2053/2735/2817 2052/2176/1995 2126/2178/1997
f 2053/2735/2818 2126/2178/1997 2125/2736/2819
f 2125/2736/2819 2126/2178/1997 2100/1445/983
f 2125/2736/2819 2100/1445/983 2101/1447/985
f 2043/2738/2833 2044/2192/2019 2002/2194/2021
f 2043/2738/2833 2002/2194/2021 2003/2739/2834
f 2003/2739/2844 2002/2194/2021 2086/2196/2025
f 2003/2739/2834 2086/2196/2845 2085/2740/2846
f 2085/2740/2836 2086/2196/2845 2048/2198/2029
f 2085/2740/2836 2048/2198/2031 2049/2741/2837
f 2049/2741/2837 2048/2198/2031 2130/2200/2032
f 2049/2741/2837 2130/2200/2032 2129/2742/2838
f 2129/2742/2838 2130/2200/2032 2096/1437/971
f 2129/2742/2838 2096/1437/2847 2097/1439/976
f 2089/2207/2049 940/2210/2053 2045/2208/2050
f 2045/2208/2051 940/2210/2053 2134/2743/2848
f 2045/2208/2050 2134/2743/2848 2133/2209/2052
f 2133/2209/2849 2134/2743/2848 2092/1429/961
f 2133/2209/2052 2092/1429/961 2093/1431/963
f 2135/2212/2056 2091/1427/959 2134/2743/2848
f 2134/2743/2848 2091/1427/959 2092/1429/961
f 940/2210/2053 2135/2212/2056 2134/2743/2848
f 915/2744/2850 2166/2745/2850 887/2746/295
f 887/2746/295 2166/2745/2850 2165/2747/295
f 887/2748/295 2165/2749/295 888/2750/2851
f 888/2750/2851 2165/2749/295 2193/2751/2851
f 888/2750/2851 2193/2751/2851 889/2752/2852
f 889/2752/2852 2193/2751/2851 2192/2753/2852
f 889/2752/2852 2192/2753/2852 890/2754/2853
f 890/2754/2853 2192/2753/2852 2191/2755/2853
f 890/2754/2853 2191/2755/2853 891/2756/2854
f 891/2756/2854 2191/2755/2853 2190/2757/2854
f 891/2756/2854 2190/2757/2854 892/2758/2855
f 892/2758/2855 2190/2757/2854 2189/2759/2855
f 892/2758/2855 2189/2759/2855 893/2760/2856
f 893/2760/2857 2189/2759/2855 2188/2761/2857
f 893/2760/2857 2188/2761/2857 894/2762/2858
f 894/2762/2858 2188/2761/2857 2187/2763/2858
f 894/2762/2858 2187/2763/2858 895/2764/2859
f 895/2764/2859 2187/2763/2858 2186/2765/2859
f 895/2764/2859 2186/2765/2859 896/2766/2860
f 896/2766/2860 2186/2765/2859 2185/2767/2860
f 896/2766/2860 2185/2767/2860 897/2768/2861
f 897/2768/2861 2185/2767/2860 2184/2769/2861
f 897/2768/2861 2184/2769/2861 898/2770/2862
f 898/2770/2862 2184/2769/2861 2183/2771/2862
f 898/2770/2862 2183/2771/2862 899/2772/2863
f 899/2772/2863 2183/2771/2862 2182/2773/2863
f 899/2772/2864 2182/2773/2864 900/2774/2865
f 900/2774/2865 2182/2773/2864 2181/2775/2865
f 900/2774/2865 2181/2775/2865 901/2776/2866
f 901/2776/2866 2181/2775/2865 2180/2777/2866
f 901/2776/2866 2180/2777/2866 902/2778/2867
f 902/2778/2867 2180/2777/2866 2179/2779/2867
f 902/2778/2867 2179/2779/2867 903/2780/2868
f 903/2780/2868 2179/2779/2867 2178/2781/2868
f 903/2780/2868 2178/2781/2868 904/2782/2869
f 904/2782/2869 2178/2781/2868 2177/2783/2869
f 904/2782/2870 2177/2783/2870 905/2784/2871
f 905/2784/2871 2177/2783/2872 2176/2785/2871
f 905/2784/2871 2176/2785/2871 906/2786/2873
f 906/2786/2873 2176/2785/2871 2175/2787/2873
f 906/2786/2873 2175/2787/2873 907/2788/2874
f 907/2788/2875 2175/2787/2873 2174/2789/2875
f 907/2788/2875 2174/2789/2875 908/2790/2876
f 908/2790/2876 2174/2789/2875 2173/2791/2876
f 908/2790/2876 2173/2791/2876 909/2792/2877
f 909/2792/2877 2173/2791/2876 2172/2793/2877
f 909/2792/2877 2172/2793/2877 910/2794/2878
f 910/2794/2879 2172/2793/2877 2171/2795/2879
f 910/2794/2879 2171/2795/2879 911/2796/2880
f 911/2796/2880 2171/2795/2879 2170/2797/2880
f 911/2796/2880 2170/2797/2880 912/2798/2881
f 912/2798/2881 2170/2797/2880 2169/2799/2881
f 912/2798/2881 2169/2799/2881 913/2800/2882
f 913/2800/2883 2169/2799/2881 2168/2801/2883
f 913/2800/2883 2168/2801/2883 914/2802/2884
f 914/2802/2884 2168/2801/2883 2167/2803/2884
f 914/2802/2884 2167/2803/2884 915/2744/2850
f 915/2744/2850 2167/2803/2884 2166/2745/2850
f 2137/2804/2851 2193/2751/2851 2136/2805/295
f 2136/2805/295 2193/2751/2851 2165/2749/295
f 2136/2806/295 2165/2747/295 2164/2807/2850
f 2164/2807/2850 2165/2747/295 2166/2745/2850
f 2164/2807/2850 2166/2745/2850 2163/2808/2884
f 2163/2808/2884 2166/2745/2850 2167/2803/2884
f 2163/2808/2884 2167/2803/2884 2162/2809/2883
f 2162/2809/2883 2167/2803/2884 2168/2801/2883
f 2162/2809/2883 2168/2801/2883 2161/2810/2881
f 2161/2810/2881 2168/2801/2883 2169/2799/2881
f 2161/2810/2881 2169/2799/2881 2160/2811/2880
f 2160/2811/2880 2169/2799/2881 2170/2797/2880
f 2160/2811/2880 2170/2797/2880 2159/2812/2879
f 2159/2812/2879 2170/2797/2880 2171/2795/2879
f 2159/2812/2879 2171/2795/2879 2158/2813/2877
f 2158/2813/2877 2171/2795/2879 2172/2793/2877
f 2158/2813/2877 2172/2793/2877 2157/2814/2876
f 2157/2814/2876 2172/2793/2877 2173/2791/2876
f 2157/2814/2876 2173/2791/2876 2156/2815/2875
f 2156/2815/2875 2173/2791/2876 2174/2789/2875
f 2156/2815/2875 2174/2789/2875 2155/2816/2873
f 2155/2816/2873 2174/2789/2875 2175/2787/2873
f 2155/2816/2873 2175/2787/2873 2154/2817/2871
f 2154/2817/2871 2175/2787/2873 2176/2785/2871
f 2154/2817/2871 2176/2785/2871 2153/2818/2872
f 2153/2818/2870 2176/2785/2871 2177/2783/2870
f 2153/2818/2869 2177/2783/2869 2152/2819/2868
f 2152/2819/2868 2177/2783/2869 2178/2781/2868
f 2152/2819/2868 2178/2781/2868 2151/2820/2867
f 2151/2820/2867 2178/2781/2868 2179/2779/2867
f 2151/2820/2867 2179/2779/2867 2150/2821/2866
f 2150/2821/2866 2179/2779/2867 2180/2777/2866
f 2150/2821/2866 2180/2777/2866 2149/2822/2865
f 2149/2822/2865 2180/2777/2866 2181/2775/2865
f 2149/2822/2865 2181/2775/2865 2148/2823/2864
f 2148/2823/2864 2181/2775/2865 2182/2773/2864
f 2148/2823/2863 2182/2773/2863 2147/2824/2862
f 2147/2824/2862 2182/2773/2863 2183/2771/2862
f 2147/2824/2862 2183/2771/2862 2146/2825/2861
f 2146/2825/2861 2183/2771/2862 2184/2769/2861
f 2146/2825/2861 2184/2769/2861 2145/2826/2860
f 2145/2826/2860 2184/2769/2861 2185/2767/2860
f 2145/2826/2860 2185/2767/2860 2144/2827/2859
f 2144/2827/2859 2185/2767/2860 2186/2765/2859
f 2144/2827/2859 2186/2765/2859 2143/2828/2858
f 2143/2828/2858 2186/2765/2859 2187/2763/2858
f 2143/2828/2858 2187/2763/2858 2142/2829/2857
f 2142/2829/2857 2187/2763/2858 2188/2761/2857
f 2142/2829/2857 2188/2761/2857 2141/2830/2855
f 2141/2830/2855 2188/2761/2857 2189/2759/2855
f 2141/2830/2855 2189/2759/2855 2140/2831/2854
f 2140/2831/2854 2189/2759/2855 2190/2757/2854
f 2140/2831/2854 2190/2757/2854 2139/2832/2853
f 2139/2832/2853 2190/2757/2854 2191/2755/2853
f 2139/2832/2853 2191/2755/2853 2138/2833/2852
f 2138/2833/2852 2191/2755/2853 2192/2753/2852
f 2138/2833/2852 2192/2753/2852 2137/2804/2851
f 2137/2804/2851 2192/2753/2852 2193/2751/2851
f 2137/2834/367 2136/2835/367 2155/2836/367
f 2155/2836/367 2136/2835/367 2164/2837/367
f 2155/2836/367 2164/2837/367 2163/2838/367
f 2163/2838/367 2162/2839/367 2155/2836/367
f 2155/2836/367 2162/2839/367 2161/2840/367
f 2155/2836/367 2161/2840/367 2160/2841/367
f 2155/2836/367 2160/2841/367 2156/2842/367
f 2156/2842/367 2160/2841/367 2159/2843/367
f 2156/2842/367 2159/2843/367 2157/2844/367
f 2157/2844/2885 2159/2843/2885 2158/2845/2885
f 2154/2846/367 2146/2847/367 2155/2836/367
f 2155/2836/367 2146/2847/367 2145/2848/367
f 2155/2836/367 2145/2848/367 2144/2849/367
f 2146/2847/367 2154/2846/367 2147/2850/367
f 2147/2850/367 2154/2846/367 2153/2851/367
f 2147/2850/367 2153/2851/367 2148/2852/367
f 2148/2852/367 2153/2851/367 2152/2853/367
f 2148/2852/367 2152/2853/367 2149/2854/367
f 2149/2854/367 2152/2853/367 2151/2855/367
f 2149/2854/367 2151/2855/367 2150/2856/367
f 2144/2849/367 2143/2857/367 2155/2836/367
f 2155/2836/367 2143/2857/367 2142/2858/367
f 2155/2836/367 2142/2858/367 2141/2859/367
f 2141/2859/367 2140/2860/367 2155/2836/367
f 2155/2836/367 2140/2860/367 2139/2861/367
f 2155/2836/367 2139/2861/367 2138/2862/367
f 2138/2862/367 2137/2834/367 2155/2836/367
