# Blender 4.0.1
# www.blender.org
mtllib forearm.mtl
o rod_183mm_v2
v 0.475000 0.001137 2.300000
v 0.468522 -0.077045 2.300000
v 0.449263 -0.153095 2.300000
v 0.417750 -0.224938 2.300000
v 0.374842 -0.290614 2.300000
v 0.321709 -0.348332 2.300000
v 0.259800 -0.396517 2.300000
v 0.190805 -0.433855 2.300000
v 0.116606 -0.459328 2.300000
v 0.039225 -0.472240 2.300000
v -0.039225 -0.472240 2.300000
v -0.116606 -0.459328 2.300000
v -0.190805 -0.433855 2.300000
v -0.259800 -0.396517 2.300000
v -0.321709 -0.348332 2.300000
v -0.374842 -0.290614 2.300000
v -0.417750 -0.224938 2.300000
v -0.449263 -0.153095 2.300000
v -0.468522 -0.077045 2.300000
v -0.475000 0.001137 2.300000
v -0.468522 0.079320 2.300000
v -0.449263 0.155369 2.300000
v -0.417750 0.227212 2.300000
v -0.374842 0.292888 2.300000
v -0.321709 0.350606 2.300000
v -0.259800 0.398791 2.300000
v -0.190805 0.436130 2.300000
v -0.116606 0.461602 2.300000
v -0.039225 0.474515 2.300000
v 0.039225 0.474515 2.300000
v 0.116606 0.461602 2.300000
v 0.190805 0.436130 2.300000
v 0.259800 0.398791 2.300000
v 0.321709 0.350606 2.300000
v 0.374842 0.292888 2.300000
v 0.417750 0.227212 2.300000
v 0.449263 0.155369 2.300000
v 0.468522 0.079320 2.300000
v 0.500000 0.001137 2.275000
v 0.493525 0.081343 2.275000
v 0.474268 0.159471 2.275000
v 0.442728 0.233499 2.275000
v 0.399721 0.301508 2.275000
v 0.346362 0.361738 2.275000
v 0.284032 0.412629 2.275000
v 0.214346 0.452863 2.275000
v 0.139109 0.481396 2.275000
v 0.060268 0.497492 2.275000
v -0.020133 0.500732 2.275000
v -0.100013 0.491033 2.275000
v -0.177302 0.468645 2.275000
v -0.250000 0.434150 2.275000
v -0.316223 0.388440 2.275000
v -0.374255 0.332699 2.275000
v -0.422595 0.268370 2.275000
v -0.459990 0.197121 2.275000
v -0.485471 0.120795 2.275000
v -0.498379 0.041371 2.275000
v -0.498379 -0.039096 2.275000
v -0.485471 -0.118521 2.275000
v -0.459990 -0.194846 2.275000
v -0.422595 -0.266096 2.275000
v -0.374255 -0.330424 2.275000
v -0.316223 -0.386165 2.275000
v -0.250000 -0.431875 2.275000
v -0.177302 -0.466371 2.275000
v -0.100013 -0.488758 2.275000
v -0.020133 -0.498457 2.275000
v 0.060268 -0.495217 2.275000
v 0.139109 -0.479122 2.275000
v 0.214346 -0.450588 2.275000
v 0.284032 -0.410355 2.275000
v 0.346362 -0.359464 2.275000
v 0.399721 -0.299234 2.275000
v 0.442728 -0.231224 2.275000
v 0.474268 -0.157197 2.275000
v 0.493525 -0.079068 2.275000
v -0.156243 -0.011233 2.300000
v -0.150706 0.030825 2.300000
v -0.134472 0.070017 2.300000
v -0.108648 0.103672 2.300000
v -0.074993 0.129496 2.300000
v -0.035801 0.145730 2.300000
v 0.006257 0.151267 2.300000
v 0.048315 0.145730 2.300000
v 0.087507 0.129496 2.300000
v 0.121162 0.103672 2.300000
v 0.146986 0.070017 2.300000
v 0.163220 0.030825 2.300000
v 0.168757 -0.011233 2.300000
v 0.163220 -0.053291 2.300000
v 0.146986 -0.092483 2.300000
v 0.121162 -0.126138 2.300000
v 0.087507 -0.151962 2.300000
v 0.048315 -0.168196 2.300000
v 0.006257 -0.173733 2.300000
v -0.035801 -0.168196 2.300000
v -0.074993 -0.151962 2.300000
v -0.108648 -0.126138 2.300000
v -0.134472 -0.092483 2.300000
v -0.150706 -0.053291 2.300000
v 0.500000 0.001137 0.300000
v 0.493525 0.081343 0.300000
v 0.474268 0.159471 0.300000
v 0.442728 0.233499 0.300000
v 0.399721 0.301508 0.300000
v 0.346362 0.361738 0.300000
v 0.284032 0.412629 0.300000
v 0.214346 0.452862 0.300000
v 0.139109 0.481396 0.300000
v 0.060268 0.497492 0.300000
v -0.020133 0.500732 0.300000
v -0.100013 0.491032 0.300000
v -0.177302 0.468645 0.300000
v -0.250000 0.434150 0.300000
v -0.316223 0.388440 0.300000
v -0.374255 0.332698 0.300000
v -0.422595 0.268370 0.300000
v -0.459990 0.197120 0.300000
v -0.485471 0.120795 0.300000
v -0.498379 0.041370 0.300000
v -0.498379 -0.039096 0.300000
v -0.485471 -0.118521 0.300000
v -0.459990 -0.194846 0.300000
v -0.422595 -0.266096 0.300000
v -0.374255 -0.330424 0.300000
v -0.316223 -0.386165 0.300000
v -0.250000 -0.431876 0.300000
v -0.177302 -0.466371 0.300000
v -0.100013 -0.488758 0.300000
v -0.020133 -0.498457 0.300000
v 0.060268 -0.495217 0.300000
v 0.139109 -0.479122 0.300000
v 0.214346 -0.450588 0.300000
v 0.284032 -0.410355 0.300000
v 0.346362 -0.359464 0.300000
v 0.399721 -0.299234 0.300000
v 0.442728 -0.231224 0.300000
v 0.474268 -0.157197 0.300000
v 0.493525 -0.079069 0.300000
v 0.498379 -0.039096 1.287500
v 0.498379 0.041370 1.287500
v 0.485471 0.120795 1.287500
v 0.459990 0.197121 1.287500
v 0.422595 0.268370 1.287500
v 0.374255 0.332698 1.287500
v 0.316223 0.388440 1.287500
v 0.250000 0.434150 1.287500
v 0.177302 0.468645 1.287500
v 0.100013 0.491033 1.287500
v 0.020133 0.500732 1.287500
v -0.060268 0.497492 1.287500
v -0.139109 0.481396 1.287500
v -0.214346 0.452862 1.287500
v -0.284032 0.412629 1.287500
v -0.346362 0.361738 1.287500
v -0.399721 0.301508 1.287500
v -0.442728 0.233499 1.287500
v -0.474268 0.159471 1.287500
v -0.493525 0.081343 1.287500
v -0.500000 0.001137 1.287500
v -0.493525 -0.079069 1.287500
v -0.474268 -0.157197 1.287500
v -0.442728 -0.231224 1.287500
v -0.399721 -0.299234 1.287500
v -0.346362 -0.359464 1.287500
v -0.284032 -0.410355 1.287500
v -0.214346 -0.450588 1.287500
v -0.139109 -0.479122 1.287500
v -0.060268 -0.495217 1.287500
v 0.020133 -0.498457 1.287500
v 0.100013 -0.488758 1.287500
v 0.177302 -0.466371 1.287500
v 0.250000 -0.431876 1.287500
v 0.316223 -0.386165 1.287500
v 0.374255 -0.330424 1.287500
v 0.422595 -0.266096 1.287500
v 0.459990 -0.194846 1.287500
v 0.485471 -0.118521 1.287500
v -0.120193 -0.011233 2.263950
v -0.115884 0.021495 2.263950
v -0.103252 0.051992 2.263950
v -0.083157 0.078181 2.263950
v -0.056968 0.098276 2.263950
v -0.026471 0.110909 2.263950
v 0.006257 0.115217 2.263950
v 0.038985 0.110909 2.263950
v 0.069482 0.098276 2.263950
v 0.095670 0.078181 2.263950
v 0.115766 0.051992 2.263950
v 0.128398 0.021495 2.263950
v 0.132707 -0.011233 2.263950
v 0.128398 -0.043960 2.263950
v 0.115766 -0.074458 2.263950
v 0.095670 -0.100646 2.263950
v 0.069482 -0.120742 2.263950
v 0.038985 -0.133374 2.263950
v 0.006257 -0.137683 2.263950
v -0.026471 -0.133374 2.263950
v -0.056968 -0.120742 2.263950
v -0.083157 -0.100646 2.263950
v -0.103252 -0.074458 2.263950
v -0.115884 -0.043960 2.263950
v -0.120193 -0.011233 1.800000
v -0.115884 0.021495 1.800000
v -0.103252 0.051992 1.800000
v -0.083157 0.078181 1.800000
v -0.056968 0.098276 1.800000
v -0.026471 0.110909 1.800000
v 0.006257 0.115217 1.800000
v 0.038985 0.110909 1.800000
v 0.069482 0.098276 1.800000
v 0.095670 0.078181 1.800000
v 0.115766 0.051992 1.800000
v 0.128398 0.021495 1.800000
v 0.132707 -0.011233 1.800000
v 0.128398 -0.043960 1.800000
v 0.115766 -0.074458 1.800000
v 0.095670 -0.100646 1.800000
v 0.069482 -0.120742 1.800000
v 0.038985 -0.133374 1.800000
v 0.006257 -0.137683 1.800000
v -0.026471 -0.133374 1.800000
v -0.056968 -0.120742 1.800000
v -0.083157 -0.100646 1.800000
v -0.103252 -0.074458 1.800000
v -0.115884 -0.043960 1.800000
v 0.400000 0.001137 0.300000
v 0.393572 0.072560 0.300000
v 0.374494 0.141687 0.300000
v 0.343379 0.206297 0.300000
v 0.301229 0.264313 0.300000
v 0.249396 0.313870 0.300000
v 0.189548 0.353375 0.300000
v 0.123607 0.381560 0.300000
v 0.053693 0.397517 0.300000
v -0.017946 0.400734 0.300000
v -0.089008 0.391108 0.300000
v -0.157210 0.368948 0.300000
v -0.220359 0.334966 0.300000
v -0.276425 0.290255 0.300000
v -0.323607 0.236251 0.300000
v -0.360388 0.174691 0.300000
v -0.385585 0.107552 0.300000
v -0.398390 0.036993 0.300000
v -0.398390 -0.034719 0.300000
v -0.385585 -0.105278 0.300000
v -0.360388 -0.172416 0.300000
v -0.323607 -0.233977 0.300000
v -0.276425 -0.287981 0.300000
v -0.220359 -0.332692 0.300000
v -0.157210 -0.366674 0.300000
v -0.089008 -0.388834 0.300000
v -0.017946 -0.398460 0.300000
v 0.053693 -0.395243 0.300000
v 0.123607 -0.379285 0.300000
v 0.189548 -0.351101 0.300000
v 0.249396 -0.311595 0.300000
v 0.301229 -0.262038 0.300000
v 0.343379 -0.204023 0.300000
v 0.374494 -0.139413 0.300000
v 0.393572 -0.070286 0.300000
v 0.000000 0.001137 0.500000
v -0.349052 0.001137 0.357998
v -0.289783 0.001137 0.407462
v -0.223607 0.001137 0.447214
v -0.152100 0.001137 0.476304
v -0.076967 0.001137 0.494040
v -0.279047 0.210827 0.357998
v 0.220756 0.271515 0.357998
v 0.220756 -0.269240 0.357998
v -0.279047 -0.208553 0.357998
v 0.347920 -0.026950 0.357998
v 0.288844 -0.022181 0.407462
v 0.222882 -0.016856 0.447214
v 0.151607 -0.011102 0.476304
v 0.076718 -0.005056 0.494040
v 0.076718 0.007330 0.494040
v 0.151607 0.013376 0.476304
v 0.222882 0.019130 0.447214
v 0.288844 0.024455 0.407462
v 0.347920 0.029224 0.357998
v 0.338909 -0.082396 0.357998
v 0.281363 -0.068213 0.407462
v 0.217109 -0.052375 0.447214
v 0.147680 -0.035263 0.476304
v 0.074731 -0.017282 0.494040
v 0.321121 -0.135680 0.357998
v 0.266595 -0.112448 0.407462
v 0.205714 -0.086509 0.447214
v 0.139929 -0.058481 0.476304
v 0.070808 -0.029032 0.494040
v 0.295015 -0.185419 0.357998
v 0.244922 -0.153742 0.407462
v 0.188990 -0.118373 0.447214
v 0.128553 -0.080155 0.476304
v 0.065052 -0.039999 0.494040
v 0.261269 -0.230327 0.357998
v 0.216906 -0.191025 0.407462
v 0.167372 -0.147142 0.447214
v 0.113848 -0.099724 0.476304
v 0.057611 -0.049902 0.494040
v 0.174526 -0.301151 0.357998
v 0.144892 -0.249823 0.407462
v 0.111803 -0.192512 0.447214
v 0.076050 -0.130585 0.476304
v 0.038484 -0.065519 0.494040
v 0.048678 -0.058482 0.494040
v 0.096195 -0.116680 0.476304
v 0.141419 -0.172070 0.447214
v 0.183272 -0.223330 0.407462
v 0.123775 -0.325232 0.357998
v 0.102759 -0.269815 0.407462
v 0.079292 -0.207939 0.447214
v 0.053935 -0.141079 0.476304
v 0.027293 -0.070829 0.494040
v 0.069819 -0.340861 0.357998
v 0.057964 -0.282790 0.407462
v 0.044727 -0.217951 0.447214
v 0.030424 -0.147889 0.476304
v 0.015395 -0.074275 0.494040
v 0.014055 -0.347632 0.357998
v 0.011668 -0.288411 0.407462
v 0.009004 -0.222288 0.447214
v 0.006124 -0.150839 0.476304
v 0.003099 -0.075768 0.494040
v -0.042074 -0.345370 0.357998
v -0.034929 -0.286533 0.407462
v -0.026953 -0.220839 0.447214
v -0.018334 -0.149854 0.476304
v -0.009277 -0.075269 0.494040
v -0.097112 -0.334134 0.357998
v -0.080623 -0.277205 0.407462
v -0.062211 -0.213641 0.447214
v -0.042317 -0.144958 0.476304
v -0.021414 -0.072791 0.494040
v -0.149636 -0.314214 0.357998
v -0.124228 -0.260668 0.407462
v -0.095859 -0.200881 0.447214
v -0.065204 -0.136278 0.476304
v -0.032995 -0.068399 0.494040
v -0.198284 -0.286127 0.357998
v -0.164616 -0.237350 0.407462
v -0.127023 -0.182888 0.447214
v -0.086403 -0.124039 0.476304
v -0.043722 -0.062206 0.494040
v -0.241797 -0.250600 0.357998
v -0.200740 -0.207855 0.407462
v -0.154898 -0.160129 0.447214
v -0.105363 -0.108558 0.476304
v -0.053317 -0.054372 0.494040
v -0.309070 -0.161075 0.357998
v -0.256590 -0.133532 0.407462
v -0.197994 -0.102778 0.447214
v -0.134678 -0.069547 0.476304
v -0.068151 -0.034631 0.494040
v -0.061531 -0.045100 0.494040
v -0.121595 -0.090236 0.476304
v -0.178761 -0.133193 0.447214
v -0.231665 -0.172948 0.407462
v -0.331089 -0.109396 0.357998
v -0.274870 -0.090628 0.407462
v -0.212099 -0.069672 0.447214
v -0.144272 -0.047028 0.476304
v -0.073006 -0.023236 0.494040
v -0.344532 -0.054855 0.357998
v -0.286031 -0.045347 0.407462
v -0.220711 -0.034732 0.447214
v -0.150130 -0.023261 0.476304
v -0.075971 -0.011209 0.494040
v -0.344532 0.057129 0.357998
v -0.286031 0.047622 0.407462
v -0.220711 0.037006 0.447214
v -0.150130 0.025536 0.476304
v -0.075971 0.013484 0.494040
v -0.331089 0.111671 0.357998
v -0.274870 0.092902 0.407462
v -0.212099 0.071946 0.447214
v -0.144272 0.049302 0.476304
v -0.073006 0.025510 0.494040
v -0.309070 0.163350 0.357998
v -0.256590 0.135806 0.407462
v -0.197994 0.105052 0.447214
v -0.134678 0.071821 0.476304
v -0.068151 0.036906 0.494040
v -0.231665 0.175222 0.407462
v -0.178761 0.135467 0.447214
v -0.121595 0.092510 0.476304
v -0.061531 0.047375 0.494040
v -0.198284 0.288401 0.357998
v -0.164616 0.239624 0.407462
v -0.127023 0.185162 0.447214
v -0.086403 0.126313 0.476304
v -0.043722 0.064480 0.494040
v -0.053317 0.056646 0.494040
v -0.105363 0.110832 0.476304
v -0.154898 0.162403 0.447214
v -0.200740 0.210130 0.407462
v -0.241797 0.252874 0.357998
v -0.149636 0.316488 0.357998
v -0.124228 0.262942 0.407462
v -0.095859 0.203155 0.447214
v -0.065204 0.138552 0.476304
v -0.032995 0.070673 0.494040
v -0.097112 0.336408 0.357998
v -0.080623 0.279479 0.407462
v -0.062211 0.215916 0.447214
v -0.042317 0.147232 0.476304
v -0.021414 0.075066 0.494040
v -0.042074 0.347644 0.357998
v -0.034929 0.288808 0.407462
v -0.026953 0.223114 0.447214
v -0.018334 0.152128 0.476304
v -0.009277 0.077543 0.494040
v 0.014055 0.349906 0.357998
v 0.011668 0.290685 0.407462
v 0.009004 0.224563 0.447214
v 0.006124 0.153114 0.476304
v 0.003099 0.078042 0.494040
v 0.069819 0.343135 0.357998
v 0.057964 0.285064 0.407462
v 0.044727 0.220225 0.447214
v 0.030424 0.150163 0.476304
v 0.015395 0.076549 0.494040
v 0.123775 0.327506 0.357998
v 0.102759 0.272089 0.407462
v 0.079292 0.210213 0.447214
v 0.053935 0.143353 0.476304
v 0.027293 0.073103 0.494040
v 0.174526 0.303425 0.357998
v 0.144892 0.252097 0.407462
v 0.111803 0.194786 0.447214
v 0.076050 0.132860 0.476304
v 0.038484 0.067793 0.494040
v 0.183272 0.225605 0.407462
v 0.141419 0.174344 0.447214
v 0.096195 0.118954 0.476304
v 0.048678 0.060756 0.494040
v 0.295015 0.187693 0.357998
v 0.244922 0.156016 0.407462
v 0.188990 0.120647 0.447214
v 0.128553 0.082429 0.476304
v 0.065052 0.042274 0.494040
v 0.057611 0.052176 0.494040
v 0.113848 0.101998 0.476304
v 0.167372 0.149416 0.447214
v 0.216906 0.193299 0.407462
v 0.261269 0.232601 0.357998
v 0.321121 0.137954 0.357998
v 0.266595 0.114723 0.407462
v 0.205714 0.088784 0.447214
v 0.139929 0.060755 0.476304
v 0.070808 0.031306 0.494040
v 0.338909 0.084671 0.357998
v 0.281363 0.070487 0.407462
v 0.217109 0.054650 0.447214
v 0.147680 0.037537 0.476304
v 0.074731 0.019557 0.494040
v -0.140093 -0.011231 17.500000
v -0.135106 0.026647 17.500000
v -0.120486 0.061944 17.500000
v -0.097228 0.092254 17.500000
v -0.066918 0.115511 17.500000
v -0.031621 0.130132 17.500000
v 0.006257 0.135119 17.500000
v 0.044135 0.130132 17.500000
v 0.079432 0.115511 17.500000
v 0.109742 0.092254 17.500000
v 0.133000 0.061944 17.500000
v 0.147620 0.026647 17.500000
v 0.152607 -0.011231 17.500000
v 0.147620 -0.049110 17.500000
v 0.133000 -0.084406 17.500000
v 0.109742 -0.114717 17.500000
v 0.079432 -0.137974 17.500000
v 0.044135 -0.152595 17.500000
v 0.006257 -0.157581 17.500000
v -0.031621 -0.152595 17.500000
v -0.066918 -0.137974 17.500000
v -0.097228 -0.114717 17.500000
v -0.120486 -0.084406 17.500000
v -0.135106 -0.049110 17.500000
v -0.140093 -0.011233 1.800000
v -0.135106 -0.049111 1.800000
v -0.120486 -0.084408 1.800000
v -0.097228 -0.114718 1.800000
v -0.066918 -0.137976 1.800000
v -0.031621 -0.152596 1.800000
v 0.006257 -0.157583 1.800000
v 0.044135 -0.152596 1.800000
v 0.079432 -0.137976 1.800000
v 0.109742 -0.114718 1.800000
v 0.133000 -0.084408 1.800000
v 0.147620 -0.049111 1.800000
v 0.152607 -0.011233 1.800000
v 0.147620 0.026645 1.800000
v 0.133000 0.061942 1.800000
v 0.109742 0.092252 1.800000
v 0.079432 0.115510 1.800000
v 0.044135 0.130131 1.800000
v 0.006257 0.135117 1.800000
v -0.031621 0.130131 1.800000
v -0.066918 0.115510 1.800000
v -0.097228 0.092252 1.800000
v -0.120486 0.061942 1.800000
v -0.135106 0.026645 1.800000
v -0.140093 -0.011232 16.673685
v -0.140093 -0.011232 15.847368
v -0.140093 -0.011232 15.021052
v -0.140093 -0.011232 14.194737
v -0.140093 -0.011232 13.368421
v -0.140093 -0.011232 12.542106
v -0.140093 -0.011232 11.715790
v -0.140093 -0.011232 10.889474
v -0.140093 -0.011232 10.063158
v -0.140093 -0.011232 9.236842
v -0.140093 -0.011232 8.410526
v -0.140093 -0.011232 7.584210
v -0.140093 -0.011232 6.757895
v -0.140093 -0.011232 5.931579
v -0.140093 -0.011232 5.105263
v -0.140093 -0.011232 4.278947
v -0.140093 -0.011233 3.452632
v -0.140093 -0.011233 2.626316
v -0.135106 0.026647 16.673685
v -0.135106 0.026646 15.847368
v -0.135106 0.026646 15.021052
v -0.135106 0.026646 14.194737
v -0.135106 0.026646 13.368421
v -0.135106 0.026646 12.542106
v -0.135106 0.026646 11.715790
v -0.135106 0.026646 10.889474
v -0.135106 0.026646 10.063158
v -0.135106 0.026646 9.236842
v -0.135106 0.026646 8.410526
v -0.135106 0.026646 7.584210
v -0.135106 0.026646 6.757895
v -0.135106 0.026646 5.931579
v -0.135106 0.026646 5.105263
v -0.135106 0.026646 4.278947
v -0.135106 0.026646 3.452632
v -0.135106 0.026646 2.626316
v -0.120486 0.061943 16.673685
v -0.120486 0.061943 15.847368
v -0.120486 0.061943 15.021052
v -0.120486 0.061943 14.194737
v -0.120486 0.061943 13.368421
v -0.120486 0.061943 12.542106
v -0.120486 0.061943 11.715790
v -0.120486 0.061943 10.889474
v -0.120486 0.061943 10.063158
v -0.120486 0.061943 9.236842
v -0.120486 0.061943 8.410526
v -0.120486 0.061943 7.584210
v -0.120486 0.061943 6.757895
v -0.120486 0.061943 5.931579
v -0.120486 0.061943 5.105263
v -0.120486 0.061943 4.278947
v -0.120486 0.061942 3.452632
v -0.120486 0.061942 2.626316
v -0.097228 0.092253 16.673685
v -0.097228 0.092253 15.847368
v -0.097228 0.092253 15.021052
v -0.097228 0.092253 14.194737
v -0.097228 0.092253 13.368421
v -0.097228 0.092253 12.542106
v -0.097228 0.092253 11.715790
v -0.097228 0.092253 10.889474
v -0.097228 0.092253 10.063158
v -0.097228 0.092253 9.236842
v -0.097228 0.092253 8.410526
v -0.097228 0.092253 7.584210
v -0.097228 0.092253 6.757895
v -0.097228 0.092253 5.931579
v -0.097228 0.092253 5.105263
v -0.097228 0.092253 4.278947
v -0.097228 0.092252 3.452632
v -0.097228 0.092252 2.626316
v -0.066918 0.115511 16.673685
v -0.066918 0.115511 15.847368
v -0.066918 0.115511 15.021052
v -0.066918 0.115511 14.194737
v -0.066918 0.115511 13.368421
v -0.066918 0.115511 12.542106
v -0.066918 0.115511 11.715790
v -0.066918 0.115511 10.889474
v -0.066918 0.115511 10.063158
v -0.066918 0.115511 9.236842
v -0.066918 0.115511 8.410526
v -0.066918 0.115511 7.584210
v -0.066918 0.115511 6.757895
v -0.066918 0.115510 5.931579
v -0.066918 0.115510 5.105263
v -0.066918 0.115510 4.278947
v -0.066918 0.115510 3.452632
v -0.066918 0.115510 2.626316
v -0.031621 0.130132 16.673685
v -0.031621 0.130132 15.847368
v -0.031621 0.130132 15.021052
v -0.031621 0.130131 14.194737
v -0.031621 0.130131 13.368421
v -0.031621 0.130131 12.542106
v -0.031621 0.130131 11.715790
v -0.031621 0.130131 10.889474
v -0.031621 0.130131 10.063158
v -0.031621 0.130131 9.236842
v -0.031621 0.130131 8.410526
v -0.031621 0.130131 7.584210
v -0.031621 0.130131 6.757895
v -0.031621 0.130131 5.931579
v -0.031621 0.130131 5.105263
v -0.031621 0.130131 4.278947
v -0.031621 0.130131 3.452632
v -0.031621 0.130131 2.626316
v 0.006257 0.135118 16.673685
v 0.006257 0.135118 15.847368
v 0.006257 0.135118 15.021052
v 0.006257 0.135118 14.194737
v 0.006257 0.135118 13.368421
v 0.006257 0.135118 12.542106
v 0.006257 0.135118 11.715790
v 0.006257 0.135118 10.889474
v 0.006257 0.135118 10.063158
v 0.006257 0.135118 9.236842
v 0.006257 0.135118 8.410526
v 0.006257 0.135118 7.584210
v 0.006257 0.135118 6.757895
v 0.006257 0.135118 5.931579
v 0.006257 0.135118 5.105263
v 0.006257 0.135118 4.278947
v 0.006257 0.135117 3.452632
v 0.006257 0.135117 2.626316
v 0.044135 0.130132 16.673685
v 0.044135 0.130132 15.847368
v 0.044135 0.130132 15.021052
v 0.044135 0.130131 14.194737
v 0.044135 0.130131 13.368421
v 0.044135 0.130131 12.542106
v 0.044135 0.130131 11.715790
v 0.044135 0.130131 10.889474
v 0.044135 0.130131 10.063158
v 0.044135 0.130131 9.236842
v 0.044135 0.130131 8.410526
v 0.044135 0.130131 7.584210
v 0.044135 0.130131 6.757895
v 0.044135 0.130131 5.931579
v 0.044135 0.130131 5.105263
v 0.044135 0.130131 4.278947
v 0.044135 0.130131 3.452632
v 0.044135 0.130131 2.626316
v 0.079432 0.115511 16.673685
v 0.079432 0.115511 15.847368
v 0.079432 0.115511 15.021052
v 0.079432 0.115511 14.194737
v 0.079432 0.115511 13.368421
v 0.079432 0.115511 12.542106
v 0.079432 0.115511 11.715790
v 0.079432 0.115511 10.889474
v 0.079432 0.115511 10.063158
v 0.079432 0.115511 9.236842
v 0.079432 0.115511 8.410526
v 0.079432 0.115511 7.584210
v 0.079432 0.115511 6.757895
v 0.079432 0.115510 5.931579
v 0.079432 0.115510 5.105263
v 0.079432 0.115510 4.278947
v 0.079432 0.115510 3.452632
v 0.079432 0.115510 2.626316
v 0.109742 0.092253 16.673685
v 0.109742 0.092253 15.847368
v 0.109742 0.092253 15.021052
v 0.109742 0.092253 14.194737
v 0.109742 0.092253 13.368421
v 0.109742 0.092253 12.542106
v 0.109742 0.092253 11.715790
v 0.109742 0.092253 10.889474
v 0.109742 0.092253 10.063158
v 0.109742 0.092253 9.236842
v 0.109742 0.092253 8.410526
v 0.109742 0.092253 7.584210
v 0.109742 0.092253 6.757895
v 0.109742 0.092253 5.931579
v 0.109742 0.092253 5.105263
v 0.109742 0.092253 4.278947
v 0.109742 0.092252 3.452632
v 0.109742 0.092252 2.626316
v 0.133000 0.061943 16.673685
v 0.133000 0.061943 15.847368
v 0.133000 0.061943 15.021052
v 0.133000 0.061943 14.194737
v 0.133000 0.061943 13.368421
v 0.133000 0.061943 12.542106
v 0.133000 0.061943 11.715790
v 0.133000 0.061943 10.889474
v 0.133000 0.061943 10.063158
v 0.133000 0.061943 9.236842
v 0.133000 0.061943 8.410526
v 0.133000 0.061943 7.584210
v 0.133000 0.061943 6.757895
v 0.133000 0.061943 5.931579
v 0.133000 0.061943 5.105263
v 0.133000 0.061943 4.278947
v 0.133000 0.061942 3.452632
v 0.133000 0.061942 2.626316
v 0.147620 0.026647 16.673685
v 0.147620 0.026646 15.847368
v 0.147620 0.026646 15.021052
v 0.147620 0.026646 14.194737
v 0.147620 0.026646 13.368421
v 0.147620 0.026646 12.542106
v 0.147620 0.026646 11.715790
v 0.147620 0.026646 10.889474
v 0.147620 0.026646 10.063158
v 0.147620 0.026646 9.236842
v 0.147620 0.026646 8.410526
v 0.147620 0.026646 7.584210
v 0.147620 0.026646 6.757895
v 0.147620 0.026646 5.931579
v 0.147620 0.026646 5.105263
v 0.147620 0.026646 4.278947
v 0.147620 0.026646 3.452632
v 0.147620 0.026646 2.626316
v 0.152607 -0.011232 16.673685
v 0.152607 -0.011232 15.847368
v 0.152607 -0.011232 15.021052
v 0.152607 -0.011232 14.194737
v 0.152607 -0.011232 13.368421
v 0.152607 -0.011232 12.542106
v 0.152607 -0.011232 11.715790
v 0.152607 -0.011232 10.889474
v 0.152607 -0.011232 10.063158
v 0.152607 -0.011232 9.236842
v 0.152607 -0.011232 8.410526
v 0.152607 -0.011232 7.584210
v 0.152607 -0.011232 6.757895
v 0.152607 -0.011232 5.931579
v 0.152607 -0.011232 5.105263
v 0.152607 -0.011232 4.278947
v 0.152607 -0.011233 3.452632
v 0.152607 -0.011233 2.626316
v 0.147620 -0.049110 16.673685
v 0.147620 -0.049110 15.847368
v 0.147620 -0.049110 15.021052
v 0.147620 -0.049110 14.194737
v 0.147620 -0.049110 13.368421
v 0.147620 -0.049110 12.542106
v 0.147620 -0.049110 11.715790
v 0.147620 -0.049110 10.889474
v 0.147620 -0.049110 10.063158
v 0.147620 -0.049110 9.236842
v 0.147620 -0.049110 8.410526
v 0.147620 -0.049110 7.584210
v 0.147620 -0.049110 6.757895
v 0.147620 -0.049111 5.931579
v 0.147620 -0.049111 5.105263
v 0.147620 -0.049111 4.278947
v 0.147620 -0.049111 3.452632
v 0.147620 -0.049111 2.626316
v 0.133000 -0.084407 16.673685
v 0.133000 -0.084407 15.847368
v 0.133000 -0.084407 15.021052
v 0.133000 -0.084407 14.194737
v 0.133000 -0.084407 13.368421
v 0.133000 -0.084407 12.542106
v 0.133000 -0.084407 11.715790
v 0.133000 -0.084407 10.889474
v 0.133000 -0.084407 10.063158
v 0.133000 -0.084407 9.236842
v 0.133000 -0.084407 8.410526
v 0.133000 -0.084407 7.584210
v 0.133000 -0.084407 6.757895
v 0.133000 -0.084407 5.931579
v 0.133000 -0.084407 5.105263
v 0.133000 -0.084407 4.278947
v 0.133000 -0.084408 3.452632
v 0.133000 -0.084408 2.626316
v 0.109742 -0.114717 16.673685
v 0.109742 -0.114717 15.847368
v 0.109742 -0.114717 15.021052
v 0.109742 -0.114717 14.194737
v 0.109742 -0.114717 13.368421
v 0.109742 -0.114717 12.542106
v 0.109742 -0.114717 11.715790
v 0.109742 -0.114717 10.889474
v 0.109742 -0.114717 10.063158
v 0.109742 -0.114717 9.236842
v 0.109742 -0.114717 8.410526
v 0.109742 -0.114717 7.584210
v 0.109742 -0.114717 6.757895
v 0.109742 -0.114717 5.931579
v 0.109742 -0.114718 5.105263
v 0.109742 -0.114718 4.278947
v 0.109742 -0.114718 3.452632
v 0.109742 -0.114718 2.626316
v 0.079432 -0.137974 16.673685
v 0.079432 -0.137975 15.847368
v 0.079432 -0.137975 15.021052
v 0.079432 -0.137975 14.194737
v 0.079432 -0.137975 13.368421
v 0.079432 -0.137975 12.542106
v 0.079432 -0.137975 11.715790
v 0.079432 -0.137975 10.889474
v 0.079432 -0.137975 10.063158
v 0.079432 -0.137975 9.236842
v 0.079432 -0.137975 8.410526
v 0.079432 -0.137975 7.584210
v 0.079432 -0.137975 6.757895
v 0.079432 -0.137975 5.931579
v 0.079432 -0.137975 5.105263
v 0.079432 -0.137975 4.278947
v 0.079432 -0.137975 3.452632
v 0.079432 -0.137975 2.626316
v 0.044135 -0.152595 16.673685
v 0.044135 -0.152595 15.847368
v 0.044135 -0.152595 15.021052
v 0.044135 -0.152595 14.194737
v 0.044135 -0.152595 13.368421
v 0.044135 -0.152595 12.542106
v 0.044135 -0.152595 11.715790
v 0.044135 -0.152595 10.889474
v 0.044135 -0.152595 10.063158
v 0.044135 -0.152595 9.236842
v 0.044135 -0.152595 8.410526
v 0.044135 -0.152596 7.584210
v 0.044135 -0.152596 6.757895
v 0.044135 -0.152596 5.931579
v 0.044135 -0.152596 5.105263
v 0.044135 -0.152596 4.278947
v 0.044135 -0.152596 3.452632
v 0.044135 -0.152596 2.626316
v 0.006257 -0.157582 16.673685
v 0.006257 -0.157582 15.847368
v 0.006257 -0.157582 15.021052
v 0.006257 -0.157582 14.194737
v 0.006257 -0.157582 13.368421
v 0.006257 -0.157582 12.542106
v 0.006257 -0.157582 11.715790
v 0.006257 -0.157582 10.889474
v 0.006257 -0.157582 10.063158
v 0.006257 -0.157582 9.236842
v 0.006257 -0.157582 8.410526
v 0.006257 -0.157582 7.584210
v 0.006257 -0.157582 6.757895
v 0.006257 -0.157582 5.931579
v 0.006257 -0.157582 5.105263
v 0.006257 -0.157582 4.278947
v 0.006257 -0.157583 3.452632
v 0.006257 -0.157583 2.626316
v -0.031621 -0.152595 16.673685
v -0.031621 -0.152595 15.847368
v -0.031621 -0.152595 15.021052
v -0.031621 -0.152595 14.194737
v -0.031621 -0.152595 13.368421
v -0.031621 -0.152595 12.542106
v -0.031621 -0.152595 11.715790
v -0.031621 -0.152595 10.889474
v -0.031621 -0.152595 10.063158
v -0.031621 -0.152595 9.236842
v -0.031621 -0.152595 8.410526
v -0.031621 -0.152596 7.584210
v -0.031621 -0.152596 6.757895
v -0.031621 -0.152596 5.931579
v -0.031621 -0.152596 5.105263
v -0.031621 -0.152596 4.278947
v -0.031621 -0.152596 3.452632
v -0.031621 -0.152596 2.626316
v -0.066918 -0.137974 16.673685
v -0.066918 -0.137975 15.847368
v -0.066918 -0.137975 15.021052
v -0.066918 -0.137975 14.194737
v -0.066918 -0.137975 13.368421
v -0.066918 -0.137975 12.542106
v -0.066918 -0.137975 11.715790
v -0.066918 -0.137975 10.889474
v -0.066918 -0.137975 10.063158
v -0.066918 -0.137975 9.236842
v -0.066918 -0.137975 8.410526
v -0.066918 -0.137975 7.584210
v -0.066918 -0.137975 6.757895
v -0.066918 -0.137975 5.931579
v -0.066918 -0.137975 5.105263
v -0.066918 -0.137975 4.278947
v -0.066918 -0.137975 3.452632
v -0.066918 -0.137975 2.626316
v -0.097228 -0.114717 16.673685
v -0.097228 -0.114717 15.847368
v -0.097228 -0.114717 15.021052
v -0.097228 -0.114717 14.194737
v -0.097228 -0.114717 13.368421
v -0.097228 -0.114717 12.542106
v -0.097228 -0.114717 11.715790
v -0.097228 -0.114717 10.889474
v -0.097228 -0.114717 10.063158
v -0.097228 -0.114717 9.236842
v -0.097228 -0.114717 8.410526
v -0.097228 -0.114717 7.584210
v -0.097228 -0.114717 6.757895
v -0.097228 -0.114717 5.931579
v -0.097228 -0.114718 5.105263
v -0.097228 -0.114718 4.278947
v -0.097228 -0.114718 3.452632
v -0.097228 -0.114718 2.626316
v -0.120486 -0.084407 16.673685
v -0.120486 -0.084407 15.847368
v -0.120486 -0.084407 15.021052
v -0.120486 -0.084407 14.194737
v -0.120486 -0.084407 13.368421
v -0.120486 -0.084407 12.542106
v -0.120486 -0.084407 11.715790
v -0.120486 -0.084407 10.889474
v -0.120486 -0.084407 10.063158
v -0.120486 -0.084407 9.236842
v -0.120486 -0.084407 8.410526
v -0.120486 -0.084407 7.584210
v -0.120486 -0.084407 6.757895
v -0.120486 -0.084407 5.931579
v -0.120486 -0.084407 5.105263
v -0.120486 -0.084407 4.278947
v -0.120486 -0.084408 3.452632
v -0.120486 -0.084408 2.626316
v -0.135106 -0.049110 16.673685
v -0.135106 -0.049110 15.847368
v -0.135106 -0.049110 15.021052
v -0.135106 -0.049110 14.194737
v -0.135106 -0.049110 13.368421
v -0.135106 -0.049110 12.542106
v -0.135106 -0.049110 11.715790
v -0.135106 -0.049110 10.889474
v -0.135106 -0.049110 10.063158
v -0.135106 -0.049110 9.236842
v -0.135106 -0.049110 8.410526
v -0.135106 -0.049110 7.584210
v -0.135106 -0.049110 6.757895
v -0.135106 -0.049111 5.931579
v -0.135106 -0.049111 5.105263
v -0.135106 -0.049111 4.278947
v -0.135106 -0.049111 3.452632
v -0.135106 -0.049111 2.626316
v 0.475000 -0.023601 17.000000
v 0.468522 0.054581 17.000000
v 0.449263 0.130631 17.000000
v 0.417750 0.202474 17.000000
v 0.374842 0.268150 17.000000
v 0.321709 0.325867 17.000000
v 0.259800 0.374053 17.000000
v 0.190805 0.411391 17.000000
v 0.116606 0.436864 17.000000
v 0.039225 0.449776 17.000000
v -0.039225 0.449776 17.000000
v -0.116606 0.436864 17.000000
v -0.190805 0.411391 17.000000
v -0.259800 0.374053 17.000000
v -0.321709 0.325867 17.000000
v -0.374842 0.268150 17.000000
v -0.417750 0.202474 17.000000
v -0.449263 0.130631 17.000000
v -0.468522 0.054581 17.000000
v -0.475000 -0.023601 17.000000
v -0.468522 -0.101784 17.000000
v -0.449263 -0.177834 17.000000
v -0.417750 -0.249677 17.000000
v -0.374842 -0.315353 17.000000
v -0.321709 -0.373070 17.000000
v -0.259800 -0.421255 17.000000
v -0.190805 -0.458594 17.000000
v -0.116606 -0.484067 17.000000
v -0.039225 -0.496979 17.000000
v 0.039225 -0.496979 17.000000
v 0.116606 -0.484067 17.000000
v 0.190805 -0.458594 17.000000
v 0.259800 -0.421255 17.000000
v 0.321709 -0.373070 17.000000
v 0.374842 -0.315353 17.000000
v 0.417750 -0.249677 17.000000
v 0.449263 -0.177834 17.000000
v 0.468522 -0.101784 17.000000
v 0.500000 -0.023601 17.025000
v 0.493525 -0.103807 17.025000
v 0.474268 -0.181935 17.025000
v 0.442728 -0.255963 17.025000
v 0.399721 -0.323973 17.025000
v 0.346362 -0.384203 17.025000
v 0.284032 -0.435093 17.025000
v 0.214346 -0.475327 17.025000
v 0.139109 -0.503861 17.025000
v 0.060268 -0.519956 17.025000
v -0.020133 -0.523196 17.025000
v -0.100013 -0.513497 17.025000
v -0.177302 -0.491110 17.025000
v -0.250000 -0.456614 17.025000
v -0.316223 -0.410904 17.025000
v -0.374255 -0.355163 17.025000
v -0.422595 -0.290834 17.025000
v -0.459990 -0.219585 17.025000
v -0.485471 -0.143259 17.025000
v -0.498379 -0.063835 17.025000
v -0.498379 0.016632 17.025000
v -0.485471 0.096056 17.025000
v -0.459990 0.172382 17.025000
v -0.422595 0.243631 17.025000
v -0.374255 0.307960 17.025000
v -0.316223 0.363701 17.025000
v -0.250000 0.409411 17.025000
v -0.177302 0.443907 17.025000
v -0.100013 0.466294 17.025000
v -0.020133 0.475993 17.025000
v 0.060268 0.472753 17.025000
v 0.139109 0.456658 17.025000
v 0.214346 0.428124 17.025000
v 0.284032 0.387890 17.025000
v 0.346362 0.337000 17.025000
v 0.399721 0.276770 17.025000
v 0.442728 0.208760 17.025000
v 0.474268 0.134732 17.025000
v 0.493525 0.056604 17.025000
v -0.156243 -0.011232 17.000000
v -0.150706 -0.053290 17.000000
v -0.134472 -0.092482 17.000000
v -0.108648 -0.126136 17.000000
v -0.074993 -0.151961 17.000000
v -0.035801 -0.168195 17.000000
v 0.006257 -0.173732 17.000000
v 0.048315 -0.168195 17.000000
v 0.087507 -0.151961 17.000000
v 0.121162 -0.126136 17.000000
v 0.146986 -0.092482 17.000000
v 0.163220 -0.053290 17.000000
v 0.168757 -0.011232 17.000000
v 0.163220 0.030827 17.000000
v 0.146986 0.070018 17.000000
v 0.121162 0.103673 17.000000
v 0.087507 0.129498 17.000000
v 0.048315 0.145731 17.000000
v 0.006257 0.151268 17.000000
v -0.035801 0.145731 17.000000
v -0.074993 0.129498 17.000000
v -0.108648 0.103673 17.000000
v -0.134472 0.070018 17.000000
v -0.150706 0.030827 17.000000
v 0.500000 -0.023601 19.000000
v 0.493525 -0.103807 19.000000
v 0.474268 -0.181935 19.000000
v 0.442728 -0.255963 19.000000
v 0.399721 -0.323972 19.000000
v 0.346362 -0.384203 19.000000
v 0.284032 -0.435093 19.000000
v 0.214346 -0.475327 19.000000
v 0.139109 -0.503860 19.000000
v 0.060268 -0.519956 19.000000
v -0.020133 -0.523196 19.000000
v -0.100013 -0.513497 19.000000
v -0.177302 -0.491109 19.000000
v -0.250000 -0.456614 19.000000
v -0.316223 -0.410904 19.000000
v -0.374255 -0.355163 19.000000
v -0.422595 -0.290834 19.000000
v -0.459990 -0.219585 19.000000
v -0.485471 -0.143259 19.000000
v -0.498379 -0.063835 19.000000
v -0.498379 0.016632 19.000000
v -0.485471 0.096057 19.000000
v -0.459990 0.172382 19.000000
v -0.422595 0.243632 19.000000
v -0.374255 0.307960 19.000000
v -0.316223 0.363701 19.000000
v -0.250000 0.409411 19.000000
v -0.177302 0.443907 19.000000
v -0.100013 0.466294 19.000000
v -0.020133 0.475993 19.000000
v 0.060268 0.472753 19.000000
v 0.139109 0.456658 19.000000
v 0.214346 0.428124 19.000000
v 0.284032 0.387891 19.000000
v 0.346362 0.337000 19.000000
v 0.399721 0.276770 19.000000
v 0.442728 0.208760 19.000000
v 0.474268 0.134733 19.000000
v 0.493525 0.056604 19.000000
v 0.498379 0.016632 18.012501
v 0.498379 -0.063835 18.012501
v 0.485471 -0.143259 18.012501
v 0.459990 -0.219585 18.012501
v 0.422595 -0.290834 18.012501
v 0.374255 -0.355163 18.012501
v 0.316223 -0.410904 18.012501
v 0.250000 -0.456614 18.012501
v 0.177302 -0.491110 18.012501
v 0.100013 -0.513497 18.012501
v 0.020133 -0.523196 18.012501
v -0.060268 -0.519956 18.012501
v -0.139109 -0.503860 18.012501
v -0.214346 -0.475327 18.012501
v -0.284032 -0.435093 18.012501
v -0.346362 -0.384203 18.012501
v -0.399721 -0.323973 18.012501
v -0.442728 -0.255963 18.012501
v -0.474268 -0.181935 18.012501
v -0.493525 -0.103807 18.012501
v -0.500000 -0.023601 18.012501
v -0.493525 0.056604 18.012501
v -0.474268 0.134733 18.012501
v -0.442728 0.208760 18.012501
v -0.399721 0.276770 18.012501
v -0.346362 0.337000 18.012501
v -0.284032 0.387891 18.012501
v -0.214346 0.428124 18.012501
v -0.139109 0.456658 18.012501
v -0.060268 0.472753 18.012501
v 0.020133 0.475993 18.012501
v 0.100013 0.466294 18.012501
v 0.177302 0.443907 18.012501
v 0.250000 0.409411 18.012501
v 0.316223 0.363701 18.012501
v 0.374255 0.307960 18.012501
v 0.422595 0.243632 18.012501
v 0.459990 0.172382 18.012501
v 0.485471 0.096056 18.012501
v -0.120193 -0.011232 17.036051
v -0.115884 -0.043959 17.036051
v -0.103252 -0.074457 17.036051
v -0.083157 -0.100645 17.036051
v -0.056968 -0.120741 17.036051
v -0.026471 -0.133373 17.036051
v 0.006257 -0.137682 17.036051
v 0.038985 -0.133373 17.036051
v 0.069482 -0.120741 17.036051
v 0.095670 -0.100645 17.036051
v 0.115766 -0.074457 17.036051
v 0.128398 -0.043959 17.036051
v 0.132707 -0.011232 17.036051
v 0.128398 0.021496 17.036051
v 0.115766 0.051993 17.036051
v 0.095670 0.078182 17.036051
v 0.069482 0.098277 17.036051
v 0.038985 0.110910 17.036051
v 0.006257 0.115218 17.036051
v -0.026471 0.110910 17.036051
v -0.056968 0.098277 17.036051
v -0.083157 0.078182 17.036051
v -0.103252 0.051993 17.036051
v -0.115884 0.021496 17.036051
v -0.120193 -0.011231 17.500000
v -0.115884 -0.043959 17.500000
v -0.103252 -0.074456 17.500000
v -0.083157 -0.100645 17.500000
v -0.056968 -0.120740 17.500000
v -0.026471 -0.133373 17.500000
v 0.006257 -0.137681 17.500000
v 0.038985 -0.133373 17.500000
v 0.069482 -0.120740 17.500000
v 0.095670 -0.100645 17.500000
v 0.115766 -0.074456 17.500000
v 0.128398 -0.043959 17.500000
v 0.132707 -0.011231 17.500000
v 0.128398 0.021496 17.500000
v 0.115766 0.051994 17.500000
v 0.095670 0.078182 17.500000
v 0.069482 0.098277 17.500000
v 0.038985 0.110910 17.500000
v 0.006257 0.115219 17.500000
v -0.026471 0.110910 17.500000
v -0.056968 0.098277 17.500000
v -0.083157 0.078182 17.500000
v -0.103252 0.051994 17.500000
v -0.115884 0.021496 17.500000
v 0.400000 -0.023601 19.000000
v 0.393572 -0.095024 19.000000
v 0.374494 -0.164151 19.000000
v 0.343379 -0.228761 19.000000
v 0.301229 -0.286777 19.000000
v 0.249396 -0.336334 19.000000
v 0.189548 -0.375840 19.000000
v 0.123607 -0.404024 19.000000
v 0.053693 -0.419981 19.000000
v -0.017946 -0.423199 19.000000
v -0.089008 -0.413572 19.000000
v -0.157210 -0.391412 19.000000
v -0.220359 -0.357431 19.000000
v -0.276425 -0.312719 19.000000
v -0.323607 -0.258715 19.000000
v -0.360388 -0.197155 19.000000
v -0.385585 -0.130016 19.000000
v -0.398390 -0.059457 19.000000
v -0.398390 0.012254 19.000000
v -0.385585 0.082813 19.000000
v -0.360388 0.149952 19.000000
v -0.323607 0.211513 19.000000
v -0.276425 0.265517 19.000000
v -0.220359 0.310228 19.000000
v -0.157210 0.344210 19.000000
v -0.089008 0.366370 19.000000
v -0.017946 0.375996 19.000000
v 0.053693 0.372779 19.000000
v 0.123607 0.356821 19.000000
v 0.189548 0.328637 19.000000
v 0.249396 0.289131 19.000000
v 0.301229 0.239574 19.000000
v 0.343379 0.181558 19.000000
v 0.374494 0.116949 19.000000
v 0.393572 0.047821 19.000000
v 0.000000 -0.023601 18.800001
v -0.349052 -0.023601 18.942001
v -0.289783 -0.023601 18.892538
v -0.223607 -0.023601 18.852787
v -0.152100 -0.023601 18.823696
v -0.076967 -0.023601 18.805960
v -0.279047 -0.233292 18.942001
v 0.220756 -0.293979 18.942001
v 0.220756 0.246776 18.942001
v -0.279047 0.186089 18.942001
v 0.347920 0.004486 18.942001
v 0.288844 -0.000283 18.892538
v 0.222882 -0.005608 18.852787
v 0.151607 -0.011362 18.823696
v 0.076718 -0.017408 18.805960
v 0.076718 -0.029795 18.805960
v 0.151607 -0.035840 18.823696
v 0.222882 -0.041594 18.852787
v 0.288844 -0.046919 18.892538
v 0.347920 -0.051688 18.942001
v 0.338909 0.059932 18.942001
v 0.281363 0.045748 18.892538
v 0.217109 0.029911 18.852787
v 0.147680 0.012799 18.823696
v 0.074731 -0.005182 18.805960
v 0.321121 0.113215 18.942001
v 0.266595 0.089984 18.892538
v 0.205714 0.064045 18.852787
v 0.139929 0.036017 18.823696
v 0.070808 0.006567 18.805960
v 0.295015 0.162955 18.942001
v 0.244922 0.131278 18.892538
v 0.188990 0.095909 18.852787
v 0.128553 0.057691 18.823696
v 0.065052 0.017535 18.805960
v 0.261269 0.207863 18.942001
v 0.216906 0.168561 18.892538
v 0.167372 0.124677 18.852787
v 0.113848 0.077260 18.823696
v 0.057611 0.027437 18.805960
v 0.174526 0.278687 18.942001
v 0.144892 0.227358 18.892538
v 0.111803 0.170048 18.852787
v 0.076050 0.108121 18.823696
v 0.038484 0.043054 18.805960
v 0.048678 0.036018 18.805960
v 0.096195 0.094216 18.823696
v 0.141419 0.149606 18.852787
v 0.183272 0.200866 18.892538
v 0.123775 0.302768 18.942001
v 0.102759 0.247351 18.892538
v 0.079292 0.185475 18.852787
v 0.053935 0.118615 18.823696
v 0.027293 0.048364 18.805960
v 0.069819 0.318397 18.942001
v 0.057964 0.260326 18.892538
v 0.044727 0.195487 18.852787
v 0.030424 0.125425 18.823696
v 0.015395 0.051811 18.805960
v 0.014055 0.325168 18.942001
v 0.011668 0.265947 18.892538
v 0.009004 0.199824 18.852787
v 0.006124 0.128375 18.823696
v 0.003099 0.053304 18.805960
v -0.042074 0.322906 18.942001
v -0.034929 0.264069 18.892538
v -0.026953 0.198375 18.852787
v -0.018334 0.127390 18.823696
v -0.009277 0.052805 18.805960
v -0.097112 0.311669 18.942001
v -0.080623 0.254741 18.892538
v -0.062211 0.191177 18.852787
v -0.042317 0.122493 18.823696
v -0.021414 0.050327 18.805960
v -0.149636 0.291750 18.942001
v -0.124228 0.238204 18.892538
v -0.095859 0.178416 18.852787
v -0.065204 0.113813 18.823696
v -0.032995 0.045935 18.805960
v -0.198284 0.263663 18.942001
v -0.164616 0.214886 18.892538
v -0.127023 0.160423 18.852787
v -0.086403 0.101575 18.823696
v -0.043722 0.039742 18.805960
v -0.241797 0.228136 18.942001
v -0.200740 0.185391 18.892538
v -0.154898 0.137664 18.852787
v -0.105363 0.086094 18.823696
v -0.053317 0.031908 18.805960
v -0.309070 0.138611 18.942001
v -0.256590 0.111068 18.892538
v -0.197994 0.080314 18.852787
v -0.134678 0.047083 18.823696
v -0.068151 0.012167 18.805960
v -0.061531 0.022636 18.805960
v -0.121595 0.067772 18.823696
v -0.178761 0.110729 18.852787
v -0.231665 0.150484 18.892538
v -0.331089 0.086932 18.942001
v -0.274870 0.068164 18.892538
v -0.212099 0.047208 18.852787
v -0.144272 0.024564 18.823696
v -0.073006 0.000772 18.805960
v -0.344532 0.032391 18.942001
v -0.286031 0.022883 18.892538
v -0.220711 0.012268 18.852787
v -0.150130 0.000797 18.823696
v -0.075971 -0.011255 18.805960
v -0.344532 -0.079593 18.942001
v -0.286031 -0.070086 18.892538
v -0.220711 -0.059470 18.852787
v -0.150130 -0.048000 18.823696
v -0.075971 -0.035948 18.805960
v -0.331089 -0.134135 18.942001
v -0.274870 -0.115366 18.892538
v -0.212099 -0.094410 18.852787
v -0.144272 -0.071766 18.823696
v -0.073006 -0.047974 18.805960
v -0.309070 -0.185814 18.942001
v -0.256590 -0.158270 18.892538
v -0.197994 -0.127517 18.852787
v -0.134678 -0.094286 18.823696
v -0.068151 -0.059370 18.805960
v -0.231665 -0.197686 18.892538
v -0.178761 -0.157931 18.852787
v -0.121595 -0.114974 18.823696
v -0.061531 -0.069839 18.805960
v -0.198284 -0.310865 18.942001
v -0.164616 -0.262088 18.892538
v -0.127023 -0.207626 18.852787
v -0.086403 -0.148777 18.823696
v -0.043722 -0.086944 18.805960
v -0.053317 -0.079110 18.805960
v -0.105363 -0.133296 18.823696
v -0.154898 -0.184867 18.852787
v -0.200740 -0.232594 18.892538
v -0.241797 -0.275338 18.942001
v -0.149636 -0.338952 18.942001
v -0.124228 -0.285406 18.892538
v -0.095859 -0.225619 18.852787
v -0.065204 -0.161016 18.823696
v -0.032995 -0.093137 18.805960
v -0.097112 -0.358872 18.942001
v -0.080623 -0.301943 18.892538
v -0.062211 -0.238380 18.852787
v -0.042317 -0.169696 18.823696
v -0.021414 -0.097530 18.805960
v -0.042074 -0.370108 18.942001
v -0.034929 -0.311272 18.892538
v -0.026953 -0.245578 18.852787
v -0.018334 -0.174592 18.823696
v -0.009277 -0.100007 18.805960
v 0.014055 -0.372370 18.942001
v 0.011668 -0.313150 18.892538
v 0.009004 -0.247027 18.852787
v 0.006124 -0.175578 18.823696
v 0.003099 -0.100506 18.805960
v 0.069819 -0.365599 18.942001
v 0.057964 -0.307528 18.892538
v 0.044727 -0.242689 18.852787
v 0.030424 -0.172627 18.823696
v 0.015395 -0.099013 18.805960
v 0.123775 -0.349971 18.942001
v 0.102759 -0.294553 18.892538
v 0.079292 -0.232677 18.852787
v 0.053935 -0.165817 18.823696
v 0.027293 -0.095567 18.805960
v 0.174526 -0.325889 18.942001
v 0.144892 -0.274561 18.892538
v 0.111803 -0.217250 18.852787
v 0.076050 -0.155324 18.823696
v 0.038484 -0.090257 18.805960
v 0.183272 -0.248069 18.892538
v 0.141419 -0.196808 18.852787
v 0.096195 -0.141419 18.823696
v 0.048678 -0.083221 18.805960
v 0.295015 -0.210158 18.942001
v 0.244922 -0.178481 18.892538
v 0.188990 -0.143111 18.852787
v 0.128553 -0.104894 18.823696
v 0.065052 -0.064738 18.805960
v 0.057611 -0.074640 18.805960
v 0.113848 -0.124462 18.823696
v 0.167372 -0.171880 18.852787
v 0.216906 -0.215763 18.892538
v 0.261269 -0.255066 18.942001
v 0.321121 -0.160418 18.942001
v 0.266595 -0.137187 18.892538
v 0.205714 -0.111248 18.852787
v 0.139929 -0.083219 18.823696
v 0.070808 -0.053770 18.805960
v 0.338909 -0.107135 18.942001
v 0.281363 -0.092951 18.892538
v 0.217109 -0.077114 18.852787
v 0.147680 -0.060001 18.823696
v 0.074731 -0.042021 18.805960
vn 0.6975 -0.1164 0.7071
vn 0.6979 -0.1134 0.7071
vn 0.7071 -0.0000 0.7071
vn 0.6979 -0.1135 0.7071
vn 0.6979 0.1135 0.7071
vn 0.6707 -0.2239 0.7071
vn 0.6688 -0.2296 0.7071
vn 0.6261 -0.3286 0.7071
vn 0.6219 -0.3366 0.7071
vn 0.5653 -0.4248 0.7071
vn 0.5580 -0.4343 0.7071
vn 0.4898 -0.5100 0.7071
vn 0.4789 -0.5202 0.7071
vn 0.4017 -0.5819 0.7071
vn 0.3867 -0.5920 0.7071
vn 0.4017 -0.5820 0.7071
vn 0.3031 -0.6388 0.7071
vn 0.3031 -0.6389 0.7071
vn 0.2840 -0.6476 0.7071
vn 0.2840 -0.6475 0.7071
vn 0.1967 -0.6792 0.7071
vn 0.1736 -0.6855 0.7071
vn 0.0852 -0.7020 0.7071
vn 0.0584 -0.7047 0.7071
vn -0.0285 -0.7065 0.7071
vn -0.0584 -0.7047 0.7071
vn -0.1414 -0.6928 0.7071
vn -0.1736 -0.6855 0.7071
vn -0.2508 -0.6611 0.7071
vn -0.2507 -0.6612 0.7071
vn -0.2840 -0.6475 0.7071
vn -0.2841 -0.6476 0.7071
vn -0.3536 -0.6124 0.7071
vn -0.3535 -0.6124 0.7071
vn -0.3868 -0.5920 0.7071
vn -0.3867 -0.5920 0.7071
vn -0.4472 -0.5477 0.7071
vn -0.4789 -0.5202 0.7071
vn -0.5293 -0.4689 0.7071
vn -0.5580 -0.4343 0.7071
vn -0.5976 -0.3779 0.7071
vn -0.5977 -0.3779 0.7071
vn -0.6219 -0.3366 0.7071
vn -0.6505 -0.2772 0.7071
vn -0.6219 -0.3365 0.7071
vn -0.6688 -0.2296 0.7071
vn -0.6866 -0.1692 0.7071
vn -0.6975 -0.1164 0.7071
vn -0.7048 -0.0569 0.7071
vn -0.7071 -0.0000 0.7071
vn -0.7048 0.0569 0.7071
vn -0.6975 0.1164 0.7071
vn -0.6866 0.1692 0.7071
vn -0.6688 0.2296 0.7071
vn -0.6505 0.2772 0.7071
vn -0.6219 0.3365 0.7071
vn -0.6219 0.3366 0.7071
vn -0.5976 0.3779 0.7071
vn -0.5977 0.3779 0.7071
vn -0.5580 0.4343 0.7071
vn -0.5293 0.4689 0.7071
vn -0.4789 0.5202 0.7071
vn -0.4472 0.5477 0.7071
vn -0.3867 0.5920 0.7071
vn -0.3535 0.6124 0.7071
vn -0.3536 0.6124 0.7071
vn -0.3868 0.5920 0.7071
vn -0.2840 0.6475 0.7071
vn -0.2841 0.6476 0.7071
vn -0.2507 0.6612 0.7071
vn -0.2840 0.6476 0.7071
vn -0.1736 0.6855 0.7071
vn -0.2508 0.6611 0.7071
vn -0.1414 0.6928 0.7071
vn -0.0584 0.7047 0.7071
vn -0.0285 0.7065 0.7071
vn 0.0584 0.7047 0.7071
vn 0.0852 0.7020 0.7071
vn 0.1736 0.6855 0.7071
vn 0.0853 0.7020 0.7071
vn 0.1967 0.6792 0.7071
vn 0.2840 0.6476 0.7071
vn 0.2840 0.6475 0.7071
vn 0.3031 0.6388 0.7071
vn 0.3031 0.6389 0.7071
vn 0.3868 0.5920 0.7071
vn 0.3867 0.5920 0.7071
vn 0.4017 0.5819 0.7071
vn 0.4789 0.5202 0.7071
vn 0.4898 0.5100 0.7071
vn 0.5580 0.4343 0.7071
vn 0.5653 0.4248 0.7071
vn 0.6219 0.3366 0.7071
vn 0.6261 0.3286 0.7071
vn 0.6688 0.2296 0.7071
vn 0.6707 0.2239 0.7071
vn 0.6975 0.1164 0.7071
vn 0.6979 0.1134 0.7071
vn 0.6980 0.1134 0.7071
vn -0.0000 -0.0000 1.0000
vn 0.9870 0.1604 -0.0000
vn 0.9968 0.0805 -0.0000
vn 1.0000 -0.0000 -0.0000
vn 0.9968 -0.0805 -0.0000
vn 0.9870 -0.1604 -0.0000
vn 0.9871 -0.1604 -0.0000
vn 0.9709 -0.2393 -0.0000
vn 0.9709 -0.2393 -0.0001
vn 0.9485 -0.3167 -0.0000
vn 0.9200 -0.3920 -0.0000
vn 0.8854 -0.4647 -0.0000
vn 0.8855 -0.4647 -0.0000
vn 0.8452 -0.5345 -0.0000
vn 0.7994 -0.6008 -0.0000
vn 0.7994 -0.6007 -0.0000
vn 0.7485 -0.6631 -0.0000
vn 0.7995 -0.6007 -0.0000
vn 0.7485 -0.6631 -0.0001
vn 0.6927 -0.7212 -0.0000
vn 0.6324 -0.7746 -0.0000
vn 0.6325 -0.7746 -0.0000
vn 0.5681 -0.8230 -0.0000
vn 0.5681 -0.8230 -0.0001
vn 0.5000 -0.8660 -0.0000
vn 0.4287 -0.9035 -0.0000
vn 0.3546 -0.9350 -0.0000
vn 0.4287 -0.9034 -0.0000
vn 0.3546 -0.9350 -0.0001
vn 0.2782 -0.9605 -0.0000
vn 0.2000 -0.9798 -0.0000
vn 0.2000 -0.9798 -0.0001
vn 0.1205 -0.9927 -0.0000
vn 0.0403 -0.9992 -0.0000
vn 0.0403 -0.9992 -0.0001
vn -0.0403 -0.9992 -0.0000
vn -0.0403 -0.9992 0.0001
vn -0.1205 -0.9927 -0.0000
vn -0.2000 -0.9798 -0.0000
vn -0.2000 -0.9798 0.0001
vn -0.2782 -0.9605 -0.0000
vn -0.3546 -0.9350 -0.0000
vn -0.3546 -0.9350 0.0001
vn -0.4287 -0.9034 -0.0000
vn -0.4287 -0.9035 -0.0000
vn -0.5000 -0.8660 -0.0000
vn -0.5681 -0.8230 -0.0000
vn -0.5681 -0.8230 0.0001
vn -0.6325 -0.7746 -0.0000
vn -0.6325 -0.7746 0.0001
vn -0.6927 -0.7212 -0.0000
vn -0.6324 -0.7746 -0.0000
vn -0.7485 -0.6631 -0.0000
vn -0.7995 -0.6007 -0.0000
vn -0.7994 -0.6007 -0.0000
vn -0.8452 -0.5345 -0.0000
vn -0.7994 -0.6008 -0.0000
vn -0.8855 -0.4647 -0.0000
vn -0.9200 -0.3920 -0.0000
vn -0.8854 -0.4647 -0.0000
vn -0.9485 -0.3167 -0.0000
vn -0.9709 -0.2393 -0.0000
vn -0.9871 -0.1604 -0.0000
vn -0.9871 -0.1604 -0.0001
vn -0.9968 -0.0805 -0.0000
vn -0.9870 -0.1604 -0.0000
vn -1.0000 -0.0000 -0.0000
vn -0.9968 0.0805 -0.0000
vn -0.9870 0.1604 -0.0000
vn -0.9871 0.1604 -0.0000
vn -0.9709 0.2393 -0.0000
vn -0.9485 0.3167 -0.0000
vn -0.9200 0.3920 -0.0000
vn -0.8854 0.4647 -0.0000
vn -0.8855 0.4647 -0.0000
vn -0.8452 0.5345 -0.0000
vn -0.7994 0.6008 -0.0000
vn -0.7994 0.6007 -0.0000
vn -0.7485 0.6631 -0.0000
vn -0.7485 0.6631 0.0001
vn -0.7995 0.6007 -0.0000
vn -0.6927 0.7212 -0.0000
vn -0.6324 0.7746 -0.0000
vn -0.6325 0.7746 -0.0000
vn -0.5681 0.8230 -0.0000
vn -0.5000 0.8660 -0.0000
vn -0.4287 0.9035 -0.0000
vn -0.3546 0.9350 -0.0000
vn -0.3546 0.9350 0.0001
vn -0.4287 0.9034 -0.0000
vn -0.2782 0.9605 -0.0000
vn -0.2782 0.9605 -0.0001
vn -0.2000 0.9798 -0.0000
vn -0.2000 0.9798 0.0001
vn -0.1205 0.9927 -0.0000
vn -0.0403 0.9992 -0.0000
vn -0.1206 0.9927 -0.0000
vn 0.0403 0.9992 -0.0000
vn 0.1206 0.9927 -0.0000
vn 0.1205 0.9927 -0.0000
vn 0.2000 0.9798 -0.0000
vn 0.2000 0.9798 -0.0001
vn 0.2782 0.9605 -0.0000
vn 0.2782 0.9605 0.0001
vn 0.3546 0.9350 -0.0000
vn 0.3546 0.9350 -0.0001
vn 0.4287 0.9034 -0.0000
vn 0.4287 0.9035 -0.0000
vn 0.5000 0.8660 -0.0000
vn 0.5681 0.8230 -0.0000
vn 0.6325 0.7746 -0.0000
vn 0.6927 0.7212 -0.0000
vn 0.6324 0.7746 -0.0000
vn 0.7485 0.6631 -0.0000
vn 0.7485 0.6631 -0.0001
vn 0.7995 0.6007 -0.0000
vn 0.7994 0.6007 -0.0000
vn 0.8452 0.5345 -0.0000
vn 0.7994 0.6008 -0.0000
vn 0.8452 0.5345 -0.0001
vn 0.8855 0.4647 -0.0000
vn 0.9200 0.3920 -0.0000
vn 0.8854 0.4647 -0.0000
vn 0.9485 0.3167 -0.0000
vn 0.9709 0.2393 -0.0000
vn 0.9871 0.1604 -0.0000
vn 0.8452 0.5345 0.0001
vn 0.3546 0.9350 0.0001
vn -0.2000 0.9798 -0.0001
vn -0.2782 0.9605 0.0001
vn -0.3546 0.9350 -0.0001
vn -0.9871 -0.1604 0.0001
vn -0.8855 -0.4647 0.0001
vn -0.7485 -0.6631 -0.0001
vn -0.6325 -0.7746 -0.0001
vn -0.5681 -0.8230 -0.0001
vn -0.3546 -0.9350 -0.0001
vn -0.2000 -0.9798 -0.0001
vn -0.0403 -0.9992 -0.0001
vn 0.0403 -0.9992 0.0001
vn 0.3546 -0.9350 0.0001
vn 0.6325 -0.7746 0.0001
vn 0.6830 0.1830 0.7071
vn 0.6830 -0.1830 0.7071
vn 0.6124 -0.3535 0.7071
vn 0.6124 -0.3536 0.7071
vn 0.5000 -0.5000 0.7071
vn 0.3536 -0.6124 0.7071
vn 0.3535 -0.6124 0.7071
vn 0.1830 -0.6830 0.7071
vn -0.0000 -0.7071 0.7071
vn -0.1830 -0.6830 0.7071
vn -0.5000 -0.5000 0.7071
vn -0.6124 -0.3536 0.7071
vn -0.6124 -0.3535 0.7071
vn -0.6830 -0.1830 0.7071
vn -0.6830 0.1830 0.7071
vn -0.6124 0.3535 0.7071
vn -0.6124 0.3536 0.7071
vn -0.5000 0.5000 0.7071
vn -0.1830 0.6830 0.7071
vn -0.0000 0.7071 0.7071
vn 0.1830 0.6830 0.7071
vn 0.3535 0.6124 0.7071
vn 0.3536 0.6124 0.7071
vn 0.5000 0.5000 0.7071
vn 0.6124 0.3536 0.7071
vn 0.6124 0.3535 0.7071
vn 0.9659 0.2588 -0.0000
vn 0.9659 -0.2588 -0.0000
vn 0.8660 -0.5000 -0.0000
vn 0.7071 -0.7071 -0.0000
vn 0.2588 -0.9659 -0.0000
vn -0.0000 -1.0000 -0.0000
vn -0.2588 -0.9659 -0.0000
vn -0.7071 -0.7071 -0.0000
vn -0.8660 -0.5000 -0.0000
vn -0.9659 -0.2588 -0.0000
vn -0.9659 0.2588 -0.0000
vn -0.8660 0.5000 -0.0000
vn -0.7071 0.7071 -0.0000
vn -0.2588 0.9659 -0.0000
vn -0.0000 1.0000 -0.0000
vn 0.2588 0.9659 -0.0000
vn 0.7071 0.7071 -0.0000
vn 0.8660 0.5000 -0.0000
vn -0.0000 -0.0000 -1.0000
vn -0.7871 0.1428 -0.6000
vn -0.6959 0.0562 -0.7160
vn -0.8000 -0.0000 -0.6000
vn -0.6958 0.0562 -0.7160
vn -0.6958 -0.0562 -0.7160
vn -0.6959 -0.0562 -0.7160
vn -0.7871 -0.1428 -0.6000
vn -0.7871 -0.1429 -0.6000
vn -0.6778 -0.1671 -0.7160
vn -0.7490 -0.2811 -0.6000
vn -0.6422 -0.2736 -0.7160
vn -0.6868 -0.4103 -0.6000
vn -0.5900 -0.3731 -0.7160
vn -0.6867 -0.4103 -0.6000
vn -0.6025 -0.5263 -0.6000
vn -0.5225 -0.4629 -0.7160
vn -0.6024 -0.5264 -0.6000
vn -0.4415 -0.5408 -0.7160
vn -0.5226 -0.4629 -0.7160
vn -0.4338 -0.3843 -0.8149
vn -0.3665 -0.4489 -0.8149
vn -0.3347 -0.2965 -0.8944
vn -0.2828 -0.3464 -0.8944
vn -0.3347 -0.2966 -0.8944
vn -0.2277 -0.2017 -0.9526
vn -0.1924 -0.2356 -0.9526
vn -0.1152 -0.1021 -0.9881
vn -0.0973 -0.1192 -0.9881
vn -0.0974 -0.1192 -0.9881
vn -0.7871 0.1429 -0.6000
vn -0.6778 0.1671 -0.7160
vn -0.7490 0.2811 -0.6000
vn -0.6422 0.2736 -0.7160
vn -0.6868 0.4103 -0.6000
vn -0.5900 0.3731 -0.7160
vn -0.6867 0.4103 -0.6000
vn -0.6025 0.5263 -0.6000
vn -0.5225 0.4629 -0.7160
vn -0.6024 0.5264 -0.6000
vn -0.4415 0.5408 -0.7160
vn -0.5226 0.4629 -0.7160
vn -0.4415 0.5407 -0.7160
vn -0.3665 0.4489 -0.8149
vn -0.2898 0.5019 -0.8149
vn -0.3666 0.4489 -0.8149
vn -0.2236 0.3873 -0.8944
vn -0.1586 0.4181 -0.8944
vn -0.1079 0.2844 -0.9526
vn -0.1586 0.4182 -0.8944
vn -0.0609 0.2981 -0.9526
vn -0.0608 0.2981 -0.9526
vn -0.0308 0.1508 -0.9881
vn -0.0062 0.1538 -0.9881
vn -0.6025 0.5264 -0.6000
vn -0.4988 0.6255 -0.6000
vn -0.4991 0.6250 -0.6003
vn -0.3490 0.6046 -0.7160
vn -0.3491 0.6046 -0.7160
vn -0.2055 0.5419 -0.8149
vn -0.0894 0.4382 -0.8944
vn -0.0895 0.4382 -0.8944
vn -0.0123 0.3040 -0.9526
vn -0.0122 0.3040 -0.9526
vn 0.0185 0.1528 -0.9881
vn 0.0186 0.1528 -0.9881
vn -0.3791 0.7045 -0.6000
vn -0.2475 0.6527 -0.7160
vn -0.2475 0.6528 -0.7160
vn -0.2476 0.6527 -0.7160
vn -0.1159 0.5678 -0.8149
vn -0.1159 0.5679 -0.8149
vn -0.0180 0.4468 -0.8944
vn 0.0367 0.3020 -0.9526
vn 0.0428 0.1478 -0.9881
vn -0.2472 0.7609 -0.6000
vn -0.1396 0.6840 -0.7160
vn -0.1397 0.6840 -0.7160
vn -0.0234 0.5791 -0.8149
vn -0.0233 0.5791 -0.8149
vn 0.0539 0.4439 -0.8944
vn 0.0539 0.4440 -0.8944
vn 0.0846 0.2922 -0.9526
vn 0.0660 0.1391 -0.9881
vn -0.1074 0.7928 -0.6000
vn -0.1074 0.7927 -0.6000
vn -0.0281 0.6975 -0.7160
vn 0.0699 0.5753 -0.8149
vn 0.0699 0.5754 -0.8149
vn 0.1244 0.4295 -0.8944
vn 0.1244 0.4296 -0.8944
vn 0.1304 0.2748 -0.9526
vn 0.0874 0.1267 -0.9881
vn 0.0359 0.7992 -0.6000
vn 0.0841 0.6930 -0.7160
vn 0.0842 0.6930 -0.7160
vn 0.0698 0.5753 -0.8149
vn 0.1613 0.5567 -0.8149
vn 0.1612 0.5567 -0.8149
vn 0.1917 0.4040 -0.8944
vn 0.1728 0.2504 -0.9526
vn 0.1066 0.1110 -0.9881
vn 0.1780 0.7799 -0.6000
vn 0.1942 0.6705 -0.7160
vn 0.1942 0.6706 -0.7160
vn 0.2485 0.5236 -0.8149
vn 0.2541 0.3680 -0.8944
vn 0.2540 0.3680 -0.8944
vn 0.1728 0.2503 -0.9526
vn 0.2107 0.2194 -0.9526
vn 0.1230 0.0925 -0.9881
vn 0.1231 0.0925 -0.9881
vn 0.1780 0.7800 -0.6000
vn 0.3144 0.7356 -0.6000
vn 0.2993 0.6307 -0.7160
vn 0.2484 0.5236 -0.8149
vn 0.3292 0.4770 -0.8149
vn 0.3098 0.3225 -0.8944
vn 0.2432 0.1828 -0.9526
vn 0.1363 0.0715 -0.9881
vn 0.4407 0.6677 -0.6000
vn 0.3966 0.5745 -0.7160
vn 0.4015 0.4180 -0.8149
vn 0.3575 0.2687 -0.8944
vn 0.2432 0.1827 -0.9526
vn 0.2694 0.1414 -0.9526
vn 0.1460 0.0487 -0.9881
vn 0.4407 0.6676 -0.6000
vn 0.5528 0.5782 -0.6000
vn 0.4836 0.5035 -0.7160
vn 0.4633 0.3482 -0.8149
vn 0.3960 0.2078 -0.8944
vn 0.2885 0.0963 -0.9526
vn 0.2886 0.0963 -0.9526
vn 0.1519 0.0247 -0.9881
vn 0.5529 0.5782 -0.6000
vn 0.5581 0.4194 -0.7160
vn 0.6472 0.4702 -0.6000
vn 0.6181 0.3244 -0.7160
vn 0.7208 0.3471 -0.6000
vn 0.6622 0.2211 -0.7160
vn 0.7712 0.2128 -0.6000
vn 0.6891 0.1120 -0.7160
vn 0.7968 0.0717 -0.6000
vn 0.6981 -0.0000 -0.7160
vn 0.7968 -0.0717 -0.6000
vn 0.6891 -0.1120 -0.7160
vn 0.7712 -0.2128 -0.6000
vn 0.6622 -0.2211 -0.7160
vn 0.7208 -0.3471 -0.6000
vn 0.6181 -0.3244 -0.7160
vn 0.6472 -0.4702 -0.6000
vn 0.5581 -0.4194 -0.7160
vn 0.5528 -0.5782 -0.6000
vn 0.5529 -0.5782 -0.6000
vn 0.4836 -0.5035 -0.7160
vn 0.3966 -0.5745 -0.7160
vn 0.3292 -0.4770 -0.8149
vn 0.2484 -0.5236 -0.8149
vn 0.2485 -0.5236 -0.8149
vn 0.1917 -0.4040 -0.8944
vn 0.1244 -0.4296 -0.8944
vn 0.0846 -0.2922 -0.9526
vn 0.0367 -0.3020 -0.9526
vn 0.0185 -0.1528 -0.9881
vn 0.0186 -0.1528 -0.9881
vn -0.0062 -0.1538 -0.9881
vn 0.4407 -0.6676 -0.6000
vn 0.4407 -0.6677 -0.6000
vn 0.2993 -0.6307 -0.7160
vn 0.1612 -0.5567 -0.8149
vn 0.1244 -0.4295 -0.8944
vn 0.1613 -0.5567 -0.8149
vn 0.0539 -0.4439 -0.8944
vn 0.0539 -0.4440 -0.8944
vn -0.0122 -0.3040 -0.9526
vn -0.0123 -0.3040 -0.9526
vn -0.0308 -0.1508 -0.9881
vn 0.3144 -0.7356 -0.6000
vn 0.1942 -0.6705 -0.7160
vn 0.1942 -0.6706 -0.7160
vn 0.0698 -0.5753 -0.8149
vn 0.0699 -0.5754 -0.8149
vn 0.0699 -0.5753 -0.8149
vn -0.0180 -0.4468 -0.8944
vn -0.0608 -0.2981 -0.9526
vn -0.0609 -0.2981 -0.9526
vn -0.0546 -0.1439 -0.9881
vn 0.1780 -0.7800 -0.6000
vn 0.1780 -0.7799 -0.6000
vn 0.0841 -0.6930 -0.7160
vn 0.0842 -0.6930 -0.7160
vn -0.0233 -0.5791 -0.8149
vn -0.0895 -0.4382 -0.8944
vn -0.0894 -0.4382 -0.8944
vn -0.1079 -0.2844 -0.9526
vn -0.0770 -0.1333 -0.9881
vn 0.0359 -0.7992 -0.6000
vn -0.0281 -0.6975 -0.7160
vn -0.0234 -0.5791 -0.8149
vn -0.1159 -0.5678 -0.8149
vn -0.1159 -0.5679 -0.8149
vn -0.1586 -0.4181 -0.8944
vn -0.1586 -0.4182 -0.8944
vn -0.1521 -0.2634 -0.9526
vn -0.1521 -0.2635 -0.9526
vn -0.1074 -0.7928 -0.6000
vn -0.1074 -0.7927 -0.6000
vn -0.1396 -0.6840 -0.7160
vn -0.1397 -0.6840 -0.7160
vn -0.2055 -0.5419 -0.8149
vn -0.2236 -0.3873 -0.8944
vn -0.2472 -0.7609 -0.6000
vn -0.2476 -0.6527 -0.7160
vn -0.2475 -0.6528 -0.7160
vn -0.2898 -0.5019 -0.8149
vn -0.3791 -0.7045 -0.6000
vn -0.2475 -0.6527 -0.7160
vn -0.3491 -0.6046 -0.7160
vn -0.3490 -0.6046 -0.7160
vn -0.3665 -0.4490 -0.8149
vn -0.3666 -0.4489 -0.8149
vn -0.4988 -0.6255 -0.6000
vn -0.3493 -0.6041 -0.7163
vn -0.4415 -0.5407 -0.7160
vn -0.6025 -0.5264 -0.6000
vn 0.1539 -0.0000 -0.9881
vn -0.0546 0.1439 -0.9881
vn -0.0770 0.1333 -0.9881
vn -0.0974 0.1192 -0.9881
vn -0.1152 0.1021 -0.9881
vn -0.1301 0.0823 -0.9881
vn -0.1416 0.0603 -0.9881
vn -0.1495 0.0368 -0.9881
vn -0.1534 0.0124 -0.9881
vn -0.1534 -0.0124 -0.9881
vn -0.1495 -0.0368 -0.9881
vn -0.1416 -0.0603 -0.9881
vn -0.1301 -0.0823 -0.9881
vn 0.0428 -0.1479 -0.9881
vn 0.0428 -0.1478 -0.9881
vn 0.0660 -0.1391 -0.9881
vn 0.0874 -0.1267 -0.9881
vn 0.1066 -0.1110 -0.9881
vn 0.1230 -0.0925 -0.9881
vn 0.1231 -0.0925 -0.9881
vn 0.1363 -0.0715 -0.9881
vn 0.1460 -0.0487 -0.9881
vn 0.1519 -0.0247 -0.9881
vn 0.5796 -0.0000 -0.8149
vn 0.5720 0.0930 -0.8149
vn 0.5721 0.0930 -0.8149
vn 0.5497 0.1835 -0.8149
vn 0.5132 0.2693 -0.8149
vn 0.6182 0.3244 -0.7160
vn 0.4472 -0.0000 -0.8944
vn 0.4414 0.0717 -0.8944
vn 0.4242 0.1416 -0.8944
vn 0.5498 0.1835 -0.8149
vn 0.5720 -0.0930 -0.8149
vn 0.6890 -0.1120 -0.7160
vn 0.5721 -0.0930 -0.8149
vn 0.5497 -0.1835 -0.8149
vn 0.5132 -0.2693 -0.8149
vn 0.6182 -0.3244 -0.7160
vn 0.4633 -0.3482 -0.8149
vn 0.4015 -0.4180 -0.8149
vn 0.3042 -0.0000 -0.9526
vn 0.3003 0.0488 -0.9526
vn 0.4414 -0.0717 -0.8944
vn 0.4242 -0.1416 -0.8944
vn 0.5498 -0.1835 -0.8149
vn 0.3960 -0.2078 -0.8944
vn 0.3575 -0.2687 -0.8944
vn 0.3575 -0.2686 -0.8944
vn 0.3098 -0.3225 -0.8944
vn 0.2540 -0.3680 -0.8944
vn 0.3003 -0.0488 -0.9526
vn 0.2885 -0.0963 -0.9526
vn 0.2694 -0.1414 -0.9526
vn 0.2432 -0.1828 -0.9526
vn 0.2432 -0.1827 -0.9526
vn 0.2107 -0.2194 -0.9526
vn 0.1728 -0.2503 -0.9526
vn 0.1728 -0.2504 -0.9526
vn 0.1304 -0.2748 -0.9526
vn 0.2886 -0.0963 -0.9526
vn -0.0973 0.1192 -0.9881
vn -0.5777 0.0467 -0.8149
vn -0.5777 0.0466 -0.8149
vn -0.5777 -0.0467 -0.8149
vn -0.5777 -0.0466 -0.8149
vn -0.5627 -0.1387 -0.8149
vn -0.5332 -0.2272 -0.8149
vn -0.6423 -0.2736 -0.7160
vn -0.4898 -0.3098 -0.8149
vn -0.4898 -0.3097 -0.8149
vn -0.4458 0.0360 -0.8944
vn -0.4458 -0.0360 -0.8944
vn -0.4342 -0.1070 -0.8944
vn -0.4114 -0.1753 -0.8944
vn -0.3780 -0.2390 -0.8944
vn -0.4899 -0.3098 -0.8149
vn -0.5627 0.1387 -0.8149
vn -0.5332 0.2272 -0.8149
vn -0.6423 0.2736 -0.7160
vn -0.4898 0.3098 -0.8149
vn -0.4898 0.3097 -0.8149
vn -0.4338 0.3843 -0.8149
vn -0.3032 0.0245 -0.9526
vn -0.3032 -0.0245 -0.9526
vn -0.2954 -0.0728 -0.9526
vn -0.2799 -0.1192 -0.9526
vn -0.2571 -0.1626 -0.9526
vn -0.4342 0.1070 -0.8944
vn -0.4114 0.1753 -0.8944
vn -0.3780 0.2390 -0.8944
vn -0.4899 0.3098 -0.8149
vn -0.3347 0.2966 -0.8944
vn -0.3347 0.2965 -0.8944
vn -0.2828 0.3464 -0.8944
vn -0.1494 -0.0368 -0.9881
vn -0.2954 0.0728 -0.9526
vn -0.2799 0.1192 -0.9526
vn -0.2571 0.1626 -0.9526
vn -0.2277 0.2017 -0.9526
vn -0.1924 0.2356 -0.9526
vn -0.1521 0.2634 -0.9526
vn -0.1494 0.0368 -0.9881
vn -0.1521 0.2635 -0.9526
vn 0.5000 0.8660 -0.0001
vn 0.8660 0.5000 0.0001
vn -0.7071 -0.7071 -0.0001
vn 0.7071 0.7071 -0.0001
vn 0.7071 0.7071 0.0001
vn 0.7071 -0.7071 0.0001
vn -0.2588 0.9659 -0.0001
vn 0.8660 0.5000 -0.0001
vn -0.8660 -0.5000 0.0001
vn -0.5000 -0.8660 -0.0001
vn 0.6975 0.1164 -0.7071
vn 0.6980 0.1134 -0.7071
vn 0.7071 -0.0000 -0.7071
vn 0.6979 0.1134 -0.7071
vn 0.6979 -0.1134 -0.7071
vn 0.6707 0.2239 -0.7071
vn 0.6688 0.2296 -0.7071
vn 0.6261 0.3286 -0.7071
vn 0.6219 0.3365 -0.7071
vn 0.5653 0.4248 -0.7071
vn 0.6219 0.3366 -0.7071
vn 0.5580 0.4343 -0.7071
vn 0.4898 0.5100 -0.7071
vn 0.4789 0.5202 -0.7071
vn 0.4017 0.5819 -0.7071
vn 0.3867 0.5920 -0.7071
vn 0.3868 0.5920 -0.7071
vn 0.3031 0.6388 -0.7071
vn 0.2840 0.6475 -0.7071
vn 0.1968 0.6792 -0.7071
vn 0.1967 0.6792 -0.7071
vn 0.1736 0.6855 -0.7071
vn 0.0852 0.7020 -0.7071
vn 0.0852 0.7019 -0.7071
vn 0.0584 0.7047 -0.7071
vn -0.0285 0.7065 -0.7071
vn -0.0584 0.7047 -0.7071
vn -0.1414 0.6928 -0.7071
vn -0.1736 0.6855 -0.7071
vn -0.1415 0.6928 -0.7071
vn -0.2507 0.6612 -0.7071
vn -0.2840 0.6476 -0.7071
vn -0.2841 0.6476 -0.7071
vn -0.3536 0.6124 -0.7071
vn -0.3535 0.6124 -0.7071
vn -0.3868 0.5920 -0.7071
vn -0.4472 0.5477 -0.7071
vn -0.4789 0.5202 -0.7071
vn -0.5293 0.4689 -0.7071
vn -0.5580 0.4343 -0.7071
vn -0.5976 0.3779 -0.7071
vn -0.6219 0.3365 -0.7071
vn -0.6219 0.3366 -0.7071
vn -0.6505 0.2772 -0.7071
vn -0.6688 0.2296 -0.7071
vn -0.6866 0.1692 -0.7071
vn -0.6975 0.1164 -0.7071
vn -0.7048 0.0569 -0.7071
vn -0.7071 -0.0000 -0.7071
vn -0.7048 -0.0569 -0.7071
vn -0.6975 -0.1164 -0.7071
vn -0.6865 -0.1692 -0.7071
vn -0.6866 -0.1692 -0.7071
vn -0.6688 -0.2296 -0.7071
vn -0.6505 -0.2772 -0.7071
vn -0.6219 -0.3365 -0.7071
vn -0.5976 -0.3779 -0.7071
vn -0.5580 -0.4343 -0.7071
vn -0.5293 -0.4689 -0.7071
vn -0.4789 -0.5202 -0.7071
vn -0.4472 -0.5477 -0.7071
vn -0.3868 -0.5920 -0.7071
vn -0.3867 -0.5920 -0.7071
vn -0.3535 -0.6124 -0.7071
vn -0.3536 -0.6124 -0.7071
vn -0.2840 -0.6475 -0.7071
vn -0.2507 -0.6612 -0.7071
vn -0.2840 -0.6476 -0.7071
vn -0.1736 -0.6855 -0.7071
vn -0.1414 -0.6928 -0.7071
vn -0.0584 -0.7047 -0.7071
vn -0.0285 -0.7065 -0.7071
vn 0.0584 -0.7047 -0.7071
vn 0.0852 -0.7020 -0.7071
vn 0.0852 -0.7019 -0.7071
vn 0.1736 -0.6855 -0.7071
vn 0.1967 -0.6792 -0.7071
vn 0.2840 -0.6475 -0.7071
vn 0.2840 -0.6476 -0.7071
vn 0.3031 -0.6388 -0.7071
vn 0.3867 -0.5920 -0.7071
vn 0.4017 -0.5819 -0.7071
vn 0.3868 -0.5920 -0.7071
vn 0.4789 -0.5202 -0.7071
vn 0.4898 -0.5100 -0.7071
vn 0.5580 -0.4343 -0.7071
vn 0.5653 -0.4248 -0.7071
vn 0.6219 -0.3366 -0.7071
vn 0.6219 -0.3365 -0.7071
vn 0.6261 -0.3286 -0.7071
vn 0.6688 -0.2296 -0.7071
vn 0.6707 -0.2239 -0.7071
vn 0.6975 -0.1164 -0.7071
vn 0.6980 -0.1134 -0.7071
vn 0.0001 -0.0000 -1.0000
vn -0.0001 -0.0000 -1.0000
vn 0.2000 0.9798 0.0001
vn 0.0403 0.9992 0.0001
vn -0.0403 0.9992 -0.0001
vn -0.2782 -0.9605 0.0001
vn 0.2000 -0.9798 0.0001
vn 0.9200 -0.3920 0.0001
vn 0.6325 -0.7746 -0.0001
vn -0.1206 -0.9927 -0.0000
vn -0.8855 0.4647 -0.0001
vn -0.6325 0.7746 0.0001
vn -0.0403 0.9992 0.0001
vn 0.0403 0.9992 -0.0001
vn 0.6325 0.7746 -0.0001
vn 0.8855 0.4647 0.0001
vn 0.9200 0.3920 0.0001
vn 0.6830 -0.1830 -0.7071
vn 0.6830 0.1830 -0.7071
vn 0.6124 0.3536 -0.7071
vn 0.6124 0.3535 -0.7071
vn 0.5000 0.5000 -0.7071
vn 0.3536 0.6124 -0.7071
vn 0.3535 0.6124 -0.7071
vn 0.1830 0.6830 -0.7071
vn -0.0000 0.7071 -0.7071
vn -0.1830 0.6830 -0.7071
vn -0.5000 0.5000 -0.7071
vn -0.6124 0.3536 -0.7071
vn -0.6124 0.3535 -0.7071
vn -0.6830 0.1830 -0.7071
vn -0.6830 -0.1830 -0.7071
vn -0.6124 -0.3536 -0.7071
vn -0.6124 -0.3535 -0.7071
vn -0.5000 -0.5000 -0.7071
vn -0.1830 -0.6830 -0.7071
vn -0.0000 -0.7071 -0.7071
vn 0.1830 -0.6830 -0.7071
vn 0.3536 -0.6124 -0.7071
vn 0.3535 -0.6124 -0.7071
vn 0.5000 -0.5000 -0.7071
vn 0.6124 -0.3536 -0.7071
vn 0.6124 -0.3535 -0.7071
vn -0.7871 -0.1428 0.6000
vn -0.6959 -0.0562 0.7160
vn -0.8000 -0.0000 0.6000
vn -0.6958 -0.0562 0.7160
vn -0.6958 0.0562 0.7160
vn -0.7871 0.1429 0.6000
vn -0.6778 0.1671 0.7160
vn -0.7490 0.2811 0.6000
vn -0.6422 0.2736 0.7160
vn -0.6868 0.4103 0.6000
vn -0.5900 0.3731 0.7160
vn -0.6025 0.5263 0.6000
vn -0.5226 0.4629 0.7160
vn -0.5225 0.4629 0.7160
vn -0.4415 0.5408 0.7160
vn -0.4415 0.5407 0.7160
vn -0.4338 0.3843 0.8149
vn -0.3665 0.4489 0.8149
vn -0.3347 0.2966 0.8944
vn -0.3347 0.2965 0.8944
vn -0.2828 0.3464 0.8944
vn -0.2277 0.2017 0.9526
vn -0.1924 0.2356 0.9526
vn -0.1152 0.1021 0.9881
vn -0.0974 0.1192 0.9881
vn -0.7871 -0.1429 0.6000
vn -0.6778 -0.1671 0.7160
vn -0.7490 -0.2811 0.6000
vn -0.6422 -0.2736 0.7160
vn -0.6868 -0.4103 0.6000
vn -0.5900 -0.3731 0.7160
vn -0.6025 -0.5263 0.6000
vn -0.5225 -0.4629 0.7160
vn -0.6025 -0.5264 0.6000
vn -0.4415 -0.5408 0.7160
vn -0.3665 -0.4489 0.8149
vn -0.4415 -0.5407 0.7160
vn -0.2898 -0.5019 0.8149
vn -0.2236 -0.3873 0.8944
vn -0.1586 -0.4181 0.8944
vn -0.1586 -0.4182 0.8944
vn -0.1079 -0.2844 0.9526
vn -0.0608 -0.2980 0.9526
vn -0.0608 -0.2981 0.9526
vn -0.0308 -0.1508 0.9881
vn -0.0062 -0.1538 0.9881
vn -0.4988 -0.6255 0.6000
vn -0.4991 -0.6250 0.6003
vn -0.3490 -0.6046 0.7160
vn -0.3491 -0.6046 0.7160
vn -0.2055 -0.5419 0.8149
vn -0.0894 -0.4382 0.8944
vn -0.0123 -0.3039 0.9526
vn -0.0122 -0.3040 0.9526
vn 0.0186 -0.1528 0.9881
vn -0.3791 -0.7045 0.6000
vn -0.2475 -0.6527 0.7160
vn -0.2476 -0.6527 0.7160
vn -0.1159 -0.5678 0.8149
vn -0.1159 -0.5679 0.8149
vn -0.0180 -0.4469 0.8944
vn -0.0895 -0.4382 0.8944
vn -0.0122 -0.3039 0.9526
vn -0.0180 -0.4468 0.8944
vn 0.0367 -0.3020 0.9526
vn -0.0123 -0.3040 0.9526
vn 0.0428 -0.1479 0.9881
vn 0.0185 -0.1528 0.9881
vn -0.2472 -0.7609 0.6000
vn -0.2472 -0.7608 0.6000
vn -0.1396 -0.6840 0.7160
vn -0.0234 -0.5791 0.8149
vn -0.0233 -0.5791 0.8149
vn 0.0539 -0.4439 0.8944
vn 0.0846 -0.2922 0.9526
vn 0.0660 -0.1391 0.9881
vn -0.1074 -0.7928 0.6000
vn -0.0281 -0.6975 0.7160
vn 0.0699 -0.5753 0.8149
vn 0.0539 -0.4440 0.8944
vn 0.1244 -0.4296 0.8944
vn 0.1304 -0.2748 0.9526
vn 0.0875 -0.1267 0.9881
vn 0.0874 -0.1267 0.9881
vn 0.0359 -0.7992 0.6000
vn 0.0841 -0.6930 0.7160
vn -0.0281 -0.6976 0.7160
vn 0.0842 -0.6930 0.7160
vn 0.1613 -0.5567 0.8149
vn 0.1244 -0.4295 0.8944
vn 0.1917 -0.4040 0.8944
vn 0.1728 -0.2504 0.9526
vn 0.1728 -0.2503 0.9526
vn 0.1066 -0.1110 0.9881
vn 0.1780 -0.7799 0.6000
vn 0.1942 -0.6705 0.7160
vn 0.2485 -0.5236 0.8149
vn 0.1612 -0.5567 0.8149
vn 0.2540 -0.3680 0.8944
vn 0.2107 -0.2194 0.9526
vn 0.1231 -0.0925 0.9881
vn 0.1230 -0.0925 0.9881
vn 0.3144 -0.7356 0.6000
vn 0.2993 -0.6307 0.7160
vn 0.3292 -0.4770 0.8149
vn 0.3098 -0.3226 0.8944
vn 0.2541 -0.3680 0.8944
vn 0.3098 -0.3225 0.8944
vn 0.2432 -0.1827 0.9526
vn 0.2432 -0.1828 0.9526
vn 0.1363 -0.0715 0.9881
vn 0.4407 -0.6677 0.6000
vn 0.3966 -0.5745 0.7160
vn 0.4015 -0.4180 0.8149
vn 0.3575 -0.2687 0.8944
vn 0.2694 -0.1414 0.9526
vn 0.1363 -0.0716 0.9881
vn 0.1460 -0.0488 0.9881
vn 0.4407 -0.6676 0.6000
vn 0.5528 -0.5782 0.6000
vn 0.3965 -0.5745 0.7160
vn 0.4836 -0.5035 0.7160
vn 0.4633 -0.3482 0.8149
vn 0.3575 -0.2686 0.8944
vn 0.3960 -0.2078 0.8944
vn 0.2885 -0.0963 0.9526
vn 0.2886 -0.0963 0.9526
vn 0.1519 -0.0247 0.9881
vn 0.5581 -0.4194 0.7160
vn 0.5528 -0.5783 0.6000
vn 0.6472 -0.4702 0.6000
vn 0.6181 -0.3244 0.7160
vn 0.7208 -0.3471 0.6000
vn 0.6622 -0.2210 0.7160
vn 0.6622 -0.2211 0.7160
vn 0.7712 -0.2128 0.6000
vn 0.6891 -0.1120 0.7160
vn 0.7968 -0.0717 0.6000
vn 0.6981 -0.0000 0.7160
vn 0.7968 0.0717 0.6000
vn 0.6891 0.1120 0.7160
vn 0.7712 0.2128 0.6000
vn 0.6622 0.2211 0.7160
vn 0.7208 0.3471 0.6000
vn 0.6181 0.3244 0.7160
vn 0.6472 0.4702 0.6000
vn 0.5581 0.4194 0.7160
vn 0.5528 0.5783 0.6000
vn 0.5528 0.5782 0.6000
vn 0.4836 0.5035 0.7160
vn 0.5529 0.5782 0.6000
vn 0.3965 0.5745 0.7160
vn 0.3966 0.5745 0.7160
vn 0.3292 0.4770 0.8149
vn 0.2485 0.5236 0.8149
vn 0.1917 0.4040 0.8944
vn 0.1244 0.4296 0.8944
vn 0.0846 0.2922 0.9526
vn 0.1244 0.4295 0.8944
vn 0.0367 0.3020 0.9526
vn 0.0185 0.1528 0.9881
vn -0.0062 0.1538 0.9881
vn 0.0186 0.1528 0.9881
vn 0.4407 0.6676 0.6000
vn 0.4407 0.6677 0.6000
vn 0.2993 0.6307 0.7160
vn 0.2484 0.5236 0.8149
vn 0.1612 0.5567 0.8149
vn 0.0539 0.4440 0.8944
vn 0.0539 0.4439 0.8944
vn -0.0122 0.3040 0.9526
vn -0.0123 0.3040 0.9526
vn -0.0122 0.3039 0.9526
vn -0.0308 0.1508 0.9881
vn 0.3144 0.7356 0.6000
vn 0.1942 0.6705 0.7160
vn 0.1613 0.5567 0.8149
vn 0.0698 0.5753 0.8149
vn 0.0699 0.5753 0.8149
vn -0.0180 0.4469 0.8944
vn -0.0608 0.2980 0.9526
vn -0.0609 0.2981 0.9526
vn -0.0608 0.2981 0.9526
vn -0.0546 0.1439 0.9881
vn 0.1780 0.7800 0.6000
vn 0.1780 0.7799 0.6000
vn 0.0841 0.6930 0.7160
vn -0.0233 0.5791 0.8149
vn -0.0180 0.4468 0.8944
vn -0.0895 0.4382 0.8944
vn -0.0894 0.4382 0.8944
vn -0.1079 0.2844 0.9526
vn -0.0770 0.1333 0.9881
vn 0.0359 0.7992 0.6000
vn 0.0842 0.6930 0.7160
vn -0.0281 0.6975 0.7160
vn -0.0234 0.5791 0.8149
vn -0.1159 0.5679 0.8149
vn -0.1159 0.5678 0.8149
vn -0.1586 0.4182 0.8944
vn -0.1521 0.2634 0.9526
vn -0.0974 0.1193 0.9881
vn -0.1074 0.7928 0.6000
vn -0.1074 0.7927 0.6000
vn -0.1396 0.6840 0.7160
vn -0.1397 0.6840 0.7160
vn -0.2055 0.5419 0.8149
vn -0.1586 0.4181 0.8944
vn -0.2236 0.3873 0.8944
vn -0.2472 0.7608 0.6000
vn -0.2475 0.6528 0.7160
vn -0.2475 0.6527 0.7160
vn -0.2898 0.5019 0.8149
vn -0.3791 0.7045 0.6000
vn -0.2476 0.6527 0.7160
vn -0.3490 0.6046 0.7160
vn -0.3491 0.6046 0.7160
vn -0.4988 0.6255 0.6000
vn -0.3493 0.6041 0.7163
vn 0.1539 -0.0000 0.9881
vn -0.0546 -0.1439 0.9881
vn -0.0770 -0.1333 0.9881
vn -0.0974 -0.1192 0.9881
vn -0.1152 -0.1021 0.9881
vn -0.1301 -0.0823 0.9881
vn -0.1416 -0.0603 0.9881
vn -0.1495 -0.0368 0.9881
vn -0.1534 -0.0124 0.9881
vn -0.1534 0.0124 0.9881
vn -0.1495 0.0368 0.9881
vn -0.1416 0.0603 0.9881
vn -0.1301 0.0823 0.9881
vn 0.0428 0.1479 0.9881
vn 0.0660 0.1391 0.9881
vn 0.0874 0.1267 0.9881
vn 0.1066 0.1110 0.9881
vn 0.1230 0.0925 0.9881
vn 0.1231 0.0925 0.9881
vn 0.1363 0.0715 0.9881
vn 0.1460 0.0487 0.9881
vn 0.1519 0.0247 0.9881
vn 0.5796 -0.0000 0.8149
vn 0.5721 -0.0930 0.8149
vn 0.5497 -0.1835 0.8149
vn 0.5498 -0.1835 0.8149
vn 0.5132 -0.2693 0.8149
vn 0.4472 -0.0000 0.8944
vn 0.4414 -0.0717 0.8944
vn 0.4242 -0.1416 0.8944
vn 0.5721 0.0930 0.8149
vn 0.6890 0.1120 0.7160
vn 0.5497 0.1835 0.8149
vn 0.5132 0.2693 0.8149
vn 0.4633 0.3482 0.8149
vn 0.4015 0.4180 0.8149
vn 0.3042 -0.0000 0.9526
vn 0.3003 -0.0488 0.9526
vn 0.3002 -0.0488 0.9526
vn 0.4414 0.0717 0.8944
vn 0.4242 0.1416 0.8944
vn 0.5498 0.1835 0.8149
vn 0.3960 0.2078 0.8944
vn 0.3575 0.2687 0.8944
vn 0.3098 0.3225 0.8944
vn 0.2541 0.3680 0.8944
vn 0.2540 0.3680 0.8944
vn 0.1520 -0.0247 0.9881
vn 0.3003 0.0488 0.9526
vn 0.3002 0.0488 0.9526
vn 0.2886 0.0963 0.9526
vn 0.2885 0.0963 0.9526
vn 0.2693 0.1414 0.9526
vn 0.2694 0.1414 0.9526
vn 0.2432 0.1828 0.9526
vn 0.2432 0.1827 0.9526
vn 0.2107 0.2194 0.9526
vn 0.1728 0.2503 0.9526
vn 0.1728 0.2504 0.9526
vn 0.2540 0.3681 0.8944
vn 0.1304 0.2748 0.9526
vn 0.2541 0.3681 0.8944
vn 0.1460 0.0488 0.9881
vn -0.5777 -0.0466 0.8149
vn -0.5777 0.0466 0.8149
vn -0.5627 0.1387 0.8149
vn -0.5332 0.2272 0.8149
vn -0.6423 0.2736 0.7160
vn -0.4899 0.3098 0.8149
vn -0.4898 0.3097 0.8149
vn -0.4458 -0.0360 0.8944
vn -0.4458 0.0360 0.8944
vn -0.4342 0.1070 0.8944
vn -0.4114 0.1753 0.8944
vn -0.3780 0.2390 0.8944
vn -0.4898 0.3098 0.8149
vn -0.5777 -0.0467 0.8149
vn -0.5627 -0.1387 0.8149
vn -0.5332 -0.2272 0.8149
vn -0.4898 -0.3098 0.8149
vn -0.6423 -0.2736 0.7160
vn -0.4898 -0.3097 0.8149
vn -0.4338 -0.3843 0.8149
vn -0.3032 -0.0245 0.9526
vn -0.4457 0.0360 0.8944
vn -0.3032 0.0245 0.9526
vn -0.2953 0.0728 0.9526
vn -0.2954 0.0728 0.9526
vn -0.2798 0.1192 0.9526
vn -0.2799 0.1193 0.9526
vn -0.2799 0.1192 0.9526
vn -0.2571 0.1626 0.9526
vn -0.4342 -0.1070 0.8944
vn -0.4114 -0.1753 0.8944
vn -0.3780 -0.2390 0.8944
vn -0.3348 -0.2966 0.8944
vn -0.3347 -0.2966 0.8944
vn -0.3347 -0.2965 0.8944
vn -0.2828 -0.3464 0.8944
vn -0.1535 -0.0124 0.9881
vn -0.1535 0.0124 0.9881
vn -0.2954 -0.0728 0.9526
vn -0.2953 -0.0728 0.9526
vn -0.2798 -0.1192 0.9526
vn -0.2799 -0.1192 0.9526
vn -0.2571 -0.1626 0.9526
vn -0.2277 -0.2017 0.9526
vn -0.1924 -0.2356 0.9526
vn -0.2829 -0.3464 0.8944
vn -0.1521 -0.2635 0.9526
vn -0.1521 -0.2634 0.9526
vn -0.1495 -0.0369 0.9881
vn -0.2799 -0.1193 0.9526
vn -0.0974 -0.1193 0.9881
vt 0.017678 -1.450920
vt -0.017678 -1.452987
vt 0.017678 -1.531526
vt -0.017678 -1.531526
vt 0.017678 1.531526
vt -0.017678 1.531526
vt -0.017678 1.452987
vt -0.017678 -1.374447
vt 0.017678 -1.370313
vt -0.017678 -1.295907
vt 0.017678 -1.289706
vt -0.017678 -1.217367
vt 0.017678 -1.209100
vt -0.017678 -1.138827
vt 0.017678 -1.128493
vt -0.017678 -1.060288
vt 0.017678 -1.047886
vt -0.017678 -0.981748
vt 0.017678 -0.967280
vt -0.017678 -0.903208
vt 0.017678 -0.886673
vt -0.017678 -0.824668
vt 0.017678 -0.806067
vt -0.017678 -0.746128
vt 0.017678 -0.725460
vt -0.017678 -0.667588
vt 0.017678 -0.644853
vt -0.017678 -0.589049
vt 0.017678 -0.564247
vt -0.017678 -0.510509
vt 0.017678 -0.483640
vt -0.017678 -0.431969
vt 0.017678 -0.403033
vt -0.017678 -0.353429
vt 0.017678 -0.322427
vt -0.017678 -0.274889
vt 0.017678 -0.241820
vt -0.017678 -0.196350
vt 0.017678 -0.161213
vt -0.017678 -0.117810
vt 0.017678 -0.080607
vt -0.017678 -0.039270
vt 0.017678 -0.000000
vt -0.017678 0.039270
vt 0.017678 0.080607
vt -0.017678 0.117810
vt 0.017678 0.161213
vt -0.017678 0.196350
vt 0.017678 0.241820
vt -0.017678 0.274889
vt 0.017678 0.322427
vt -0.017678 0.353429
vt 0.017678 0.403033
vt -0.017678 0.431969
vt 0.017678 0.483640
vt -0.017678 0.510509
vt 0.017678 0.564247
vt -0.017678 0.589049
vt 0.017678 0.644853
vt -0.017678 0.667588
vt 0.017678 0.725460
vt -0.017678 0.746128
vt 0.017678 0.806067
vt -0.017678 0.824668
vt 0.017678 0.886673
vt -0.017678 0.903208
vt 0.017678 0.967280
vt -0.017678 0.981748
vt 0.017678 1.047886
vt -0.017678 1.060288
vt 0.017678 1.128493
vt -0.017678 1.138827
vt 0.017678 1.209100
vt -0.017678 1.217367
vt 0.017678 1.289706
vt -0.017678 1.295907
vt 0.017678 1.370313
vt -0.017678 1.374447
vt 0.017678 1.450920
vt 0.650706 -0.029688
vt 0.968522 -0.078182
vt 0.656243 0.012370
vt 0.975000 0.000000
vt 0.968522 0.078182
vt 0.949263 -0.154232
vt 0.634472 -0.068880
vt 0.917750 -0.226075
vt 0.874842 -0.291751
vt 0.608648 -0.102535
vt 0.821709 -0.349469
vt 0.574993 -0.128359
vt 0.759800 -0.397654
vt 0.690805 -0.434992
vt 0.535801 -0.144593
vt 0.616606 -0.460465
vt 0.539225 -0.473378
vt 0.493743 -0.150130
vt 0.460775 -0.473378
vt 0.451685 -0.144593
vt 0.383394 -0.460465
vt 0.309195 -0.434992
vt 0.412493 -0.128359
vt 0.240200 -0.397654
vt 0.178291 -0.349469
vt 0.378838 -0.102535
vt 0.125158 -0.291751
vt 0.353014 -0.068880
vt 0.082250 -0.226075
vt 0.050737 -0.154232
vt 0.336780 -0.029688
vt 0.031478 -0.078182
vt 0.331243 0.012370
vt 0.025000 0.000000
vt 0.031478 0.078182
vt 0.336780 0.054428
vt 0.050737 0.154232
vt 0.082250 0.226075
vt 0.353014 0.093620
vt 0.125158 0.291751
vt 0.378838 0.127275
vt 0.178291 0.349469
vt 0.240200 0.397654
vt 0.412493 0.153099
vt 0.309195 0.434992
vt 0.451685 0.169333
vt 0.383394 0.460465
vt 0.460775 0.473378
vt 0.493743 0.174870
vt 0.539225 0.473378
vt 0.535801 0.169333
vt 0.616606 0.460465
vt 0.690805 0.434992
vt 0.574993 0.153099
vt 0.759800 0.397654
vt 0.608648 0.127275
vt 0.821709 0.349469
vt 0.874842 0.291751
vt 0.634472 0.093620
vt 0.917750 0.226075
vt 0.650706 0.054428
vt 0.949263 0.154232
vt -1.000000 -0.080554
vt -0.012500 -0.040277
vt -1.000000 0.000000
vt -0.012500 0.040277
vt -1.000000 0.080554
vt -0.012500 0.120830
vt -1.000000 0.161107
vt -0.012500 0.201384
vt -1.000000 0.241661
vt -0.012500 0.281938
vt -1.000000 0.322215
vt -0.012500 0.362491
vt -1.000000 0.402768
vt -0.012500 0.443045
vt -1.000000 0.483322
vt -0.012500 0.523599
vt -1.000000 0.563876
vt -0.012500 0.604152
vt -1.000000 0.644429
vt -0.012500 0.684706
vt -1.000000 0.724983
vt -0.012500 0.765260
vt -1.000000 0.805537
vt -0.012500 0.845813
vt -1.000000 0.886090
vt -0.012500 0.926367
vt -1.000000 0.966644
vt -0.012500 1.006921
vt -1.000000 1.047198
vt -0.012500 1.087474
vt -1.000000 1.127751
vt -0.012500 1.168028
vt -1.000000 1.208305
vt -0.012500 1.248582
vt -1.000000 1.288859
vt -0.012500 1.329135
vt -1.000000 1.369412
vt -0.012500 1.409689
vt -1.000000 1.449966
vt -0.012500 1.490243
vt -1.000000 1.530519
vt -0.012500 1.570796
vt -1.000000 1.611073
vt -1.000000 -1.530519
vt -0.012500 -1.570796
vt -0.012500 -1.490243
vt -1.000000 -1.449966
vt -0.012500 -1.409689
vt -1.000000 -1.369412
vt -0.012500 -1.329135
vt -1.000000 -1.288859
vt -0.012500 -1.248582
vt -1.000000 -1.208305
vt -0.012500 -1.168028
vt -1.000000 -1.127751
vt -0.012500 -1.087474
vt -1.000000 -1.047198
vt -0.012500 -1.006921
vt -1.000000 -0.966644
vt -0.012500 -0.926367
vt -1.000000 -0.886090
vt -0.012500 -0.845813
vt -1.000000 -0.805537
vt -0.012500 -0.765260
vt -1.000000 -0.724983
vt -0.012500 -0.684706
vt -1.000000 -0.644429
vt -0.012500 -0.604152
vt -1.000000 -0.563876
vt -0.012500 -0.523599
vt -1.000000 -0.483322
vt -0.012500 -0.443045
vt -1.000000 -0.402768
vt -0.012500 -0.362491
vt -1.000000 -0.322215
vt -0.012500 -0.281938
vt -1.000000 -0.241661
vt -0.012500 -0.201384
vt -1.000000 -0.161107
vt -0.012500 -0.120830
vt 0.975000 0.080554
vt 0.975000 -0.080554
vt 0.975000 -0.161107
vt 0.975000 -0.241661
vt 0.975000 -0.322215
vt 0.975000 -0.402768
vt 0.975000 -0.483322
vt 0.975000 -0.563876
vt 0.975000 -0.644429
vt 0.975000 -0.724983
vt 0.975000 -0.805537
vt 0.975000 -0.886090
vt 0.975000 -0.966644
vt 0.975000 -1.047198
vt 0.975000 -1.127751
vt 0.975000 -1.208305
vt 0.975000 -1.288859
vt 0.975000 -1.369412
vt 0.975000 -1.449966
vt 0.975000 -1.530519
vt 0.975000 -1.611073
vt 0.975000 1.530519
vt 0.975000 1.449966
vt 0.975000 1.369412
vt 0.975000 1.288859
vt 0.975000 1.208305
vt 0.975000 1.127751
vt 0.975000 1.047198
vt 0.975000 0.966644
vt 0.975000 0.886090
vt 0.975000 0.805537
vt 0.975000 0.724983
vt 0.975000 0.644429
vt 0.975000 0.563876
vt 0.975000 0.483322
vt 0.975000 0.402768
vt 0.975000 0.322215
vt 0.975000 0.241661
vt 0.975000 0.161107
vt -0.025491 -0.037823
vt 0.025491 -0.037823
vt -0.025491 -0.000000
vt 0.025491 0.000000
vt -0.025491 0.037823
vt 0.025491 0.037823
vt -0.025491 0.075647
vt 0.025491 0.075647
vt -0.025491 0.113470
vt 0.025491 0.113470
vt -0.025491 0.151294
vt 0.025491 0.151294
vt -0.025491 0.189117
vt 0.025491 0.189117
vt -0.025491 0.226941
vt 0.025491 0.226941
vt -0.025491 0.264764
vt 0.025491 0.264764
vt -0.025491 0.302588
vt 0.025491 0.302588
vt -0.025491 0.340411
vt 0.025491 0.340411
vt -0.025491 0.378235
vt 0.025491 0.378235
vt -0.025491 0.416058
vt 0.025491 0.416058
vt -0.025491 0.453882
vt 0.025491 0.453882
vt -0.025491 -0.453882
vt 0.025491 -0.453882
vt -0.025491 -0.416058
vt 0.025491 -0.416058
vt -0.025491 -0.378235
vt 0.025491 -0.378235
vt -0.025491 -0.340411
vt 0.025491 -0.340411
vt -0.025491 -0.302588
vt 0.025491 -0.302588
vt -0.025491 -0.264764
vt 0.025491 -0.264764
vt -0.025491 -0.226941
vt 0.025491 -0.226941
vt -0.025491 -0.189117
vt 0.025491 -0.189117
vt -0.025491 -0.151294
vt 0.025491 -0.151294
vt -0.025491 -0.113470
vt 0.025491 -0.113470
vt -0.025491 -0.075647
vt 0.025491 -0.075647
vt -0.213950 -0.033105
vt 0.250000 -0.033105
vt -0.213950 -0.000000
vt 0.250000 0.000000
vt -0.213950 0.033105
vt 0.250000 0.033105
vt -0.213950 0.066209
vt 0.250000 0.066209
vt -0.213950 0.099314
vt 0.250000 0.099314
vt -0.213950 0.132418
vt 0.250000 0.132418
vt -0.213950 0.165523
vt 0.250000 0.165523
vt -0.213950 0.198627
vt 0.250000 0.198627
vt -0.213950 0.231732
vt 0.250000 0.231732
vt -0.213950 0.264836
vt 0.250000 0.264836
vt -0.213950 0.297941
vt 0.250000 0.297941
vt -0.213950 0.331045
vt 0.250000 0.331045
vt -0.213950 0.364150
vt 0.250000 0.364150
vt -0.213950 0.397254
vt 0.250000 0.397254
vt -0.213950 -0.397254
vt 0.250000 -0.397254
vt -0.213950 -0.364150
vt 0.250000 -0.364150
vt -0.213950 -0.331045
vt 0.250000 -0.331045
vt -0.213950 -0.297941
vt 0.250000 -0.297941
vt -0.213950 -0.264836
vt 0.250000 -0.264836
vt -0.213950 -0.231732
vt 0.250000 -0.231732
vt -0.213950 -0.198627
vt 0.250000 -0.198627
vt -0.213950 -0.165523
vt 0.250000 -0.165523
vt -0.213950 -0.132418
vt 0.250000 -0.132418
vt -0.213950 -0.099314
vt 0.250000 -0.099314
vt -0.213950 -0.066209
vt 0.250000 -0.066209
vt -0.122141 -0.032728
vt 0.122141 -0.032728
vt -0.126450 0.000000
vt 0.126450 0.000000
vt -0.122141 0.032728
vt 0.122141 0.032728
vt -0.109509 0.063225
vt 0.109509 0.063225
vt -0.089414 0.089414
vt 0.089414 0.089414
vt -0.063225 0.109509
vt 0.063225 0.109509
vt -0.032728 0.122141
vt 0.032728 0.122141
vt -0.000000 0.126450
vt 0.109509 -0.063225
vt -0.109509 -0.063225
vt 0.089414 -0.089414
vt -0.089414 -0.089414
vt 0.063225 -0.109509
vt -0.063225 -0.109509
vt 0.032728 -0.122141
vt -0.032728 -0.122141
vt 0.000000 -0.126450
vt 0.093525 -0.080206
vt 0.100000 0.000000
vt 0.000000 0.000000
vt 0.093525 0.080206
vt -0.006428 0.071423
vt 0.074268 0.158334
vt -0.025506 0.140550
vt 0.042728 0.232362
vt -0.056620 0.205160
vt -0.000279 0.300371
vt -0.098771 0.263175
vt -0.053638 0.360601
vt -0.150604 0.312733
vt -0.115968 0.411492
vt -0.210453 0.352238
vt -0.185654 0.451725
vt -0.276393 0.380423
vt -0.260891 0.480259
vt -0.346307 0.396380
vt -0.339732 0.496354
vt -0.417946 0.399597
vt -0.420133 0.499594
vt -0.500013 0.489895
vt -0.489008 0.389971
vt -0.577302 0.467508
vt -0.557210 0.367811
vt -0.650000 0.433013
vt -0.620359 0.333829
vt -0.716223 0.387302
vt -0.676425 0.289118
vt -0.774255 0.331561
vt -0.723607 0.235114
vt -0.822595 0.267233
vt -0.760388 0.173553
vt -0.859990 0.195983
vt -0.785585 0.106415
vt -0.885471 0.119658
vt -0.798390 0.035856
vt -0.898379 0.040233
vt -0.898379 -0.040233
vt -0.798390 -0.035856
vt -0.885471 -0.119658
vt -0.785585 -0.106415
vt -0.859990 -0.195983
vt -0.760388 -0.173553
vt -0.822595 -0.267233
vt -0.723607 -0.235114
vt -0.774255 -0.331561
vt -0.676425 -0.289118
vt -0.716223 -0.387302
vt -0.620359 -0.333829
vt -0.650000 -0.433013
vt -0.557210 -0.367811
vt -0.577302 -0.467508
vt -0.489008 -0.389971
vt -0.500013 -0.489895
vt -0.417946 -0.399597
vt -0.420133 -0.499594
vt -0.339732 -0.496354
vt -0.346307 -0.396380
vt -0.260891 -0.480259
vt -0.276393 -0.380423
vt -0.185654 -0.451725
vt -0.210453 -0.352238
vt -0.115968 -0.411492
vt -0.150604 -0.312733
vt -0.053638 -0.360601
vt -0.098771 -0.263175
vt -0.000279 -0.300371
vt -0.056620 -0.205160
vt 0.042728 -0.232362
vt -0.025506 -0.140550
vt 0.074268 -0.158334
vt -0.006428 -0.071423
vt -0.321751 0.040142
vt -0.399025 0.018012
vt -0.321751 0.000000
vt -0.399025 -0.018012
vt -0.321751 -0.040142
vt -0.399025 -0.054037
vt -0.321751 -0.080284
vt -0.399025 -0.090062
vt -0.321751 -0.120425
vt -0.399025 -0.126086
vt -0.321751 -0.160567
vt -0.399025 -0.162111
vt -0.399025 -0.198136
vt -0.476300 -0.162111
vt -0.476300 -0.198136
vt -0.553574 -0.162111
vt -0.553574 -0.198136
vt -0.630849 -0.162111
vt -0.630849 -0.198136
vt -0.708124 -0.162111
vt -0.708124 -0.198136
vt -0.785398 -0.162111
vt -0.399025 0.054037
vt -0.321751 0.080284
vt -0.399025 0.090062
vt -0.321751 0.120425
vt -0.399025 0.126086
vt -0.321751 0.160567
vt -0.399025 0.162111
vt -0.399025 0.198136
vt -0.476300 0.198136
vt -0.476300 0.234160
vt -0.553574 0.234160
vt -0.553574 0.270185
vt -0.630849 0.270185
vt -0.630849 0.306210
vt -0.708124 0.306210
vt -0.708124 0.342235
vt -0.785398 0.342235
vt -0.321751 0.200709
vt -0.399025 0.234160
vt -0.476300 0.270185
vt -0.553574 0.306210
vt -0.630849 0.342235
vt -0.708124 0.378259
vt -0.785398 0.378259
vt -0.321751 0.240851
vt -0.399025 0.270185
vt -0.476300 0.306210
vt -0.553574 0.342235
vt -0.630849 0.378259
vt -0.708124 0.414284
vt -0.785398 0.414284
vt -0.321751 0.280993
vt -0.399025 0.306210
vt -0.476300 0.342235
vt -0.553574 0.378259
vt -0.630849 0.414284
vt -0.708124 0.450309
vt -0.785398 0.450309
vt -0.321751 0.321134
vt -0.399025 0.342235
vt -0.476300 0.378259
vt -0.553574 0.414284
vt -0.630849 0.450309
vt -0.708124 0.486333
vt -0.785398 0.486333
vt -0.321751 0.361276
vt -0.399025 0.378259
vt -0.476300 0.414284
vt -0.553574 0.450309
vt -0.630849 0.486333
vt -0.708124 0.522358
vt -0.785398 0.522358
vt -0.321751 0.401418
vt -0.399025 0.414284
vt -0.476300 0.450309
vt -0.553574 0.486333
vt -0.630849 0.522358
vt -0.708124 0.558383
vt -0.785398 0.558383
vt -0.321751 0.441560
vt -0.399025 0.450309
vt -0.476300 0.486333
vt -0.553574 0.522358
vt -0.630849 0.558383
vt -0.708124 0.594407
vt -0.785398 0.594407
vt -0.321751 0.481702
vt -0.399025 0.486333
vt -0.476300 0.522358
vt -0.553574 0.558383
vt -0.630849 0.594407
vt -0.708124 0.630432
vt -0.785398 0.630432
vt -0.321751 0.521843
vt -0.399025 0.522358
vt -0.476300 0.558383
vt -0.553574 0.594407
vt -0.630849 0.630432
vt -0.708124 0.666457
vt -0.785398 0.666457
vt -0.399025 0.558383
vt -0.321751 0.561985
vt -0.399025 0.594407
vt -0.321751 0.602127
vt -0.399025 0.630432
vt -0.321751 0.642269
vt -0.399025 0.666457
vt -0.321751 0.682411
vt -0.399025 0.702481
vt -0.399025 -0.702481
vt -0.321751 -0.722552
vt -0.321751 -0.682411
vt -0.399025 -0.666457
vt -0.321751 -0.642269
vt -0.399025 -0.630432
vt -0.321751 -0.602127
vt -0.399025 -0.594407
vt -0.321751 -0.561985
vt -0.399025 -0.558383
vt -0.321751 -0.521843
vt -0.399025 -0.522358
vt -0.399025 -0.486333
vt -0.476300 -0.486333
vt -0.476300 -0.450309
vt -0.553574 -0.450309
vt -0.553574 -0.414284
vt -0.630849 -0.414284
vt -0.630849 -0.378259
vt -0.708124 -0.378259
vt -0.708124 -0.342235
vt -0.785398 -0.342235
vt -0.321751 -0.481702
vt -0.399025 -0.450309
vt -0.476300 -0.414284
vt -0.553574 -0.378259
vt -0.630849 -0.342235
vt -0.708124 -0.306210
vt -0.785398 -0.306210
vt -0.321751 -0.441560
vt -0.399025 -0.414284
vt -0.476300 -0.378259
vt -0.553574 -0.342235
vt -0.630849 -0.306210
vt -0.708124 -0.270185
vt -0.785398 -0.270185
vt -0.321751 -0.401418
vt -0.399025 -0.378259
vt -0.476300 -0.342235
vt -0.553574 -0.306210
vt -0.630849 -0.270185
vt -0.708124 -0.234160
vt -0.785398 -0.234160
vt -0.321751 -0.361276
vt -0.399025 -0.342235
vt -0.476300 -0.306210
vt -0.553574 -0.270185
vt -0.630849 -0.234160
vt -0.785398 -0.198136
vt -0.321751 -0.321134
vt -0.399025 -0.306210
vt -0.476300 -0.270185
vt -0.553574 -0.234160
vt -0.321751 -0.280993
vt -0.399025 -0.270185
vt -0.476300 -0.234160
vt -0.321751 -0.240851
vt -0.399025 -0.234160
vt -0.321751 -0.200709
vt -0.708124 0.702481
vt -0.785398 0.702481
vt -0.785398 0.306210
vt -0.708124 0.270185
vt -0.785398 0.270185
vt -0.708124 0.234160
vt -0.708124 0.198136
vt -0.785398 0.198136
vt -0.708124 0.162111
vt -0.785398 0.162111
vt -0.708124 0.126086
vt -0.785398 0.126086
vt -0.708124 0.090062
vt -0.785398 0.090062
vt -0.708124 0.054037
vt -0.785398 0.054037
vt -0.708124 0.018012
vt -0.785398 0.018012
vt -0.708124 -0.018012
vt -0.785398 -0.018012
vt -0.708124 -0.054037
vt -0.785398 -0.054037
vt -0.708124 -0.090062
vt -0.785398 -0.090062
vt -0.708124 -0.126086
vt -0.785398 -0.126086
vt -0.785398 -0.378259
vt -0.708124 -0.414284
vt -0.785398 -0.414284
vt -0.708124 -0.450309
vt -0.785398 -0.450309
vt -0.708124 -0.486333
vt -0.785398 -0.486333
vt -0.708124 -0.522358
vt -0.785398 -0.522358
vt -0.708124 -0.558383
vt -0.785398 -0.558383
vt -0.708124 -0.594407
vt -0.785398 -0.594407
vt -0.708124 -0.630432
vt -0.785398 -0.630432
vt -0.708124 -0.666457
vt -0.785398 -0.666457
vt -0.708124 -0.702481
vt -0.476300 0.702481
vt -0.476300 0.666457
vt -0.476300 0.630432
vt -0.476300 0.594407
vt -0.553574 0.702481
vt -0.553574 0.666457
vt -0.553574 0.630432
vt -0.476300 -0.702481
vt -0.476300 -0.666457
vt -0.476300 -0.630432
vt -0.476300 -0.594407
vt -0.476300 -0.558383
vt -0.476300 -0.522358
vt -0.630849 0.702481
vt -0.630849 0.666457
vt -0.553574 -0.702481
vt -0.553574 -0.666457
vt -0.553574 -0.630432
vt -0.553574 -0.594407
vt -0.553574 -0.558383
vt -0.553574 -0.522358
vt -0.553574 -0.486333
vt -0.630849 -0.702481
vt -0.630849 -0.666457
vt -0.630849 -0.630432
vt -0.630849 -0.594407
vt -0.630849 -0.558383
vt -0.630849 -0.522358
vt -0.630849 -0.486333
vt -0.630849 -0.450309
vt -0.785398 0.234160
vt -0.476300 0.018012
vt -0.476300 -0.018012
vt -0.476300 -0.054037
vt -0.476300 -0.090062
vt -0.476300 -0.126086
vt -0.553574 0.018012
vt -0.553574 -0.018012
vt -0.553574 -0.054037
vt -0.553574 -0.090062
vt -0.553574 -0.126086
vt -0.476300 0.054037
vt -0.476300 0.090062
vt -0.476300 0.126086
vt -0.476300 0.162111
vt -0.630849 0.018012
vt -0.630849 -0.018012
vt -0.630849 -0.054037
vt -0.630849 -0.090062
vt -0.630849 -0.126086
vt -0.553574 0.054037
vt -0.553574 0.090062
vt -0.553574 0.126086
vt -0.553574 0.162111
vt -0.553574 0.198136
vt -0.630849 0.054037
vt -0.630849 0.090062
vt -0.630849 0.126086
vt -0.630849 0.162111
vt -0.630849 0.198136
vt -0.630849 0.234160
vt -15.700000 0.421458
vt -14.873684 0.421458
vt -15.700000 0.459772
vt -14.873684 0.459772
vt -15.700000 -0.459772
vt -14.873684 -0.459772
vt -15.700000 -0.421458
vt -14.873684 -0.421458
vt -15.700000 -0.383143
vt -14.873684 -0.383143
vt -15.700000 -0.344829
vt -14.873684 -0.344829
vt -15.700000 -0.306515
vt -14.873684 -0.306515
vt -15.700000 -0.268200
vt -14.873684 -0.268200
vt -15.700000 -0.229886
vt -14.873684 -0.229886
vt -15.700000 -0.191572
vt -14.873684 -0.191572
vt -15.700000 -0.153257
vt -14.873684 -0.153257
vt -15.700000 -0.114943
vt -14.873684 -0.114943
vt -15.700000 -0.076629
vt -14.873684 -0.076629
vt -15.700000 -0.038314
vt -14.873684 -0.038314
vt -15.700000 0.000000
vt -14.873684 0.000000
vt -15.700000 0.038314
vt -14.873684 0.038314
vt -15.700000 0.076629
vt -14.873684 0.076629
vt -15.700000 0.114943
vt -14.873684 0.114943
vt -15.700000 0.153257
vt -14.873684 0.153257
vt -15.700000 0.191572
vt -14.873684 0.191572
vt -15.700000 0.229886
vt -14.873684 0.229886
vt -15.700000 0.268200
vt -14.873684 0.268200
vt -15.700000 0.306515
vt -14.873684 0.306515
vt -15.700000 0.344829
vt -14.873684 0.344829
vt -15.700000 0.383143
vt -14.873684 0.383143
vt -0.000000 -0.421458
vt -0.826316 -0.421458
vt -0.000000 -0.459772
vt -0.826316 -0.459772
vt -0.000000 0.459772
vt -0.826316 0.459772
vt -0.000000 0.421458
vt -0.826316 0.421458
vt -0.000000 0.383143
vt -0.826316 0.383143
vt -0.000000 0.344829
vt -0.826316 0.344829
vt -0.000000 0.306515
vt -0.826316 0.306515
vt -0.000000 0.268200
vt -0.826316 0.268200
vt -0.000000 0.229886
vt -0.826316 0.229886
vt -0.000000 0.191572
vt -0.826316 0.191572
vt -0.000000 0.153257
vt -0.826316 0.153257
vt -0.000000 0.114943
vt -0.826316 0.114943
vt -0.000000 0.076629
vt -0.826316 0.076629
vt -0.000000 0.038314
vt -0.826316 0.038314
vt -0.826316 0.000000
vt -0.000000 -0.038314
vt -0.826316 -0.038314
vt -0.000000 -0.076629
vt -0.826316 -0.076629
vt -0.000000 -0.114943
vt -0.826316 -0.114943
vt -0.000000 -0.153257
vt -0.826316 -0.153257
vt -0.000000 -0.191572
vt -0.826316 -0.191572
vt -0.000000 -0.229886
vt -0.826316 -0.229886
vt -0.000000 -0.268200
vt -0.826316 -0.268200
vt -0.000000 -0.306515
vt -0.826316 -0.306515
vt -0.000000 -0.344829
vt -0.826316 -0.344829
vt -0.000000 -0.383143
vt -0.826316 -0.383143
vt -14.047368 -0.459772
vt -14.047368 -0.421458
vt -14.047368 -0.383143
vt -14.047368 -0.344829
vt -14.047368 -0.306515
vt -14.047368 -0.268200
vt -14.047368 -0.229886
vt -14.047368 -0.191572
vt -14.047368 -0.153257
vt -14.047368 -0.114943
vt -14.047368 -0.076629
vt -14.047368 -0.038314
vt -14.047368 0.000000
vt -14.047368 0.038314
vt -14.047368 0.076629
vt -14.047368 0.114943
vt -14.047368 0.153257
vt -14.047368 0.191572
vt -14.047368 0.229886
vt -14.047368 0.268200
vt -14.047368 0.306515
vt -14.047368 0.344829
vt -14.047368 0.383143
vt -14.047368 0.421458
vt -14.047368 0.459772
vt -13.221053 -0.459772
vt -13.221053 -0.421458
vt -13.221053 -0.383143
vt -13.221053 -0.344829
vt -13.221053 -0.306515
vt -13.221053 -0.268200
vt -13.221053 -0.229886
vt -13.221053 -0.191572
vt -13.221053 -0.153257
vt -13.221053 -0.114943
vt -13.221053 -0.076629
vt -13.221053 -0.038314
vt -13.221053 0.000000
vt -13.221053 0.038314
vt -13.221053 0.076629
vt -13.221053 0.114943
vt -13.221053 0.153257
vt -13.221053 0.191572
vt -13.221053 0.229886
vt -13.221053 0.268200
vt -13.221053 0.306515
vt -13.221053 0.344829
vt -13.221053 0.383143
vt -13.221053 0.421458
vt -13.221053 0.459772
vt -12.394737 -0.459772
vt -12.394737 -0.421458
vt -12.394737 -0.383143
vt -12.394737 -0.344829
vt -12.394737 -0.306515
vt -12.394737 -0.268200
vt -12.394737 -0.229886
vt -12.394737 -0.191572
vt -12.394737 -0.153257
vt -12.394737 -0.114943
vt -12.394737 -0.076629
vt -12.394737 -0.038314
vt -12.394737 0.000000
vt -12.394737 0.038314
vt -12.394737 0.076629
vt -12.394737 0.114943
vt -12.394737 0.153257
vt -12.394737 0.191572
vt -12.394737 0.229886
vt -12.394737 0.268200
vt -12.394737 0.306515
vt -12.394737 0.344829
vt -12.394737 0.383143
vt -12.394737 0.421458
vt -12.394737 0.459772
vt -11.568421 -0.459772
vt -11.568421 -0.421458
vt -11.568421 -0.383143
vt -11.568421 -0.344829
vt -11.568421 -0.306515
vt -11.568421 -0.268200
vt -11.568421 -0.229886
vt -11.568421 -0.191572
vt -11.568421 -0.153257
vt -11.568421 -0.114943
vt -11.568421 -0.076629
vt -11.568421 -0.038314
vt -11.568421 0.000000
vt -11.568421 0.038314
vt -11.568421 0.076629
vt -11.568421 0.114943
vt -11.568421 0.153257
vt -11.568421 0.191572
vt -11.568421 0.229886
vt -11.568421 0.268200
vt -11.568421 0.306515
vt -11.568421 0.344829
vt -11.568421 0.383143
vt -11.568421 0.421458
vt -11.568421 0.459772
vt -10.742105 -0.459772
vt -10.742105 -0.421458
vt -10.742105 -0.383143
vt -10.742105 -0.344829
vt -10.742105 -0.306515
vt -10.742105 -0.268200
vt -10.742105 -0.229886
vt -10.742105 -0.191572
vt -10.742105 -0.153257
vt -10.742105 -0.114943
vt -10.742105 -0.076629
vt -10.742105 -0.038314
vt -10.742105 0.000000
vt -10.742105 0.038314
vt -10.742105 0.076629
vt -10.742105 0.114943
vt -10.742105 0.153257
vt -10.742105 0.191572
vt -10.742105 0.229886
vt -10.742105 0.268200
vt -10.742105 0.306515
vt -10.742105 0.344829
vt -10.742105 0.383143
vt -10.742105 0.421458
vt -10.742105 0.459772
vt -9.915789 -0.459772
vt -9.915789 -0.421458
vt -9.915789 -0.383143
vt -9.915789 -0.344829
vt -9.915789 -0.306515
vt -9.915789 -0.268200
vt -9.915789 -0.229886
vt -9.915789 -0.191572
vt -9.915789 -0.153257
vt -9.915789 -0.114943
vt -9.915789 -0.076629
vt -9.915789 -0.038314
vt -9.915789 0.000000
vt -9.915789 0.038314
vt -9.915789 0.076629
vt -9.915789 0.114943
vt -9.915789 0.153257
vt -9.915789 0.191572
vt -9.915789 0.229886
vt -9.915789 0.268200
vt -9.915789 0.306515
vt -9.915789 0.344829
vt -9.915789 0.383143
vt -9.915789 0.421458
vt -9.915789 0.459772
vt -9.089474 -0.459772
vt -9.089474 -0.421458
vt -9.089474 -0.383143
vt -9.089474 -0.344829
vt -9.089474 -0.306515
vt -9.089474 -0.268200
vt -9.089474 -0.229886
vt -9.089474 -0.191572
vt -9.089474 -0.153257
vt -9.089474 -0.114943
vt -9.089474 -0.076629
vt -9.089474 -0.038314
vt -9.089474 0.000000
vt -9.089474 0.038314
vt -9.089474 0.076629
vt -9.089474 0.114943
vt -9.089474 0.153257
vt -9.089474 0.191572
vt -9.089474 0.229886
vt -9.089474 0.268200
vt -9.089474 0.306515
vt -9.089474 0.344829
vt -9.089474 0.383143
vt -9.089474 0.421458
vt -9.089474 0.459772
vt -8.263158 -0.459772
vt -8.263158 -0.421458
vt -8.263158 -0.383143
vt -8.263158 -0.344829
vt -8.263158 -0.306515
vt -8.263158 -0.268200
vt -8.263158 -0.229886
vt -8.263158 -0.191572
vt -8.263158 -0.153257
vt -8.263158 -0.114943
vt -8.263158 -0.076629
vt -8.263158 -0.038314
vt -8.263158 0.000000
vt -8.263158 0.038314
vt -8.263158 0.076629
vt -8.263158 0.114943
vt -8.263158 0.153257
vt -8.263158 0.191572
vt -8.263158 0.229886
vt -8.263158 0.268200
vt -8.263158 0.306515
vt -8.263158 0.344829
vt -8.263158 0.383143
vt -8.263158 0.421458
vt -8.263158 0.459772
vt -7.436842 -0.459772
vt -7.436842 -0.421458
vt -7.436842 -0.383143
vt -7.436842 -0.344829
vt -7.436842 -0.306515
vt -7.436842 -0.268200
vt -7.436842 -0.229886
vt -7.436842 -0.191572
vt -7.436842 -0.153257
vt -7.436842 -0.114943
vt -7.436842 -0.076629
vt -7.436842 -0.038314
vt -7.436842 0.000000
vt -7.436842 0.038314
vt -7.436842 0.076629
vt -7.436842 0.114943
vt -7.436842 0.153257
vt -7.436842 0.191572
vt -7.436842 0.229886
vt -7.436842 0.268200
vt -7.436842 0.306515
vt -7.436842 0.344829
vt -7.436842 0.383143
vt -7.436842 0.421458
vt -7.436842 0.459772
vt -6.610526 -0.459772
vt -6.610526 -0.421458
vt -6.610526 -0.383143
vt -6.610526 -0.344829
vt -6.610526 -0.306515
vt -6.610526 -0.268200
vt -6.610526 -0.229886
vt -6.610526 -0.191572
vt -6.610526 -0.153257
vt -6.610526 -0.114943
vt -6.610526 -0.076629
vt -6.610526 -0.038314
vt -6.610526 0.000000
vt -6.610526 0.038314
vt -6.610526 0.076629
vt -6.610526 0.114943
vt -6.610526 0.153257
vt -6.610526 0.191572
vt -6.610526 0.229886
vt -6.610526 0.268200
vt -6.610526 0.306515
vt -6.610526 0.344829
vt -6.610526 0.383143
vt -6.610526 0.421458
vt -6.610526 0.459772
vt -5.784211 -0.459772
vt -5.784211 -0.421458
vt -5.784211 -0.383143
vt -5.784211 -0.344829
vt -5.784211 -0.306515
vt -5.784211 -0.268200
vt -5.784211 -0.229886
vt -5.784211 -0.191572
vt -5.784211 -0.153257
vt -5.784211 -0.114943
vt -5.784211 -0.076629
vt -5.784211 -0.038314
vt -5.784211 0.000000
vt -5.784211 0.038314
vt -5.784211 0.076629
vt -5.784211 0.114943
vt -5.784211 0.153257
vt -5.784211 0.191572
vt -5.784211 0.229886
vt -5.784211 0.268200
vt -5.784211 0.306515
vt -5.784211 0.344829
vt -5.784211 0.383143
vt -5.784211 0.421458
vt -5.784211 0.459772
vt -4.957895 -0.459772
vt -4.957895 -0.421458
vt -4.957895 -0.383143
vt -4.957895 -0.344829
vt -4.957895 -0.306515
vt -4.957895 -0.268200
vt -4.957895 -0.229886
vt -4.957895 -0.191572
vt -4.957895 -0.153257
vt -4.957895 -0.114943
vt -4.957895 -0.076629
vt -4.957895 -0.038314
vt -4.957895 0.000000
vt -4.957895 0.038314
vt -4.957895 0.076629
vt -4.957895 0.114943
vt -4.957895 0.153257
vt -4.957895 0.191572
vt -4.957895 0.229886
vt -4.957895 0.268200
vt -4.957895 0.306515
vt -4.957895 0.344829
vt -4.957895 0.383143
vt -4.957895 0.421458
vt -4.957895 0.459772
vt -4.131579 -0.459772
vt -4.131579 -0.421458
vt -4.131579 -0.383143
vt -4.131579 -0.344829
vt -4.131579 -0.306515
vt -4.131579 -0.268200
vt -4.131579 -0.229886
vt -4.131579 -0.191572
vt -4.131579 -0.153257
vt -4.131579 -0.114943
vt -4.131579 -0.076629
vt -4.131579 -0.038314
vt -4.131579 0.000000
vt -4.131579 0.038314
vt -4.131579 0.076629
vt -4.131579 0.114943
vt -4.131579 0.153257
vt -4.131579 0.191572
vt -4.131579 0.229886
vt -4.131579 0.268200
vt -4.131579 0.306515
vt -4.131579 0.344829
vt -4.131579 0.383143
vt -4.131579 0.421458
vt -4.131579 0.459772
vt -3.305263 -0.459772
vt -3.305263 -0.421458
vt -3.305263 -0.383143
vt -3.305263 -0.344829
vt -3.305263 -0.306515
vt -3.305263 -0.268200
vt -3.305263 -0.229886
vt -3.305263 -0.191572
vt -3.305263 -0.153257
vt -3.305263 -0.114943
vt -3.305263 -0.076629
vt -3.305263 -0.038314
vt -3.305263 0.000000
vt -3.305263 0.038314
vt -3.305263 0.076629
vt -3.305263 0.114943
vt -3.305263 0.153257
vt -3.305263 0.191572
vt -3.305263 0.229886
vt -3.305263 0.268200
vt -3.305263 0.306515
vt -3.305263 0.344829
vt -3.305263 0.383143
vt -3.305263 0.421458
vt -3.305263 0.459772
vt -2.478947 -0.459772
vt -2.478947 -0.421458
vt -2.478947 -0.383143
vt -2.478947 -0.344829
vt -2.478947 -0.306515
vt -2.478947 -0.268200
vt -2.478947 -0.229886
vt -2.478947 -0.191572
vt -2.478947 -0.153257
vt -2.478947 -0.114943
vt -2.478947 -0.076629
vt -2.478947 -0.038314
vt -2.478947 0.000000
vt -2.478947 0.038314
vt -2.478947 0.076629
vt -2.478947 0.114943
vt -2.478947 0.153257
vt -2.478947 0.191572
vt -2.478947 0.229886
vt -2.478947 0.268200
vt -2.478947 0.306515
vt -2.478947 0.344829
vt -2.478947 0.383143
vt -2.478947 0.421458
vt -2.478947 0.459772
vt -1.652632 -0.459772
vt -1.652632 -0.421458
vt -1.652632 -0.383143
vt -1.652632 -0.344829
vt -1.652632 -0.306515
vt -1.652632 -0.268200
vt -1.652632 -0.229886
vt -1.652632 -0.191572
vt -1.652632 -0.153257
vt -1.652632 -0.114943
vt -1.652632 -0.076629
vt -1.652632 -0.038314
vt -1.652632 0.000000
vt -1.652632 0.038314
vt -1.652632 0.076629
vt -1.652632 0.114943
vt -1.652632 0.153257
vt -1.652632 0.191572
vt -1.652632 0.229886
vt -1.652632 0.268200
vt -1.652632 0.306515
vt -1.652632 0.344829
vt -1.652632 0.383143
vt -1.652632 0.421458
vt -1.652632 0.459772
vt -0.141363 -0.037878
vt 0.141363 -0.037878
vt -0.146350 0.000000
vt 0.146350 0.000000
vt -0.141363 0.037878
vt 0.141363 0.037878
vt -0.126743 0.073175
vt 0.126743 0.073175
vt -0.103485 0.103485
vt 0.103485 0.103485
vt -0.073175 0.126743
vt 0.073175 0.126743
vt -0.037878 0.141363
vt 0.037878 0.141363
vt 0.000000 0.146350
vt 0.126743 -0.073175
vt -0.126743 -0.073175
vt 0.103485 -0.103485
vt -0.103485 -0.103485
vt 0.073175 -0.126743
vt -0.073175 -0.126743
vt 0.037878 -0.141363
vt -0.037878 -0.141363
vt 0.000000 -0.146350
s 0
usemtl Brass_-_Matte
f 2/1/1 77/2/2 1/3/3
f 1/3/3 77/2/4 39/4/3
f 1/5/3 39/6/3 40/7/5
f 77/2/2 2/1/1 76/8/6
f 76/8/6 2/1/1 3/9/7
f 76/8/6 3/9/7 75/10/8
f 75/10/8 3/9/7 4/11/9
f 75/10/8 4/11/9 74/12/10
f 74/12/10 4/11/9 5/13/11
f 74/12/10 5/13/11 73/14/12
f 73/14/12 5/13/11 6/15/13
f 73/14/12 6/15/13 72/16/14
f 72/16/14 6/15/13 7/17/15
f 72/16/16 7/17/15 71/18/17
f 71/18/18 7/17/15 8/19/19
f 71/18/17 8/19/20 70/20/21
f 70/20/21 8/19/19 9/21/22
f 70/20/21 9/21/22 69/22/23
f 69/22/23 9/21/22 10/23/24
f 69/22/23 10/23/24 68/24/25
f 68/24/25 10/23/24 11/25/26
f 68/24/25 11/25/26 67/26/27
f 67/26/27 11/25/26 12/27/28
f 67/26/27 12/27/28 66/28/29
f 66/28/30 12/27/28 13/29/31
f 66/28/30 13/29/32 65/30/33
f 65/30/34 13/29/31 14/31/35
f 65/30/34 14/31/36 64/32/37
f 64/32/37 14/31/36 15/33/38
f 64/32/37 15/33/38 63/34/39
f 63/34/39 15/33/38 16/35/40
f 63/34/39 16/35/40 62/36/41
f 62/36/42 16/35/40 17/37/43
f 62/36/41 17/37/43 61/38/44
f 61/38/44 17/37/45 18/39/46
f 61/38/44 18/39/46 60/40/47
f 60/40/47 18/39/46 19/41/48
f 60/40/47 19/41/48 59/42/49
f 59/42/49 19/41/48 20/43/50
f 59/42/49 20/43/50 58/44/51
f 58/44/51 20/43/50 21/45/52
f 58/44/51 21/45/52 57/46/53
f 57/46/53 21/45/52 22/47/54
f 57/46/53 22/47/54 56/48/55
f 56/48/55 22/47/54 23/49/56
f 56/48/55 23/49/57 55/50/58
f 55/50/59 23/49/57 24/51/60
f 55/50/58 24/51/60 54/52/61
f 54/52/61 24/51/60 25/53/62
f 54/52/61 25/53/62 53/54/63
f 53/54/63 25/53/62 26/55/64
f 53/54/63 26/55/64 52/56/65
f 52/56/66 26/55/67 27/57/68
f 52/56/66 27/57/69 51/58/70
f 51/58/70 27/57/71 28/59/72
f 51/58/73 28/59/72 50/60/74
f 50/60/74 28/59/72 29/61/75
f 50/60/74 29/61/75 49/62/76
f 49/62/76 29/61/75 30/63/77
f 49/62/76 30/63/77 48/64/78
f 48/64/78 30/63/77 31/65/79
f 48/64/80 31/65/79 47/66/81
f 47/66/81 31/65/79 32/67/82
f 47/66/81 32/67/83 46/68/84
f 46/68/85 32/67/82 33/69/86
f 46/68/84 33/69/87 45/70/88
f 45/70/88 33/69/87 34/71/89
f 45/70/88 34/71/89 44/72/90
f 44/72/90 34/71/89 35/73/91
f 44/72/90 35/73/91 43/74/92
f 43/74/92 35/73/91 36/75/93
f 43/74/92 36/75/93 42/76/94
f 42/76/94 36/75/93 37/77/95
f 42/76/94 37/77/95 41/78/96
f 41/78/96 37/77/95 38/79/97
f 41/78/96 38/79/97 40/7/98
f 40/7/99 38/79/97 1/5/3
f 79/80/100 21/81/100 78/82/100
f 78/82/100 21/81/100 20/83/100
f 78/82/100 20/83/100 19/84/100
f 21/81/100 79/80/100 22/85/100
f 22/85/100 79/80/100 80/86/100
f 22/85/100 80/86/100 23/87/100
f 23/87/100 80/86/100 24/88/100
f 24/88/100 80/86/100 81/89/100
f 24/88/100 81/89/100 25/90/100
f 25/90/100 81/89/100 82/91/100
f 25/90/100 82/91/100 26/92/100
f 26/92/100 82/91/100 27/93/100
f 27/93/100 82/91/100 83/94/100
f 27/93/100 83/94/100 28/95/100
f 28/95/100 83/94/100 29/96/100
f 29/96/100 83/94/100 84/97/100
f 29/96/100 84/97/100 30/98/100
f 30/98/100 84/97/100 85/99/100
f 30/98/100 85/99/100 31/100/100
f 31/100/100 85/99/100 32/101/100
f 32/101/100 85/99/100 86/102/100
f 32/101/100 86/102/100 33/103/100
f 33/103/100 86/102/100 34/104/100
f 34/104/100 86/102/100 87/105/100
f 34/104/100 87/105/100 35/106/100
f 35/106/100 87/105/100 88/107/100
f 35/106/100 88/107/100 36/108/100
f 36/108/100 88/107/100 37/109/100
f 37/109/100 88/107/100 89/110/100
f 37/109/100 89/110/100 38/111/100
f 38/111/100 89/110/100 90/112/100
f 38/111/100 90/112/100 1/113/100
f 1/113/100 90/112/100 2/114/100
f 2/114/100 90/112/100 91/115/100
f 2/114/100 91/115/100 3/116/100
f 3/116/100 91/115/100 4/117/100
f 4/117/100 91/115/100 92/118/100
f 4/117/100 92/118/100 5/119/100
f 5/119/100 92/118/100 93/120/100
f 5/119/100 93/120/100 6/121/100
f 6/121/100 93/120/100 7/122/100
f 7/122/100 93/120/100 94/123/100
f 7/122/100 94/123/100 8/124/100
f 8/124/100 94/123/100 95/125/100
f 8/124/100 95/125/100 9/126/100
f 9/126/100 95/125/100 10/127/100
f 10/127/100 95/125/100 96/128/100
f 10/127/100 96/128/100 11/129/100
f 11/129/100 96/128/100 97/130/100
f 11/129/100 97/130/100 12/131/100
f 12/131/100 97/130/100 13/132/100
f 13/132/100 97/130/100 98/133/100
f 13/132/100 98/133/100 14/134/100
f 14/134/100 98/133/100 99/135/100
f 14/134/100 99/135/100 15/136/100
f 15/136/100 99/135/100 16/137/100
f 16/137/100 99/135/100 100/138/100
f 16/137/100 100/138/100 17/139/100
f 17/139/100 100/138/100 101/140/100
f 17/139/100 101/140/100 18/141/100
f 18/141/100 101/140/100 19/84/100
f 19/84/100 101/140/100 78/82/100
f 103/142/101 142/143/102 102/144/103
f 102/144/103 142/143/102 141/145/104
f 102/144/103 141/145/104 140/146/105
f 140/146/106 141/145/104 179/147/107
f 140/146/106 179/147/108 139/148/109
f 139/148/109 179/147/107 178/149/110
f 139/148/109 178/149/110 138/150/111
f 138/150/112 178/149/110 177/151/113
f 138/150/112 177/151/113 137/152/114
f 137/152/115 177/151/113 176/153/116
f 137/152/117 176/153/118 136/154/119
f 136/154/119 176/153/116 175/155/120
f 136/154/119 175/155/121 135/156/122
f 135/156/123 175/155/121 174/157/124
f 135/156/122 174/157/124 134/158/125
f 134/158/125 174/157/124 173/159/126
f 134/158/127 173/159/128 133/160/129
f 133/160/129 173/159/126 172/161/130
f 133/160/129 172/161/131 132/162/132
f 132/162/132 172/161/130 171/163/133
f 132/162/132 171/163/134 131/164/135
f 131/164/136 171/163/133 170/165/137
f 131/164/135 170/165/137 130/166/138
f 130/166/139 170/165/137 169/167/140
f 130/166/138 169/167/140 129/168/141
f 129/168/142 169/167/140 168/169/143
f 129/168/141 168/169/144 128/170/145
f 128/170/145 168/169/144 167/171/146
f 128/170/145 167/171/147 127/172/148
f 127/172/149 167/171/146 166/173/150
f 127/172/151 166/173/150 126/174/152
f 126/174/152 166/173/150 165/175/153
f 126/174/152 165/175/154 125/176/155
f 125/176/155 165/175/156 164/177/157
f 125/176/155 164/177/157 124/178/158
f 124/178/158 164/177/159 163/179/160
f 124/178/158 163/179/160 123/180/161
f 123/180/161 163/179/160 162/181/162
f 123/180/161 162/181/163 122/182/164
f 122/182/164 162/181/165 161/183/166
f 122/182/164 161/183/166 121/184/167
f 121/185/167 161/186/166 160/187/168
f 121/185/167 160/187/169 120/188/170
f 120/188/170 160/187/169 159/189/171
f 120/188/170 159/189/171 119/190/172
f 119/190/172 159/189/171 158/191/173
f 119/190/172 158/191/174 118/192/175
f 118/192/175 158/191/174 157/193/176
f 118/192/175 157/193/177 117/194/178
f 117/194/179 157/193/180 156/195/181
f 117/194/178 156/195/181 116/196/182
f 116/196/183 156/195/181 155/197/184
f 116/196/183 155/197/184 115/198/185
f 115/198/185 155/197/184 154/199/186
f 115/198/185 154/199/186 114/200/187
f 114/200/188 154/199/189 153/201/190
f 114/200/187 153/201/191 113/202/192
f 113/202/193 153/201/190 152/203/194
f 113/202/192 152/203/194 112/204/195
f 112/204/195 152/203/196 151/205/197
f 112/204/195 151/205/197 111/206/198
f 111/206/199 151/205/197 150/207/200
f 111/206/199 150/207/201 110/208/202
f 110/208/203 150/207/200 149/209/204
f 110/208/202 149/209/205 109/210/206
f 109/210/207 149/209/204 148/211/208
f 109/210/207 148/211/208 108/212/209
f 108/212/209 148/211/208 147/213/210
f 108/212/209 147/213/210 107/214/211
f 107/214/211 147/213/212 146/215/213
f 107/214/211 146/215/214 106/216/215
f 106/216/216 146/215/213 145/217/217
f 106/216/218 145/217/219 105/218/220
f 105/218/220 145/217/217 144/219/221
f 105/218/222 144/219/221 104/220/223
f 104/220/223 144/219/221 143/221/224
f 104/220/223 143/221/224 103/142/225
f 103/142/225 143/221/224 142/143/102
f 77/222/105 141/145/104 39/83/103
f 39/83/103 141/145/104 142/143/102
f 39/83/103 142/143/102 40/223/101
f 40/223/225 142/143/102 143/221/224
f 40/223/225 143/221/224 41/224/223
f 41/224/223 143/221/224 144/219/221
f 41/224/223 144/219/221 42/225/222
f 42/225/220 144/219/221 145/217/217
f 42/225/220 145/217/226 43/226/218
f 43/226/216 145/217/217 146/215/213
f 43/226/215 146/215/213 44/227/211
f 44/227/211 146/215/213 147/213/212
f 44/227/211 147/213/210 45/228/209
f 45/228/209 147/213/210 148/211/208
f 45/228/209 148/211/208 46/229/207
f 46/229/207 148/211/208 149/209/204
f 46/229/206 149/209/227 47/230/202
f 47/230/202 149/209/204 150/207/200
f 47/230/202 150/207/200 48/231/199
f 48/231/199 150/207/200 151/205/197
f 48/231/198 151/205/197 49/232/195
f 49/232/195 151/205/197 152/203/196
f 49/232/195 152/203/194 50/233/192
f 50/233/228 152/203/194 153/201/190
f 50/233/192 153/201/229 51/234/187
f 51/234/230 153/201/190 154/199/189
f 51/234/187 154/199/186 52/235/185
f 52/235/185 154/199/186 155/197/184
f 52/235/185 155/197/184 53/236/183
f 53/236/183 155/197/184 156/195/181
f 53/236/182 156/195/181 54/237/178
f 54/237/178 156/195/181 157/193/180
f 54/237/178 157/193/177 55/238/175
f 55/238/175 157/193/176 158/191/174
f 55/238/175 158/191/174 56/239/172
f 56/239/172 158/191/173 159/189/171
f 56/239/172 159/189/171 57/240/170
f 57/240/170 159/189/171 160/187/169
f 57/240/170 160/187/169 58/241/167
f 58/241/167 160/187/168 161/186/166
f 58/241/167 161/186/166 59/242/164
f 59/243/164 161/183/166 162/181/165
f 59/243/164 162/181/231 60/244/161
f 60/244/161 162/181/162 163/179/160
f 60/244/161 163/179/160 61/245/158
f 61/245/158 163/179/160 164/177/159
f 61/245/158 164/177/232 62/246/155
f 62/246/155 164/177/157 165/175/156
f 62/246/155 165/175/154 63/247/152
f 63/247/233 165/175/153 166/173/150
f 63/247/152 166/173/150 64/248/151
f 64/248/234 166/173/150 167/171/146
f 64/248/148 167/171/235 65/249/145
f 65/249/145 167/171/146 168/169/144
f 65/249/145 168/169/144 66/250/141
f 66/250/236 168/169/143 169/167/140
f 66/250/141 169/167/140 67/251/138
f 67/251/237 169/167/140 170/165/137
f 67/251/138 170/165/137 68/252/135
f 68/252/238 170/165/137 171/163/133
f 68/252/135 171/163/239 69/253/132
f 69/253/132 171/163/133 172/161/130
f 69/253/132 172/161/130 70/254/129
f 70/254/129 172/161/130 173/159/126
f 70/254/129 173/159/240 71/255/127
f 71/255/125 173/159/126 174/157/124
f 71/255/125 174/157/124 72/256/122
f 72/256/122 174/157/124 175/155/121
f 72/256/122 175/155/241 73/257/119
f 73/257/119 175/155/120 176/153/116
f 73/257/119 176/153/116 74/258/117
f 74/258/115 176/153/116 177/151/113
f 74/258/114 177/151/113 75/259/112
f 75/259/112 177/151/113 178/149/110
f 75/259/111 178/149/110 76/260/109
f 76/260/109 178/149/110 179/147/107
f 76/260/109 179/147/107 77/222/106
f 77/222/106 179/147/107 141/145/104
f 101/261/242 203/262/242 78/263/3
f 78/263/3 203/262/242 180/264/3
f 78/263/3 180/264/3 79/265/243
f 79/265/243 180/264/3 181/266/243
f 79/265/243 181/266/243 80/267/244
f 80/267/244 181/266/243 182/268/244
f 80/267/245 182/268/245 81/269/246
f 81/269/246 182/268/245 183/270/246
f 81/269/246 183/270/246 82/271/247
f 82/271/247 183/270/246 184/272/247
f 82/271/248 184/272/248 83/273/249
f 83/273/249 184/272/248 185/274/249
f 83/273/249 185/274/249 84/275/250
f 84/275/250 185/274/249 186/276/250
f 84/275/250 186/276/250 85/277/251
f 85/277/251 186/276/250 187/278/251
f 85/277/251 187/278/251 86/279/34
f 86/279/34 187/278/251 188/280/34
f 86/279/33 188/280/33 87/281/252
f 87/281/252 188/280/33 189/282/252
f 87/281/252 189/282/252 88/283/253
f 88/283/253 189/282/252 190/284/253
f 88/283/254 190/284/254 89/285/255
f 89/285/255 190/284/254 191/286/255
f 89/285/255 191/286/255 90/287/50
f 90/287/50 191/286/255 192/288/50
f 90/289/50 192/290/50 91/291/256
f 91/291/256 192/290/50 193/292/256
f 91/291/256 193/292/256 92/293/257
f 92/293/257 193/292/256 194/294/257
f 92/293/258 194/294/258 93/295/259
f 93/295/259 194/294/258 195/296/259
f 93/295/259 195/296/259 94/297/66
f 94/297/66 195/296/259 196/298/66
f 94/297/65 196/298/65 95/299/260
f 95/299/260 196/298/65 197/300/260
f 95/299/260 197/300/260 96/301/261
f 96/301/261 197/300/260 198/302/261
f 96/301/261 198/302/261 97/303/262
f 97/303/262 198/302/261 199/304/262
f 97/303/262 199/304/262 98/305/263
f 98/305/263 199/304/262 200/306/263
f 98/305/264 200/306/264 99/307/265
f 99/307/265 200/306/264 201/308/265
f 99/307/265 201/308/265 100/309/266
f 100/309/266 201/308/265 202/310/266
f 100/309/267 202/310/267 101/261/242
f 101/261/242 202/310/267 203/262/242
f 203/311/268 227/312/268 180/313/103
f 180/313/103 227/312/268 204/314/103
f 180/313/103 204/314/103 181/315/269
f 181/315/269 204/314/103 205/316/269
f 181/315/269 205/316/269 182/317/270
f 182/317/270 205/316/269 206/318/270
f 182/317/270 206/318/270 183/319/271
f 183/319/271 206/318/270 207/320/271
f 183/319/271 207/320/271 184/321/124
f 184/321/124 207/320/271 208/322/124
f 184/321/124 208/322/124 185/323/272
f 185/323/272 208/322/124 209/324/272
f 185/323/272 209/324/272 186/325/273
f 186/325/273 209/324/272 210/326/273
f 186/325/273 210/326/273 187/327/274
f 187/327/274 210/326/273 211/328/274
f 187/327/274 211/328/274 188/329/145
f 188/329/145 211/328/274 212/330/145
f 188/329/145 212/330/145 189/331/275
f 189/331/275 212/330/145 213/332/275
f 189/331/275 213/332/275 190/333/276
f 190/333/276 213/332/275 214/334/276
f 190/333/276 214/334/276 191/335/277
f 191/335/277 214/334/276 215/336/277
f 191/335/277 215/336/277 192/337/166
f 192/337/166 215/336/277 216/338/166
f 192/339/166 216/340/166 193/341/278
f 193/341/278 216/340/166 217/342/278
f 193/341/278 217/342/278 194/343/279
f 194/343/279 217/342/278 218/344/279
f 194/343/279 218/344/279 195/345/280
f 195/345/280 218/344/279 219/346/280
f 195/345/280 219/346/280 196/347/185
f 196/347/185 219/346/280 220/348/185
f 196/347/185 220/348/185 197/349/281
f 197/349/281 220/348/185 221/350/281
f 197/349/281 221/350/281 198/351/282
f 198/351/282 221/350/281 222/352/282
f 198/351/282 222/352/282 199/353/283
f 199/353/283 222/352/282 223/354/283
f 199/353/283 223/354/283 200/355/208
f 200/355/208 223/354/283 224/356/208
f 200/355/208 224/356/208 201/357/284
f 201/357/284 224/356/208 225/358/284
f 201/357/284 225/358/284 202/359/285
f 202/359/285 225/358/284 226/360/285
f 202/359/285 226/360/285 203/311/268
f 203/311/268 226/360/285 227/312/268
f 227/361/100 217/362/100 204/363/100
f 204/363/100 217/362/100 216/364/100
f 204/363/100 216/364/100 205/365/100
f 205/365/100 216/364/100 215/366/100
f 205/365/100 215/366/100 206/367/100
f 206/367/100 215/366/100 214/368/100
f 206/367/100 214/368/100 207/369/100
f 207/369/100 214/368/100 213/370/100
f 207/369/100 213/370/100 208/371/100
f 208/371/100 213/370/100 212/372/100
f 208/371/100 212/372/100 209/373/100
f 209/373/100 212/372/100 211/374/100
f 209/373/100 211/374/100 210/375/100
f 217/362/100 227/361/100 218/376/100
f 218/376/100 227/361/100 226/377/100
f 218/376/100 226/377/100 219/378/100
f 219/378/100 226/377/100 225/379/100
f 219/378/100 225/379/100 220/380/100
f 220/380/100 225/379/100 224/381/100
f 220/380/100 224/381/100 221/382/100
f 221/382/100 224/381/100 223/383/100
f 221/382/100 223/383/100 222/384/100
f 103/385/286 102/386/286 228/387/286
f 228/387/286 102/386/286 140/388/286
f 228/387/286 140/388/286 262/389/286
f 262/389/286 140/388/286 139/390/286
f 262/389/286 139/390/286 261/391/286
f 261/391/286 139/390/286 138/392/286
f 261/391/286 138/392/286 260/393/286
f 260/393/286 138/392/286 137/394/286
f 260/393/286 137/394/286 259/395/286
f 259/395/286 137/394/286 136/396/286
f 259/395/286 136/396/286 258/397/286
f 258/397/286 136/396/286 135/398/286
f 258/397/286 135/398/286 257/399/286
f 257/399/286 135/398/286 134/400/286
f 257/399/286 134/400/286 256/401/286
f 256/401/286 134/400/286 133/402/286
f 256/401/286 133/402/286 255/403/286
f 255/403/286 133/402/286 132/404/286
f 255/403/286 132/404/286 254/405/286
f 254/405/286 132/404/286 131/406/286
f 254/405/286 131/406/286 130/407/286
f 254/405/286 130/407/286 253/408/286
f 253/408/286 130/407/286 129/409/286
f 253/408/286 129/409/286 252/410/286
f 252/410/286 129/409/286 128/411/286
f 252/410/286 128/411/286 251/412/286
f 251/412/286 128/411/286 127/413/286
f 251/412/286 127/413/286 250/414/286
f 250/414/286 127/413/286 126/415/286
f 250/414/286 126/415/286 249/416/286
f 249/416/286 126/415/286 125/417/286
f 249/416/286 125/417/286 248/418/286
f 248/418/286 125/417/286 124/419/286
f 248/418/286 124/419/286 247/420/286
f 247/420/286 124/419/286 123/421/286
f 247/420/286 123/421/286 246/422/286
f 246/422/286 123/421/286 122/423/286
f 246/422/286 122/423/286 121/424/286
f 246/422/286 121/424/286 245/425/286
f 245/425/286 121/424/286 120/426/286
f 245/425/286 120/426/286 244/427/286
f 244/427/286 120/426/286 119/428/286
f 244/427/286 119/428/286 243/429/286
f 243/429/286 119/428/286 118/430/286
f 243/429/286 118/430/286 242/431/286
f 242/431/286 118/430/286 117/432/286
f 242/431/286 117/432/286 241/433/286
f 241/433/286 117/432/286 116/434/286
f 241/433/286 116/434/286 240/435/286
f 240/435/286 116/434/286 115/436/286
f 240/435/286 115/436/286 239/437/286
f 239/437/286 115/436/286 114/438/286
f 239/437/286 114/438/286 238/439/286
f 238/439/286 114/438/286 113/440/286
f 238/439/286 113/440/286 237/441/286
f 237/441/286 113/440/286 112/442/286
f 237/441/286 112/442/286 111/443/286
f 237/441/286 111/443/286 236/444/286
f 236/444/286 111/443/286 110/445/286
f 236/444/286 110/445/286 235/446/286
f 235/446/286 110/445/286 109/447/286
f 235/446/286 109/447/286 234/448/286
f 234/448/286 109/447/286 108/449/286
f 234/448/286 108/449/286 233/450/286
f 233/450/286 108/449/286 107/451/286
f 233/450/286 107/451/286 232/452/286
f 232/452/286 107/451/286 106/453/286
f 232/452/286 106/453/286 231/454/286
f 231/454/286 106/453/286 105/455/286
f 231/454/286 105/455/286 230/456/286
f 230/456/286 105/455/286 104/457/286
f 230/456/286 104/457/286 229/458/286
f 229/458/286 104/457/286 103/385/286
f 229/458/286 103/385/286 228/387/286
f 262/459/287 273/460/288 228/461/289
f 228/461/289 273/460/290 282/462/291
f 228/461/289 282/462/292 229/463/293
f 229/463/294 282/462/291 454/464/295
f 229/463/294 454/464/295 230/465/296
f 230/465/296 454/464/295 449/466/297
f 230/465/296 449/466/297 231/467/298
f 231/467/298 449/466/297 439/468/299
f 231/467/300 439/468/299 232/469/301
f 232/469/301 439/468/299 448/470/302
f 232/469/303 448/470/302 270/471/304
f 270/471/304 448/470/305 447/472/306
f 270/471/304 447/472/306 435/473/307
f 435/473/307 447/472/306 446/474/308
f 435/473/307 446/474/308 436/475/309
f 436/475/309 446/474/310 445/476/311
f 436/475/309 445/476/311 437/477/312
f 437/477/312 445/476/311 444/478/313
f 437/477/312 444/478/313 438/479/314
f 438/479/315 444/478/313 263/480/286
f 273/460/290 262/459/316 283/481/317
f 283/481/317 262/459/316 261/482/318
f 283/481/317 261/482/318 288/483/319
f 288/483/319 261/482/318 260/484/320
f 288/483/319 260/484/320 293/485/321
f 293/485/321 260/484/322 259/486/323
f 293/485/321 259/486/323 298/487/324
f 298/487/324 259/486/325 271/488/326
f 298/487/327 271/488/328 311/489/329
f 311/489/329 271/488/326 304/490/330
f 311/489/331 304/490/330 305/491/332
f 305/491/332 304/490/330 314/492/333
f 305/491/332 314/492/333 315/493/334
f 315/493/334 314/492/335 320/494/336
f 315/493/334 320/494/337 321/495/338
f 321/495/338 320/494/336 326/496/339
f 321/495/338 326/496/339 263/497/286
f 259/486/340 258/498/341 271/488/326
f 271/488/328 258/498/342 303/499/343
f 271/488/326 303/499/343 304/490/330
f 304/490/330 303/499/344 313/500/345
f 304/490/330 313/500/345 314/492/333
f 314/492/333 313/500/345 319/501/346
f 314/492/335 319/501/347 320/494/336
f 320/494/337 319/501/346 325/502/348
f 320/494/336 325/502/349 326/496/339
f 326/496/339 325/502/348 331/503/350
f 326/496/339 331/503/351 263/504/286
f 258/498/341 257/505/352 303/499/343
f 303/499/344 257/505/352 312/506/353
f 303/499/344 312/506/354 313/500/345
f 313/500/345 312/506/355 318/507/356
f 313/500/345 318/507/357 319/501/346
f 319/501/347 318/507/357 324/508/358
f 319/501/346 324/508/358 325/502/348
f 325/502/349 324/508/358 330/509/359
f 325/502/348 330/509/359 331/503/351
f 331/503/350 330/509/359 336/510/360
f 331/503/350 336/510/360 263/511/286
f 257/505/352 256/512/361 312/506/353
f 312/506/355 256/512/361 317/513/362
f 312/506/355 317/513/362 318/507/356
f 318/507/356 317/513/363 323/514/364
f 318/507/357 323/514/365 324/508/358
f 324/508/358 323/514/365 329/515/366
f 324/508/358 329/515/366 330/509/359
f 330/509/359 329/515/367 335/516/368
f 330/509/359 335/516/368 336/510/360
f 336/510/360 335/516/368 341/517/369
f 336/510/360 341/517/369 263/518/286
f 256/512/361 255/519/370 317/513/362
f 317/513/362 255/519/371 322/520/372
f 317/513/363 322/520/372 323/514/364
f 323/514/364 322/520/372 328/521/373
f 323/514/365 328/521/373 329/515/366
f 329/515/366 328/521/374 334/522/375
f 329/515/367 334/522/376 335/516/368
f 335/516/368 334/522/376 340/523/377
f 335/516/368 340/523/377 341/517/369
f 341/517/369 340/523/377 346/524/378
f 341/517/369 346/524/378 263/525/286
f 255/519/370 254/526/379 322/520/372
f 322/520/372 254/526/379 327/527/380
f 322/520/372 327/527/381 328/521/373
f 328/521/382 327/527/381 333/528/383
f 328/521/374 333/528/383 334/522/375
f 334/522/376 333/528/384 339/529/385
f 334/522/376 339/529/385 340/523/377
f 340/523/377 339/529/385 345/530/386
f 340/523/377 345/530/386 346/524/378
f 346/524/378 345/530/386 351/531/387
f 346/524/378 351/531/387 263/532/286
f 254/526/379 253/533/388 327/527/380
f 327/527/380 253/533/388 332/534/389
f 327/527/381 332/534/389 333/528/383
f 333/528/384 332/534/390 338/535/391
f 333/528/384 338/535/391 339/529/385
f 339/529/385 338/535/391 344/536/392
f 339/529/385 344/536/393 345/530/386
f 345/530/394 344/536/392 350/537/395
f 345/530/386 350/537/395 351/531/387
f 351/531/387 350/537/395 357/538/396
f 351/531/387 357/538/397 263/539/286
f 253/533/398 252/540/399 332/534/389
f 332/534/389 252/540/399 337/541/400
f 332/534/390 337/541/400 338/535/391
f 338/535/401 337/541/400 343/542/402
f 338/535/391 343/542/402 344/536/393
f 344/536/393 343/542/402 349/543/403
f 344/536/393 349/543/403 350/537/395
f 350/537/395 349/543/403 358/544/404
f 350/537/395 358/544/404 357/538/396
f 357/538/396 358/544/404 356/545/405
f 357/538/397 356/545/405 263/546/286
f 252/540/399 251/547/406 337/541/400
f 337/541/400 251/547/406 342/548/407
f 337/541/400 342/548/407 343/542/402
f 343/542/402 342/548/407 348/549/408
f 343/542/402 348/549/408 349/543/403
f 349/543/403 348/549/408 359/550/409
f 349/543/403 359/550/409 358/544/410
f 358/544/404 359/550/409 355/551/411
f 358/544/404 355/551/411 356/545/405
f 356/545/405 355/551/411 365/552/412
f 356/545/405 365/552/412 263/553/286
f 251/547/413 250/554/414 342/548/407
f 342/548/407 250/554/414 347/555/415
f 342/548/407 347/555/415 348/549/408
f 348/549/408 347/555/415 360/556/416
f 348/549/408 360/556/416 359/550/409
f 359/550/409 360/556/416 354/557/417
f 359/550/409 354/557/417 355/551/411
f 355/551/411 354/557/417 364/558/418
f 355/551/411 364/558/419 365/552/412
f 365/552/412 364/558/419 370/559/420
f 365/552/412 370/559/420 263/560/286
f 347/555/415 250/554/421 272/561/422
f 272/561/422 250/554/414 249/562/423
f 272/561/422 249/562/423 352/563/424
f 352/563/424 249/562/423 248/564/425
f 352/563/424 248/564/425 361/565/426
f 361/565/426 248/564/425 247/566/427
f 361/565/426 247/566/427 366/567/428
f 366/567/428 247/566/427 246/568/429
f 366/567/428 246/568/429 264/569/430
f 264/570/430 246/571/429 245/572/431
f 264/570/430 245/572/431 371/573/432
f 371/573/432 245/572/431 244/574/433
f 371/573/432 244/574/433 376/575/434
f 376/575/434 244/574/433 243/576/435
f 376/575/434 243/576/435 381/577/436
f 381/577/436 243/576/435 242/578/437
f 381/577/436 242/578/437 269/579/438
f 269/579/438 242/578/437 241/580/439
f 269/579/438 241/580/440 399/581/441
f 399/581/441 241/580/439 390/582/442
f 399/581/441 390/582/442 391/583/443
f 391/583/443 390/582/442 401/584/444
f 391/583/443 401/584/445 402/585/446
f 402/585/446 401/584/445 407/586/447
f 402/585/446 407/586/447 408/587/448
f 408/587/448 407/586/447 413/588/449
f 408/587/448 413/588/449 414/589/450
f 414/589/451 413/588/449 419/590/452
f 414/589/451 419/590/452 263/591/286
f 241/580/439 240/592/453 390/582/442
f 390/582/442 240/592/454 400/593/455
f 390/582/442 400/593/455 401/584/445
f 401/584/445 400/593/455 406/594/456
f 401/584/445 406/594/456 407/586/447
f 407/586/457 406/594/458 412/595/459
f 407/586/447 412/595/460 413/588/449
f 413/588/449 412/595/459 418/596/461
f 413/588/449 418/596/462 419/590/452
f 419/590/452 418/596/461 424/597/463
f 419/590/452 424/597/463 263/598/286
f 240/592/454 239/599/464 400/593/455
f 400/593/455 239/599/464 405/600/465
f 400/593/455 405/600/466 406/594/456
f 406/594/458 405/600/465 411/601/467
f 406/594/458 411/601/468 412/595/459
f 412/595/459 411/601/469 417/602/470
f 412/595/459 417/602/470 418/596/461
f 418/596/462 417/602/470 423/603/471
f 418/596/461 423/603/472 424/597/463
f 424/597/463 423/603/472 429/604/473
f 424/597/463 429/604/473 263/605/286
f 239/599/464 238/606/474 405/600/465
f 405/600/465 238/606/475 410/607/476
f 405/600/465 410/607/476 411/601/467
f 411/601/469 410/607/477 416/608/478
f 411/601/468 416/608/478 417/602/470
f 417/602/470 416/608/478 422/609/479
f 417/602/470 422/609/480 423/603/471
f 423/603/472 422/609/480 428/610/481
f 423/603/472 428/610/481 429/604/473
f 429/604/473 428/610/481 434/611/482
f 429/604/473 434/611/482 263/612/286
f 238/606/475 237/613/483 410/607/476
f 410/607/476 237/613/483 415/614/484
f 410/607/477 415/614/484 416/608/485
f 416/608/485 415/614/484 421/615/486
f 416/608/478 421/615/487 422/609/479
f 422/609/480 421/615/487 427/616/488
f 422/609/479 427/616/489 428/610/481
f 428/610/481 427/616/488 433/617/490
f 428/610/481 433/617/491 434/611/482
f 434/611/482 433/617/491 438/479/314
f 434/611/482 438/479/315 263/618/286
f 237/613/483 236/619/492 415/614/484
f 415/614/484 236/619/493 420/620/494
f 415/614/484 420/620/495 421/615/486
f 421/615/486 420/620/494 426/621/496
f 421/615/487 426/621/496 427/616/488
f 427/616/488 426/621/496 432/622/497
f 427/616/488 432/622/497 433/617/490
f 433/617/490 432/622/497 437/477/312
f 433/617/491 437/477/312 438/479/315
f 236/619/492 235/623/498 420/620/494
f 420/620/494 235/623/498 425/624/499
f 420/620/494 425/624/499 426/621/496
f 426/621/496 425/624/500 431/625/501
f 426/621/496 431/625/501 432/622/497
f 432/622/497 431/625/501 436/475/309
f 432/622/497 436/475/309 437/477/312
f 235/623/498 234/626/502 425/624/503
f 425/624/503 234/626/502 430/627/504
f 425/624/500 430/627/504 431/625/501
f 431/625/501 430/627/505 435/473/506
f 431/625/501 435/473/507 436/475/309
f 234/626/502 233/628/508 430/627/505
f 430/627/509 233/628/508 270/471/510
f 430/627/505 270/471/304 435/473/506
f 233/628/508 232/469/511 270/471/304
f 268/629/512 263/630/286 370/559/420
f 321/495/338 263/631/286 316/632/513
f 316/632/513 263/633/286 307/634/514
f 308/635/515 263/636/286 302/637/516
f 302/637/516 263/638/286 297/639/517
f 297/639/517 263/640/286 292/641/518
f 292/641/518 263/642/286 287/643/519
f 287/643/519 263/644/286 277/645/520
f 277/645/520 263/646/286 278/647/521
f 278/647/521 263/648/286 458/649/522
f 458/649/522 263/650/286 453/651/523
f 453/651/523 263/652/286 443/653/524
f 443/653/524 263/654/286 444/478/313
f 414/589/450 263/655/286 409/656/525
f 409/656/526 263/657/286 404/658/527
f 404/658/527 263/659/286 394/660/528
f 394/660/528 263/661/286 395/662/529
f 395/662/529 263/663/286 389/664/530
f 389/664/531 263/665/286 385/666/532
f 385/666/532 263/667/286 380/668/533
f 380/668/533 263/669/286 375/670/534
f 375/670/534 263/671/286 268/672/512
f 264/569/430 265/673/535 366/567/428
f 366/567/428 265/673/535 367/674/536
f 366/567/428 367/674/537 361/565/426
f 361/565/426 367/674/537 362/675/538
f 361/565/426 362/675/538 352/563/424
f 352/563/424 362/675/538 353/676/539
f 352/563/540 353/676/539 272/561/422
f 272/561/422 353/676/539 360/556/416
f 272/561/422 360/556/416 347/555/415
f 265/673/535 266/677/541 367/674/537
f 367/674/537 266/677/541 368/678/542
f 367/674/537 368/678/542 362/675/538
f 362/675/538 368/678/542 363/679/543
f 362/675/544 363/679/543 353/676/539
f 353/676/539 363/679/543 354/557/417
f 353/676/539 354/557/417 360/556/416
f 265/680/535 264/570/430 372/681/545
f 372/681/545 264/570/430 371/573/546
f 372/681/547 371/573/432 377/682/548
f 377/682/548 371/573/432 376/575/434
f 377/682/548 376/575/434 382/683/549
f 382/683/549 376/575/434 381/577/436
f 382/683/549 381/577/550 386/684/551
f 386/684/551 381/577/550 269/579/438
f 386/684/551 269/579/438 398/685/552
f 398/685/552 269/579/438 399/581/441
f 398/685/552 399/581/441 391/583/443
f 266/677/541 267/686/553 368/678/542
f 368/678/542 267/686/553 369/687/554
f 368/678/542 369/687/554 363/679/543
f 363/679/543 369/687/554 364/558/418
f 363/679/543 364/558/418 354/557/417
f 266/688/541 265/680/535 373/689/555
f 373/689/555 265/680/535 372/681/547
f 373/689/555 372/681/547 378/690/556
f 378/690/556 372/681/547 377/682/548
f 378/690/556 377/682/557 383/691/558
f 383/691/558 377/682/557 382/683/549
f 383/691/558 382/683/549 387/692/559
f 387/692/559 382/683/549 386/684/551
f 387/692/560 386/684/551 397/693/561
f 397/693/561 386/684/551 398/685/552
f 397/693/561 398/685/552 392/694/562
f 392/694/562 398/685/552 391/583/443
f 392/694/562 391/583/443 402/585/446
f 267/686/553 268/629/512 369/687/554
f 369/687/554 268/629/512 370/559/420
f 369/687/554 370/559/420 364/558/419
f 267/695/553 266/688/541 374/696/563
f 374/696/563 266/688/541 373/689/555
f 374/696/563 373/689/555 379/697/564
f 379/697/564 373/689/555 378/690/556
f 379/697/564 378/690/556 384/698/565
f 384/698/565 378/690/556 383/691/558
f 384/698/565 383/691/558 388/699/566
f 388/699/567 383/691/558 387/692/559
f 388/699/566 387/692/559 396/700/568
f 396/700/568 387/692/559 397/693/561
f 396/700/568 397/693/561 393/701/569
f 393/701/569 397/693/561 392/694/562
f 393/701/570 392/694/562 403/702/571
f 403/702/571 392/694/562 402/585/446
f 403/702/571 402/585/446 408/587/448
f 268/672/512 267/695/553 375/670/534
f 375/670/534 267/695/553 374/696/563
f 375/670/534 374/696/563 380/668/533
f 380/668/533 374/696/563 379/697/572
f 380/668/533 379/697/572 385/666/532
f 385/666/532 379/697/572 384/698/565
f 385/666/532 384/698/565 389/664/530
f 389/664/530 384/698/565 388/699/566
f 389/664/530 388/699/566 395/662/529
f 395/662/529 388/699/566 396/700/568
f 395/662/529 396/700/568 394/660/528
f 394/660/528 396/700/568 393/701/570
f 394/660/528 393/701/570 404/658/527
f 404/658/527 393/701/570 403/702/571
f 404/658/527 403/702/571 409/656/526
f 409/656/526 403/702/571 408/587/448
f 409/656/526 408/587/448 414/589/450
f 307/634/514 263/703/286 308/635/573
f 273/460/288 274/704/574 282/462/291
f 282/462/291 274/704/575 281/705/576
f 282/462/291 281/705/576 454/464/295
f 454/464/295 281/705/577 455/706/578
f 454/464/295 455/706/578 449/466/297
f 449/466/297 455/706/578 450/707/579
f 449/466/580 450/707/579 439/468/299
f 439/468/299 450/707/579 440/708/581
f 439/468/299 440/708/582 448/470/302
f 448/470/302 440/708/582 447/472/306
f 274/704/575 275/709/583 281/705/577
f 281/705/577 275/709/583 280/710/584
f 281/705/577 280/710/584 455/706/578
f 455/706/578 280/710/584 456/711/585
f 455/706/578 456/711/585 450/707/579
f 450/707/579 456/711/585 451/712/586
f 450/707/579 451/712/586 440/708/581
f 440/708/581 451/712/586 441/713/587
f 440/708/588 441/713/587 447/472/306
f 447/472/306 441/713/587 446/474/310
f 274/704/574 273/460/288 284/714/589
f 284/714/589 273/460/290 283/481/317
f 284/714/589 283/481/317 289/715/590
f 289/715/590 283/481/317 288/483/319
f 289/715/590 288/483/591 294/716/592
f 294/716/592 288/483/591 293/485/321
f 294/716/593 293/485/321 299/717/594
f 299/717/594 293/485/321 298/487/324
f 299/717/594 298/487/327 311/489/329
f 275/709/583 276/718/595 280/710/584
f 280/710/584 276/718/595 279/719/596
f 280/710/584 279/719/596 456/711/585
f 456/711/585 279/719/596 457/720/597
f 456/711/585 457/720/597 451/712/586
f 451/712/586 457/720/597 452/721/598
f 451/712/586 452/721/598 441/713/587
f 441/713/587 452/721/598 442/722/599
f 441/713/587 442/722/599 446/474/310
f 446/474/310 442/722/599 445/476/311
f 275/709/583 274/704/575 285/723/600
f 285/723/600 274/704/575 284/714/589
f 285/723/600 284/714/589 290/724/601
f 290/724/601 284/714/589 289/715/590
f 290/724/601 289/715/590 295/725/602
f 295/725/602 289/715/590 294/716/592
f 295/725/602 294/716/603 300/726/604
f 300/726/604 294/716/603 299/717/594
f 300/726/605 299/717/594 310/727/606
f 310/727/606 299/717/594 311/489/329
f 310/727/606 311/489/331 305/491/332
f 276/718/595 277/645/520 279/719/596
f 279/719/596 277/645/520 278/647/521
f 279/719/596 278/647/521 457/720/597
f 457/720/597 278/647/521 458/649/607
f 457/720/597 458/649/607 452/721/598
f 452/721/598 458/649/607 453/651/523
f 452/721/598 453/651/523 442/722/599
f 442/722/599 453/651/523 443/653/524
f 442/722/599 443/653/524 445/476/311
f 445/476/311 443/653/524 444/478/313
f 276/718/595 275/709/583 286/728/608
f 286/728/608 275/709/583 285/723/600
f 286/728/608 285/723/600 291/729/609
f 291/729/609 285/723/600 290/724/601
f 291/729/609 290/724/601 296/730/610
f 296/730/610 290/724/601 295/725/602
f 296/730/610 295/725/602 301/731/611
f 301/731/611 295/725/602 300/726/604
f 301/731/611 300/726/604 309/732/612
f 309/732/612 300/726/604 310/727/606
f 309/732/612 310/727/606 306/733/613
f 306/733/613 310/727/606 305/491/332
f 306/733/613 305/491/332 315/493/334
f 277/645/520 276/718/595 287/643/614
f 287/643/614 276/718/595 286/728/608
f 287/643/614 286/728/608 292/641/518
f 292/641/518 286/728/608 291/729/609
f 292/641/518 291/729/609 297/639/517
f 297/639/517 291/729/609 296/730/610
f 297/639/517 296/730/610 302/637/516
f 302/637/516 296/730/610 301/731/611
f 302/637/516 301/731/611 308/635/515
f 308/635/573 301/731/611 309/732/612
f 308/635/515 309/732/612 307/634/514
f 307/634/514 309/732/612 306/733/615
f 307/634/514 306/733/613 316/632/513
f 316/632/513 306/733/615 315/493/334
f 316/632/513 315/493/334 321/495/338
f 940/1/626 1015/2/627 939/3/628
f 939/3/628 1015/2/629 977/4/628
f 939/5/628 977/6/628 978/7/630
f 1015/2/629 940/1/626 1014/8/631
f 1014/8/631 940/1/626 941/9/632
f 1014/8/631 941/9/632 1013/10/633
f 1013/10/633 941/9/632 942/11/634
f 1013/10/633 942/11/634 1012/12/635
f 1012/12/635 942/11/636 943/13/637
f 1012/12/635 943/13/637 1011/14/638
f 1011/14/638 943/13/637 944/15/639
f 1011/14/638 944/15/639 1010/16/640
f 1010/16/640 944/15/639 945/17/641
f 1010/16/640 945/17/642 1009/18/643
f 1009/18/643 945/17/641 946/19/644
f 1009/18/643 946/19/644 1008/20/645
f 1008/20/646 946/19/644 947/21/647
f 1008/20/645 947/21/647 1007/22/648
f 1007/22/649 947/21/647 948/23/650
f 1007/22/649 948/23/650 1006/24/651
f 1006/24/651 948/23/650 949/25/652
f 1006/24/651 949/25/652 1005/26/653
f 1005/26/653 949/25/652 950/27/654
f 1005/26/655 950/27/654 1004/28/656
f 1004/28/656 950/27/654 951/29/657
f 1004/28/656 951/29/658 1003/30/659
f 1003/30/660 951/29/657 952/31/661
f 1003/30/659 952/31/661 1002/32/662
f 1002/32/662 952/31/661 953/33/663
f 1002/32/662 953/33/663 1001/34/664
f 1001/34/664 953/33/663 954/35/665
f 1001/34/664 954/35/665 1000/36/666
f 1000/36/666 954/35/665 955/37/667
f 1000/36/666 955/37/668 999/38/669
f 999/38/669 955/37/667 956/39/670
f 999/38/669 956/39/670 998/40/671
f 998/40/671 956/39/670 957/41/672
f 998/40/671 957/41/672 997/42/673
f 997/42/673 957/41/672 958/43/674
f 997/42/673 958/43/674 996/44/675
f 996/44/675 958/43/674 959/45/676
f 996/44/675 959/45/676 995/46/677
f 995/46/678 959/45/676 960/47/679
f 995/46/678 960/47/679 994/48/680
f 994/48/680 960/47/679 961/49/681
f 994/48/680 961/49/681 993/50/682
f 993/50/682 961/49/681 962/51/683
f 993/50/682 962/51/683 992/52/684
f 992/52/684 962/51/683 963/53/685
f 992/52/684 963/53/685 991/54/686
f 991/54/686 963/53/685 964/55/687
f 991/54/686 964/55/688 990/56/689
f 990/56/690 964/55/688 965/57/691
f 990/56/690 965/57/691 989/58/692
f 989/58/692 965/57/693 966/59/694
f 989/58/692 966/59/694 988/60/695
f 988/60/695 966/59/694 967/61/696
f 988/60/695 967/61/696 987/62/697
f 987/62/697 967/61/696 968/63/698
f 987/62/697 968/63/698 986/64/699
f 986/64/700 968/63/698 969/65/701
f 986/64/700 969/65/701 985/66/702
f 985/66/702 969/65/701 970/67/703
f 985/66/702 970/67/704 984/68/705
f 984/68/705 970/67/703 971/69/706
f 984/68/705 971/69/706 983/70/707
f 983/70/707 971/69/708 972/71/709
f 983/70/707 972/71/709 982/72/710
f 982/72/710 972/71/709 973/73/711
f 982/72/710 973/73/711 981/74/712
f 981/74/712 973/73/711 974/75/713
f 981/74/712 974/75/714 980/76/715
f 980/76/715 974/75/714 975/77/716
f 980/76/715 975/77/716 979/78/717
f 979/78/717 975/77/716 976/79/718
f 979/78/717 976/79/718 978/7/630
f 978/7/719 976/79/718 939/5/628
f 1017/80/286 959/81/286 1016/82/286
f 1016/82/286 959/81/286 958/83/286
f 1016/82/286 958/83/286 957/84/286
f 959/81/286 1017/80/286 960/85/286
f 960/85/286 1017/80/286 1018/86/286
f 960/85/286 1018/86/286 961/87/286
f 961/87/286 1018/86/286 962/88/286
f 962/88/286 1018/86/286 1019/89/286
f 962/88/286 1019/89/286 963/90/286
f 963/90/286 1019/89/286 1020/91/286
f 963/90/286 1020/91/286 964/92/286
f 964/92/286 1020/91/286 965/93/286
f 965/93/286 1020/91/286 1021/94/286
f 965/93/286 1021/94/286 966/95/286
f 966/95/286 1021/94/286 967/96/286
f 967/96/286 1021/94/286 1022/97/286
f 967/96/286 1022/97/286 968/98/286
f 968/98/286 1022/97/286 1023/99/286
f 968/98/286 1023/99/286 969/100/286
f 969/100/286 1023/99/286 970/101/286
f 970/101/286 1023/99/286 1024/102/286
f 970/101/286 1024/102/286 971/103/286
f 971/103/286 1024/102/286 972/104/286
f 972/104/286 1024/102/286 1025/105/286
f 972/104/286 1025/105/286 973/106/286
f 973/106/286 1025/105/286 1026/107/286
f 973/106/286 1026/107/286 974/108/286
f 974/108/286 1026/107/286 975/109/286
f 975/109/286 1026/107/286 1027/110/286
f 975/109/286 1027/110/286 976/111/286
f 976/111/286 1027/110/286 1028/112/286
f 976/111/286 1028/112/286 939/113/286
f 939/113/286 1028/112/286 940/114/286
f 940/114/286 1028/112/286 1029/115/286
f 940/114/286 1029/115/286 941/116/286
f 941/116/286 1029/115/286 942/117/286
f 942/117/286 1029/115/286 1030/118/286
f 942/117/286 1030/118/286 943/119/286
f 943/119/286 1030/118/286 1031/120/286
f 943/119/286 1031/120/286 944/121/286
f 944/121/286 1031/120/286 945/122/286
f 945/122/286 1031/120/286 1032/123/286
f 945/122/286 1032/123/286 946/124/286
f 946/124/720 1032/123/720 1033/125/720
f 946/124/286 1033/125/286 947/126/286
f 947/126/286 1033/125/286 948/127/286
f 948/127/721 1033/125/721 1034/128/721
f 948/127/286 1034/128/286 949/129/286
f 949/129/720 1034/128/720 1035/130/720
f 949/129/286 1035/130/286 950/131/286
f 950/131/286 1035/130/286 951/132/286
f 951/132/721 1035/130/721 1036/133/721
f 951/132/286 1036/133/286 952/134/286
f 952/134/286 1036/133/286 1037/135/286
f 952/134/286 1037/135/286 953/136/286
f 953/136/286 1037/135/286 954/137/286
f 954/137/286 1037/135/286 1038/138/286
f 954/137/286 1038/138/286 955/139/286
f 955/139/286 1038/138/286 1039/140/286
f 955/139/286 1039/140/286 956/141/286
f 956/141/286 1039/140/286 957/84/286
f 957/84/286 1039/140/286 1016/82/286
f 1041/142/105 1080/143/104 1040/144/103
f 1040/144/103 1080/143/104 1079/145/102
f 1040/144/103 1079/145/102 1078/146/101
f 1078/146/225 1079/145/102 1117/147/224
f 1078/146/225 1117/147/224 1077/148/223
f 1077/148/223 1117/147/224 1116/149/221
f 1077/148/223 1116/149/221 1076/150/220
f 1076/150/220 1116/149/221 1115/151/217
f 1076/150/220 1115/151/226 1075/152/218
f 1075/152/216 1115/151/217 1114/153/213
f 1075/152/215 1114/153/213 1074/154/211
f 1074/154/211 1114/153/213 1113/155/212
f 1074/154/211 1113/155/210 1073/156/209
f 1073/156/209 1113/155/210 1112/157/208
f 1073/156/209 1112/157/208 1072/158/207
f 1072/158/207 1112/157/208 1111/159/204
f 1072/158/206 1111/159/204 1071/160/202
f 1071/160/202 1111/159/204 1110/161/200
f 1071/160/202 1110/161/722 1070/162/199
f 1070/162/199 1110/161/200 1109/163/197
f 1070/162/199 1109/163/723 1069/164/195
f 1069/164/724 1109/163/197 1108/165/194
f 1069/164/195 1108/165/194 1068/166/192
f 1068/166/228 1108/165/194 1107/167/190
f 1068/166/192 1107/167/229 1067/168/187
f 1067/168/187 1107/167/190 1106/169/189
f 1067/168/187 1106/169/186 1066/170/185
f 1066/170/185 1106/169/186 1105/171/184
f 1066/170/185 1105/171/184 1065/172/183
f 1065/172/183 1105/171/184 1104/173/181
f 1065/172/182 1104/173/181 1064/174/178
f 1064/174/178 1104/173/181 1103/175/180
f 1064/174/178 1103/175/177 1063/176/175
f 1063/176/175 1103/175/176 1102/177/174
f 1063/176/175 1102/177/174 1062/178/172
f 1062/178/172 1102/177/173 1101/179/171
f 1062/178/172 1101/179/171 1061/180/170
f 1061/180/170 1101/179/171 1100/181/169
f 1061/180/170 1100/181/169 1060/182/167
f 1060/182/167 1100/181/168 1099/183/166
f 1060/182/167 1099/183/166 1059/184/164
f 1059/185/164 1099/186/166 1098/187/165
f 1059/185/164 1098/187/162 1058/188/161
f 1058/188/161 1098/187/162 1097/189/160
f 1058/188/161 1097/189/160 1057/190/158
f 1057/190/158 1097/189/160 1096/191/159
f 1057/190/158 1096/191/232 1056/192/155
f 1056/192/155 1096/191/157 1095/193/156
f 1056/192/155 1095/193/154 1055/194/152
f 1055/194/152 1095/193/153 1094/195/150
f 1055/194/152 1094/195/150 1054/196/151
f 1054/196/148 1094/195/150 1093/197/146
f 1054/196/148 1093/197/146 1053/198/145
f 1053/198/145 1093/197/146 1092/199/144
f 1053/198/145 1092/199/144 1052/200/141
f 1052/200/141 1092/199/143 1091/201/140
f 1052/200/141 1091/201/725 1051/202/138
f 1051/202/237 1091/201/140 1090/203/137
f 1051/202/138 1090/203/137 1050/204/135
f 1050/204/238 1090/203/137 1089/205/133
f 1050/204/135 1089/205/239 1049/206/132
f 1049/206/132 1089/205/133 1088/207/130
f 1049/206/132 1088/207/726 1048/208/129
f 1048/208/129 1088/207/130 1087/209/126
f 1048/208/129 1087/209/126 1047/210/127
f 1047/210/125 1087/209/126 1086/211/124
f 1047/210/125 1086/211/124 1046/212/122
f 1046/212/122 1086/211/124 1085/213/121
f 1046/212/122 1085/213/241 1045/214/119
f 1045/214/119 1085/213/120 1084/215/116
f 1045/214/119 1084/215/116 1044/216/117
f 1044/216/115 1084/215/116 1083/217/113
f 1044/216/114 1083/217/113 1043/218/112
f 1043/218/112 1083/217/113 1082/219/110
f 1043/218/111 1082/219/110 1042/220/109
f 1042/220/109 1082/219/110 1081/221/107
f 1042/220/109 1081/221/107 1041/142/106
f 1041/142/106 1081/221/107 1080/143/104
f 1015/222/101 1079/145/102 977/83/103
f 977/83/103 1079/145/102 1080/143/104
f 977/83/103 1080/143/104 978/223/105
f 978/223/106 1080/143/104 1081/221/107
f 978/223/106 1081/221/107 979/224/109
f 979/224/109 1081/221/107 1082/219/110
f 979/224/109 1082/219/727 980/225/111
f 980/225/112 1082/219/110 1083/217/113
f 980/225/112 1083/217/113 981/226/114
f 981/226/115 1083/217/113 1084/215/116
f 981/226/117 1084/215/116 982/227/119
f 982/227/119 1084/215/116 1085/213/120
f 982/227/119 1085/213/728 983/228/122
f 983/228/123 1085/213/121 1086/211/124
f 983/228/122 1086/211/124 984/229/125
f 984/229/125 1086/211/124 1087/209/126
f 984/229/127 1087/209/128 985/230/129
f 985/230/129 1087/209/126 1088/207/130
f 985/230/129 1088/207/131 986/231/132
f 986/231/132 1088/207/130 1089/205/133
f 986/231/132 1089/205/134 987/232/135
f 987/232/136 1089/205/133 1090/203/729
f 987/232/135 1090/203/137 988/233/138
f 988/233/139 1090/203/137 1091/201/140
f 988/233/138 1091/201/140 989/234/141
f 989/234/142 1091/201/140 1092/199/143
f 989/234/141 1092/199/144 990/235/145
f 990/235/145 1092/199/144 1093/197/146
f 990/235/145 1093/197/146 991/236/148
f 991/236/149 1093/197/146 1094/195/150
f 991/236/151 1094/195/150 992/237/152
f 992/237/152 1094/195/150 1095/193/153
f 992/237/152 1095/193/154 993/238/155
f 993/238/155 1095/193/156 1096/191/157
f 993/238/155 1096/191/157 994/239/158
f 994/239/158 1096/191/159 1097/189/160
f 994/239/158 1097/189/160 995/240/161
f 995/240/161 1097/189/160 1098/187/162
f 995/240/161 1098/187/162 996/241/164
f 996/241/164 1098/187/165 1099/186/166
f 996/241/164 1099/186/166 997/242/167
f 997/243/167 1099/183/166 1100/181/168
f 997/243/167 1100/181/169 998/244/170
f 998/244/170 1100/181/169 1101/179/171
f 998/244/170 1101/179/171 999/245/172
f 999/245/172 1101/179/171 1102/177/174
f 999/245/172 1102/177/730 1000/246/175
f 1000/246/175 1102/177/174 1103/175/176
f 1000/246/175 1103/175/177 1001/247/178
f 1001/247/178 1103/175/180 1104/173/181
f 1001/247/178 1104/173/181 1002/248/182
f 1002/248/731 1104/173/181 1105/171/184
f 1002/248/183 1105/171/184 1003/249/185
f 1003/249/185 1105/171/184 1106/169/186
f 1003/249/185 1106/169/186 1004/250/187
f 1004/250/188 1106/169/189 1107/167/190
f 1004/250/187 1107/167/190 1005/251/192
f 1005/251/193 1107/167/190 1108/165/194
f 1005/251/192 1108/165/194 1006/252/195
f 1006/252/732 1108/165/194 1109/163/197
f 1006/252/195 1109/163/733 1007/253/199
f 1007/253/199 1109/163/197 1110/161/200
f 1007/253/199 1110/161/201 1008/254/202
f 1008/254/202 1110/161/200 1111/159/204
f 1008/254/202 1111/159/205 1009/255/206
f 1009/255/207 1111/159/204 1112/157/208
f 1009/255/207 1112/157/208 1010/256/209
f 1010/256/209 1112/157/208 1113/155/210
f 1010/256/209 1113/155/734 1011/257/211
f 1011/257/211 1113/155/212 1114/153/213
f 1011/257/211 1114/153/213 1012/258/215
f 1012/258/216 1114/153/213 1115/151/217
f 1012/258/218 1115/151/217 1013/259/220
f 1013/259/735 1115/151/217 1116/149/221
f 1013/259/222 1116/149/736 1014/260/223
f 1014/260/223 1116/149/221 1117/147/224
f 1014/260/223 1117/147/224 1015/222/225
f 1015/222/225 1117/147/224 1079/145/102
f 1039/261/737 1141/262/737 1016/263/628
f 1016/263/628 1141/262/737 1118/264/628
f 1016/263/628 1118/264/628 1017/265/738
f 1017/265/738 1118/264/628 1119/266/738
f 1017/265/738 1119/266/738 1018/267/739
f 1018/267/739 1119/266/738 1120/268/740
f 1018/267/740 1120/268/740 1019/269/741
f 1019/269/741 1120/268/740 1121/270/741
f 1019/269/741 1121/270/741 1020/271/742
f 1020/271/743 1121/270/741 1122/272/743
f 1020/271/742 1122/272/742 1021/273/744
f 1021/273/744 1122/272/743 1123/274/744
f 1021/273/744 1123/274/744 1022/275/745
f 1022/275/745 1123/274/744 1124/276/745
f 1022/275/745 1124/276/745 1023/277/746
f 1023/277/746 1124/276/745 1125/278/746
f 1023/277/746 1125/278/746 1024/279/659
f 1024/279/660 1125/278/746 1126/280/660
f 1024/279/660 1126/280/660 1025/281/747
f 1025/281/747 1126/280/659 1127/282/747
f 1025/281/747 1127/282/747 1026/283/748
f 1026/283/748 1127/282/747 1128/284/748
f 1026/283/749 1128/284/748 1027/285/750
f 1027/285/750 1128/284/749 1129/286/750
f 1027/285/750 1129/286/750 1028/287/674
f 1028/287/674 1129/286/750 1130/288/674
f 1028/289/674 1130/290/674 1029/291/751
f 1029/291/751 1130/290/674 1131/292/751
f 1029/291/751 1131/292/751 1030/293/752
f 1030/293/753 1131/292/751 1132/294/753
f 1030/293/753 1132/294/753 1031/295/754
f 1031/295/754 1132/294/753 1133/296/754
f 1031/295/754 1133/296/754 1032/297/690
f 1032/297/689 1133/296/754 1134/298/689
f 1032/297/690 1134/298/690 1033/299/755
f 1033/299/755 1134/298/690 1135/300/755
f 1033/299/755 1135/300/755 1034/301/756
f 1034/301/756 1135/300/755 1136/302/756
f 1034/301/756 1136/302/756 1035/303/757
f 1035/303/757 1136/302/756 1137/304/757
f 1035/303/757 1137/304/757 1036/305/758
f 1036/305/758 1137/304/757 1138/306/758
f 1036/305/759 1138/306/759 1037/307/760
f 1037/307/760 1138/306/758 1139/308/760
f 1037/307/760 1139/308/760 1038/309/761
f 1038/309/761 1139/308/760 1140/310/761
f 1038/309/762 1140/310/762 1039/261/737
f 1039/261/737 1140/310/762 1141/262/737
f 1141/311/269 1165/312/269 1118/313/103
f 1118/313/103 1165/312/269 1142/314/103
f 1118/313/103 1142/314/103 1119/315/268
f 1119/315/268 1142/314/103 1143/316/268
f 1119/315/268 1143/316/268 1120/317/285
f 1120/317/285 1143/316/268 1144/318/285
f 1120/317/285 1144/318/285 1121/319/284
f 1121/319/284 1144/318/285 1145/320/284
f 1121/319/284 1145/320/284 1122/321/208
f 1122/321/208 1145/320/284 1146/322/208
f 1122/321/208 1146/322/208 1123/323/283
f 1123/323/283 1146/322/208 1147/324/283
f 1123/323/283 1147/324/283 1124/325/282
f 1124/325/282 1147/324/283 1148/326/282
f 1124/325/282 1148/326/282 1125/327/281
f 1125/327/281 1148/326/282 1149/328/281
f 1125/327/281 1149/328/281 1126/329/185
f 1126/329/185 1149/328/281 1150/330/185
f 1126/329/185 1150/330/185 1127/331/280
f 1127/331/280 1150/330/185 1151/332/280
f 1127/331/280 1151/332/280 1128/333/279
f 1128/333/279 1151/332/280 1152/334/279
f 1128/333/279 1152/334/279 1129/335/278
f 1129/335/278 1152/334/279 1153/336/278
f 1129/335/278 1153/336/278 1130/337/166
f 1130/337/166 1153/336/278 1154/338/166
f 1130/339/166 1154/340/166 1131/341/277
f 1131/341/277 1154/340/166 1155/342/277
f 1131/341/277 1155/342/277 1132/343/276
f 1132/343/276 1155/342/277 1156/344/276
f 1132/343/276 1156/344/276 1133/345/275
f 1133/345/275 1156/344/276 1157/346/275
f 1133/345/275 1157/346/275 1134/347/145
f 1134/347/145 1157/346/275 1158/348/145
f 1134/347/145 1158/348/145 1135/349/274
f 1135/349/274 1158/348/145 1159/350/274
f 1135/349/274 1159/350/274 1136/351/273
f 1136/351/273 1159/350/274 1160/352/273
f 1136/351/273 1160/352/273 1137/353/272
f 1137/353/272 1160/352/273 1161/354/272
f 1137/353/272 1161/354/272 1138/355/124
f 1138/355/124 1161/354/272 1162/356/124
f 1138/355/124 1162/356/124 1139/357/271
f 1139/357/271 1162/356/124 1163/358/271
f 1139/357/271 1163/358/271 1140/359/270
f 1140/359/270 1163/358/271 1164/360/270
f 1140/359/270 1164/360/270 1141/311/269
f 1141/311/269 1164/360/270 1165/312/269
f 1165/361/286 1155/362/286 1142/363/286
f 1142/363/286 1155/362/286 1154/364/286
f 1142/363/286 1154/364/286 1143/365/286
f 1143/365/286 1154/364/286 1153/366/286
f 1143/365/286 1153/366/286 1144/367/286
f 1144/367/286 1153/366/286 1152/368/286
f 1144/367/286 1152/368/286 1145/369/286
f 1145/369/286 1152/368/286 1151/370/286
f 1145/369/286 1151/370/286 1146/371/286
f 1146/371/286 1151/370/286 1150/372/286
f 1146/371/286 1150/372/286 1147/373/286
f 1147/373/286 1150/372/286 1149/374/286
f 1147/373/286 1149/374/286 1148/375/286
f 1155/362/286 1165/361/286 1156/376/286
f 1156/376/286 1165/361/286 1164/377/286
f 1156/376/286 1164/377/286 1157/378/286
f 1157/378/286 1164/377/286 1163/379/286
f 1157/378/286 1163/379/286 1158/380/286
f 1158/380/286 1163/379/286 1162/381/286
f 1158/380/286 1162/381/286 1159/382/286
f 1159/382/286 1162/381/286 1161/383/286
f 1159/382/286 1161/383/286 1160/384/286
f 1041/385/100 1040/386/100 1166/387/100
f 1166/387/100 1040/386/100 1078/388/100
f 1166/387/100 1078/388/100 1200/389/100
f 1200/389/100 1078/388/100 1077/390/100
f 1200/389/100 1077/390/100 1199/391/100
f 1199/391/100 1077/390/100 1076/392/100
f 1199/391/100 1076/392/100 1198/393/100
f 1198/393/100 1076/392/100 1075/394/100
f 1198/393/100 1075/394/100 1197/395/100
f 1197/395/100 1075/394/100 1074/396/100
f 1197/395/100 1074/396/100 1196/397/100
f 1196/397/100 1074/396/100 1073/398/100
f 1196/397/100 1073/398/100 1195/399/100
f 1195/399/100 1073/398/100 1072/400/100
f 1195/399/100 1072/400/100 1194/401/100
f 1194/401/100 1072/400/100 1071/402/100
f 1194/401/100 1071/402/100 1193/403/100
f 1193/403/100 1071/402/100 1070/404/100
f 1193/403/100 1070/404/100 1192/405/100
f 1192/405/100 1070/404/100 1069/406/100
f 1192/405/100 1069/406/100 1068/407/100
f 1192/405/100 1068/407/100 1191/408/100
f 1191/408/100 1068/407/100 1067/409/100
f 1191/408/100 1067/409/100 1190/410/100
f 1190/410/100 1067/409/100 1066/411/100
f 1190/410/100 1066/411/100 1189/412/100
f 1189/412/100 1066/411/100 1065/413/100
f 1189/412/100 1065/413/100 1188/414/100
f 1188/414/100 1065/413/100 1064/415/100
f 1188/414/100 1064/415/100 1187/416/100
f 1187/416/100 1064/415/100 1063/417/100
f 1187/416/100 1063/417/100 1186/418/100
f 1186/418/100 1063/417/100 1062/419/100
f 1186/418/100 1062/419/100 1185/420/100
f 1185/420/100 1062/419/100 1061/421/100
f 1185/420/100 1061/421/100 1184/422/100
f 1184/422/100 1061/421/100 1060/423/100
f 1184/422/100 1060/423/100 1059/424/100
f 1184/422/100 1059/424/100 1183/425/100
f 1183/425/100 1059/424/100 1058/426/100
f 1183/425/100 1058/426/100 1182/427/100
f 1182/427/100 1058/426/100 1057/428/100
f 1182/427/100 1057/428/100 1181/429/100
f 1181/429/100 1057/428/100 1056/430/100
f 1181/429/100 1056/430/100 1180/431/100
f 1180/431/100 1056/430/100 1055/432/100
f 1180/431/100 1055/432/100 1179/433/100
f 1179/433/100 1055/432/100 1054/434/100
f 1179/433/100 1054/434/100 1178/435/100
f 1178/435/100 1054/434/100 1053/436/100
f 1178/435/100 1053/436/100 1177/437/100
f 1177/437/100 1053/436/100 1052/438/100
f 1177/437/100 1052/438/100 1176/439/100
f 1176/439/100 1052/438/100 1051/440/100
f 1176/439/100 1051/440/100 1175/441/100
f 1175/441/100 1051/440/100 1050/442/100
f 1175/441/100 1050/442/100 1049/443/100
f 1175/441/100 1049/443/100 1174/444/100
f 1174/444/100 1049/443/100 1048/445/100
f 1174/444/100 1048/445/100 1173/446/100
f 1173/446/100 1048/445/100 1047/447/100
f 1173/446/100 1047/447/100 1172/448/100
f 1172/448/100 1047/447/100 1046/449/100
f 1172/448/100 1046/449/100 1171/450/100
f 1171/450/100 1046/449/100 1045/451/100
f 1171/450/100 1045/451/100 1170/452/100
f 1170/452/100 1045/451/100 1044/453/100
f 1170/452/100 1044/453/100 1169/454/100
f 1169/454/100 1044/453/100 1043/455/100
f 1169/454/100 1043/455/100 1168/456/100
f 1168/456/100 1043/455/100 1042/457/100
f 1168/456/100 1042/457/100 1167/458/100
f 1167/458/100 1042/457/100 1041/385/100
f 1167/458/100 1041/385/100 1166/387/100
f 1200/459/763 1211/460/764 1166/461/765
f 1166/461/765 1211/460/766 1220/462/767
f 1166/461/765 1220/462/767 1167/463/768
f 1167/463/768 1220/462/767 1392/464/769
f 1167/463/768 1392/464/769 1168/465/770
f 1168/465/770 1392/464/769 1387/466/771
f 1168/465/770 1387/466/771 1169/467/772
f 1169/467/772 1387/466/771 1377/468/773
f 1169/467/772 1377/468/773 1170/469/774
f 1170/469/774 1377/468/773 1386/470/775
f 1170/469/774 1386/470/776 1208/471/777
f 1208/471/778 1386/470/776 1385/472/779
f 1208/471/778 1385/472/779 1373/473/780
f 1373/473/780 1385/472/779 1384/474/781
f 1373/473/780 1384/474/782 1374/475/783
f 1374/475/783 1384/474/781 1383/476/784
f 1374/475/783 1383/476/784 1375/477/785
f 1375/477/785 1383/476/784 1382/478/786
f 1375/477/785 1382/478/786 1376/479/787
f 1376/479/787 1382/478/786 1201/480/100
f 1211/460/766 1200/459/788 1221/481/789
f 1221/481/789 1200/459/763 1199/482/790
f 1221/481/789 1199/482/790 1226/483/791
f 1226/483/791 1199/482/790 1198/484/792
f 1226/483/791 1198/484/792 1231/485/793
f 1231/485/793 1198/484/792 1197/486/794
f 1231/485/793 1197/486/794 1236/487/795
f 1236/487/795 1197/486/796 1209/488/797
f 1236/487/795 1209/488/797 1249/489/798
f 1249/489/798 1209/488/799 1242/490/800
f 1249/489/798 1242/490/800 1243/491/801
f 1243/491/801 1242/490/800 1252/492/802
f 1243/491/801 1252/492/803 1253/493/804
f 1253/493/804 1252/492/802 1258/494/805
f 1253/493/804 1258/494/806 1259/495/807
f 1259/495/807 1258/494/805 1264/496/808
f 1259/495/807 1264/496/808 1201/497/100
f 1197/486/794 1196/498/809 1209/488/797
f 1209/488/799 1196/498/810 1241/499/811
f 1209/488/797 1241/499/811 1242/490/800
f 1242/490/800 1241/499/812 1251/500/813
f 1242/490/800 1251/500/813 1252/492/802
f 1252/492/802 1251/500/813 1257/501/814
f 1252/492/802 1257/501/814 1258/494/805
f 1258/494/806 1257/501/814 1263/502/815
f 1258/494/805 1263/502/816 1264/496/808
f 1264/496/808 1263/502/815 1269/503/817
f 1264/496/808 1269/503/817 1201/504/100
f 1196/498/809 1195/505/818 1241/499/811
f 1241/499/812 1195/505/818 1250/506/819
f 1241/499/811 1250/506/819 1251/500/813
f 1251/500/813 1250/506/820 1256/507/821
f 1251/500/813 1256/507/822 1257/501/814
f 1257/501/814 1256/507/822 1262/508/823
f 1257/501/824 1262/508/823 1263/502/825
f 1263/502/816 1262/508/826 1268/509/827
f 1263/502/828 1268/509/827 1269/503/817
f 1269/503/817 1268/509/827 1274/510/829
f 1269/503/830 1274/510/829 1201/511/100
f 1195/505/818 1194/512/831 1250/506/819
f 1250/506/820 1194/512/832 1255/513/833
f 1250/506/820 1255/513/833 1256/507/822
f 1256/507/821 1255/513/833 1261/514/834
f 1256/507/822 1261/514/835 1262/508/826
f 1262/508/823 1261/514/835 1267/515/836
f 1262/508/823 1267/515/836 1268/509/827
f 1268/509/827 1267/515/836 1273/516/837
f 1268/509/827 1273/516/837 1274/510/829
f 1274/510/829 1273/516/837 1279/517/838
f 1274/510/829 1279/517/838 1201/518/100
f 1194/512/832 1193/519/839 1255/513/833
f 1255/513/833 1193/519/839 1260/520/840
f 1255/513/833 1260/520/840 1261/514/835
f 1261/514/835 1260/520/840 1266/521/841
f 1261/514/835 1266/521/841 1267/515/836
f 1267/515/842 1266/521/841 1272/522/843
f 1267/515/836 1272/522/843 1273/516/837
f 1273/516/837 1272/522/843 1278/523/844
f 1273/516/837 1278/523/844 1279/517/838
f 1279/517/838 1278/523/844 1284/524/845
f 1279/517/838 1284/524/846 1201/525/100
f 1193/519/839 1192/526/847 1260/520/840
f 1260/520/840 1192/526/847 1265/527/848
f 1260/520/849 1265/527/850 1266/521/841
f 1266/521/841 1265/527/850 1271/528/851
f 1266/521/841 1271/528/851 1272/522/852
f 1272/522/843 1271/528/851 1277/529/853
f 1272/522/843 1277/529/853 1278/523/844
f 1278/523/844 1277/529/853 1283/530/854
f 1278/523/844 1283/530/855 1284/524/846
f 1284/524/846 1283/530/855 1289/531/856
f 1284/524/846 1289/531/856 1201/532/100
f 1192/526/847 1191/533/857 1265/527/850
f 1265/527/848 1191/533/857 1270/534/858
f 1265/527/848 1270/534/858 1271/528/851
f 1271/528/851 1270/534/858 1276/535/859
f 1271/528/860 1276/535/859 1277/529/853
f 1277/529/853 1276/535/859 1282/536/861
f 1277/529/853 1282/536/861 1283/530/854
f 1283/530/854 1282/536/861 1288/537/862
f 1283/530/854 1288/537/862 1289/531/856
f 1289/531/856 1288/537/862 1295/538/863
f 1289/531/856 1295/538/864 1201/539/100
f 1191/533/857 1190/540/865 1270/534/858
f 1270/534/858 1190/540/865 1275/541/866
f 1270/534/858 1275/541/866 1276/535/859
f 1276/535/859 1275/541/866 1281/542/867
f 1276/535/859 1281/542/867 1282/536/861
f 1282/536/861 1281/542/867 1287/543/868
f 1282/536/869 1287/543/870 1288/537/862
f 1288/537/862 1287/543/870 1296/544/871
f 1288/537/862 1296/544/871 1295/538/863
f 1295/538/863 1296/544/872 1294/545/873
f 1295/538/863 1294/545/873 1201/546/100
f 1190/540/865 1189/547/874 1275/541/866
f 1275/541/866 1189/547/874 1280/548/875
f 1275/541/866 1280/548/875 1281/542/867
f 1281/542/867 1280/548/875 1286/549/876
f 1281/542/867 1286/549/876 1287/543/870
f 1287/543/870 1286/549/876 1297/550/877
f 1287/543/870 1297/550/877 1296/544/871
f 1296/544/871 1297/550/877 1293/551/878
f 1296/544/872 1293/551/878 1294/545/879
f 1294/545/873 1293/551/878 1303/552/880
f 1294/545/873 1303/552/880 1201/553/100
f 1189/547/881 1188/554/882 1280/548/883
f 1280/548/875 1188/554/882 1285/555/884
f 1280/548/875 1285/555/884 1286/549/876
f 1286/549/876 1285/555/884 1298/556/885
f 1286/549/876 1298/556/885 1297/550/886
f 1297/550/877 1298/556/885 1292/557/887
f 1297/550/886 1292/557/887 1293/551/878
f 1293/551/878 1292/557/887 1302/558/888
f 1293/551/878 1302/558/889 1303/552/880
f 1303/552/880 1302/558/888 1308/559/890
f 1303/552/880 1308/559/890 1201/560/100
f 1285/555/884 1188/554/882 1210/561/891
f 1210/561/891 1188/554/892 1187/562/893
f 1210/561/891 1187/562/893 1290/563/894
f 1290/563/894 1187/562/893 1186/564/895
f 1290/563/894 1186/564/895 1299/565/896
f 1299/565/897 1186/564/895 1185/566/898
f 1299/565/897 1185/566/898 1304/567/899
f 1304/567/899 1185/566/898 1184/568/900
f 1304/567/899 1184/568/900 1202/569/901
f 1202/570/901 1184/571/900 1183/572/902
f 1202/570/901 1183/572/902 1309/573/903
f 1309/573/903 1183/572/902 1182/574/904
f 1309/573/903 1182/574/904 1314/575/905
f 1314/575/905 1182/574/904 1181/576/906
f 1314/575/905 1181/576/906 1319/577/907
f 1319/577/907 1181/576/906 1180/578/908
f 1319/577/907 1180/578/908 1207/579/909
f 1207/579/909 1180/578/908 1179/580/910
f 1207/579/909 1179/580/911 1337/581/912
f 1337/581/912 1179/580/913 1328/582/914
f 1337/581/912 1328/582/915 1329/583/916
f 1329/583/916 1328/582/915 1339/584/917
f 1329/583/916 1339/584/917 1340/585/918
f 1340/585/918 1339/584/917 1345/586/919
f 1340/585/918 1345/586/919 1346/587/920
f 1346/587/920 1345/586/921 1351/588/922
f 1346/587/920 1351/588/922 1352/589/923
f 1352/589/923 1351/588/922 1357/590/924
f 1352/589/925 1357/590/924 1201/591/100
f 1179/580/911 1178/592/926 1328/582/915
f 1328/582/915 1178/592/927 1338/593/928
f 1328/582/915 1338/593/928 1339/584/929
f 1339/584/917 1338/593/928 1344/594/930
f 1339/584/917 1344/594/930 1345/586/921
f 1345/586/919 1344/594/930 1350/595/931
f 1345/586/919 1350/595/931 1351/588/922
f 1351/588/922 1350/595/932 1356/596/933
f 1351/588/922 1356/596/934 1357/590/924
f 1357/590/924 1356/596/935 1362/597/936
f 1357/590/924 1362/597/936 1201/598/100
f 1178/592/927 1177/599/937 1338/593/928
f 1338/593/928 1177/599/937 1343/600/938
f 1338/593/928 1343/600/938 1344/594/939
f 1344/594/939 1343/600/938 1349/601/940
f 1344/594/939 1349/601/941 1350/595/932
f 1350/595/932 1349/601/941 1355/602/942
f 1350/595/932 1355/602/942 1356/596/933
f 1356/596/934 1355/602/942 1361/603/943
f 1356/596/933 1361/603/944 1362/597/936
f 1362/597/936 1361/603/945 1367/604/946
f 1362/597/936 1367/604/946 1201/605/100
f 1177/599/937 1176/606/947 1343/600/938
f 1343/600/938 1176/606/948 1348/607/949
f 1343/600/938 1348/607/949 1349/601/941
f 1349/601/941 1348/607/949 1354/608/950
f 1349/601/941 1354/608/950 1355/602/951
f 1355/602/951 1354/608/950 1360/609/952
f 1355/602/942 1360/609/952 1361/603/945
f 1361/603/943 1360/609/953 1366/610/954
f 1361/603/945 1366/610/954 1367/604/946
f 1367/604/946 1366/610/954 1372/611/955
f 1367/604/946 1372/611/955 1201/612/100
f 1176/606/948 1175/613/956 1348/607/957
f 1348/607/949 1175/613/956 1353/614/958
f 1348/607/957 1353/614/958 1354/608/959
f 1354/608/950 1353/614/958 1359/615/960
f 1354/608/950 1359/615/960 1360/609/953
f 1360/609/953 1359/615/961 1365/616/962
f 1360/609/952 1365/616/962 1366/610/954
f 1366/610/954 1365/616/962 1371/617/963
f 1366/610/954 1371/617/963 1372/611/955
f 1372/611/955 1371/617/963 1376/479/964
f 1372/611/955 1376/479/787 1201/618/100
f 1175/613/956 1174/619/965 1353/614/958
f 1353/614/958 1174/619/966 1358/620/967
f 1353/614/958 1358/620/968 1359/615/961
f 1359/615/961 1358/620/967 1364/621/969
f 1359/615/960 1364/621/969 1365/616/970
f 1365/616/970 1364/621/969 1370/622/971
f 1365/616/962 1370/622/971 1371/617/963
f 1371/617/963 1370/622/971 1375/477/785
f 1371/617/963 1375/477/785 1376/479/964
f 1174/619/965 1173/623/972 1358/620/967
f 1358/620/967 1173/623/972 1363/624/973
f 1358/620/967 1363/624/974 1364/621/969
f 1364/621/969 1363/624/974 1369/625/975
f 1364/621/969 1369/625/975 1370/622/971
f 1370/622/971 1369/625/975 1374/475/783
f 1370/622/971 1374/475/783 1375/477/785
f 1173/623/972 1172/626/976 1363/624/974
f 1363/624/977 1172/626/976 1368/627/978
f 1363/624/977 1368/627/979 1369/625/975
f 1369/625/975 1368/627/978 1373/473/780
f 1369/625/975 1373/473/780 1374/475/783
f 1172/626/976 1171/628/980 1368/627/978
f 1368/627/981 1171/628/980 1208/471/778
f 1368/627/978 1208/471/777 1373/473/780
f 1171/628/980 1170/469/774 1208/471/777
f 1206/629/982 1201/630/100 1308/559/890
f 1259/495/807 1201/631/100 1254/632/983
f 1254/632/983 1201/633/100 1245/634/984
f 1246/635/985 1201/636/100 1240/637/986
f 1240/637/986 1201/638/100 1235/639/987
f 1235/639/987 1201/640/100 1230/641/988
f 1230/641/988 1201/642/100 1225/643/989
f 1225/643/989 1201/644/100 1215/645/990
f 1215/645/990 1201/646/100 1216/647/991
f 1216/647/991 1201/648/100 1396/649/992
f 1396/649/992 1201/650/100 1391/651/993
f 1391/651/993 1201/652/100 1381/653/994
f 1381/653/994 1201/654/100 1382/478/786
f 1352/589/923 1201/655/100 1347/656/995
f 1347/656/995 1201/657/100 1342/658/996
f 1342/658/996 1201/659/100 1332/660/997
f 1332/660/997 1201/661/100 1333/662/998
f 1333/662/998 1201/663/100 1327/664/999
f 1327/664/1000 1201/665/100 1323/666/1001
f 1323/666/1001 1201/667/100 1318/668/1002
f 1318/668/1002 1201/669/100 1313/670/1003
f 1313/670/1003 1201/671/100 1206/672/982
f 1202/569/901 1203/673/1004 1304/567/899
f 1304/567/899 1203/673/1004 1305/674/1005
f 1304/567/899 1305/674/1005 1299/565/897
f 1299/565/897 1305/674/1005 1300/675/1006
f 1299/565/897 1300/675/1007 1290/563/894
f 1290/563/894 1300/675/1006 1291/676/1008
f 1290/563/894 1291/676/1008 1210/561/891
f 1210/561/891 1291/676/1008 1298/556/885
f 1210/561/891 1298/556/885 1285/555/884
f 1203/673/1004 1204/677/1009 1305/674/1005
f 1305/674/1005 1204/677/1009 1306/678/1010
f 1305/674/1005 1306/678/1010 1300/675/1006
f 1300/675/1007 1306/678/1010 1301/679/1011
f 1300/675/1006 1301/679/1011 1291/676/1008
f 1291/676/1008 1301/679/1011 1292/557/887
f 1291/676/1008 1292/557/887 1298/556/885
f 1203/680/1004 1202/570/901 1310/681/1012
f 1310/681/1012 1202/570/901 1309/573/1013
f 1310/681/1012 1309/573/1013 1315/682/1014
f 1315/682/1014 1309/573/1013 1314/575/905
f 1315/682/1014 1314/575/905 1320/683/1015
f 1320/683/1015 1314/575/905 1319/577/907
f 1320/683/1015 1319/577/907 1324/684/1016
f 1324/684/1016 1319/577/907 1207/579/909
f 1324/684/1016 1207/579/909 1336/685/1017
f 1336/685/1017 1207/579/909 1337/581/912
f 1336/685/1017 1337/581/912 1329/583/916
f 1204/677/1009 1205/686/1018 1306/678/1010
f 1306/678/1010 1205/686/1018 1307/687/1019
f 1306/678/1010 1307/687/1020 1301/679/1011
f 1301/679/1011 1307/687/1019 1302/558/888
f 1301/679/1011 1302/558/888 1292/557/887
f 1204/688/1009 1203/680/1004 1311/689/1021
f 1311/689/1021 1203/680/1004 1310/681/1012
f 1311/689/1021 1310/681/1012 1316/690/1022
f 1316/690/1022 1310/681/1012 1315/682/1014
f 1316/690/1022 1315/682/1023 1321/691/1024
f 1321/691/1024 1315/682/1023 1320/683/1015
f 1321/691/1024 1320/683/1015 1325/692/1025
f 1325/692/1025 1320/683/1015 1324/684/1016
f 1325/692/1025 1324/684/1016 1335/693/1026
f 1335/693/1026 1324/684/1016 1336/685/1017
f 1335/693/1026 1336/685/1017 1330/694/1027
f 1330/694/1028 1336/685/1017 1329/583/916
f 1330/694/1028 1329/583/916 1340/585/918
f 1205/686/1018 1206/629/982 1307/687/1019
f 1307/687/1019 1206/629/982 1308/559/1029
f 1307/687/1019 1308/559/890 1302/558/888
f 1205/695/1018 1204/688/1009 1312/696/1030
f 1312/696/1031 1204/688/1009 1311/689/1021
f 1312/696/1030 1311/689/1021 1317/697/1032
f 1317/697/1033 1311/689/1021 1316/690/1022
f 1317/697/1033 1316/690/1022 1322/698/1034
f 1322/698/1035 1316/690/1022 1321/691/1024
f 1322/698/1035 1321/691/1024 1326/699/1036
f 1326/699/1037 1321/691/1024 1325/692/1025
f 1326/699/1037 1325/692/1025 1334/700/1038
f 1334/700/1038 1325/692/1025 1335/693/1026
f 1334/700/1038 1335/693/1026 1331/701/1039
f 1331/701/1040 1335/693/1026 1330/694/1041
f 1331/701/1040 1330/694/1028 1341/702/1042
f 1341/702/1042 1330/694/1043 1340/585/918
f 1341/702/1042 1340/585/918 1346/587/920
f 1206/672/982 1205/695/1018 1313/670/1003
f 1313/670/1003 1205/695/1018 1312/696/1030
f 1313/670/1003 1312/696/1031 1318/668/1002
f 1318/668/1002 1312/696/1030 1317/697/1033
f 1318/668/1044 1317/697/1033 1323/666/1001
f 1323/666/1001 1317/697/1032 1322/698/1035
f 1323/666/1001 1322/698/1035 1327/664/1000
f 1327/664/1000 1322/698/1035 1326/699/1036
f 1327/664/1000 1326/699/1036 1333/662/998
f 1333/662/998 1326/699/1036 1334/700/1038
f 1333/662/998 1334/700/1038 1332/660/997
f 1332/660/997 1334/700/1038 1331/701/1040
f 1332/660/997 1331/701/1040 1342/658/996
f 1342/658/996 1331/701/1040 1341/702/1042
f 1342/658/996 1341/702/1042 1347/656/995
f 1347/656/995 1341/702/1042 1346/587/920
f 1347/656/995 1346/587/920 1352/589/925
f 1245/634/984 1201/703/100 1246/635/985
f 1211/460/766 1212/704/1045 1220/462/767
f 1220/462/767 1212/704/1045 1219/705/1046
f 1220/462/767 1219/705/1046 1392/464/769
f 1392/464/769 1219/705/1046 1393/706/1047
f 1392/464/769 1393/706/1047 1387/466/771
f 1387/466/771 1393/706/1047 1388/707/1048
f 1387/466/1049 1388/707/1048 1377/468/773
f 1377/468/773 1388/707/1048 1378/708/1050
f 1377/468/773 1378/708/1051 1386/470/776
f 1386/470/776 1378/708/1051 1385/472/779
f 1212/704/1045 1213/709/1052 1219/705/1046
f 1219/705/1046 1213/709/1052 1218/710/1053
f 1219/705/1046 1218/710/1053 1393/706/1047
f 1393/706/1047 1218/710/1053 1394/711/1054
f 1393/706/1047 1394/711/1054 1388/707/1048
f 1388/707/1048 1394/711/1054 1389/712/1055
f 1388/707/1048 1389/712/1055 1378/708/1051
f 1378/708/1050 1389/712/1055 1379/713/1056
f 1378/708/1057 1379/713/1056 1385/472/779
f 1385/472/779 1379/713/1056 1384/474/781
f 1212/704/1058 1211/460/766 1222/714/1059
f 1222/714/1059 1211/460/766 1221/481/789
f 1222/714/1059 1221/481/789 1227/715/1060
f 1227/715/1060 1221/481/789 1226/483/791
f 1227/715/1060 1226/483/791 1232/716/1061
f 1232/716/1061 1226/483/1062 1231/485/793
f 1232/716/1063 1231/485/793 1237/717/1064
f 1237/717/1064 1231/485/793 1236/487/795
f 1237/717/1064 1236/487/795 1249/489/798
f 1213/709/1052 1214/718/1065 1218/710/1053
f 1218/710/1066 1214/718/1065 1217/719/1067
f 1218/710/1053 1217/719/1067 1394/711/1054
f 1394/711/1054 1217/719/1067 1395/720/1068
f 1394/711/1054 1395/720/1068 1389/712/1055
f 1389/712/1055 1395/720/1069 1390/721/1070
f 1389/712/1055 1390/721/1071 1379/713/1056
f 1379/713/1056 1390/721/1072 1380/722/1073
f 1379/713/1056 1380/722/1073 1384/474/782
f 1384/474/781 1380/722/1073 1383/476/784
f 1213/709/1052 1212/704/1045 1223/723/1074
f 1223/723/1074 1212/704/1045 1222/714/1059
f 1223/723/1074 1222/714/1059 1228/724/1075
f 1228/724/1075 1222/714/1059 1227/715/1060
f 1228/724/1075 1227/715/1060 1233/725/1076
f 1233/725/1076 1227/715/1060 1232/716/1061
f 1233/725/1076 1232/716/1061 1238/726/1077
f 1238/726/1078 1232/716/1061 1237/717/1064
f 1238/726/1079 1237/717/1064 1248/727/1080
f 1248/727/1080 1237/717/1064 1249/489/798
f 1248/727/1080 1249/489/798 1243/491/801
f 1214/718/1065 1215/645/990 1217/719/1067
f 1217/719/1067 1215/645/1081 1216/647/1082
f 1217/719/1067 1216/647/991 1395/720/1069
f 1395/720/1069 1216/647/991 1396/649/992
f 1395/720/1068 1396/649/992 1390/721/1071
f 1390/721/1072 1396/649/992 1391/651/993
f 1390/721/1072 1391/651/993 1380/722/1073
f 1380/722/1073 1391/651/993 1381/653/994
f 1380/722/1073 1381/653/994 1383/476/784
f 1383/476/784 1381/653/994 1382/478/786
f 1214/718/1065 1213/709/1052 1224/728/1083
f 1224/728/1083 1213/709/1052 1223/723/1074
f 1224/728/1084 1223/723/1074 1229/729/1085
f 1229/729/1086 1223/723/1074 1228/724/1075
f 1229/729/1086 1228/724/1075 1234/730/1087
f 1234/730/1087 1228/724/1075 1233/725/1076
f 1234/730/1087 1233/725/1076 1239/731/1088
f 1239/731/1088 1233/725/1076 1238/726/1078
f 1239/731/1088 1238/726/1078 1247/732/1089
f 1247/732/1089 1238/726/1078 1248/727/1080
f 1247/732/1089 1248/727/1090 1244/733/1091
f 1244/733/1092 1248/727/1090 1243/491/801
f 1244/733/1091 1243/491/801 1253/493/804
f 1215/645/1081 1214/718/1065 1225/643/989
f 1225/643/989 1214/718/1065 1224/728/1083
f 1225/643/1093 1224/728/1083 1230/641/988
f 1230/641/988 1224/728/1084 1229/729/1094
f 1230/641/988 1229/729/1085 1235/639/987
f 1235/639/987 1229/729/1085 1234/730/1087
f 1235/639/987 1234/730/1087 1240/637/986
f 1240/637/986 1234/730/1087 1239/731/1088
f 1240/637/986 1239/731/1088 1246/635/985
f 1246/635/1095 1239/731/1088 1247/732/1089
f 1246/635/985 1247/732/1089 1245/634/984
f 1245/634/984 1247/732/1089 1244/733/1092
f 1245/634/984 1244/733/1092 1254/632/983
f 1254/632/983 1244/733/1092 1253/493/804
f 1254/632/983 1253/493/804 1259/495/807
usemtl Stainless_Steel_-_Satin.002
f 460/734/278 525/735/278 459/736/166
f 459/736/166 525/735/278 507/737/166
f 459/738/166 507/739/166 482/740/277
f 482/740/277 507/739/166 921/741/277
f 482/740/277 921/741/277 481/742/276
f 481/742/276 921/741/277 903/743/276
f 481/742/276 903/743/276 480/744/275
f 480/744/275 903/743/276 885/745/275
f 480/744/275 885/745/275 479/746/145
f 479/746/145 885/745/275 867/747/145
f 479/746/145 867/747/145 478/748/274
f 478/748/274 867/747/145 849/749/274
f 478/748/274 849/749/274 477/750/273
f 477/750/273 849/749/274 831/751/273
f 477/750/273 831/751/273 476/752/272
f 476/752/272 831/751/273 813/753/272
f 476/752/272 813/753/272 475/754/124
f 475/754/124 813/753/272 795/755/124
f 475/754/124 795/755/124 474/756/271
f 474/756/271 795/755/124 777/757/271
f 474/756/271 777/757/271 473/758/270
f 473/758/270 777/757/271 759/759/270
f 473/758/270 759/759/270 472/760/269
f 472/760/269 759/759/270 741/761/269
f 472/760/269 741/761/269 471/762/103
f 471/762/103 741/761/269 723/763/103
f 471/762/103 723/763/103 470/764/268
f 470/764/268 723/763/103 705/765/268
f 470/764/268 705/765/268 469/766/285
f 469/766/285 705/765/268 687/767/285
f 469/766/285 687/767/285 468/768/284
f 468/768/284 687/767/285 669/769/284
f 468/768/284 669/769/284 467/770/616
f 467/770/208 669/769/284 651/771/208
f 467/770/208 651/771/208 466/772/283
f 466/772/283 651/771/208 633/773/283
f 466/772/283 633/773/283 465/774/282
f 465/774/282 633/773/283 615/775/282
f 465/774/282 615/775/282 464/776/281
f 464/776/281 615/775/282 597/777/281
f 464/776/281 597/777/281 463/778/185
f 463/778/185 597/777/281 579/779/185
f 463/778/185 579/779/185 462/780/280
f 462/780/280 579/779/185 561/781/280
f 462/780/280 561/781/280 461/782/279
f 461/782/279 561/781/280 543/783/279
f 461/782/279 543/783/279 460/734/278
f 460/734/278 543/783/279 525/735/278
f 484/784/277 938/785/277 483/786/166
f 483/786/166 938/785/277 524/787/166
f 483/788/166 524/789/166 506/790/278
f 506/790/278 524/789/166 542/791/278
f 506/790/278 542/791/278 505/792/279
f 505/792/279 542/791/278 560/793/279
f 505/792/279 560/793/279 504/794/280
f 504/794/280 560/793/279 578/795/280
f 504/794/280 578/795/280 503/796/185
f 503/796/185 578/795/280 596/797/185
f 503/796/185 596/797/185 502/798/281
f 502/798/281 596/797/185 614/799/281
f 502/798/281 614/799/281 501/800/282
f 501/800/282 614/799/281 632/801/282
f 501/800/282 632/801/282 500/802/283
f 500/802/283 632/801/282 650/803/283
f 500/802/283 650/803/283 499/804/208
f 499/804/208 650/803/283 668/805/208
f 499/804/208 668/805/208 498/806/284
f 498/806/284 668/805/208 686/807/284
f 498/806/284 686/807/284 497/808/617
f 497/808/285 686/807/284 704/809/285
f 497/808/285 704/809/285 496/810/268
f 496/810/268 704/809/285 722/811/268
f 496/810/268 722/811/268 495/387/103
f 495/387/103 722/811/268 740/812/103
f 495/387/103 740/812/103 494/813/269
f 494/813/269 740/812/103 758/814/269
f 494/813/269 758/814/269 493/815/270
f 493/815/270 758/814/269 776/816/270
f 493/815/270 776/816/270 492/817/271
f 492/817/271 776/816/270 794/818/271
f 492/817/271 794/818/271 491/819/124
f 491/819/124 794/818/271 812/820/124
f 491/819/124 812/820/124 490/821/272
f 490/821/272 812/820/124 830/822/272
f 490/821/272 830/822/272 489/823/273
f 489/823/273 830/822/272 848/824/273
f 489/823/273 848/824/273 488/825/274
f 488/825/274 848/824/273 866/826/274
f 488/825/274 866/826/274 487/827/145
f 487/827/145 866/826/274 884/828/145
f 487/827/145 884/828/145 486/829/275
f 486/829/275 884/828/145 902/830/275
f 486/829/275 902/830/275 485/831/276
f 485/831/276 902/830/618 920/832/276
f 485/831/276 920/832/276 484/784/277
f 484/784/277 920/832/276 938/785/277
f 507/739/166 508/833/166 921/741/277
f 921/741/277 508/833/166 922/834/277
f 921/741/277 922/834/277 903/743/276
f 903/743/276 922/834/277 904/835/276
f 903/743/276 904/835/276 885/745/275
f 885/745/275 904/835/276 886/836/275
f 885/745/275 886/836/275 867/747/145
f 867/747/145 886/836/275 868/837/145
f 867/747/145 868/837/145 849/749/274
f 849/749/274 868/837/145 850/838/274
f 849/749/274 850/838/274 831/751/273
f 831/751/273 850/838/274 832/839/273
f 831/751/273 832/839/273 813/753/272
f 813/753/272 832/839/273 814/840/272
f 813/753/272 814/840/272 795/755/124
f 795/755/124 814/840/272 796/841/124
f 795/755/124 796/841/124 777/757/271
f 777/757/271 796/841/124 778/842/271
f 777/757/271 778/842/271 759/759/270
f 759/759/270 778/842/271 760/843/270
f 759/759/270 760/843/270 741/761/269
f 741/761/269 760/843/270 742/844/269
f 741/761/269 742/844/269 723/763/103
f 723/763/103 742/844/269 724/845/103
f 723/763/103 724/845/103 705/765/268
f 705/765/268 724/845/103 706/846/268
f 705/765/268 706/846/268 687/767/285
f 687/767/285 706/846/268 688/847/285
f 687/767/285 688/847/285 669/769/284
f 669/769/284 688/847/285 670/848/284
f 669/769/284 670/848/284 651/771/208
f 651/771/208 670/848/284 652/849/208
f 651/771/208 652/849/208 633/773/283
f 633/773/283 652/849/208 634/850/283
f 633/773/283 634/850/283 615/775/282
f 615/775/282 634/850/283 616/851/282
f 615/775/282 616/851/282 597/777/281
f 597/777/281 616/851/282 598/852/281
f 597/777/281 598/852/281 579/779/185
f 579/779/185 598/852/281 580/853/185
f 579/779/185 580/853/185 561/781/280
f 561/781/280 580/853/185 562/854/280
f 561/781/280 562/854/280 543/783/279
f 543/783/279 562/854/280 544/855/279
f 543/783/279 544/855/279 525/735/278
f 525/735/278 544/855/279 526/856/278
f 525/735/278 526/856/278 507/737/166
f 507/737/166 526/856/278 508/857/166
f 508/833/166 509/858/166 922/834/277
f 922/834/277 509/858/166 923/859/277
f 922/834/277 923/859/277 904/835/276
f 904/835/276 923/859/277 905/860/276
f 904/835/276 905/860/276 886/836/275
f 886/836/275 905/860/276 887/861/275
f 886/836/275 887/861/275 868/837/145
f 868/837/145 887/861/275 869/862/145
f 868/837/145 869/862/145 850/838/274
f 850/838/274 869/862/145 851/863/274
f 850/838/274 851/863/274 832/839/273
f 832/839/273 851/863/274 833/864/273
f 832/839/273 833/864/273 814/840/272
f 814/840/272 833/864/273 815/865/272
f 814/840/272 815/865/272 796/841/124
f 796/841/124 815/865/272 797/866/124
f 796/841/124 797/866/124 778/842/271
f 778/842/271 797/866/124 779/867/271
f 778/842/271 779/867/271 760/843/270
f 760/843/270 779/867/271 761/868/270
f 760/843/270 761/868/270 742/844/269
f 742/844/269 761/868/270 743/869/269
f 742/844/269 743/869/269 724/845/103
f 724/845/103 743/869/269 725/870/103
f 724/845/103 725/870/103 706/846/268
f 706/846/268 725/870/103 707/871/268
f 706/846/268 707/871/268 688/847/285
f 688/847/285 707/871/268 689/872/285
f 688/847/285 689/872/285 670/848/284
f 670/848/284 689/872/285 671/873/284
f 670/848/284 671/873/284 652/849/616
f 652/849/208 671/873/284 653/874/208
f 652/849/208 653/874/208 634/850/283
f 634/850/283 653/874/208 635/875/283
f 634/850/283 635/875/283 616/851/282
f 616/851/282 635/875/283 617/876/282
f 616/851/282 617/876/282 598/852/281
f 598/852/281 617/876/282 599/877/281
f 598/852/281 599/877/281 580/853/185
f 580/853/185 599/877/281 581/878/185
f 580/853/185 581/878/185 562/854/280
f 562/854/280 581/878/185 563/879/280
f 562/854/280 563/879/280 544/855/279
f 544/855/279 563/879/280 545/880/279
f 544/855/279 545/880/279 526/856/278
f 526/856/278 545/880/279 527/881/278
f 526/856/278 527/881/278 508/857/166
f 508/857/166 527/881/278 509/882/166
f 509/858/166 510/883/166 923/859/277
f 923/859/277 510/883/166 924/884/277
f 923/859/277 924/884/277 905/860/276
f 905/860/276 924/884/277 906/885/276
f 905/860/276 906/885/276 887/861/275
f 887/861/275 906/885/276 888/886/275
f 887/861/275 888/886/275 869/862/145
f 869/862/145 888/886/275 870/887/145
f 869/862/145 870/887/145 851/863/274
f 851/863/274 870/887/145 852/888/274
f 851/863/274 852/888/274 833/864/273
f 833/864/273 852/888/274 834/889/273
f 833/864/273 834/889/273 815/865/272
f 815/865/272 834/889/273 816/890/272
f 815/865/272 816/890/272 797/866/124
f 797/866/124 816/890/272 798/891/124
f 797/866/124 798/891/124 779/867/271
f 779/867/271 798/891/124 780/892/271
f 779/867/271 780/892/271 761/868/270
f 761/868/270 780/892/271 762/893/270
f 761/868/270 762/893/270 743/869/269
f 743/869/269 762/893/270 744/894/269
f 743/869/269 744/894/269 725/870/103
f 725/870/103 744/894/269 726/895/103
f 725/870/103 726/895/103 707/871/268
f 707/871/268 726/895/103 708/896/268
f 707/871/268 708/896/268 689/872/285
f 689/872/285 708/896/268 690/897/285
f 689/872/285 690/897/285 671/873/284
f 671/873/284 690/897/285 672/898/284
f 671/873/284 672/898/284 653/874/208
f 653/874/208 672/898/284 654/899/208
f 653/874/208 654/899/208 635/875/283
f 635/875/283 654/899/208 636/900/283
f 635/875/283 636/900/283 617/876/282
f 617/876/282 636/900/283 618/901/282
f 617/876/282 618/901/282 599/877/281
f 599/877/281 618/901/282 600/902/281
f 599/877/281 600/902/281 581/878/185
f 581/878/185 600/902/281 582/903/185
f 581/878/185 582/903/185 563/879/280
f 563/879/280 582/903/185 564/904/280
f 563/879/280 564/904/280 545/880/279
f 545/880/279 564/904/280 546/905/279
f 545/880/279 546/905/279 527/881/278
f 527/881/278 546/905/279 528/906/278
f 527/881/278 528/906/278 509/882/166
f 509/882/166 528/906/278 510/907/166
f 510/883/166 511/908/166 924/884/277
f 924/884/277 511/908/166 925/909/277
f 924/884/277 925/909/277 906/885/276
f 906/885/276 925/909/277 907/910/276
f 906/885/276 907/910/276 888/886/275
f 888/886/275 907/910/276 889/911/275
f 888/886/275 889/911/275 870/887/145
f 870/887/145 889/911/275 871/912/145
f 870/887/145 871/912/145 852/888/274
f 852/888/274 871/912/145 853/913/274
f 852/888/274 853/913/274 834/889/273
f 834/889/273 853/913/274 835/914/273
f 834/889/273 835/914/273 816/890/272
f 816/890/272 835/914/273 817/915/272
f 816/890/272 817/915/272 798/891/124
f 798/891/124 817/915/272 799/916/124
f 798/891/124 799/916/124 780/892/271
f 780/892/271 799/916/124 781/917/271
f 780/892/271 781/917/271 762/893/270
f 762/893/270 781/917/271 763/918/270
f 762/893/270 763/918/270 744/894/269
f 744/894/269 763/918/270 745/919/269
f 744/894/269 745/919/269 726/895/103
f 726/895/103 745/919/269 727/920/103
f 726/895/103 727/920/103 708/896/268
f 708/896/268 727/920/103 709/921/268
f 708/896/268 709/921/268 690/897/285
f 690/897/285 709/921/268 691/922/285
f 690/897/285 691/922/285 672/898/284
f 672/898/284 691/922/285 673/923/284
f 672/898/284 673/923/284 654/899/208
f 654/899/208 673/923/284 655/924/208
f 654/899/208 655/924/208 636/900/283
f 636/900/283 655/924/208 637/925/283
f 636/900/283 637/925/283 618/901/282
f 618/901/282 637/925/283 619/926/282
f 618/901/282 619/926/282 600/902/281
f 600/902/281 619/926/282 601/927/281
f 600/902/281 601/927/281 582/903/185
f 582/903/185 601/927/281 583/928/185
f 582/903/185 583/928/185 564/904/280
f 564/904/280 583/928/185 565/929/280
f 564/904/280 565/929/280 546/905/279
f 546/905/279 565/929/280 547/930/279
f 546/905/279 547/930/279 528/906/278
f 528/906/278 547/930/279 529/931/278
f 528/906/278 529/931/278 510/907/166
f 510/907/166 529/931/278 511/932/166
f 511/908/166 512/933/166 925/909/277
f 925/909/277 512/933/166 926/934/277
f 925/909/277 926/934/277 907/910/276
f 907/910/276 926/934/277 908/935/276
f 907/910/276 908/935/276 889/911/275
f 889/911/275 908/935/276 890/936/275
f 889/911/275 890/936/275 871/912/145
f 871/912/145 890/936/275 872/937/145
f 871/912/145 872/937/145 853/913/274
f 853/913/274 872/937/145 854/938/274
f 853/913/274 854/938/274 835/914/273
f 835/914/273 854/938/274 836/939/273
f 835/914/273 836/939/273 817/915/272
f 817/915/272 836/939/273 818/940/272
f 817/915/272 818/940/272 799/916/124
f 799/916/124 818/940/272 800/941/124
f 799/916/124 800/941/124 781/917/271
f 781/917/271 800/941/124 782/942/271
f 781/917/271 782/942/271 763/918/270
f 763/918/270 782/942/271 764/943/270
f 763/918/270 764/943/270 745/919/269
f 745/919/269 764/943/270 746/944/269
f 745/919/269 746/944/269 727/920/103
f 727/920/103 746/944/269 728/945/103
f 727/920/103 728/945/103 709/921/268
f 709/921/268 728/945/103 710/946/268
f 709/921/268 710/946/268 691/922/285
f 691/922/285 710/946/268 692/947/285
f 691/922/285 692/947/285 673/923/284
f 673/923/284 692/947/285 674/948/284
f 673/923/284 674/948/284 655/924/208
f 655/924/208 674/948/284 656/949/208
f 655/924/208 656/949/208 637/925/283
f 637/925/283 656/949/208 638/950/283
f 637/925/283 638/950/283 619/926/282
f 619/926/282 638/950/283 620/951/282
f 619/926/282 620/951/282 601/927/281
f 601/927/281 620/951/282 602/952/281
f 601/927/281 602/952/281 583/928/185
f 583/928/185 602/952/281 584/953/185
f 583/928/185 584/953/185 565/929/280
f 565/929/280 584/953/185 566/954/280
f 565/929/280 566/954/280 547/930/279
f 547/930/279 566/954/280 548/955/279
f 547/930/279 548/955/279 529/931/278
f 529/931/278 548/955/279 530/956/278
f 529/931/278 530/956/278 511/932/166
f 511/932/166 530/956/278 512/957/166
f 512/933/166 513/958/166 926/934/277
f 926/934/277 513/958/166 927/959/277
f 926/934/277 927/959/277 908/935/276
f 908/935/276 927/959/277 909/960/276
f 908/935/276 909/960/276 890/936/275
f 890/936/275 909/960/276 891/961/275
f 890/936/275 891/961/275 872/937/145
f 872/937/145 891/961/275 873/962/145
f 872/937/145 873/962/145 854/938/274
f 854/938/274 873/962/145 855/963/274
f 854/938/274 855/963/274 836/939/273
f 836/939/273 855/963/274 837/964/273
f 836/939/273 837/964/273 818/940/272
f 818/940/272 837/964/273 819/965/272
f 818/940/272 819/965/272 800/941/124
f 800/941/124 819/965/272 801/966/124
f 800/941/124 801/966/124 782/942/271
f 782/942/271 801/966/124 783/967/271
f 782/942/271 783/967/271 764/943/270
f 764/943/270 783/967/271 765/968/270
f 764/943/270 765/968/270 746/944/269
f 746/944/269 765/968/270 747/969/269
f 746/944/269 747/969/269 728/945/103
f 728/945/103 747/969/269 729/970/103
f 728/945/103 729/970/103 710/946/268
f 710/946/268 729/970/103 711/971/268
f 710/946/268 711/971/268 692/947/285
f 692/947/285 711/971/268 693/972/285
f 692/947/285 693/972/285 674/948/284
f 674/948/284 693/972/285 675/973/284
f 674/948/284 675/973/284 656/949/208
f 656/949/208 675/973/284 657/974/208
f 656/949/208 657/974/208 638/950/283
f 638/950/283 657/974/208 639/975/283
f 638/950/283 639/975/283 620/951/282
f 620/951/282 639/975/283 621/976/282
f 620/951/282 621/976/282 602/952/281
f 602/952/281 621/976/282 603/977/281
f 602/952/281 603/977/281 584/953/185
f 584/953/185 603/977/281 585/978/185
f 584/953/185 585/978/185 566/954/280
f 566/954/280 585/978/185 567/979/280
f 566/954/280 567/979/280 548/955/279
f 548/955/279 567/979/280 549/980/279
f 548/955/279 549/980/279 530/956/278
f 530/956/278 549/980/279 531/981/278
f 530/956/278 531/981/278 512/957/166
f 512/957/166 531/981/278 513/982/166
f 513/958/166 514/983/166 927/959/277
f 927/959/277 514/983/166 928/984/277
f 927/959/277 928/984/277 909/960/276
f 909/960/276 928/984/277 910/985/276
f 909/960/276 910/985/276 891/961/275
f 891/961/275 910/985/276 892/986/275
f 891/961/275 892/986/275 873/962/145
f 873/962/145 892/986/275 874/987/145
f 873/962/145 874/987/145 855/963/274
f 855/963/274 874/987/145 856/988/274
f 855/963/274 856/988/274 837/964/273
f 837/964/273 856/988/274 838/989/273
f 837/964/273 838/989/273 819/965/272
f 819/965/272 838/989/273 820/990/272
f 819/965/272 820/990/272 801/966/124
f 801/966/124 820/990/272 802/991/124
f 801/966/124 802/991/124 783/967/271
f 783/967/271 802/991/124 784/992/271
f 783/967/271 784/992/271 765/968/270
f 765/968/270 784/992/271 766/993/270
f 765/968/270 766/993/270 747/969/269
f 747/969/269 766/993/270 748/994/269
f 747/969/269 748/994/269 729/970/103
f 729/970/103 748/994/269 730/995/103
f 729/970/103 730/995/103 711/971/268
f 711/971/268 730/995/103 712/996/268
f 711/971/268 712/996/268 693/972/285
f 693/972/285 712/996/268 694/997/285
f 693/972/285 694/997/285 675/973/284
f 675/973/284 694/997/285 676/998/284
f 675/973/284 676/998/284 657/974/208
f 657/974/208 676/998/284 658/999/208
f 657/974/208 658/999/208 639/975/283
f 639/975/283 658/999/208 640/1000/283
f 639/975/283 640/1000/283 621/976/282
f 621/976/282 640/1000/283 622/1001/282
f 621/976/282 622/1001/282 603/977/281
f 603/977/281 622/1001/282 604/1002/281
f 603/977/281 604/1002/281 585/978/185
f 585/978/185 604/1002/281 586/1003/185
f 585/978/185 586/1003/185 567/979/280
f 567/979/280 586/1003/185 568/1004/280
f 567/979/280 568/1004/280 549/980/279
f 549/980/279 568/1004/280 550/1005/279
f 549/980/279 550/1005/279 531/981/278
f 531/981/278 550/1005/279 532/1006/278
f 531/981/278 532/1006/278 513/982/166
f 513/982/166 532/1006/278 514/1007/166
f 514/983/166 515/1008/166 928/984/277
f 928/984/277 515/1008/166 929/1009/277
f 928/984/277 929/1009/277 910/985/276
f 910/985/276 929/1009/277 911/1010/276
f 910/985/276 911/1010/276 892/986/275
f 892/986/275 911/1010/276 893/1011/275
f 892/986/275 893/1011/275 874/987/145
f 874/987/145 893/1011/275 875/1012/145
f 874/987/145 875/1012/145 856/988/274
f 856/988/274 875/1012/145 857/1013/274
f 856/988/274 857/1013/274 838/989/273
f 838/989/273 857/1013/274 839/1014/273
f 838/989/273 839/1014/273 820/990/272
f 820/990/272 839/1014/273 821/1015/272
f 820/990/272 821/1015/272 802/991/124
f 802/991/124 821/1015/272 803/1016/124
f 802/991/124 803/1016/124 784/992/271
f 784/992/271 803/1016/124 785/1017/271
f 784/992/271 785/1017/271 766/993/270
f 766/993/270 785/1017/271 767/1018/270
f 766/993/270 767/1018/270 748/994/269
f 748/994/269 767/1018/270 749/1019/269
f 748/994/269 749/1019/269 730/995/103
f 730/995/103 749/1019/269 731/1020/103
f 730/995/103 731/1020/103 712/996/268
f 712/996/268 731/1020/103 713/1021/268
f 712/996/268 713/1021/268 694/997/285
f 694/997/285 713/1021/268 695/1022/285
f 694/997/285 695/1022/285 676/998/619
f 676/998/284 695/1022/285 677/1023/284
f 676/998/284 677/1023/284 658/999/208
f 658/999/208 677/1023/620 659/1024/208
f 658/999/208 659/1024/208 640/1000/283
f 640/1000/283 659/1024/208 641/1025/283
f 640/1000/283 641/1025/283 622/1001/282
f 622/1001/282 641/1025/283 623/1026/282
f 622/1001/282 623/1026/282 604/1002/281
f 604/1002/281 623/1026/282 605/1027/281
f 604/1002/281 605/1027/281 586/1003/185
f 586/1003/185 605/1027/281 587/1028/185
f 586/1003/185 587/1028/185 568/1004/280
f 568/1004/280 587/1028/185 569/1029/280
f 568/1004/280 569/1029/280 550/1005/279
f 550/1005/279 569/1029/280 551/1030/279
f 550/1005/279 551/1030/279 532/1006/278
f 532/1006/278 551/1030/279 533/1031/278
f 532/1006/278 533/1031/278 514/1007/166
f 514/1007/166 533/1031/278 515/1032/166
f 515/1008/166 516/1033/166 929/1009/277
f 929/1009/277 516/1033/166 930/1034/277
f 929/1009/277 930/1034/277 911/1010/276
f 911/1010/276 930/1034/277 912/1035/276
f 911/1010/276 912/1035/276 893/1011/275
f 893/1011/275 912/1035/276 894/1036/275
f 893/1011/275 894/1036/275 875/1012/145
f 875/1012/145 894/1036/275 876/1037/145
f 875/1012/145 876/1037/145 857/1013/274
f 857/1013/274 876/1037/145 858/1038/274
f 857/1013/274 858/1038/274 839/1014/273
f 839/1014/273 858/1038/274 840/1039/273
f 839/1014/273 840/1039/273 821/1015/272
f 821/1015/272 840/1039/273 822/1040/272
f 821/1015/272 822/1040/272 803/1016/124
f 803/1016/124 822/1040/272 804/1041/124
f 803/1016/124 804/1041/124 785/1017/271
f 785/1017/271 804/1041/124 786/1042/271
f 785/1017/271 786/1042/271 767/1018/270
f 767/1018/270 786/1042/271 768/1043/270
f 767/1018/270 768/1043/270 749/1019/269
f 749/1019/269 768/1043/270 750/1044/269
f 749/1019/269 750/1044/269 731/1020/103
f 731/1020/103 750/1044/269 732/1045/103
f 731/1020/103 732/1045/103 713/1021/268
f 713/1021/268 732/1045/103 714/1046/268
f 713/1021/268 714/1046/268 695/1022/285
f 695/1022/285 714/1046/268 696/1047/285
f 695/1022/285 696/1047/285 677/1023/284
f 677/1023/284 696/1047/285 678/1048/284
f 677/1023/284 678/1048/284 659/1024/208
f 659/1024/208 678/1048/284 660/1049/208
f 659/1024/208 660/1049/208 641/1025/283
f 641/1025/283 660/1049/208 642/1050/283
f 641/1025/283 642/1050/283 623/1026/282
f 623/1026/282 642/1050/283 624/1051/282
f 623/1026/282 624/1051/282 605/1027/281
f 605/1027/281 624/1051/282 606/1052/281
f 605/1027/281 606/1052/281 587/1028/185
f 587/1028/185 606/1052/281 588/1053/185
f 587/1028/185 588/1053/185 569/1029/280
f 569/1029/280 588/1053/185 570/1054/280
f 569/1029/280 570/1054/280 551/1030/279
f 551/1030/279 570/1054/280 552/1055/279
f 551/1030/279 552/1055/279 533/1031/278
f 533/1031/278 552/1055/279 534/1056/278
f 533/1031/278 534/1056/278 515/1032/166
f 515/1032/166 534/1056/278 516/1057/166
f 516/1033/166 517/1058/166 930/1034/277
f 930/1034/277 517/1058/166 931/1059/277
f 930/1034/277 931/1059/277 912/1035/276
f 912/1035/276 931/1059/277 913/1060/276
f 912/1035/276 913/1060/276 894/1036/275
f 894/1036/275 913/1060/276 895/1061/275
f 894/1036/275 895/1061/275 876/1037/145
f 876/1037/145 895/1061/275 877/1062/145
f 876/1037/145 877/1062/145 858/1038/274
f 858/1038/274 877/1062/145 859/1063/274
f 858/1038/274 859/1063/274 840/1039/273
f 840/1039/273 859/1063/274 841/1064/273
f 840/1039/273 841/1064/273 822/1040/272
f 822/1040/272 841/1064/273 823/1065/272
f 822/1040/272 823/1065/272 804/1041/124
f 804/1041/124 823/1065/272 805/1066/124
f 804/1041/124 805/1066/124 786/1042/271
f 786/1042/271 805/1066/124 787/1067/271
f 786/1042/271 787/1067/271 768/1043/270
f 768/1043/270 787/1067/621 769/1068/270
f 768/1043/270 769/1068/270 750/1044/269
f 750/1044/269 769/1068/270 751/1069/269
f 750/1044/269 751/1069/269 732/1045/103
f 732/1045/103 751/1069/269 733/1070/103
f 732/1045/103 733/1070/103 714/1046/268
f 714/1046/268 733/1070/103 715/1071/268
f 714/1046/268 715/1071/268 696/1047/285
f 696/1047/285 715/1071/268 697/1072/285
f 696/1047/285 697/1072/285 678/1048/284
f 678/1048/284 697/1072/285 679/1073/284
f 678/1048/284 679/1073/284 660/1049/208
f 660/1049/208 679/1073/284 661/1074/208
f 660/1049/208 661/1074/208 642/1050/283
f 642/1050/283 661/1074/208 643/1075/283
f 642/1050/283 643/1075/283 624/1051/282
f 624/1051/282 643/1075/283 625/1076/282
f 624/1051/282 625/1076/282 606/1052/622
f 606/1052/281 625/1076/282 607/1077/281
f 606/1052/281 607/1077/281 588/1053/185
f 588/1053/185 607/1077/281 589/1078/185
f 588/1053/185 589/1078/185 570/1054/280
f 570/1054/280 589/1078/185 571/1079/280
f 570/1054/280 571/1079/280 552/1055/279
f 552/1055/279 571/1079/280 553/1080/279
f 552/1055/279 553/1080/279 534/1056/278
f 534/1056/278 553/1080/279 535/1081/278
f 534/1056/278 535/1081/278 516/1057/166
f 516/1057/166 535/1081/278 517/1082/166
f 517/1058/166 518/1083/166 931/1059/277
f 931/1059/277 518/1083/166 932/1084/277
f 931/1059/277 932/1084/277 913/1060/276
f 913/1060/276 932/1084/277 914/1085/276
f 913/1060/276 914/1085/276 895/1061/275
f 895/1061/275 914/1085/276 896/1086/275
f 895/1061/275 896/1086/275 877/1062/145
f 877/1062/145 896/1086/275 878/1087/145
f 877/1062/145 878/1087/145 859/1063/274
f 859/1063/274 878/1087/145 860/1088/274
f 859/1063/274 860/1088/274 841/1064/273
f 841/1064/273 860/1088/274 842/1089/273
f 841/1064/273 842/1089/273 823/1065/272
f 823/1065/272 842/1089/273 824/1090/272
f 823/1065/272 824/1090/272 805/1066/124
f 805/1066/124 824/1090/272 806/1091/124
f 805/1066/124 806/1091/124 787/1067/271
f 787/1067/271 806/1091/124 788/1092/271
f 787/1067/271 788/1092/271 769/1068/270
f 769/1068/270 788/1092/271 770/1093/270
f 769/1068/270 770/1093/270 751/1069/269
f 751/1069/269 770/1093/270 752/1094/269
f 751/1069/269 752/1094/269 733/1070/103
f 733/1070/103 752/1094/269 734/1095/103
f 733/1070/103 734/1095/103 715/1071/268
f 715/1071/268 734/1095/103 716/1096/268
f 715/1071/268 716/1096/268 697/1072/285
f 697/1072/285 716/1096/268 698/1097/285
f 697/1072/285 698/1097/285 679/1073/619
f 679/1073/284 698/1097/285 680/1098/284
f 679/1073/284 680/1098/284 661/1074/208
f 661/1074/208 680/1098/620 662/1099/208
f 661/1074/208 662/1099/208 643/1075/283
f 643/1075/283 662/1099/208 644/1100/283
f 643/1075/283 644/1100/283 625/1076/282
f 625/1076/282 644/1100/283 626/1101/282
f 625/1076/282 626/1101/282 607/1077/281
f 607/1077/281 626/1101/282 608/1102/281
f 607/1077/281 608/1102/281 589/1078/185
f 589/1078/185 608/1102/281 590/1103/185
f 589/1078/185 590/1103/185 571/1079/280
f 571/1079/280 590/1103/185 572/1104/280
f 571/1079/280 572/1104/280 553/1080/279
f 553/1080/279 572/1104/280 554/1105/279
f 553/1080/279 554/1105/279 535/1081/278
f 535/1081/278 554/1105/279 536/1106/278
f 535/1081/278 536/1106/278 517/1082/166
f 517/1082/166 536/1106/278 518/1107/166
f 518/1083/166 519/1108/166 932/1084/277
f 932/1084/277 519/1108/166 933/1109/277
f 932/1084/277 933/1109/277 914/1085/276
f 914/1085/276 933/1109/277 915/1110/276
f 914/1085/276 915/1110/276 896/1086/275
f 896/1086/275 915/1110/276 897/1111/275
f 896/1086/275 897/1111/275 878/1087/145
f 878/1087/145 897/1111/275 879/1112/145
f 878/1087/145 879/1112/145 860/1088/274
f 860/1088/274 879/1112/145 861/1113/274
f 860/1088/274 861/1113/274 842/1089/273
f 842/1089/273 861/1113/274 843/1114/273
f 842/1089/273 843/1114/273 824/1090/272
f 824/1090/272 843/1114/273 825/1115/272
f 824/1090/272 825/1115/272 806/1091/124
f 806/1091/124 825/1115/272 807/1116/124
f 806/1091/124 807/1116/124 788/1092/271
f 788/1092/271 807/1116/124 789/1117/271
f 788/1092/271 789/1117/271 770/1093/270
f 770/1093/270 789/1117/271 771/1118/270
f 770/1093/270 771/1118/270 752/1094/269
f 752/1094/269 771/1118/270 753/1119/269
f 752/1094/269 753/1119/269 734/1095/103
f 734/1095/103 753/1119/269 735/1120/103
f 734/1095/103 735/1120/103 716/1096/268
f 716/1096/268 735/1120/103 717/1121/268
f 716/1096/268 717/1121/268 698/1097/623
f 698/1097/285 717/1121/268 699/1122/285
f 698/1097/285 699/1122/285 680/1098/284
f 680/1098/284 699/1122/285 681/1123/284
f 680/1098/284 681/1123/284 662/1099/208
f 662/1099/208 681/1123/284 663/1124/208
f 662/1099/208 663/1124/208 644/1100/283
f 644/1100/283 663/1124/208 645/1125/283
f 644/1100/283 645/1125/283 626/1101/282
f 626/1101/282 645/1125/283 627/1126/282
f 626/1101/282 627/1126/282 608/1102/281
f 608/1102/281 627/1126/282 609/1127/281
f 608/1102/281 609/1127/281 590/1103/185
f 590/1103/185 609/1127/281 591/1128/185
f 590/1103/185 591/1128/185 572/1104/280
f 572/1104/280 591/1128/185 573/1129/280
f 572/1104/280 573/1129/280 554/1105/279
f 554/1105/279 573/1129/280 555/1130/279
f 554/1105/279 555/1130/279 536/1106/278
f 536/1106/278 555/1130/279 537/1131/278
f 536/1106/278 537/1131/278 518/1107/166
f 518/1107/166 537/1131/278 519/1132/166
f 519/1108/166 520/1133/166 933/1109/277
f 933/1109/277 520/1133/166 934/1134/277
f 933/1109/277 934/1134/277 915/1110/276
f 915/1110/276 934/1134/277 916/1135/276
f 915/1110/276 916/1135/276 897/1111/275
f 897/1111/275 916/1135/276 898/1136/275
f 897/1111/275 898/1136/275 879/1112/145
f 879/1112/145 898/1136/275 880/1137/145
f 879/1112/145 880/1137/145 861/1113/274
f 861/1113/274 880/1137/145 862/1138/274
f 861/1113/274 862/1138/274 843/1114/273
f 843/1114/273 862/1138/274 844/1139/273
f 843/1114/273 844/1139/273 825/1115/272
f 825/1115/272 844/1139/273 826/1140/272
f 825/1115/272 826/1140/272 807/1116/124
f 807/1116/124 826/1140/272 808/1141/124
f 807/1116/124 808/1141/124 789/1117/271
f 789/1117/271 808/1141/124 790/1142/271
f 789/1117/271 790/1142/271 771/1118/270
f 771/1118/270 790/1142/271 772/1143/270
f 771/1118/270 772/1143/270 753/1119/269
f 753/1119/269 772/1143/270 754/1144/269
f 753/1119/269 754/1144/269 735/1120/103
f 735/1120/103 754/1144/269 736/1145/103
f 735/1120/103 736/1145/103 717/1121/268
f 717/1121/268 736/1145/103 718/1146/268
f 717/1121/268 718/1146/268 699/1122/285
f 699/1122/285 718/1146/268 700/1147/285
f 699/1122/285 700/1147/285 681/1123/619
f 681/1123/284 700/1147/285 682/1148/284
f 681/1123/284 682/1148/284 663/1124/208
f 663/1124/208 682/1148/620 664/1149/208
f 663/1124/208 664/1149/208 645/1125/283
f 645/1125/283 664/1149/208 646/1150/283
f 645/1125/283 646/1150/283 627/1126/282
f 627/1126/282 646/1150/283 628/1151/282
f 627/1126/282 628/1151/282 609/1127/281
f 609/1127/281 628/1151/282 610/1152/281
f 609/1127/281 610/1152/281 591/1128/185
f 591/1128/185 610/1152/281 592/1153/185
f 591/1128/185 592/1153/185 573/1129/280
f 573/1129/280 592/1153/185 574/1154/280
f 573/1129/280 574/1154/280 555/1130/279
f 555/1130/279 574/1154/280 556/1155/279
f 555/1130/279 556/1155/279 537/1131/278
f 537/1131/278 556/1155/279 538/1156/278
f 537/1131/278 538/1156/278 519/1132/166
f 519/1132/166 538/1156/278 520/1157/166
f 520/1133/166 521/1158/166 934/1134/277
f 934/1134/277 521/1158/166 935/1159/277
f 934/1134/277 935/1159/277 916/1135/276
f 916/1135/276 935/1159/277 917/1160/276
f 916/1135/276 917/1160/276 898/1136/275
f 898/1136/275 917/1160/624 899/1161/275
f 898/1136/275 899/1161/275 880/1137/145
f 880/1137/145 899/1161/275 881/1162/145
f 880/1137/145 881/1162/145 862/1138/274
f 862/1138/274 881/1162/145 863/1163/274
f 862/1138/274 863/1163/274 844/1139/273
f 844/1139/273 863/1163/274 845/1164/273
f 844/1139/273 845/1164/273 826/1140/272
f 826/1140/272 845/1164/273 827/1165/272
f 826/1140/272 827/1165/272 808/1141/124
f 808/1141/124 827/1165/272 809/1166/124
f 808/1141/124 809/1166/124 790/1142/271
f 790/1142/271 809/1166/124 791/1167/271
f 790/1142/271 791/1167/271 772/1143/270
f 772/1143/270 791/1167/271 773/1168/270
f 772/1143/270 773/1168/270 754/1144/269
f 754/1144/269 773/1168/270 755/1169/269
f 754/1144/269 755/1169/269 736/1145/103
f 736/1145/103 755/1169/269 737/1170/103
f 736/1145/103 737/1170/103 718/1146/268
f 718/1146/268 737/1170/103 719/1171/268
f 718/1146/268 719/1171/268 700/1147/285
f 700/1147/285 719/1171/268 701/1172/285
f 700/1147/285 701/1172/285 682/1148/284
f 682/1148/284 701/1172/285 683/1173/284
f 682/1148/284 683/1173/284 664/1149/208
f 664/1149/208 683/1173/620 665/1174/208
f 664/1149/208 665/1174/208 646/1150/283
f 646/1150/283 665/1174/208 647/1175/283
f 646/1150/283 647/1175/283 628/1151/282
f 628/1151/282 647/1175/283 629/1176/282
f 628/1151/282 629/1176/282 610/1152/281
f 610/1152/281 629/1176/282 611/1177/281
f 610/1152/281 611/1177/281 592/1153/185
f 592/1153/185 611/1177/281 593/1178/185
f 592/1153/185 593/1178/185 574/1154/280
f 574/1154/280 593/1178/185 575/1179/280
f 574/1154/280 575/1179/280 556/1155/279
f 556/1155/279 575/1179/280 557/1180/279
f 556/1155/279 557/1180/279 538/1156/278
f 538/1156/278 557/1180/279 539/1181/278
f 538/1156/278 539/1181/278 520/1157/166
f 520/1157/166 539/1181/278 521/1182/166
f 521/1158/166 522/1183/166 935/1159/277
f 935/1159/277 522/1183/166 936/1184/277
f 935/1159/277 936/1184/277 917/1160/276
f 917/1160/276 936/1184/277 918/1185/276
f 917/1160/276 918/1185/276 899/1161/275
f 899/1161/275 918/1185/276 900/1186/275
f 899/1161/275 900/1186/275 881/1162/625
f 881/1162/145 900/1186/275 882/1187/145
f 881/1162/145 882/1187/145 863/1163/274
f 863/1163/274 882/1187/145 864/1188/274
f 863/1163/274 864/1188/274 845/1164/273
f 845/1164/273 864/1188/274 846/1189/273
f 845/1164/273 846/1189/273 827/1165/272
f 827/1165/272 846/1189/273 828/1190/272
f 827/1165/272 828/1190/272 809/1166/124
f 809/1166/124 828/1190/272 810/1191/124
f 809/1166/124 810/1191/124 791/1167/271
f 791/1167/271 810/1191/124 792/1192/271
f 791/1167/271 792/1192/271 773/1168/270
f 773/1168/270 792/1192/271 774/1193/270
f 773/1168/270 774/1193/270 755/1169/269
f 755/1169/269 774/1193/270 756/1194/269
f 755/1169/269 756/1194/269 737/1170/103
f 737/1170/103 756/1194/269 738/1195/103
f 737/1170/103 738/1195/103 719/1171/268
f 719/1171/268 738/1195/103 720/1196/268
f 719/1171/268 720/1196/268 701/1172/285
f 701/1172/285 720/1196/268 702/1197/285
f 701/1172/285 702/1197/285 683/1173/284
f 683/1173/284 702/1197/285 684/1198/284
f 683/1173/284 684/1198/284 665/1174/208
f 665/1174/208 684/1198/284 666/1199/208
f 665/1174/208 666/1199/208 647/1175/283
f 647/1175/283 666/1199/208 648/1200/283
f 647/1175/283 648/1200/283 629/1176/282
f 629/1176/282 648/1200/283 630/1201/282
f 629/1176/282 630/1201/282 611/1177/281
f 611/1177/281 630/1201/282 612/1202/281
f 611/1177/281 612/1202/281 593/1178/185
f 593/1178/185 612/1202/281 594/1203/185
f 593/1178/185 594/1203/185 575/1179/280
f 575/1179/280 594/1203/185 576/1204/280
f 575/1179/280 576/1204/280 557/1180/279
f 557/1180/279 576/1204/280 558/1205/279
f 557/1180/279 558/1205/279 539/1181/278
f 539/1181/278 558/1205/279 540/1206/278
f 539/1181/278 540/1206/278 521/1182/166
f 521/1182/166 540/1206/278 522/1207/166
f 522/1183/166 523/1208/166 936/1184/277
f 936/1184/277 523/1208/166 937/1209/277
f 936/1184/277 937/1209/277 918/1185/276
f 918/1185/276 937/1209/277 919/1210/276
f 918/1185/276 919/1210/276 900/1186/275
f 900/1186/275 919/1210/624 901/1211/275
f 900/1186/275 901/1211/275 882/1187/145
f 882/1187/145 901/1211/275 883/1212/145
f 882/1187/145 883/1212/145 864/1188/274
f 864/1188/274 883/1212/145 865/1213/274
f 864/1188/274 865/1213/274 846/1189/273
f 846/1189/273 865/1213/274 847/1214/273
f 846/1189/273 847/1214/273 828/1190/272
f 828/1190/272 847/1214/273 829/1215/272
f 828/1190/272 829/1215/272 810/1191/124
f 810/1191/124 829/1215/272 811/1216/124
f 810/1191/124 811/1216/124 792/1192/271
f 792/1192/271 811/1216/124 793/1217/271
f 792/1192/271 793/1217/271 774/1193/270
f 774/1193/270 793/1217/271 775/1218/270
f 774/1193/270 775/1218/270 756/1194/269
f 756/1194/269 775/1218/270 757/1219/269
f 756/1194/269 757/1219/269 738/1195/103
f 738/1195/103 757/1219/269 739/1220/103
f 738/1195/103 739/1220/103 720/1196/268
f 720/1196/268 739/1220/103 721/1221/268
f 720/1196/268 721/1221/268 702/1197/285
f 702/1197/285 721/1221/268 703/1222/285
f 702/1197/285 703/1222/285 684/1198/284
f 684/1198/284 703/1222/285 685/1223/284
f 684/1198/284 685/1223/284 666/1199/208
f 666/1199/208 685/1223/620 667/1224/208
f 666/1199/208 667/1224/208 648/1200/283
f 648/1200/283 667/1224/208 649/1225/283
f 648/1200/283 649/1225/283 630/1201/282
f 630/1201/282 649/1225/283 631/1226/282
f 630/1201/282 631/1226/282 612/1202/281
f 612/1202/281 631/1226/282 613/1227/281
f 612/1202/281 613/1227/281 594/1203/185
f 594/1203/185 613/1227/281 595/1228/185
f 594/1203/185 595/1228/185 576/1204/280
f 576/1204/280 595/1228/185 577/1229/280
f 576/1204/280 577/1229/280 558/1205/279
f 558/1205/279 577/1229/280 559/1230/279
f 558/1205/279 559/1230/279 540/1206/278
f 540/1206/278 559/1230/279 541/1231/278
f 540/1206/278 541/1231/278 522/1207/166
f 522/1207/166 541/1231/278 523/1232/166
f 523/1208/166 524/787/166 937/1209/277
f 937/1209/277 524/787/166 938/785/277
f 937/1209/277 938/785/277 919/1210/276
f 919/1210/276 938/785/277 920/832/276
f 919/1210/276 920/832/276 901/1211/275
f 901/1211/275 920/832/276 902/830/275
f 901/1211/275 902/830/275 883/1212/145
f 883/1212/145 902/830/275 884/828/145
f 883/1212/145 884/828/145 865/1213/274
f 865/1213/274 884/828/145 866/826/274
f 865/1213/274 866/826/274 847/1214/273
f 847/1214/273 866/826/274 848/824/273
f 847/1214/273 848/824/273 829/1215/272
f 829/1215/272 848/824/273 830/822/272
f 829/1215/272 830/822/272 811/1216/124
f 811/1216/124 830/822/272 812/820/124
f 811/1216/124 812/820/124 793/1217/271
f 793/1217/271 812/820/124 794/818/271
f 793/1217/271 794/818/271 775/1218/270
f 775/1218/270 794/818/271 776/816/270
f 775/1218/270 776/816/270 757/1219/269
f 757/1219/269 776/816/270 758/814/269
f 757/1219/269 758/814/269 739/1220/103
f 739/1220/103 758/814/269 740/812/103
f 739/1220/103 740/812/103 721/1221/268
f 721/1221/268 740/812/103 722/811/268
f 721/1221/268 722/811/268 703/1222/285
f 703/1222/285 722/811/268 704/809/285
f 703/1222/285 704/809/285 685/1223/284
f 685/1223/284 704/809/285 686/807/284
f 685/1223/284 686/807/284 667/1224/208
f 667/1224/208 686/807/284 668/805/208
f 667/1224/208 668/805/208 649/1225/283
f 649/1225/283 668/805/208 650/803/283
f 649/1225/283 650/803/283 631/1226/282
f 631/1226/282 650/803/283 632/801/282
f 631/1226/282 632/801/282 613/1227/281
f 613/1227/281 632/801/282 614/799/281
f 613/1227/281 614/799/281 595/1228/185
f 595/1228/185 614/799/281 596/797/185
f 595/1228/185 596/797/185 577/1229/280
f 577/1229/280 596/797/185 578/795/280
f 577/1229/280 578/795/280 559/1230/279
f 559/1230/279 578/795/280 560/793/279
f 559/1230/279 560/793/279 541/1231/278
f 541/1231/278 560/793/279 542/791/278
f 541/1231/278 542/791/278 523/1232/166
f 523/1232/166 542/791/278 524/789/166
f 482/1233/100 472/1234/100 459/1235/100
f 459/1235/100 472/1234/100 471/1236/100
f 459/1235/100 471/1236/100 460/1237/100
f 460/1237/100 471/1236/100 470/1238/100
f 460/1237/100 470/1238/100 461/1239/100
f 461/1239/100 470/1238/100 469/1240/100
f 461/1239/100 469/1240/100 462/1241/100
f 462/1241/100 469/1240/100 468/1242/100
f 462/1241/100 468/1242/100 463/1243/100
f 463/1243/100 468/1242/100 467/1244/100
f 463/1243/100 467/1244/100 464/1245/100
f 464/1245/100 467/1244/100 466/1246/100
f 464/1245/100 466/1246/100 465/1247/100
f 472/1234/100 482/1233/100 473/1248/100
f 473/1248/100 482/1233/100 481/1249/100
f 473/1248/100 481/1249/100 474/1250/100
f 474/1250/100 481/1249/100 480/1251/100
f 474/1250/100 480/1251/100 475/1252/100
f 475/1252/100 480/1251/100 479/1253/100
f 475/1252/100 479/1253/100 476/1254/100
f 476/1254/100 479/1253/100 478/1255/100
f 476/1254/100 478/1255/100 477/1256/100
f 506/1238/286 496/1237/286 483/1236/286
f 483/1236/286 496/1237/286 495/1235/286
f 483/1236/286 495/1235/286 484/1234/286
f 484/1234/286 495/1235/286 494/1233/286
f 484/1234/286 494/1233/286 485/1248/286
f 485/1248/286 494/1233/286 493/1249/286
f 485/1248/286 493/1249/286 486/1250/286
f 486/1250/286 493/1249/286 492/1251/286
f 486/1250/286 492/1251/286 487/1252/286
f 487/1252/286 492/1251/286 491/1253/286
f 487/1252/286 491/1253/286 488/1254/286
f 488/1254/286 491/1253/286 490/1255/286
f 488/1254/286 490/1255/286 489/1256/286
f 496/1237/286 506/1238/286 497/1239/286
f 497/1239/286 506/1238/286 505/1240/286
f 497/1239/286 505/1240/286 498/1241/286
f 498/1241/286 505/1240/286 504/1242/286
f 498/1241/286 504/1242/286 499/1243/286
f 499/1243/286 504/1242/286 503/1244/286
f 499/1243/286 503/1244/286 500/1245/286
f 500/1245/286 503/1244/286 502/1246/286
f 500/1245/286 502/1246/286 501/1247/286
