# WaveFront *.obj file (generated by Autodesk ATF)

mtllib arm assembly v7.mtl

g arm

v -16.000000 17.650000 -1.397879
v -16.000000 17.308592 -1.364254
v -16.000000 16.980304 -1.264669
v -16.000000 16.677752 -1.102951
v -16.000000 16.412563 -0.885316
v -16.000000 16.194928 -0.620127
v -16.000000 16.033211 -0.317575
v -16.000000 15.933626 0.010712
v -16.000000 15.900000 0.352121
v -16.000000 15.933626 0.693529
v -16.000000 16.033211 1.021817
v -16.000000 16.194928 1.324368
v -16.000000 16.412563 1.589557
v -16.000000 16.677752 1.807192
v -16.000000 16.980304 1.968910
v -16.000000 17.308592 2.068495
v -16.000000 17.650000 2.102121
v -16.000000 17.991408 2.068495
v -16.000000 18.319696 1.968910
v -16.000000 18.622248 1.807192
v -16.000000 18.887437 1.589557
v -16.000000 19.105072 1.324368
v -16.000000 19.266789 1.021817
v -16.000000 19.366374 0.693529
v -16.000000 19.400000 0.352121
v -16.000000 19.366374 0.010712
v -16.000000 19.266789 -0.317575
v -16.000000 19.105072 -0.620127
v -16.000000 18.887437 -0.885316
v -16.000000 18.622248 -1.102951
v -16.000000 18.319696 -1.264669
v -16.000000 17.991408 -1.364254
v -15.514500 17.650000 -0.912379
v -15.514500 17.941614 -0.878295
v -15.514500 18.217507 -0.777878
v -15.514500 18.462805 -0.616543
v -15.514500 18.664285 -0.402987
v -15.514500 18.811084 -0.148722
v -15.514500 18.895289 0.132542
v -15.514500 18.912361 0.425645
v -15.514500 18.861378 0.714783
v -15.514500 18.745089 0.984371
v -15.514500 18.569764 1.219873
v -15.514500 18.344854 1.408595
v -15.514500 18.082484 1.540362
v -15.514500 17.796799 1.608070
v -15.514500 17.503201 1.608070
v -15.514500 17.217516 1.540362
v -15.514500 16.955146 1.408595
v -15.514500 16.730236 1.219873
v -15.514500 16.554911 0.984371
v -15.514500 16.438622 0.714783
v -15.514500 16.387639 0.425645
v -15.514500 16.404711 0.132542
v -15.514500 16.488916 -0.148722
v -15.514500 16.635715 -0.402987
v -15.514500 16.837195 -0.616543
v -15.514500 17.082493 -0.777878
v -15.514500 17.358386 -0.878295
v -2.000000 17.650000 -0.912379
v -2.000000 17.941614 -0.878295
v -2.000000 18.217507 -0.777878
v -2.000000 18.462805 -0.616543
v -2.000000 18.664285 -0.402987
v -2.000000 18.811084 -0.148722
v -2.000000 18.895289 0.132542
v -2.000000 18.912361 0.425645
v -2.000000 18.861378 0.714783
v -2.000000 18.745089 0.984371
v -2.000000 18.569764 1.219873
v -2.000000 18.344854 1.408595
v -2.000000 18.082484 1.540362
v -2.000000 17.796799 1.608070
v -2.000000 17.503201 1.608070
v -2.000000 17.217516 1.540362
v -2.000000 16.955146 1.408595
v -2.000000 16.730236 1.219873
v -2.000000 16.554911 0.984371
v -2.000000 16.438622 0.714783
v -2.000000 16.387639 0.425645
v -2.000000 16.404711 0.132542
v -2.000000 16.488916 -0.148722
v -2.000000 16.635715 -0.402987
v -2.000000 16.837195 -0.616543
v -2.000000 17.082493 -0.777878
v -2.000000 17.358386 -0.878295
v -11.009667 17.650000 1.616621
v -6.504833 17.650000 1.616621
v -11.009667 17.503201 -0.903829
v -6.504833 17.503201 -0.903829
v -6.504833 17.796799 -0.903829
v -11.009667 17.796799 -0.903829
v -11.009667 17.217516 -0.836121
v -6.504833 17.217516 -0.836121
v -11.009667 16.955146 -0.704354
v -6.504833 16.955146 -0.704354
v -11.009667 16.730236 -0.515632
v -6.504833 16.730236 -0.515632
v -11.009667 16.554911 -0.280129
v -6.504833 16.554911 -0.280129
v -11.009667 16.438622 -0.010542
v -6.504833 16.438622 -0.010542
v -11.009667 16.387639 0.278596
v -6.504833 16.387639 0.278596
v -11.009667 16.404711 0.571699
v -6.504833 16.404711 0.571699
v -11.009667 16.488916 0.852963
v -6.504833 16.488916 0.852963
v -11.009667 16.635715 1.107228
v -6.504833 16.635715 1.107228
v -11.009667 16.837195 1.320784
v -6.504833 16.837195 1.320784
v -11.009667 17.082493 1.482119
v -6.504833 17.082493 1.482119
v -11.009667 17.358386 1.582536
v -6.504833 17.358386 1.582536
v -11.009667 17.941614 1.582536
v -6.504833 17.941614 1.582536
v -11.009667 18.217507 1.482119
v -6.504833 18.217507 1.482119
v -11.009667 18.462805 1.320784
v -6.504833 18.462805 1.320784
v -11.009667 18.664285 1.107228
v -6.504833 18.664285 1.107228
v -11.009667 18.811084 0.852963
v -6.504833 18.811084 0.852963
v -11.009667 18.895289 0.571699
v -6.504833 18.895289 0.571699
v -11.009667 18.912361 0.278596
v -6.504833 18.912361 0.278596
v -11.009667 18.861378 -0.010542
v -6.504833 18.861378 -0.010542
v -11.009667 18.745089 -0.280129
v -6.504833 18.745089 -0.280129
v -11.009667 18.569764 -0.515632
v -6.504833 18.569764 -0.515632
v -11.009667 18.344854 -0.704354
v -6.504833 18.344854 -0.704354
v -11.009667 18.082484 -0.836121
v -6.504833 18.082484 -0.836121
v 51.611500 13.300000 0.352121
v 51.578513 13.300000 0.676513
v 51.480901 13.300000 0.987625
v 51.322660 13.300000 1.272719
v 51.110270 13.300000 1.520124
v 50.852426 13.300000 1.719711
v 50.559682 13.300000 1.863308
v 50.244026 13.300000 1.945037
v 49.918379 13.300000 1.961552
v 49.596073 13.300000 1.912177
v 49.290305 13.300000 1.798933
v 49.013591 13.300000 1.626456
v 48.777261 13.300000 1.401807
v 48.590990 13.300000 1.134185
v 48.462405 13.300000 0.834544
v 48.396768 13.300000 0.515153
v 48.396768 13.300000 0.189088
v 48.462405 13.300000 -0.130303
v 48.590990 13.300000 -0.429944
v 48.777261 13.300000 -0.697566
v 49.013591 13.300000 -0.922215
v 49.290305 13.300000 -1.094691
v 49.596073 13.300000 -1.207936
v 49.918379 13.300000 -1.257311
v 50.244026 13.300000 -1.240796
v 50.559682 13.300000 -1.159067
v 50.852426 13.300000 -1.015470
v 51.110270 13.300000 -0.815883
v 51.322660 13.300000 -0.568478
v 51.480901 13.300000 -0.283384
v 51.578513 13.300000 0.027728
v 51.264500 13.647000 0.352121
v 51.230415 13.647000 0.060507
v 51.129999 13.647000 -0.215386
v 50.968663 13.647000 -0.460684
v 50.755107 13.647000 -0.662164
v 50.500843 13.647000 -0.808964
v 50.219578 13.647000 -0.893169
v 49.926476 13.647000 -0.910240
v 49.637337 13.647000 -0.859257
v 49.367750 13.647000 -0.742969
v 49.132247 13.647000 -0.567643
v 48.943526 13.647000 -0.342734
v 48.811759 13.647000 -0.080364
v 48.744050 13.647000 0.205321
v 48.744050 13.647000 0.498920
v 48.811759 13.647000 0.784605
v 48.943526 13.647000 1.046975
v 49.132247 13.647000 1.271884
v 49.367750 13.647000 1.447210
v 49.637337 13.647000 1.563498
v 49.926476 13.647000 1.614481
v 50.219578 13.647000 1.597410
v 50.500843 13.647000 1.513205
v 50.755107 13.647000 1.366405
v 50.968663 13.647000 1.164925
v 51.129999 13.647000 0.919627
v 51.230415 13.647000 0.643734
v 48.735500 22.000000 0.352121
v 48.769585 22.000000 0.643734
v 48.870002 22.000000 0.919627
v 49.031337 22.000000 1.164925
v 49.244893 22.000000 1.366405
v 49.499157 22.000000 1.513205
v 49.780422 22.000000 1.597410
v 50.073524 22.000000 1.614481
v 50.362663 22.000000 1.563498
v 50.632250 22.000000 1.447210
v 50.867753 22.000000 1.271884
v 51.056474 22.000000 1.046975
v 51.188241 22.000000 0.784605
v 51.255950 22.000000 0.498920
v 51.255950 22.000000 0.205321
v 51.188241 22.000000 -0.080364
v 51.056474 22.000000 -0.342734
v 50.867753 22.000000 -0.567643
v 50.632250 22.000000 -0.742969
v 50.362663 22.000000 -0.859257
v 50.073524 22.000000 -0.910240
v 49.780422 22.000000 -0.893169
v 49.499157 22.000000 -0.808964
v 49.244893 22.000000 -0.662164
v 49.031337 22.000000 -0.460684
v 48.870002 22.000000 -0.215386
v 48.769585 22.000000 0.060507
v 48.735500 17.823500 0.352121
v 51.255950 17.823500 0.498920
v 51.255950 17.823500 0.205321
v 51.188241 17.823500 0.784605
v 51.056474 17.823500 1.046975
v 50.867753 17.823500 1.271884
v 50.632250 17.823500 1.447210
v 50.362663 17.823500 1.563498
v 50.073524 17.823500 1.614481
v 49.780422 17.823500 1.597410
v 49.499157 17.823500 1.513205
v 49.244893 17.823500 1.366405
v 49.031337 17.823500 1.164925
v 48.870002 17.823500 0.919627
v 48.769585 17.823500 0.643734
v 48.769585 17.823500 0.060507
v 48.870002 17.823500 -0.215386
v 49.031337 17.823500 -0.460684
v 49.244893 17.823500 -0.662164
v 49.499157 17.823500 -0.808964
v 49.780422 17.823500 -0.893169
v 50.073524 17.823500 -0.910240
v 50.362663 17.823500 -0.859257
v 50.632250 17.823500 -0.742969
v 50.867753 17.823500 -0.567643
v 51.056474 17.823500 -0.342734
v 51.188241 17.823500 -0.080364
v -2.000000 22.000000 1.934050
v -2.000000 22.000000 -1.229809
v -1.713330 22.000000 -1.536530
v -1.380219 22.000000 -1.792057
v -1.009696 22.000000 -1.989463
v -0.611803 22.000000 -2.123399
v -0.197327 22.000000 -2.190233
v 0.222498 22.000000 -2.188154
v 0.636291 22.000000 -2.117218
v 1.032838 22.000000 -1.979348
v 1.401388 22.000000 -1.778281
v 1.731952 22.000000 -1.519468
v 2.015570 22.000000 -1.209923
v 2.244553 22.000000 -0.858037
v 2.412696 22.000000 -0.473348
v 2.515440 22.000000 -0.066284
v 2.550000 22.000000 0.352121
v 2.515440 22.000000 0.770526
v 2.412696 22.000000 1.177589
v 2.244553 22.000000 1.562278
v 2.015570 22.000000 1.914164
v 1.731952 22.000000 2.223709
v 1.401388 22.000000 2.482522
v 1.032838 22.000000 2.683589
v 0.636291 22.000000 2.821459
v 0.222498 22.000000 2.892395
v -0.197327 22.000000 2.894474
v -0.611803 22.000000 2.827640
v -1.009696 22.000000 2.693704
v -1.380219 22.000000 2.496298
v -1.713330 22.000000 2.240771
v -16.000000 22.000000 -5.647879
v -16.000000 22.000000 6.352121
v 0.000000 22.000000 6.352121
v 50.000000 22.000000 5.352121
v 50.580465 22.000000 5.318312
v 51.153079 22.000000 5.217345
v 51.710101 22.000000 5.050584
v 52.243996 22.000000 4.820284
v 52.747545 22.000000 4.529560
v 53.213938 22.000000 4.182343
v 53.636868 22.000000 3.783329
v 54.010616 22.000000 3.337913
v 54.330127 22.000000 2.852121
v 54.591081 22.000000 2.332519
v 54.789948 22.000000 1.786137
v 54.924039 22.000000 1.220361
v 54.991541 22.000000 0.642845
v 54.991541 22.000000 0.061396
v 54.924039 22.000000 -0.516120
v 54.789948 22.000000 -1.081896
v 54.591081 22.000000 -1.628278
v 54.330127 22.000000 -2.147879
v 54.010616 22.000000 -2.633672
v 53.636868 22.000000 -3.079088
v 53.213938 22.000000 -3.478102
v 52.747545 22.000000 -3.825319
v 52.243996 22.000000 -4.116043
v 51.710101 22.000000 -4.346343
v 51.153079 22.000000 -4.513104
v 50.580465 22.000000 -4.614071
v 50.000000 22.000000 -4.647879
v 0.000000 22.000000 -5.647879
v -2.000000 13.800000 -1.229809
v -1.713330 13.800000 -1.536530
v -1.380219 13.800000 -1.792057
v -1.009696 13.800000 -1.989463
v -0.611803 13.800000 -2.123399
v -0.197327 13.800000 -2.190233
v 0.222498 13.800000 -2.188154
v 0.636291 13.800000 -2.117218
v 1.032838 13.800000 -1.979348
v 1.401388 13.800000 -1.778281
v 1.731952 13.800000 -1.519468
v 2.015570 13.800000 -1.209923
v 2.244553 13.800000 -0.858037
v 2.412696 13.800000 -0.473348
v 2.515440 13.800000 -0.066284
v 2.550000 13.800000 0.352121
v 2.515440 13.800000 0.770526
v 2.412696 13.800000 1.177589
v 2.244553 13.800000 1.562278
v 2.015570 13.800000 1.914164
v 1.731952 13.800000 2.223709
v 1.401388 13.800000 2.482522
v 1.032838 13.800000 2.683589
v 0.636291 13.800000 2.821459
v 0.222498 13.800000 2.892395
v -0.197327 13.800000 2.894474
v -0.611803 13.800000 2.827640
v -1.009696 13.800000 2.693704
v -1.380219 13.800000 2.496298
v -1.713330 13.800000 2.240771
v -2.000000 13.800000 1.934050
v -16.000000 13.300000 6.352121
v 0.000000 13.300000 6.352121
v 50.000000 13.300000 5.352121
v 50.580465 13.300000 5.318312
v 51.153079 13.300000 5.217345
v 51.710101 13.300000 5.050584
v 52.243996 13.300000 4.820284
v 52.747545 13.300000 4.529560
v 53.213938 13.300000 4.182343
v 53.636868 13.300000 3.783329
v 54.010616 13.300000 3.337913
v 54.330127 13.300000 2.852121
v 54.591081 13.300000 2.332519
v 54.789948 13.300000 1.786137
v 54.924039 13.300000 1.220361
v 54.991541 13.300000 0.642845
v 54.991541 13.300000 0.061396
v 54.924039 13.300000 -0.516120
v 54.789948 13.300000 -1.081896
v 54.591081 13.300000 -1.628278
v 54.330127 13.300000 -2.147879
v 54.010616 13.300000 -2.633672
v 53.636868 13.300000 -3.079088
v 53.213938 13.300000 -3.478102
v 52.747545 13.300000 -3.825319
v 52.243996 13.300000 -4.116043
v 51.710101 13.300000 -4.346343
v 51.153079 13.300000 -4.513104
v 50.580465 13.300000 -4.614071
v 50.000000 13.300000 -4.647879
v 0.000000 13.300000 -5.647879
v -16.000000 13.300000 -5.647879
v -2.500000 13.300000 -1.395020
v -2.213107 13.300000 -1.746607
v -1.877224 13.300000 -2.051737
v -1.499787 13.300000 -2.303654
v -1.089150 13.300000 -2.496783
v -0.654404 13.300000 -2.626848
v -0.205172 13.300000 -2.690971
v 0.248602 13.300000 -2.687731
v 0.696873 13.300000 -2.617201
v 1.129718 13.300000 -2.480941
v 1.537555 13.300000 -2.281968
v 1.911357 13.300000 -2.024687
v 2.242848 13.300000 -1.714793
v 2.524692 13.300000 -1.359145
v 2.750649 13.300000 -0.965617
v 2.915717 13.300000 -0.542918
v 3.016242 13.300000 -0.100408
v 3.050000 13.300000 0.352121
v 3.016242 13.300000 0.804649
v 2.915717 13.300000 1.247160
v 2.750649 13.300000 1.669858
v 2.524692 13.300000 2.063386
v 2.242848 13.300000 2.419034
v 1.911357 13.300000 2.728928
v 1.537555 13.300000 2.986210
v 1.129718 13.300000 3.185182
v 0.696873 13.300000 3.321442
v 0.248602 13.300000 3.391972
v -0.205172 13.300000 3.395212
v -0.654404 13.300000 3.331089
v -1.089150 13.300000 3.201024
v -1.499787 13.300000 3.007895
v -1.877224 13.300000 2.755978
v -2.213107 13.300000 2.450848
v -2.500000 13.300000 2.099261
vt -0.034330 0.029595 0.000000
vt -0.034330 0.000000 0.000000
vt 0.034330 0.000000 0.000000
vt -0.034330 -0.029595 0.000000
vt 0.034330 -0.035075 0.000000
vt -0.034330 -0.059190 0.000000
vt 0.034330 -0.070151 0.000000
vt -0.034330 -0.088784 0.000000
vt 0.034330 -0.105226 0.000000
vt -0.034330 -0.118379 0.000000
vt 0.034330 -0.140301 0.000000
vt -0.034330 -0.147974 0.000000
vt 0.034330 -0.175377 0.000000
vt -0.034330 -0.177569 0.000000
vt -0.034330 -0.207163 0.000000
vt 0.034330 -0.210452 0.000000
vt -0.034330 -0.236758 0.000000
vt 0.034330 -0.245527 0.000000
vt -0.034330 -0.266353 0.000000
vt 0.034330 -0.280602 0.000000
vt -0.034330 -0.295948 0.000000
vt 0.034330 -0.315678 0.000000
vt -0.034330 -0.325543 0.000000
vt 0.034330 -0.350753 0.000000
vt -0.034330 -0.355137 0.000000
vt 0.034330 -0.385828 0.000000
vt -0.034330 -0.384732 0.000000
vt -0.034330 -0.414327 0.000000
vt 0.034330 -0.420904 0.000000
vt -0.034330 -0.443922 0.000000
vt 0.034330 -0.455979 0.000000
vt -0.034330 -0.473517 0.000000
vt 0.034330 -0.491054 0.000000
vt 0.034330 0.455979 0.000000
vt -0.034330 0.473517 0.000000
vt -0.034330 0.443922 0.000000
vt 0.034330 0.420904 0.000000
vt -0.034330 0.414327 0.000000
vt 0.034330 0.385828 0.000000
vt -0.034330 0.384732 0.000000
vt -0.034330 0.355137 0.000000
vt 0.034330 0.350753 0.000000
vt -0.034330 0.325543 0.000000
vt 0.034330 0.315678 0.000000
vt -0.034330 0.295948 0.000000
vt 0.034330 0.280602 0.000000
vt -0.034330 0.266353 0.000000
vt 0.034330 0.245527 0.000000
vt -0.034330 0.236758 0.000000
vt 0.034330 0.210452 0.000000
vt -0.034330 0.207163 0.000000
vt 0.034330 0.175377 0.000000
vt -0.034330 0.177569 0.000000
vt -0.034330 0.147974 0.000000
vt 0.034330 0.140301 0.000000
vt -0.034330 0.118379 0.000000
vt 0.034330 0.105226 0.000000
vt -0.034330 0.088784 0.000000
vt 0.034330 0.070151 0.000000
vt -0.034330 0.059190 0.000000
vt 0.034330 0.035075 0.000000
vt -0.651450 -0.029426 0.000000
vt -0.200967 -0.014713 0.000000
vt -0.651450 0.000000 0.000000
vt -0.200967 0.014713 0.000000
vt -0.651450 0.029426 0.000000
vt -0.200967 0.044139 0.000000
vt -0.651450 0.058853 0.000000
vt -0.200967 0.073566 0.000000
vt -0.651450 0.088279 0.000000
vt -0.200967 0.102992 0.000000
vt -0.651450 0.117705 0.000000
vt -0.200967 0.132418 0.000000
vt -0.651450 0.147131 0.000000
vt -0.200967 0.161844 0.000000
vt -0.651450 0.176558 0.000000
vt -0.200967 0.191271 0.000000
vt -0.651450 0.205984 0.000000
vt -0.200967 0.220697 0.000000
vt -0.651450 0.235410 0.000000
vt -0.200967 0.250123 0.000000
vt -0.651450 0.264836 0.000000
vt -0.200967 0.279549 0.000000
vt -0.651450 0.294263 0.000000
vt -0.200967 0.308976 0.000000
vt -0.651450 0.323689 0.000000
vt -0.200967 0.338402 0.000000
vt -0.651450 0.353115 0.000000
vt -0.200967 0.367828 0.000000
vt -0.651450 0.382541 0.000000
vt -0.200967 0.397254 0.000000
vt -0.651450 0.411968 0.000000
vt -0.651450 -0.382541 0.000000
vt -0.200967 -0.397254 0.000000
vt -0.200967 -0.367828 0.000000
vt -0.651450 -0.353115 0.000000
vt -0.200967 -0.338402 0.000000
vt -0.651450 -0.323689 0.000000
vt -0.200967 -0.308976 0.000000
vt -0.651450 -0.294263 0.000000
vt -0.200967 -0.279549 0.000000
vt -0.651450 -0.264836 0.000000
vt -0.200967 -0.250123 0.000000
vt -0.651450 -0.235410 0.000000
vt -0.200967 -0.220697 0.000000
vt -0.651450 -0.205984 0.000000
vt -0.200967 -0.191271 0.000000
vt -0.651450 -0.176558 0.000000
vt -0.200967 -0.161844 0.000000
vt -0.651450 -0.147131 0.000000
vt -0.200967 -0.132418 0.000000
vt -0.651450 -0.117705 0.000000
vt -0.200967 -0.102992 0.000000
vt -0.651450 -0.088279 0.000000
vt -0.200967 -0.073566 0.000000
vt -0.651450 -0.058853 0.000000
vt -0.200967 -0.044139 0.000000
vt 0.700000 0.029426 0.000000
vt 0.249517 0.014713 0.000000
vt 0.700000 0.000000 0.000000
vt 0.249517 -0.014713 0.000000
vt 0.700000 -0.029426 0.000000
vt 0.249517 -0.044139 0.000000
vt 0.700000 -0.058853 0.000000
vt 0.249517 -0.073566 0.000000
vt 0.700000 -0.088279 0.000000
vt 0.249517 -0.102992 0.000000
vt 0.700000 -0.117705 0.000000
vt 0.249517 -0.132418 0.000000
vt 0.700000 -0.147131 0.000000
vt 0.249517 -0.161844 0.000000
vt 0.700000 -0.176558 0.000000
vt 0.249517 -0.191271 0.000000
vt 0.700000 -0.205984 0.000000
vt 0.249517 -0.220697 0.000000
vt 0.700000 -0.235410 0.000000
vt 0.249517 -0.250123 0.000000
vt 0.700000 -0.264836 0.000000
vt 0.249517 -0.279549 0.000000
vt 0.700000 -0.294263 0.000000
vt 0.249517 -0.308976 0.000000
vt 0.700000 -0.323689 0.000000
vt 0.249517 -0.338402 0.000000
vt 0.700000 -0.353115 0.000000
vt 0.249517 -0.367828 0.000000
vt 0.700000 -0.382541 0.000000
vt 0.249517 -0.397254 0.000000
vt 0.700000 -0.411968 0.000000
vt 0.700000 0.382541 0.000000
vt 0.249517 0.397254 0.000000
vt 0.249517 0.367828 0.000000
vt 0.700000 0.353115 0.000000
vt 0.249517 0.338402 0.000000
vt 0.700000 0.323689 0.000000
vt 0.249517 0.308976 0.000000
vt 0.700000 0.294263 0.000000
vt 0.249517 0.279549 0.000000
vt 0.700000 0.264836 0.000000
vt 0.249517 0.250123 0.000000
vt 0.700000 0.235410 0.000000
vt 0.249517 0.220697 0.000000
vt 0.700000 0.205984 0.000000
vt 0.249517 0.191271 0.000000
vt 0.700000 0.176558 0.000000
vt 0.249517 0.161844 0.000000
vt 0.700000 0.147131 0.000000
vt 0.249517 0.132418 0.000000
vt 0.700000 0.117705 0.000000
vt 0.249517 0.102992 0.000000
vt 0.700000 0.088279 0.000000
vt 0.249517 0.073566 0.000000
vt 0.700000 0.058853 0.000000
vt 0.249517 0.044139 0.000000
vt -0.024537 0.029146 0.000000
vt -0.024537 0.000000 0.000000
vt 0.024537 0.000000 0.000000
vt -0.024537 -0.029146 0.000000
vt 0.024537 -0.033464 0.000000
vt -0.024537 -0.058292 0.000000
vt 0.024537 -0.066928 0.000000
vt -0.024537 -0.087438 0.000000
vt 0.024537 -0.100391 0.000000
vt -0.024537 -0.116583 0.000000
vt 0.024537 -0.133855 0.000000
vt -0.024537 -0.145729 0.000000
vt 0.024537 -0.167319 0.000000
vt -0.024537 -0.174875 0.000000
vt 0.024537 -0.200783 0.000000
vt -0.024537 -0.204021 0.000000
vt 0.024537 -0.234246 0.000000
vt -0.024537 -0.233167 0.000000
vt -0.024537 -0.262313 0.000000
vt 0.024537 -0.267710 0.000000
vt -0.024537 -0.291459 0.000000
vt 0.024537 -0.301174 0.000000
vt -0.024537 -0.320605 0.000000
vt 0.024537 -0.334638 0.000000
vt -0.024537 -0.349750 0.000000
vt 0.024537 -0.368102 0.000000
vt -0.024537 -0.378896 0.000000
vt 0.024537 -0.401565 0.000000
vt -0.024537 -0.408042 0.000000
vt 0.024537 -0.435029 0.000000
vt -0.024537 -0.437188 0.000000
vt -0.024537 -0.466334 0.000000
vt 0.024537 -0.468493 0.000000
vt 0.024537 0.435029 0.000000
vt -0.024537 0.437188 0.000000
vt -0.024537 0.408042 0.000000
vt 0.024537 0.401565 0.000000
vt -0.024537 0.378896 0.000000
vt 0.024537 0.368102 0.000000
vt -0.024537 0.349750 0.000000
vt 0.024537 0.334638 0.000000
vt -0.024537 0.320605 0.000000
vt 0.024537 0.301174 0.000000
vt -0.024537 0.291459 0.000000
vt 0.024537 0.267710 0.000000
vt -0.024537 0.262313 0.000000
vt 0.024537 0.234246 0.000000
vt -0.024537 0.233167 0.000000
vt -0.024537 0.204021 0.000000
vt 0.024537 0.200783 0.000000
vt -0.024537 0.174875 0.000000
vt 0.024537 0.167319 0.000000
vt -0.024537 0.145729 0.000000
vt 0.024537 0.133855 0.000000
vt -0.024537 0.116583 0.000000
vt 0.024537 0.100391 0.000000
vt -0.024537 0.087438 0.000000
vt 0.024537 0.066928 0.000000
vt -0.024537 0.058292 0.000000
vt 0.024537 0.033464 0.000000
vt -0.443800 -0.029426 0.000000
vt -0.026150 -0.014713 0.000000
vt -0.443800 0.000000 0.000000
vt -0.026150 0.014713 0.000000
vt -0.443800 0.029426 0.000000
vt -0.026150 0.044139 0.000000
vt -0.443800 0.058853 0.000000
vt -0.026150 0.073566 0.000000
vt -0.443800 0.088279 0.000000
vt -0.026150 0.102992 0.000000
vt -0.443800 0.117705 0.000000
vt -0.026150 0.132418 0.000000
vt -0.443800 0.147131 0.000000
vt -0.026150 0.161844 0.000000
vt -0.443800 0.176558 0.000000
vt -0.026150 0.191271 0.000000
vt -0.443800 0.205984 0.000000
vt -0.026150 0.220697 0.000000
vt -0.443800 0.235410 0.000000
vt -0.026150 0.250123 0.000000
vt -0.443800 0.264836 0.000000
vt -0.026150 0.279549 0.000000
vt -0.443800 0.294263 0.000000
vt -0.026150 0.308976 0.000000
vt -0.443800 0.323689 0.000000
vt -0.026150 0.338402 0.000000
vt -0.443800 0.353115 0.000000
vt -0.026150 0.367828 0.000000
vt -0.443800 0.382541 0.000000
vt -0.026150 0.397254 0.000000
vt -0.443800 0.411968 0.000000
vt -0.443800 -0.382541 0.000000
vt -0.026150 -0.397254 0.000000
vt -0.026150 -0.367828 0.000000
vt -0.443800 -0.353115 0.000000
vt -0.026150 -0.338402 0.000000
vt -0.443800 -0.323689 0.000000
vt -0.026150 -0.308976 0.000000
vt -0.443800 -0.294263 0.000000
vt -0.026150 -0.279549 0.000000
vt -0.443800 -0.264836 0.000000
vt -0.026150 -0.250123 0.000000
vt -0.443800 -0.235410 0.000000
vt -0.026150 -0.220697 0.000000
vt -0.443800 -0.205984 0.000000
vt -0.026150 -0.191271 0.000000
vt -0.443800 -0.176558 0.000000
vt -0.026150 -0.161844 0.000000
vt -0.443800 -0.147131 0.000000
vt -0.026150 -0.132418 0.000000
vt -0.443800 -0.117705 0.000000
vt -0.026150 -0.102992 0.000000
vt -0.443800 -0.088279 0.000000
vt -0.026150 -0.073566 0.000000
vt -0.443800 -0.058853 0.000000
vt -0.026150 -0.044139 0.000000
vt 0.391500 -0.367828 0.000000
vt 0.391500 -0.397254 0.000000
vt 0.391500 0.397254 0.000000
vt 0.391500 0.367828 0.000000
vt 0.391500 0.338402 0.000000
vt 0.391500 0.308976 0.000000
vt 0.391500 0.279549 0.000000
vt 0.391500 0.250123 0.000000
vt 0.391500 0.220697 0.000000
vt 0.391500 0.191271 0.000000
vt 0.391500 0.161844 0.000000
vt 0.391500 0.132418 0.000000
vt 0.391500 0.102992 0.000000
vt 0.391500 0.073566 0.000000
vt 0.391500 0.044139 0.000000
vt 0.391500 0.014713 0.000000
vt 0.391500 -0.014713 0.000000
vt 0.391500 -0.044139 0.000000
vt 0.391500 -0.073566 0.000000
vt 0.391500 -0.102992 0.000000
vt 0.391500 -0.132418 0.000000
vt 0.391500 -0.161844 0.000000
vt 0.391500 -0.191271 0.000000
vt 0.391500 -0.220697 0.000000
vt 0.391500 -0.250123 0.000000
vt 0.391500 -0.279549 0.000000
vt 0.391500 -0.308976 0.000000
vt 0.391500 -0.338402 0.000000
vt 0.029161 2.926958 0.000000
vt 0.000000 2.923550 0.000000
vt -0.000000 -1.695000 0.000000
vt -0.029161 2.926958 0.000000
vt -0.041840 -1.698456 0.000000
vt -0.056751 2.937000 0.000000
vt -0.082547 -1.708730 0.000000
vt -0.081280 2.953134 0.000000
vt -0.121016 -1.725545 0.000000
vt -0.101428 2.974489 0.000000
vt -0.156204 -1.748443 0.000000
vt -0.116108 2.999916 0.000000
vt -0.187159 -1.776805 0.000000
vt -0.213040 -1.809861 0.000000
vt -0.500000 3.050000 0.000000
vt -0.233147 -1.846716 0.000000
vt -0.246934 -1.886371 0.000000
vt -0.600000 -1.950000 0.000000
vt -0.254027 -1.927750 0.000000
vt -0.254235 -1.969733 0.000000
vt -0.600000 -3.550000 0.000000
vt -0.247552 -2.011180 0.000000
vt -0.234158 -2.050970 0.000000
vt -0.214418 -2.088022 0.000000
vt -0.188865 -2.121333 0.000000
vt -0.158193 -2.150000 0.000000
vt 0.600000 -3.550000 0.000000
vt 0.158193 -2.150000 0.000000
vt 0.188865 -2.121333 0.000000
vt 0.214418 -2.088022 0.000000
vt 0.234158 -2.050970 0.000000
vt 0.247552 -2.011180 0.000000
vt 0.254235 -1.969733 0.000000
vt 0.600000 -1.950000 0.000000
vt 0.254027 -1.927750 0.000000
vt 0.246934 -1.886371 0.000000
vt 0.500000 3.050000 0.000000
vt 0.233147 -1.846716 0.000000
vt 0.213040 -1.809861 0.000000
vt 0.116108 2.999916 0.000000
vt 0.187159 -1.776805 0.000000
vt 0.156204 -1.748443 0.000000
vt 0.101428 2.974489 0.000000
vt 0.121016 -1.725545 0.000000
vt 0.081280 2.953134 0.000000
vt 0.082547 -1.708730 0.000000
vt 0.056751 2.937000 0.000000
vt 0.041840 -1.698456 0.000000
vt -0.124529 3.028042 0.000000
vt -0.383022 3.371394 0.000000
vt -0.417744 3.324754 0.000000
vt -0.126236 3.057352 0.000000
vt -0.250000 3.483013 0.000000
vt -0.298579 3.451062 0.000000
vt -0.343121 3.413687 0.000000
vt -0.121138 3.086266 0.000000
vt -0.143402 3.528995 0.000000
vt -0.198040 3.509108 0.000000
vt -0.109509 3.113225 0.000000
vt -0.086824 3.542404 0.000000
vt -0.091976 3.136775 0.000000
vt -0.069485 3.155647 0.000000
vt -0.043248 3.168824 0.000000
vt -0.029072 3.549154 0.000000
vt -0.014680 3.175595 0.000000
vt 0.014680 3.175595 0.000000
vt 0.029072 3.549154 0.000000
vt 0.043248 3.168824 0.000000
vt 0.086824 3.542404 0.000000
vt 0.069485 3.155647 0.000000
vt 0.091976 3.136775 0.000000
vt 0.109509 3.113225 0.000000
vt 0.143402 3.528995 0.000000
vt 0.121138 3.086266 0.000000
vt 0.126236 3.057352 0.000000
vt 0.124529 3.028042 0.000000
vt 0.250000 3.483013 0.000000
vt 0.198040 3.509108 0.000000
vt 0.383022 3.371394 0.000000
vt 0.343121 3.413687 0.000000
vt 0.496619 3.108046 0.000000
vt 0.486522 3.165308 0.000000
vt 0.469846 3.221010 0.000000
vt 0.446816 3.274400 0.000000
vt 0.417744 3.324754 0.000000
vt 0.298579 3.451062 0.000000
vt -0.446816 3.274400 0.000000
vt -0.469846 3.221010 0.000000
vt -0.486522 3.165308 0.000000
vt -0.496619 3.108046 0.000000
vt -0.000000 0.006555 0.000000
vt 0.820000 0.006555 0.000000
vt 0.000000 0.048586 0.000000
vt 0.820000 0.048586 0.000000
vt 0.000000 0.090616 0.000000
vt 0.820000 0.090616 0.000000
vt 0.000000 0.132647 0.000000
vt 0.820000 0.132647 0.000000
vt 0.000000 0.174677 0.000000
vt 0.820000 0.174677 0.000000
vt 0.000000 0.216708 0.000000
vt 0.820000 0.216708 0.000000
vt 0.000000 0.258738 0.000000
vt 0.820000 0.258738 0.000000
vt 0.000000 0.300769 0.000000
vt 0.820000 0.300769 0.000000
vt 0.000000 0.342799 0.000000
vt 0.820000 0.342799 0.000000
vt 0.000000 0.384830 0.000000
vt 0.820000 0.384830 0.000000
vt 0.000000 0.426861 0.000000
vt 0.820000 0.426861 0.000000
vt 0.000000 0.468891 0.000000
vt 0.820000 0.468891 0.000000
vt 0.000000 0.510922 0.000000
vt 0.820000 0.510922 0.000000
vt 0.000000 0.552952 0.000000
vt 0.820000 0.552952 0.000000
vt 0.000000 0.594983 0.000000
vt 0.820000 0.594983 0.000000
vt 0.000000 0.637013 0.000000
vt 0.820000 0.637013 0.000000
vt 0.000000 0.679044 0.000000
vt 0.820000 0.679044 0.000000
vt 0.000000 0.721074 0.000000
vt 0.820000 0.721074 0.000000
vt 0.000000 0.763105 0.000000
vt 0.820000 0.763105 0.000000
vt 0.000000 0.805136 0.000000
vt 0.820000 0.805136 0.000000
vt 0.000000 0.847166 0.000000
vt 0.820000 0.847166 0.000000
vt 0.000000 0.889197 0.000000
vt 0.820000 0.889197 0.000000
vt 0.000000 0.931227 0.000000
vt 0.820000 0.931227 0.000000
vt 0.000000 0.973258 0.000000
vt 0.820000 0.973258 0.000000
vt 0.000000 1.015288 0.000000
vt 0.820000 1.015288 0.000000
vt 0.000000 1.057319 0.000000
vt 0.820000 1.057319 0.000000
vt 0.000000 1.099349 0.000000
vt 0.820000 1.099349 0.000000
vt 0.000000 1.141380 0.000000
vt 0.820000 1.141380 0.000000
vt 0.000000 1.183411 0.000000
vt 0.820000 1.183411 0.000000
vt 0.000000 1.225441 0.000000
vt 0.820000 1.225441 0.000000
vt -0.000000 1.267472 0.000000
vt 0.820000 1.267472 0.000000
vt 0.026958 0.464161 0.000000
vt -0.008193 0.820000 0.000000
vt 0.023550 0.435000 0.000000
vt -0.008193 0.000000 0.000000
vt 0.026958 0.405839 0.000000
vt 0.037000 0.378249 0.000000
vt 0.053134 0.353720 0.000000
vt 0.074489 0.333572 0.000000
vt 0.099916 0.318892 0.000000
vt 0.128042 0.310471 0.000000
vt 0.157352 0.308764 0.000000
vt 0.308193 0.000000 0.000000
vt 0.186266 0.313862 0.000000
vt 0.213225 0.325491 0.000000
vt 0.236775 0.343024 0.000000
vt 0.255647 0.365515 0.000000
vt 0.268824 0.391752 0.000000
vt 0.275595 0.420320 0.000000
vt 0.308193 0.820000 0.000000
vt 0.275595 0.449680 0.000000
vt 0.268824 0.478248 0.000000
vt 0.255647 0.504485 0.000000
vt 0.236775 0.526976 0.000000
vt 0.213225 0.544509 0.000000
vt 0.186266 0.556138 0.000000
vt 0.157352 0.561236 0.000000
vt 0.128042 0.559529 0.000000
vt 0.099916 0.551108 0.000000
vt 0.074489 0.536428 0.000000
vt 0.053134 0.516280 0.000000
vt 0.037000 0.491751 0.000000
vt 0.000000 0.000000 0.000000
vt 1.600000 0.000000 0.000000
vt 0.000000 0.870000 0.000000
vt 1.600000 0.870000 0.000000
vt 0.000000 0.000000 0.000000
vt 5.001000 0.000000 0.000000
vt 0.000000 0.870000 0.000000
vt 5.001000 0.870000 0.000000
vt -0.870000 0.000000 0.000000
vt -0.000000 0.000000 0.000000
vt -0.870000 0.058178 0.000000
vt -0.000000 0.058178 0.000000
vt -0.870000 0.116355 0.000000
vt -0.000000 0.116355 0.000000
vt -0.870000 0.174533 0.000000
vt -0.000000 0.174533 0.000000
vt -0.870000 0.232711 0.000000
vt -0.000000 0.232711 0.000000
vt -0.870000 0.290888 0.000000
vt -0.000000 0.290888 0.000000
vt -0.870000 0.349066 0.000000
vt -0.000000 0.349066 0.000000
vt -0.870000 0.407243 0.000000
vt -0.000000 0.407243 0.000000
vt -0.870000 0.465421 0.000000
vt -0.000000 0.465421 0.000000
vt -0.870000 0.523599 0.000000
vt -0.000000 0.523599 0.000000
vt -0.870000 0.581776 0.000000
vt -0.000000 0.581776 0.000000
vt -0.870000 0.639954 0.000000
vt -0.000000 0.639954 0.000000
vt -0.870000 0.698132 0.000000
vt -0.000000 0.698132 0.000000
vt -0.870000 0.756309 0.000000
vt -0.000000 0.756309 0.000000
vt -0.870000 0.814487 0.000000
vt -0.000000 0.814487 0.000000
vt -0.870000 0.872665 0.000000
vt -0.000000 0.872665 0.000000
vt -0.870000 0.930842 0.000000
vt -0.000000 0.930842 0.000000
vt -0.870000 0.989020 0.000000
vt -0.000000 0.989020 0.000000
vt -0.870000 1.047198 0.000000
vt -0.000000 1.047198 0.000000
vt -0.870000 1.105375 0.000000
vt -0.000000 1.105375 0.000000
vt -0.870000 1.163553 0.000000
vt -0.000000 1.163553 0.000000
vt -0.870000 1.221730 0.000000
vt -0.000000 1.221730 0.000000
vt -0.870000 1.279908 0.000000
vt -0.000000 1.279908 0.000000
vt -0.870000 1.338086 0.000000
vt -0.000000 1.338086 0.000000
vt -0.870000 1.396263 0.000000
vt -0.000000 1.396263 0.000000
vt -0.870000 1.454441 0.000000
vt -0.000000 1.454441 0.000000
vt -0.870000 1.512619 0.000000
vt -0.000000 1.512619 0.000000
vt -0.870000 1.570796 0.000000
vt -0.000000 1.570796 0.000000
vt 0.000000 0.000000 0.000000
vt 5.001000 0.000000 0.000000
vt 0.000000 0.870000 0.000000
vt 5.001000 0.870000 0.000000
vt 0.000000 0.000000 0.000000
vt 1.600000 0.000000 0.000000
vt 0.000000 0.870000 0.000000
vt 1.600000 0.870000 0.000000
vt 0.771637 0.400859 0.000000
vt 1.200000 0.000000 0.000000
vt 0.775000 0.435000 0.000000
vt 1.200000 0.870000 0.000000
vt 0.771637 0.469141 0.000000
vt 0.761679 0.501970 0.000000
vt 0.745507 0.532225 0.000000
vt 0.723744 0.558744 0.000000
vt 0.697225 0.580507 0.000000
vt 0.666970 0.596679 0.000000
vt 0.634141 0.606637 0.000000
vt 0.600000 0.610000 0.000000
vt 0.000000 0.870000 0.000000
vt 0.565859 0.606637 0.000000
vt 0.533030 0.596679 0.000000
vt 0.502775 0.580507 0.000000
vt 0.476256 0.558744 0.000000
vt 0.454493 0.532225 0.000000
vt 0.438321 0.501970 0.000000
vt 0.428363 0.469141 0.000000
vt 0.425000 0.435000 0.000000
vt 0.000000 0.000000 0.000000
vt 0.428363 0.400859 0.000000
vt 0.438321 0.368030 0.000000
vt 0.454493 0.337775 0.000000
vt 0.476256 0.311256 0.000000
vt 0.502775 0.289493 0.000000
vt 0.533030 0.273321 0.000000
vt 0.565859 0.263363 0.000000
vt 0.600000 0.260000 0.000000
vt 0.634141 0.263363 0.000000
vt 0.666970 0.273321 0.000000
vt 0.697225 0.289493 0.000000
vt 0.723744 0.311256 0.000000
vt 0.745507 0.337775 0.000000
vt 0.761679 0.368030 0.000000
vt 0.035355 0.528677 0.000000
vt -0.035355 0.512088 0.000000
vt 0.035355 0.486980 0.000000
vt -0.035355 0.465936 0.000000
vt 0.035355 0.445282 0.000000
vt -0.035355 0.419785 0.000000
vt 0.035355 0.403585 0.000000
vt -0.035355 0.373634 0.000000
vt 0.035355 0.361887 0.000000
vt -0.035355 0.327483 0.000000
vt 0.035355 0.320190 0.000000
vt -0.035355 0.281332 0.000000
vt 0.035355 0.278492 0.000000
vt -0.035355 0.235180 0.000000
vt 0.035355 0.236795 0.000000
vt 0.035355 0.195097 0.000000
vt -0.035355 0.189029 0.000000
vt 0.035355 0.153400 0.000000
vt -0.035355 0.142878 0.000000
vt 0.035355 0.111702 0.000000
vt -0.035355 0.096727 0.000000
vt 0.035355 0.070005 0.000000
vt -0.035355 0.050576 0.000000
vt 0.035355 0.028307 0.000000
vt -0.035355 0.004424 0.000000
vt 0.035355 -0.013390 0.000000
vt -0.035355 -0.041727 0.000000
vt 0.035355 -0.055088 0.000000
vt -0.035355 -0.087878 0.000000
vt 0.035355 -0.096785 0.000000
vt -0.035355 -0.134029 0.000000
vt 0.035355 -0.138483 0.000000
vt -0.035355 -0.180180 0.000000
vt 0.035355 -0.180180 0.000000
vt 0.035355 -0.221878 0.000000
vt -0.035355 -0.226332 0.000000
vt 0.035355 -0.263575 0.000000
vt -0.035355 -0.272483 0.000000
vt 0.035355 -0.305273 0.000000
vt -0.035355 -0.318634 0.000000
vt 0.035355 -0.346970 0.000000
vt -0.035355 -0.364785 0.000000
vt 0.035355 -0.388668 0.000000
vt -0.035355 -0.410936 0.000000
vt 0.035355 -0.430365 0.000000
vt -0.035355 -0.457087 0.000000
vt 0.035355 -0.472063 0.000000
vt -0.035355 -0.503239 0.000000
vt 0.035355 -0.513760 0.000000
vt -0.035355 -0.549390 0.000000
vt 0.035355 -0.555458 0.000000
vt -0.035355 -0.595541 0.000000
vt 0.035355 -0.597155 0.000000
vt 0.035355 -0.638853 0.000000
vt -0.035355 -0.641692 0.000000
vt 0.035355 -0.680550 0.000000
vt -0.035355 -0.687843 0.000000
vt 0.035355 -0.722248 0.000000
vt -0.035355 -0.733995 0.000000
vt 0.035355 -0.763945 0.000000
vt -0.035355 -0.780146 0.000000
vt 0.035355 -0.805643 0.000000
vt -0.035355 -0.826297 0.000000
vt 0.035355 -0.847341 0.000000
vt -0.035355 -0.872448 0.000000
vt 0.035355 -0.889038 0.000000
vt -0.249714 -0.035355 0.000000
vt 0.099714 -0.035355 0.000000
vt -0.233193 0.035355 0.000000
vt 0.083193 0.035355 0.000000
vt 0.032439 3.207851 0.000000
vt 0.029072 3.549154 0.000000
vt -0.000000 3.211150 0.000000
vt -0.029072 3.549154 0.000000
vt -0.032439 3.207851 0.000000
vt -0.063550 3.198090 0.000000
vt -0.086824 3.542404 0.000000
vt -0.092060 3.182266 0.000000
vt -0.116800 3.161027 0.000000
vt -0.143402 3.528995 0.000000
vt -0.136759 3.135243 0.000000
vt -0.151119 3.105968 0.000000
vt -0.198040 3.509108 0.000000
vt -0.159292 3.074403 0.000000
vt -0.250000 3.483013 0.000000
vt -0.160943 3.041838 0.000000
vt -0.298579 3.451062 0.000000
vt -0.343121 3.413687 0.000000
vt 0.063550 3.198090 0.000000
vt 0.086824 3.542404 0.000000
vt 0.092060 3.182266 0.000000
vt 0.116800 3.161027 0.000000
vt 0.143402 3.528995 0.000000
vt 0.136759 3.135243 0.000000
vt 0.151119 3.105968 0.000000
vt 0.198040 3.509108 0.000000
vt 0.159292 3.074403 0.000000
vt 0.250000 3.483013 0.000000
vt 0.160943 3.041838 0.000000
vt 0.298579 3.451062 0.000000
vt 0.343121 3.413687 0.000000
vt 0.156006 3.009607 0.000000
vt 0.383022 3.371394 0.000000
vt 0.500000 3.050000 0.000000
vt 0.417744 3.324754 0.000000
vt 0.446816 3.274400 0.000000
vt 0.469846 3.221010 0.000000
vt 0.486522 3.165308 0.000000
vt 0.496619 3.108046 0.000000
vt 0.237681 -1.758864 0.000000
vt 0.144681 2.979030 0.000000
vt 0.206691 -1.725715 0.000000
vt 0.171127 -1.697531 0.000000
vt 0.127434 2.951359 0.000000
vt 0.131774 -1.674935 0.000000
vt 0.104969 2.927726 0.000000
vt 0.078206 2.909099 0.000000
vt 0.089504 -1.658428 0.000000
vt 0.048242 2.896240 0.000000
vt 0.045253 -1.648376 0.000000
vt 0.016303 2.889677 0.000000
vt -0.000000 -1.645000 0.000000
vt -0.016303 2.889677 0.000000
vt -0.045253 -1.648376 0.000000
vt -0.048242 2.896240 0.000000
vt -0.089504 -1.658428 0.000000
vt -0.078206 2.909099 0.000000
vt -0.131774 -1.674935 0.000000
vt -0.104969 2.927726 0.000000
vt -0.127434 2.951359 0.000000
vt -0.171127 -1.697531 0.000000
vt -0.144681 2.979030 0.000000
vt -0.206691 -1.725715 0.000000
vt -0.237681 -1.758864 0.000000
vt -0.156006 3.009607 0.000000
vt -0.500000 3.050000 0.000000
vt -0.383022 3.371394 0.000000
vt -0.417744 3.324754 0.000000
vt 0.209873 -2.171311 0.000000
vt 0.174714 -2.200000 0.000000
vt 0.600000 -3.550000 0.000000
vt -0.174714 -2.200000 0.000000
vt -0.600000 -3.550000 0.000000
vt -0.209873 -2.171311 0.000000
vt -0.240386 -2.137722 0.000000
vt -0.265577 -2.099979 0.000000
vt -0.284890 -2.058915 0.000000
vt -0.297897 -2.015440 0.000000
vt -0.304309 -1.970517 0.000000
vt -0.600000 -1.950000 0.000000
vt -0.303985 -1.925140 0.000000
vt -0.296932 -1.880313 0.000000
vt -0.283306 -1.837028 0.000000
vt -0.263409 -1.796245 0.000000
vt 0.263409 -1.796245 0.000000
vt 0.283306 -1.837028 0.000000
vt 0.600000 -1.950000 0.000000
vt 0.296932 -1.880313 0.000000
vt 0.303985 -1.925140 0.000000
vt 0.304309 -1.970517 0.000000
vt 0.297897 -2.015440 0.000000
vt 0.284890 -2.058915 0.000000
vt 0.265577 -2.099979 0.000000
vt 0.240386 -2.137722 0.000000
vt -0.446816 3.274400 0.000000
vt -0.469846 3.221010 0.000000
vt -0.486522 3.165308 0.000000
vt -0.496619 3.108046 0.000000
vn -0.070711 -0.013795 0.069352
vn -0.070711 -0.000000 0.070711
vn -0.070711 -0.000000 0.070711
vn -0.070711 0.013795 0.069352
vn -0.070711 0.016307 0.068805
vn -0.070711 0.027060 0.065328
vn -0.070711 0.031735 0.063189
vn -0.070711 0.039285 0.058794
vn -0.070711 0.045452 0.054168
vn -0.070711 0.050000 0.050000
vn -0.070711 0.056719 0.042225
vn -0.070711 0.058794 0.039285
vn -0.070711 0.064928 0.028007
vn -0.070711 0.065328 0.027060
vn -0.070711 0.069352 0.013795
vn -0.070711 0.069636 0.012279
vn -0.070711 0.070711 0.000000
vn -0.070711 0.070591 -0.004111
vn -0.070711 0.069352 -0.013795
vn -0.070711 0.067740 -0.020280
vn -0.070711 0.065328 -0.027060
vn -0.070711 0.061237 -0.035355
vn -0.070711 0.058794 -0.039285
vn -0.070711 0.051433 -0.048525
vn -0.070711 0.050000 -0.050000
vn -0.070711 0.038856 -0.059078
vn -0.070711 0.039285 -0.058794
vn -0.070711 0.027060 -0.065328
vn -0.070711 0.024184 -0.066446
vn -0.070711 0.013795 -0.069352
vn -0.070711 0.008209 -0.070233
vn -0.070711 0.000000 -0.070711
vn -0.070711 -0.008209 -0.070233
vn -0.070711 -0.013795 -0.069352
vn -0.070711 -0.024184 -0.066446
vn -0.070711 -0.027060 -0.065328
vn -0.070711 -0.038856 -0.059078
vn -0.070711 -0.039285 -0.058794
vn -0.070711 -0.050000 -0.050000
vn -0.070711 -0.051433 -0.048525
vn -0.070711 -0.058794 -0.039285
vn -0.070711 -0.061237 -0.035355
vn -0.070711 -0.065328 -0.027060
vn -0.070711 -0.067740 -0.020280
vn -0.070711 -0.069352 -0.013795
vn -0.070711 -0.070591 -0.004111
vn -0.070711 -0.070711 -0.000000
vn -0.070711 -0.069636 0.012279
vn -0.070711 -0.069352 0.013795
vn -0.070711 -0.064928 0.028007
vn -0.070711 -0.065328 0.027060
vn -0.070711 -0.058794 0.039285
vn -0.070711 -0.056719 0.042225
vn -0.070711 -0.050000 0.050000
vn -0.070711 -0.045452 0.054168
vn -0.070711 -0.039285 0.058794
vn -0.070711 -0.031735 0.063189
vn -0.070711 -0.027060 0.065328
vn -0.070711 -0.016307 0.068805
vn -0.000000 0.023062 0.097304
vn -0.000000 0.011609 0.099324
vn -0.000000 -0.000000 0.100000
vn -0.000000 -0.011609 0.099324
vn -0.000000 -0.023062 0.097304
vn -0.000000 -0.034202 0.093969
vn -0.000000 -0.044880 0.089363
vn -0.000000 -0.054951 0.083549
vn -0.000000 -0.064279 0.076604
vn -0.000000 -0.072737 0.068624
vn -0.000000 -0.080212 0.059716
vn -0.000000 -0.086603 0.050000
vn -0.000000 -0.091822 0.039608
vn -0.000000 -0.095799 0.028680
vn -0.000000 -0.098481 0.017365
vn -0.000000 -0.099831 0.005814
vn 0.000000 -0.099831 -0.005814
vn 0.000000 -0.098481 -0.017365
vn 0.000000 -0.095799 -0.028680
vn 0.000000 -0.091822 -0.039608
vn 0.000000 -0.086603 -0.050000
vn 0.000000 -0.080212 -0.059716
vn 0.000000 -0.072737 -0.068624
vn 0.000000 -0.064279 -0.076604
vn 0.000000 -0.054951 -0.083549
vn 0.000000 -0.044880 -0.089363
vn 0.000000 -0.034202 -0.093969
vn 0.000000 -0.023062 -0.097304
vn 0.000000 -0.011609 -0.099324
vn 0.000000 0.000000 -0.100000
vn 0.000000 0.011609 -0.099324
vn 0.000000 0.023062 -0.097304
vn 0.000000 0.034202 -0.093969
vn 0.000000 0.044880 -0.089363
vn 0.000000 0.054951 -0.083549
vn 0.000000 0.064279 -0.076604
vn 0.000000 0.072737 -0.068624
vn 0.000000 0.080212 -0.059716
vn 0.000000 0.086603 -0.050000
vn 0.000000 0.091822 -0.039608
vn 0.000000 0.095799 -0.028680
vn 0.000000 0.098481 -0.017365
vn 0.000000 0.099831 -0.005814
vn -0.000000 0.099831 0.005814
vn -0.000000 0.098481 0.017365
vn -0.000000 0.095799 0.028680
vn -0.000000 0.091822 0.039608
vn -0.000000 0.086603 0.050000
vn -0.000000 0.080212 0.059716
vn -0.000000 0.072737 0.068624
vn -0.000000 0.064279 0.076604
vn -0.000000 0.054951 0.083549
vn -0.000000 0.044880 0.089363
vn -0.000000 0.034202 0.093969
vn -0.000000 -0.023062 0.097304
vn -0.000000 -0.011609 0.099324
vn -0.000000 -0.000000 0.100000
vn -0.000000 0.011609 0.099324
vn -0.000000 0.023062 0.097304
vn -0.000000 0.034202 0.093969
vn -0.000000 0.044880 0.089363
vn -0.000000 0.054951 0.083549
vn -0.000000 0.064279 0.076604
vn -0.000000 0.072737 0.068624
vn -0.000000 0.080212 0.059716
vn -0.000000 0.086603 0.050000
vn -0.000000 0.091822 0.039608
vn -0.000000 0.095799 0.028680
vn -0.000000 0.098481 0.017365
vn -0.000000 0.099831 0.005814
vn 0.000000 0.099831 -0.005814
vn 0.000000 0.098481 -0.017365
vn 0.000000 0.095799 -0.028680
vn 0.000000 0.091822 -0.039608
vn 0.000000 0.086603 -0.050000
vn 0.000000 0.080212 -0.059716
vn 0.000000 0.072737 -0.068624
vn 0.000000 0.064279 -0.076604
vn 0.000000 0.054951 -0.083549
vn 0.000000 0.044880 -0.089363
vn 0.000000 0.034202 -0.093969
vn 0.000000 0.023062 -0.097304
vn 0.000000 0.011609 -0.099324
vn 0.000000 0.000000 -0.100000
vn 0.000000 -0.011609 -0.099324
vn 0.000000 -0.023062 -0.097304
vn 0.000000 -0.034202 -0.093969
vn 0.000000 -0.044880 -0.089363
vn 0.000000 -0.054951 -0.083549
vn 0.000000 -0.064279 -0.076604
vn 0.000000 -0.072737 -0.068624
vn 0.000000 -0.080212 -0.059716
vn 0.000000 -0.086603 -0.050000
vn 0.000000 -0.091822 -0.039608
vn 0.000000 -0.095799 -0.028680
vn 0.000000 -0.098481 -0.017365
vn 0.000000 -0.099831 -0.005814
vn -0.000000 -0.099831 0.005814
vn -0.000000 -0.098481 0.017365
vn -0.000000 -0.095799 0.028680
vn -0.000000 -0.091822 0.039608
vn -0.000000 -0.086603 0.050000
vn -0.000000 -0.080212 0.059716
vn -0.000000 -0.072737 0.068624
vn -0.000000 -0.064279 0.076604
vn -0.000000 -0.054951 0.083549
vn -0.000000 -0.044880 0.089363
vn -0.000000 -0.034202 0.093969
vn -0.069263 -0.070711 0.014234
vn -0.070711 -0.070711 -0.000000
vn -0.070711 -0.070711 -0.000000
vn -0.069263 -0.070711 -0.014234
vn -0.068805 -0.070711 -0.016307
vn -0.064980 -0.070711 -0.027885
vn -0.063189 -0.070711 -0.031735
vn -0.058037 -0.070711 -0.040395
vn -0.054168 -0.070711 -0.045452
vn -0.048717 -0.070711 -0.051251
vn -0.042225 -0.070711 -0.056719
vn -0.037403 -0.070711 -0.060008
vn -0.028007 -0.070711 -0.064928
vn -0.024558 -0.070711 -0.066309
vn -0.012279 -0.070711 -0.069636
vn -0.010708 -0.070711 -0.069895
vn 0.004111 -0.070711 -0.070591
vn 0.003581 -0.070711 -0.070620
vn 0.017724 -0.070711 -0.068453
vn 0.020280 -0.070711 -0.067740
vn 0.031141 -0.070711 -0.063484
vn 0.035355 -0.070711 -0.061237
vn 0.043282 -0.070711 -0.055916
vn 0.048525 -0.070711 -0.051433
vn 0.053652 -0.070711 -0.046059
vn 0.059078 -0.070711 -0.038856
vn 0.061826 -0.070711 -0.034316
vn 0.066446 -0.070711 -0.024184
vn 0.067468 -0.070711 -0.021168
vn 0.070233 -0.070711 -0.008209
vn 0.070348 -0.070711 -0.007154
vn 0.070348 -0.070711 0.007154
vn 0.070233 -0.070711 0.008209
vn 0.067468 -0.070711 0.021168
vn 0.066446 -0.070711 0.024184
vn 0.061826 -0.070711 0.034316
vn 0.059078 -0.070711 0.038856
vn 0.053652 -0.070711 0.046059
vn 0.048525 -0.070711 0.051433
vn 0.043282 -0.070711 0.055916
vn 0.035355 -0.070711 0.061237
vn 0.031141 -0.070711 0.063484
vn 0.020280 -0.070711 0.067740
vn 0.017724 -0.070711 0.068453
vn 0.004111 -0.070711 0.070591
vn 0.003581 -0.070711 0.070620
vn -0.010708 -0.070711 0.069895
vn -0.012279 -0.070711 0.069636
vn -0.024558 -0.070711 0.066309
vn -0.028007 -0.070711 0.064928
vn -0.037403 -0.070711 0.060008
vn -0.042225 -0.070711 0.056719
vn -0.048717 -0.070711 0.051251
vn -0.054168 -0.070711 0.045452
vn -0.058037 -0.070711 0.040395
vn -0.063189 -0.070711 0.031735
vn -0.064980 -0.070711 0.027885
vn -0.068805 -0.070711 0.016307
vn -0.097304 0.000000 -0.023062
vn -0.099324 0.000000 -0.011609
vn -0.100000 -0.000000 -0.000000
vn -0.099324 -0.000000 0.011609
vn -0.097304 -0.000000 0.023062
vn -0.093969 -0.000000 0.034202
vn -0.089363 -0.000000 0.044880
vn -0.083549 -0.000000 0.054951
vn -0.076604 -0.000000 0.064279
vn -0.068624 -0.000000 0.072737
vn -0.059716 -0.000000 0.080212
vn -0.050000 -0.000000 0.086603
vn -0.039608 -0.000000 0.091822
vn -0.028680 -0.000000 0.095799
vn -0.017365 -0.000000 0.098481
vn -0.005814 -0.000000 0.099831
vn 0.005814 -0.000000 0.099831
vn 0.017365 -0.000000 0.098481
vn 0.028680 -0.000000 0.095799
vn 0.039608 -0.000000 0.091822
vn 0.050000 -0.000000 0.086603
vn 0.059716 -0.000000 0.080212
vn 0.068624 -0.000000 0.072737
vn 0.076604 -0.000000 0.064279
vn 0.083549 -0.000000 0.054951
vn 0.089363 -0.000000 0.044880
vn 0.093969 -0.000000 0.034202
vn 0.097304 -0.000000 0.023062
vn 0.099324 -0.000000 0.011609
vn 0.100000 0.000000 0.000000
vn 0.099324 0.000000 -0.011609
vn 0.097304 0.000000 -0.023062
vn 0.093969 0.000000 -0.034202
vn 0.089363 0.000000 -0.044880
vn 0.083549 0.000000 -0.054951
vn 0.076604 0.000000 -0.064279
vn 0.068624 0.000000 -0.072737
vn 0.059716 0.000000 -0.080212
vn 0.050000 0.000000 -0.086603
vn 0.039608 0.000000 -0.091822
vn 0.028680 0.000000 -0.095799
vn 0.017365 0.000000 -0.098481
vn 0.005814 0.000000 -0.099831
vn -0.005814 0.000000 -0.099831
vn -0.017365 0.000000 -0.098481
vn -0.028680 0.000000 -0.095799
vn -0.039608 0.000000 -0.091822
vn -0.050000 0.000000 -0.086603
vn -0.059716 0.000000 -0.080212
vn -0.068624 0.000000 -0.072737
vn -0.076604 0.000000 -0.064279
vn -0.083549 0.000000 -0.054951
vn -0.089363 0.000000 -0.044880
vn -0.093969 0.000000 -0.034202
vn 0.097304 0.000000 -0.023062
vn 0.100000 0.000000 0.000000
vn 0.097304 -0.000000 0.023062
vn 0.089363 -0.000000 0.044880
vn 0.076604 -0.000000 0.064279
vn 0.059716 -0.000000 0.080212
vn 0.039608 -0.000000 0.091822
vn 0.017365 -0.000000 0.098481
vn -0.005814 -0.000000 0.099831
vn -0.028680 -0.000000 0.095799
vn -0.050000 -0.000000 0.086603
vn -0.068624 -0.000000 0.072737
vn -0.083549 -0.000000 0.054951
vn -0.093969 -0.000000 0.034202
vn -0.099324 -0.000000 0.011609
vn -0.099324 0.000000 -0.011609
vn -0.093969 0.000000 -0.034202
vn -0.083549 0.000000 -0.054951
vn -0.068624 0.000000 -0.072737
vn -0.050000 0.000000 -0.086603
vn -0.028680 0.000000 -0.095799
vn -0.005814 0.000000 -0.099831
vn 0.017365 0.000000 -0.098481
vn 0.039608 0.000000 -0.091822
vn 0.059716 0.000000 -0.080212
vn 0.076604 0.000000 -0.064279
vn 0.089363 0.000000 -0.044880
vn -0.000000 0.100000 0.000000
vn -0.000000 0.100000 0.000000
vn -0.000000 0.100000 0.000000
vn -0.000000 0.100000 0.000000
vn -0.000000 0.100000 0.000000
vn -0.000000 0.100000 0.000000
vn -0.000000 0.100000 0.000000
vn -0.000000 0.100000 0.000000
vn -0.000000 0.100000 0.000000
vn -0.000000 0.100000 0.000000
vn -0.000000 0.100000 0.000000
vn -0.000000 0.100000 0.000000
vn -0.000000 0.100000 0.000000
vn -0.000000 0.100000 0.000000
vn -0.000000 0.100000 0.000000
vn -0.000000 0.100000 0.000000
vn -0.000000 0.100000 0.000000
vn -0.000000 0.100000 0.000000
vn -0.000000 0.100000 0.000000
vn -0.000000 0.100000 0.000000
vn -0.000000 0.100000 0.000000
vn -0.000000 0.100000 0.000000
vn -0.000000 0.100000 0.000000
vn -0.000000 0.100000 0.000000
vn -0.000000 0.100000 0.000000
vn -0.000000 0.100000 0.000000
vn -0.000000 0.100000 0.000000
vn -0.000000 0.100000 0.000000
vn -0.000000 0.100000 0.000000
vn -0.000000 0.100000 0.000000
vn -0.000000 0.100000 0.000000
vn -0.000000 0.100000 0.000000
vn -0.000000 0.100000 0.000000
vn -0.000000 0.100000 0.000000
vn -0.000000 0.100000 0.000000
vn -0.000000 0.100000 0.000000
vn -0.000000 0.100000 0.000000
vn -0.000000 0.100000 0.000000
vn -0.000000 0.100000 0.000000
vn -0.000000 0.100000 0.000000
vn -0.000000 0.100000 0.000000
vn -0.000000 0.100000 0.000000
vn -0.000000 0.100000 0.000000
vn -0.000000 0.100000 0.000000
vn -0.000000 0.100000 0.000000
vn -0.000000 0.100000 0.000000
vn -0.000000 0.100000 0.000000
vn -0.000000 0.100000 0.000000
vn -0.000000 0.100000 0.000000
vn -0.000000 0.100000 0.000000
vn -0.000000 0.100000 0.000000
vn -0.000000 0.100000 0.000000
vn -0.000000 0.100000 0.000000
vn -0.000000 0.100000 0.000000
vn -0.000000 0.100000 0.000000
vn -0.000000 0.100000 0.000000
vn -0.000000 0.100000 0.000000
vn -0.000000 0.100000 0.000000
vn -0.000000 0.100000 0.000000
vn -0.000000 0.100000 0.000000
vn -0.000000 0.100000 0.000000
vn -0.000000 0.100000 0.000000
vn -0.000000 0.100000 0.000000
vn -0.000000 0.100000 0.000000
vn -0.000000 0.100000 0.000000
vn -0.000000 0.100000 0.000000
vn -0.000000 0.100000 0.000000
vn -0.000000 0.100000 0.000000
vn -0.000000 0.100000 0.000000
vn -0.000000 0.100000 0.000000
vn -0.000000 0.100000 0.000000
vn -0.000000 0.100000 0.000000
vn -0.000000 0.100000 0.000000
vn -0.000000 0.100000 0.000000
vn -0.000000 0.100000 0.000000
vn -0.000000 0.100000 0.000000
vn -0.000000 0.100000 0.000000
vn -0.000000 0.100000 0.000000
vn -0.000000 0.100000 0.000000
vn -0.000000 0.100000 0.000000
vn -0.000000 0.100000 0.000000
vn -0.000000 0.100000 0.000000
vn -0.000000 0.100000 0.000000
vn -0.000000 0.100000 0.000000
vn -0.000000 0.100000 0.000000
vn -0.000000 0.100000 0.000000
vn -0.000000 0.100000 0.000000
vn -0.000000 0.100000 0.000000
vn -0.000000 0.100000 0.000000
vn -0.000000 0.100000 0.000000
vn 0.078431 -0.000000 0.062036
vn 0.078431 -0.000000 0.062036
vn 0.067189 -0.000000 0.074065
vn 0.067189 -0.000000 0.074065
vn 0.054126 -0.000000 0.084085
vn 0.054126 -0.000000 0.084085
vn 0.039596 -0.000000 0.091827
vn 0.039596 -0.000000 0.091827
vn 0.023992 -0.000000 0.097079
vn 0.023992 -0.000000 0.097079
vn 0.007738 -0.000000 0.099700
vn 0.007738 -0.000000 0.099700
vn -0.008725 -0.000000 0.099619
vn -0.008725 -0.000000 0.099619
vn -0.024953 -0.000000 0.096837
vn -0.024953 -0.000000 0.096837
vn -0.040503 -0.000000 0.091430
vn -0.040503 -0.000000 0.091430
vn -0.054956 -0.000000 0.083545
vn -0.054956 -0.000000 0.083545
vn -0.067920 -0.000000 0.073396
vn -0.067920 -0.000000 0.073396
vn -0.079042 -0.000000 0.061257
vn -0.079042 -0.000000 0.061257
vn -0.088022 -0.000000 0.047457
vn -0.088022 -0.000000 0.047457
vn -0.094616 -0.000000 0.032371
vn -0.094616 -0.000000 0.032371
vn -0.098645 -0.000000 0.016408
vn -0.098645 -0.000000 0.016408
vn -0.100000 -0.000000 0.000000
vn -0.100000 -0.000000 -0.000000
vn -0.098645 0.000000 -0.016408
vn -0.098645 0.000000 -0.016408
vn -0.094616 0.000000 -0.032371
vn -0.094616 0.000000 -0.032371
vn -0.088022 0.000000 -0.047457
vn -0.088022 0.000000 -0.047457
vn -0.079042 0.000000 -0.061257
vn -0.079042 0.000000 -0.061257
vn -0.067920 0.000000 -0.073396
vn -0.067920 0.000000 -0.073396
vn -0.054956 0.000000 -0.083545
vn -0.054956 0.000000 -0.083545
vn -0.040503 0.000000 -0.091430
vn -0.040503 0.000000 -0.091430
vn -0.024953 0.000000 -0.096837
vn -0.024953 0.000000 -0.096837
vn -0.008725 0.000000 -0.099619
vn -0.008725 0.000000 -0.099619
vn 0.007738 0.000000 -0.099700
vn 0.007738 0.000000 -0.099700
vn 0.023992 0.000000 -0.097079
vn 0.023992 0.000000 -0.097079
vn 0.039596 0.000000 -0.091827
vn 0.039596 0.000000 -0.091827
vn 0.054126 0.000000 -0.084085
vn 0.054126 0.000000 -0.084085
vn 0.067189 0.000000 -0.074065
vn 0.067189 0.000000 -0.074065
vn 0.078431 0.000000 -0.062036
vn 0.078431 0.000000 -0.062036
vn 0.100000 0.000000 0.000000
vn 0.100000 0.000000 0.000000
vn 0.100000 0.000000 0.000000
vn 0.100000 0.000000 0.000000
vn 0.100000 0.000000 0.000000
vn 0.100000 0.000000 0.000000
vn 0.100000 0.000000 0.000000
vn 0.100000 0.000000 0.000000
vn 0.100000 0.000000 0.000000
vn 0.100000 0.000000 0.000000
vn 0.100000 0.000000 0.000000
vn 0.100000 0.000000 0.000000
vn 0.100000 0.000000 0.000000
vn 0.100000 0.000000 0.000000
vn 0.100000 0.000000 0.000000
vn 0.100000 0.000000 0.000000
vn 0.100000 0.000000 0.000000
vn 0.100000 0.000000 0.000000
vn 0.100000 0.000000 0.000000
vn 0.100000 0.000000 0.000000
vn 0.100000 0.000000 0.000000
vn 0.100000 0.000000 0.000000
vn 0.100000 0.000000 0.000000
vn 0.100000 0.000000 0.000000
vn 0.100000 0.000000 0.000000
vn 0.100000 0.000000 0.000000
vn 0.100000 0.000000 0.000000
vn 0.100000 0.000000 0.000000
vn 0.100000 0.000000 0.000000
vn 0.100000 0.000000 0.000000
vn 0.100000 0.000000 0.000000
vn -0.000000 -0.000000 0.100000
vn -0.000000 -0.000000 0.100000
vn -0.000000 -0.000000 0.100000
vn -0.000000 -0.000000 0.100000
vn 0.002000 -0.000000 0.099980
vn 0.002000 -0.000000 0.099980
vn 0.002000 -0.000000 0.099980
vn 0.002000 -0.000000 0.099980
vn 0.000000 0.000000 -0.100000
vn 0.000000 0.000000 -0.100000
vn 0.011609 0.000000 -0.099324
vn 0.011609 0.000000 -0.099324
vn 0.023062 0.000000 -0.097304
vn 0.023062 0.000000 -0.097304
vn 0.034202 0.000000 -0.093969
vn 0.034202 0.000000 -0.093969
vn 0.044880 0.000000 -0.089363
vn 0.044880 0.000000 -0.089363
vn 0.054951 0.000000 -0.083549
vn 0.054951 0.000000 -0.083549
vn 0.064279 0.000000 -0.076604
vn 0.064279 0.000000 -0.076604
vn 0.072737 0.000000 -0.068624
vn 0.072737 0.000000 -0.068624
vn 0.080212 0.000000 -0.059716
vn 0.080212 0.000000 -0.059716
vn 0.086603 0.000000 -0.050000
vn 0.086603 0.000000 -0.050000
vn 0.091822 0.000000 -0.039608
vn 0.091822 0.000000 -0.039608
vn 0.095799 0.000000 -0.028680
vn 0.095799 0.000000 -0.028680
vn 0.098481 0.000000 -0.017365
vn 0.098481 0.000000 -0.017365
vn 0.099831 0.000000 -0.005814
vn 0.099831 0.000000 -0.005814
vn 0.099831 -0.000000 0.005814
vn 0.099831 -0.000000 0.005814
vn 0.098481 -0.000000 0.017365
vn 0.098481 -0.000000 0.017365
vn 0.095799 -0.000000 0.028680
vn 0.095799 -0.000000 0.028680
vn 0.091822 -0.000000 0.039608
vn 0.091822 -0.000000 0.039608
vn 0.086603 -0.000000 0.050000
vn 0.086603 -0.000000 0.050000
vn 0.080212 -0.000000 0.059716
vn 0.080212 -0.000000 0.059716
vn 0.072737 -0.000000 0.068624
vn 0.072737 -0.000000 0.068624
vn 0.064279 -0.000000 0.076604
vn 0.064279 -0.000000 0.076604
vn 0.054951 -0.000000 0.083549
vn 0.054951 -0.000000 0.083549
vn 0.044880 -0.000000 0.089363
vn 0.044880 -0.000000 0.089363
vn 0.034202 -0.000000 0.093969
vn 0.034202 -0.000000 0.093969
vn 0.023062 -0.000000 0.097304
vn 0.023062 -0.000000 0.097304
vn 0.011609 -0.000000 0.099324
vn 0.011609 -0.000000 0.099324
vn -0.000000 -0.000000 0.100000
vn -0.000000 -0.000000 0.100000
vn 0.002000 0.000000 -0.099980
vn 0.002000 0.000000 -0.099980
vn 0.002000 0.000000 -0.099980
vn 0.002000 0.000000 -0.099980
vn 0.000000 0.000000 -0.100000
vn 0.000000 0.000000 -0.100000
vn 0.000000 0.000000 -0.100000
vn 0.000000 0.000000 -0.100000
vn -0.100000 -0.000000 -0.000000
vn -0.100000 -0.000000 -0.000000
vn -0.100000 -0.000000 -0.000000
vn -0.100000 -0.000000 -0.000000
vn -0.100000 -0.000000 -0.000000
vn -0.100000 -0.000000 -0.000000
vn -0.100000 -0.000000 -0.000000
vn -0.100000 -0.000000 -0.000000
vn -0.100000 -0.000000 -0.000000
vn -0.100000 -0.000000 -0.000000
vn -0.100000 -0.000000 -0.000000
vn -0.100000 -0.000000 -0.000000
vn -0.100000 -0.000000 -0.000000
vn -0.100000 -0.000000 -0.000000
vn -0.100000 -0.000000 -0.000000
vn -0.100000 -0.000000 -0.000000
vn -0.100000 -0.000000 -0.000000
vn -0.100000 -0.000000 -0.000000
vn -0.100000 -0.000000 -0.000000
vn -0.100000 -0.000000 -0.000000
vn -0.100000 -0.000000 -0.000000
vn -0.100000 -0.000000 -0.000000
vn -0.100000 -0.000000 -0.000000
vn -0.100000 -0.000000 -0.000000
vn -0.100000 -0.000000 -0.000000
vn -0.100000 -0.000000 -0.000000
vn -0.100000 -0.000000 -0.000000
vn -0.100000 -0.000000 -0.000000
vn -0.100000 -0.000000 -0.000000
vn -0.100000 -0.000000 -0.000000
vn -0.100000 -0.000000 -0.000000
vn -0.100000 -0.000000 -0.000000
vn -0.100000 -0.000000 -0.000000
vn -0.100000 -0.000000 -0.000000
vn -0.100000 -0.000000 -0.000000
vn -0.100000 -0.000000 -0.000000
vn 0.057960 -0.070711 -0.040505
vn 0.055459 -0.070711 -0.043866
vn 0.051308 -0.070711 -0.048657
vn 0.047510 -0.070711 -0.052372
vn 0.043521 -0.070711 -0.055731
vn 0.038273 -0.070711 -0.059457
vn 0.034771 -0.070711 -0.061571
vn 0.027999 -0.070711 -0.064931
vn 0.025251 -0.070711 -0.066048
vn 0.016965 -0.070711 -0.068645
vn 0.015172 -0.070711 -0.069064
vn 0.005472 -0.070711 -0.070499
vn 0.004757 -0.070711 -0.070551
vn -0.006170 -0.070711 -0.070441
vn -0.005764 -0.070711 -0.070475
vn -0.016156 -0.070711 -0.068840
vn -0.017644 -0.070711 -0.068474
vn -0.026191 -0.070711 -0.065681
vn -0.028640 -0.070711 -0.064651
vn -0.035646 -0.070711 -0.061068
vn -0.038860 -0.070711 -0.059075
vn -0.044313 -0.070711 -0.055104
vn -0.048026 -0.070711 -0.051899
vn -0.051998 -0.070711 -0.047919
vn -0.055891 -0.070711 -0.043315
vn -0.058532 -0.070711 -0.039674
vn -0.062241 -0.070711 -0.033557
vn -0.063771 -0.070711 -0.030550
vn -0.066903 -0.070711 -0.022890
vn -0.067597 -0.070711 -0.020750
vn -0.069752 -0.070711 -0.011602
vn -0.069928 -0.070711 -0.010491
vn -0.070711 -0.070711 -0.000000
vn -0.070711 -0.070711 -0.000000
vn -0.069928 -0.070711 0.010491
vn -0.069752 -0.070711 0.011602
vn -0.067597 -0.070711 0.020750
vn -0.066903 -0.070711 0.022890
vn -0.063771 -0.070711 0.030550
vn -0.062241 -0.070711 0.033557
vn -0.058532 -0.070711 0.039674
vn -0.055891 -0.070711 0.043315
vn -0.051998 -0.070711 0.047919
vn -0.048026 -0.070711 0.051899
vn -0.044313 -0.070711 0.055104
vn -0.038860 -0.070711 0.059075
vn -0.035646 -0.070711 0.061068
vn -0.028640 -0.070711 0.064651
vn -0.026191 -0.070711 0.065681
vn -0.017644 -0.070711 0.068474
vn -0.016156 -0.070711 0.068840
vn -0.006170 -0.070711 0.070441
vn -0.005764 -0.070711 0.070475
vn 0.004757 -0.070711 0.070551
vn 0.005472 -0.070711 0.070499
vn 0.015172 -0.070711 0.069064
vn 0.016965 -0.070711 0.068645
vn 0.025251 -0.070711 0.066048
vn 0.027999 -0.070711 0.064931
vn 0.034771 -0.070711 0.061571
vn 0.038273 -0.070711 0.059457
vn 0.043521 -0.070711 0.055731
vn 0.047510 -0.070711 0.052372
vn 0.051308 -0.070711 0.048657
vn 0.055459 -0.070711 0.043866
vn 0.057960 -0.070711 0.040505
vn 0.070711 -0.070711 -0.000000
vn 0.070711 -0.070711 -0.000000
vn 0.070711 -0.070711 -0.000000
vn 0.070711 -0.070711 -0.000000
vn 0.000000 -0.100000 -0.000000
vn 0.000000 -0.100000 -0.000000
vn 0.000000 -0.100000 -0.000000
vn 0.000000 -0.100000 -0.000000
vn 0.000000 -0.100000 -0.000000
vn 0.000000 -0.100000 -0.000000
vn 0.000000 -0.100000 -0.000000
vn 0.000000 -0.100000 -0.000000
vn 0.000000 -0.100000 -0.000000
vn 0.000000 -0.100000 -0.000000
vn 0.000000 -0.100000 -0.000000
vn 0.000000 -0.100000 -0.000000
vn 0.000000 -0.100000 -0.000000
vn 0.000000 -0.100000 -0.000000
vn 0.000000 -0.100000 -0.000000
vn 0.000000 -0.100000 -0.000000
vn 0.000000 -0.100000 -0.000000
vn 0.000000 -0.100000 -0.000000
vn 0.000000 -0.100000 -0.000000
vn 0.000000 -0.100000 -0.000000
vn 0.000000 -0.100000 -0.000000
vn 0.000000 -0.100000 -0.000000
vn 0.000000 -0.100000 -0.000000
vn 0.000000 -0.100000 -0.000000
vn 0.000000 -0.100000 -0.000000
vn 0.000000 -0.100000 -0.000000
vn 0.000000 -0.100000 -0.000000
vn 0.000000 -0.100000 -0.000000
vn 0.000000 -0.100000 -0.000000
vn 0.000000 -0.100000 -0.000000
vn 0.000000 -0.100000 -0.000000
vn 0.000000 -0.100000 -0.000000
vn 0.000000 -0.100000 -0.000000
vn 0.000000 -0.100000 -0.000000
vn 0.000000 -0.100000 -0.000000
vn 0.000000 -0.100000 -0.000000
vn 0.000000 -0.100000 -0.000000
vn 0.000000 -0.100000 -0.000000
vn 0.000000 -0.100000 -0.000000
vn 0.000000 -0.100000 -0.000000
vn 0.000000 -0.100000 -0.000000
vn 0.000000 -0.100000 -0.000000
vn 0.000000 -0.100000 -0.000000
vn 0.000000 -0.100000 -0.000000
vn 0.000000 -0.100000 -0.000000
vn 0.000000 -0.100000 -0.000000
vn 0.000000 -0.100000 -0.000000
vn 0.000000 -0.100000 -0.000000
vn 0.000000 -0.100000 -0.000000
vn 0.000000 -0.100000 -0.000000
vn 0.000000 -0.100000 -0.000000
vn 0.000000 -0.100000 -0.000000
vn 0.000000 -0.100000 -0.000000
vn 0.000000 -0.100000 -0.000000
vn 0.000000 -0.100000 -0.000000
vn 0.000000 -0.100000 -0.000000
vn 0.000000 -0.100000 -0.000000
vn 0.000000 -0.100000 -0.000000
vn 0.000000 -0.100000 -0.000000
vn 0.000000 -0.100000 -0.000000
vn 0.000000 -0.100000 -0.000000
vn 0.000000 -0.100000 -0.000000
vn 0.000000 -0.100000 -0.000000
vn 0.000000 -0.100000 -0.000000
vn 0.000000 -0.100000 -0.000000
vn 0.000000 -0.100000 -0.000000
vn 0.000000 -0.100000 -0.000000
vn 0.000000 -0.100000 -0.000000
vn 0.000000 -0.100000 -0.000000
vn 0.000000 -0.100000 -0.000000
vn 0.000000 -0.100000 -0.000000
vn 0.000000 -0.100000 -0.000000
vn 0.000000 -0.100000 -0.000000
vn 0.000000 -0.100000 -0.000000
vn 0.000000 -0.100000 -0.000000
vn 0.000000 -0.100000 -0.000000
vn 0.000000 -0.100000 -0.000000
vn 0.000000 -0.100000 -0.000000
vn 0.000000 -0.100000 -0.000000
vn 0.000000 -0.100000 -0.000000
vn 0.000000 -0.100000 -0.000000
vn 0.000000 -0.100000 -0.000000
vn 0.000000 -0.100000 -0.000000
vn 0.000000 -0.100000 -0.000000
vn 0.000000 -0.100000 -0.000000
vn 0.000000 -0.100000 -0.000000
vn 0.000000 -0.100000 -0.000000
vn 0.000000 -0.100000 -0.000000
vn 0.000000 -0.100000 -0.000000
vn 0.000000 -0.100000 -0.000000
vn 0.000000 -0.100000 -0.000000
vn 0.000000 -0.100000 -0.000000
vn 0.000000 -0.100000 -0.000000
vn 0.000000 -0.100000 -0.000000
vn 0.000000 -0.100000 -0.000000
vn 0.000000 -0.100000 -0.000000
vn 0.000000 -0.100000 -0.000000
vn 0.000000 -0.100000 -0.000000
usemtl Plastic_-_Glossy_(Red)
f 32/1/1 1/2/2 33/3/3
f 33/3/3 1/2/2 2/4/4
f 33/3/3 2/4/4 59/5/5
f 59/5/5 2/4/4 3/6/6
f 59/5/5 3/6/6 58/7/7
f 58/7/7 3/6/6 4/8/8
f 58/7/7 4/8/8 57/9/9
f 57/9/9 4/8/8 5/10/10
f 57/9/9 5/10/10 56/11/11
f 56/11/11 5/10/10 6/12/12
f 56/11/11 6/12/12 55/13/13
f 55/13/13 6/12/12 7/14/14
f 55/13/13 7/14/14 8/15/15
f 55/13/13 8/15/15 54/16/16
f 54/16/16 8/15/15 9/17/17
f 54/16/16 9/17/17 53/18/18
f 53/18/18 9/17/17 10/19/19
f 53/18/18 10/19/19 52/20/20
f 52/20/20 10/19/19 11/21/21
f 52/20/20 11/21/21 51/22/22
f 51/22/22 11/21/21 12/23/23
f 51/22/22 12/23/23 50/24/24
f 50/24/24 12/23/23 13/25/25
f 50/24/24 13/25/25 49/26/26
f 49/26/26 13/25/25 14/27/27
f 49/26/26 14/27/27 15/28/28
f 49/26/26 15/28/28 48/29/29
f 48/29/29 15/28/28 16/30/30
f 48/29/29 16/30/30 47/31/31
f 47/31/31 16/30/30 17/32/32
f 47/31/31 17/32/32 46/33/33
f 46/34/33 17/35/32 18/36/34
f 46/34/33 18/36/34 45/37/35
f 45/37/35 18/36/34 19/38/36
f 45/37/35 19/38/36 44/39/37
f 44/39/37 19/38/36 20/40/38
f 44/39/37 20/40/38 21/41/39
f 44/39/37 21/41/39 43/42/40
f 43/42/40 21/41/39 22/43/41
f 43/42/40 22/43/41 42/44/42
f 42/44/42 22/43/41 23/45/43
f 42/44/42 23/45/43 41/46/44
f 41/46/44 23/45/43 24/47/45
f 41/46/44 24/47/45 40/48/46
f 40/48/46 24/47/45 25/49/47
f 40/48/46 25/49/47 39/50/48
f 39/50/48 25/49/47 26/51/49
f 39/50/48 26/51/49 38/52/50
f 38/52/50 26/51/49 27/53/51
f 38/52/50 27/53/51 28/54/52
f 38/52/50 28/54/52 37/55/53
f 37/55/53 28/54/52 29/56/54
f 37/55/53 29/56/54 36/57/55
f 36/57/55 29/56/54 30/58/56
f 36/57/55 30/58/56 35/59/57
f 35/59/57 30/58/56 31/60/58
f 35/59/57 31/60/58 34/61/59
f 34/61/59 31/60/58 32/1/1
f 34/61/59 32/1/1 33/3/3
f 59/62/60 89/63/61 33/64/62
f 33/64/62 89/63/61 92/65/63
f 33/64/62 92/65/63 34/66/64
f 34/66/64 92/65/63 139/67/65
f 34/66/64 139/67/65 35/68/66
f 35/68/66 139/67/65 137/69/67
f 35/68/66 137/69/67 36/70/68
f 36/70/68 137/69/67 135/71/69
f 36/70/68 135/71/69 37/72/70
f 37/72/70 135/71/69 133/73/71
f 37/72/70 133/73/71 38/74/72
f 38/74/72 133/73/71 131/75/73
f 38/74/72 131/75/73 39/76/74
f 39/76/74 131/75/73 129/77/75
f 39/76/74 129/77/75 40/78/76
f 40/78/76 129/77/75 127/79/77
f 40/78/76 127/79/77 41/80/78
f 41/80/78 127/79/77 125/81/79
f 41/80/78 125/81/79 42/82/80
f 42/82/80 125/81/79 123/83/81
f 42/82/80 123/83/81 43/84/82
f 43/84/82 123/83/81 121/85/83
f 43/84/82 121/85/83 44/86/84
f 44/86/84 121/85/83 119/87/85
f 44/86/84 119/87/85 45/88/86
f 45/88/86 119/87/85 117/89/87
f 45/88/86 117/89/87 46/90/88
f 46/90/88 117/89/87 87/91/89
f 46/90/88 87/91/89 47/92/90
f 47/93/90 87/94/89 115/95/91
f 47/93/90 115/95/91 48/96/92
f 48/96/92 115/95/91 113/97/93
f 48/96/92 113/97/93 49/98/94
f 49/98/94 113/97/93 111/99/95
f 49/98/94 111/99/95 50/100/96
f 50/100/96 111/99/95 109/101/97
f 50/100/96 109/101/97 51/102/98
f 51/102/98 109/101/97 107/103/99
f 51/102/98 107/103/99 52/104/100
f 52/104/100 107/103/99 105/105/101
f 52/104/100 105/105/101 53/106/102
f 53/106/102 105/105/101 103/107/103
f 53/106/102 103/107/103 54/108/104
f 54/108/104 103/107/103 101/109/105
f 54/108/104 101/109/105 55/110/106
f 55/110/106 101/109/105 99/111/107
f 55/110/106 99/111/107 56/112/108
f 56/112/108 99/111/107 97/113/109
f 56/112/108 97/113/109 57/114/110
f 57/114/110 97/113/109 95/115/111
f 57/114/110 95/115/111 58/116/112
f 58/116/112 95/115/111 93/117/113
f 58/116/112 93/117/113 59/62/60
f 59/62/60 93/117/113 89/63/61
f 61/118/114 91/119/115 60/120/116
f 60/120/116 91/119/115 90/121/117
f 60/120/116 90/121/117 86/122/118
f 86/122/118 90/121/117 94/123/119
f 86/122/118 94/123/119 85/124/120
f 85/124/120 94/123/119 96/125/121
f 85/124/120 96/125/121 84/126/122
f 84/126/122 96/125/121 98/127/123
f 84/126/122 98/127/123 83/128/124
f 83/128/124 98/127/123 100/129/125
f 83/128/124 100/129/125 82/130/126
f 82/130/126 100/129/125 102/131/127
f 82/130/126 102/131/127 81/132/128
f 81/132/128 102/131/127 104/133/129
f 81/132/128 104/133/129 80/134/130
f 80/134/130 104/133/129 106/135/131
f 80/134/130 106/135/131 79/136/132
f 79/136/132 106/135/131 108/137/133
f 79/136/132 108/137/133 78/138/134
f 78/138/134 108/137/133 110/139/135
f 78/138/134 110/139/135 77/140/136
f 77/140/136 110/139/135 112/141/137
f 77/140/136 112/141/137 76/142/138
f 76/142/138 112/141/137 114/143/139
f 76/142/138 114/143/139 75/144/140
f 75/144/140 114/143/139 116/145/141
f 75/144/140 116/145/141 74/146/142
f 74/146/142 116/145/141 88/147/143
f 74/146/142 88/147/143 73/148/144
f 73/149/144 88/150/143 118/151/145
f 73/149/144 118/151/145 72/152/146
f 72/152/146 118/151/145 120/153/147
f 72/152/146 120/153/147 71/154/148
f 71/154/148 120/153/147 122/155/149
f 71/154/148 122/155/149 70/156/150
f 70/156/150 122/155/149 124/157/151
f 70/156/150 124/157/151 69/158/152
f 69/158/152 124/157/151 126/159/153
f 69/158/152 126/159/153 68/160/154
f 68/160/154 126/159/153 128/161/155
f 68/160/154 128/161/155 67/162/156
f 67/162/156 128/161/155 130/163/157
f 67/162/156 130/163/157 66/164/158
f 66/164/158 130/163/157 132/165/159
f 66/164/158 132/165/159 65/166/160
f 65/166/160 132/165/159 134/167/161
f 65/166/160 134/167/161 64/168/162
f 64/168/162 134/167/161 136/169/163
f 64/168/162 136/169/163 63/170/164
f 63/170/164 136/169/163 138/171/165
f 63/170/164 138/171/165 62/172/166
f 62/172/166 138/171/165 140/173/167
f 62/172/166 140/173/167 61/118/114
f 61/118/114 140/173/167 91/119/115
f 87/94/89 88/147/143 115/95/91
f 115/95/91 88/147/143 116/145/141
f 115/95/91 116/145/141 113/97/93
f 113/97/93 116/145/141 114/143/139
f 113/97/93 114/143/139 111/99/95
f 111/99/95 114/143/139 112/141/137
f 111/99/95 112/141/137 109/101/97
f 109/101/97 112/141/137 110/139/135
f 109/101/97 110/139/135 107/103/99
f 107/103/99 110/139/135 108/137/133
f 107/103/99 108/137/133 105/105/101
f 105/105/101 108/137/133 106/135/131
f 105/105/101 106/135/131 103/107/103
f 103/107/103 106/135/131 104/133/129
f 103/107/103 104/133/129 101/109/105
f 101/109/105 104/133/129 102/131/127
f 101/109/105 102/131/127 99/111/107
f 99/111/107 102/131/127 100/129/125
f 99/111/107 100/129/125 97/113/109
f 97/113/109 100/129/125 98/127/123
f 97/113/109 98/127/123 95/115/111
f 95/115/111 98/127/123 96/125/121
f 95/115/111 96/125/121 93/117/113
f 93/117/113 96/125/121 94/123/119
f 93/117/113 94/123/119 89/63/61
f 89/63/61 94/123/119 90/121/117
f 89/63/61 90/121/117 92/65/63
f 92/65/63 90/121/117 91/119/115
f 92/65/63 91/119/115 139/67/65
f 139/67/65 91/119/115 140/173/167
f 139/67/65 140/173/167 137/69/67
f 137/69/67 140/173/167 138/171/165
f 137/69/67 138/171/165 135/71/69
f 135/71/69 138/171/165 136/169/163
f 135/71/69 136/169/163 133/73/71
f 133/73/71 136/169/163 134/167/161
f 133/73/71 134/167/161 131/75/73
f 131/75/73 134/167/161 132/165/159
f 131/75/73 132/165/159 129/77/75
f 129/77/75 132/165/159 130/163/157
f 129/77/75 130/163/157 127/79/77
f 127/79/77 130/163/157 128/161/155
f 127/79/77 128/161/155 125/81/79
f 125/81/79 128/161/155 126/159/153
f 125/81/79 126/159/153 123/83/81
f 123/83/81 126/159/153 124/157/151
f 123/83/81 124/157/151 121/85/83
f 121/85/83 124/157/151 122/155/149
f 121/85/83 122/155/149 119/87/85
f 119/87/85 122/155/149 120/153/147
f 119/87/85 120/153/147 117/89/87
f 117/89/87 120/153/147 118/151/145
f 117/89/87 118/151/145 87/91/89
f 87/91/89 118/151/145 88/150/143
f 171/174/168 141/175/169 172/176/170
f 172/176/170 141/175/169 142/177/171
f 172/176/170 142/177/171 198/178/172
f 198/178/172 142/177/171 143/179/173
f 198/178/172 143/179/173 197/180/174
f 197/180/174 143/179/173 144/181/175
f 197/180/174 144/181/175 196/182/176
f 196/182/176 144/181/175 145/183/177
f 196/182/176 145/183/177 195/184/178
f 195/184/178 145/183/177 146/185/179
f 195/184/178 146/185/179 194/186/180
f 194/186/180 146/185/179 147/187/181
f 194/186/180 147/187/181 193/188/182
f 193/188/182 147/187/181 148/189/183
f 193/188/182 148/189/183 192/190/184
f 192/190/184 148/189/183 149/191/185
f 192/190/184 149/191/185 150/192/186
f 192/190/184 150/192/186 191/193/187
f 191/193/187 150/192/186 151/194/188
f 191/193/187 151/194/188 190/195/189
f 190/195/189 151/194/188 152/196/190
f 190/195/189 152/196/190 189/197/191
f 189/197/191 152/196/190 153/198/192
f 189/197/191 153/198/192 188/199/193
f 188/199/193 153/198/192 154/200/194
f 188/199/193 154/200/194 187/201/195
f 187/201/195 154/200/194 155/202/196
f 187/201/195 155/202/196 186/203/197
f 186/203/197 155/202/196 156/204/198
f 186/203/197 156/204/198 157/205/199
f 186/203/197 157/205/199 185/206/200
f 185/207/200 157/208/199 158/209/201
f 185/207/200 158/209/201 184/210/202
f 184/210/202 158/209/201 159/211/203
f 184/210/202 159/211/203 183/212/204
f 183/212/204 159/211/203 160/213/205
f 183/212/204 160/213/205 182/214/206
f 182/214/206 160/213/205 161/215/207
f 182/214/206 161/215/207 181/216/208
f 181/216/208 161/215/207 162/217/209
f 181/216/208 162/217/209 180/218/210
f 180/218/210 162/217/209 163/219/211
f 180/218/210 163/219/211 179/220/212
f 179/220/212 163/219/211 164/221/213
f 179/220/212 164/221/213 165/222/214
f 179/220/212 165/222/214 178/223/215
f 178/223/215 165/222/214 166/224/216
f 178/223/215 166/224/216 177/225/217
f 177/225/217 166/224/216 167/226/218
f 177/225/217 167/226/218 176/227/219
f 176/227/219 167/226/218 168/228/220
f 176/227/219 168/228/220 175/229/221
f 175/229/221 168/228/220 169/230/222
f 175/229/221 169/230/222 174/231/223
f 174/231/223 169/230/222 170/232/224
f 174/231/223 170/232/224 173/233/225
f 173/233/225 170/232/224 171/174/168
f 173/233/225 171/174/168 172/176/170
f 198/234/226 227/235/227 172/236/228
f 172/236/228 227/235/227 228/237/229
f 172/236/228 228/237/229 173/238/230
f 173/238/230 228/237/229 252/239/231
f 173/238/230 252/239/231 174/240/232
f 174/240/232 252/239/231 251/241/233
f 174/240/232 251/241/233 175/242/234
f 175/242/234 251/241/233 250/243/235
f 175/242/234 250/243/235 176/244/236
f 176/244/236 250/243/235 249/245/237
f 176/244/236 249/245/237 177/246/238
f 177/246/238 249/245/237 248/247/239
f 177/246/238 248/247/239 178/248/240
f 178/248/240 248/247/239 247/249/241
f 178/248/240 247/249/241 179/250/242
f 179/250/242 247/249/241 246/251/243
f 179/250/242 246/251/243 180/252/244
f 180/252/244 246/251/243 245/253/245
f 180/252/244 245/253/245 181/254/246
f 181/254/246 245/253/245 244/255/247
f 181/254/246 244/255/247 182/256/248
f 182/256/248 244/255/247 243/257/249
f 182/256/248 243/257/249 183/258/250
f 183/258/250 243/257/249 242/259/251
f 183/258/250 242/259/251 184/260/252
f 184/260/252 242/259/251 241/261/253
f 184/260/252 241/261/253 185/262/254
f 185/262/254 241/261/253 226/263/255
f 185/262/254 226/263/255 186/264/256
f 186/265/256 226/266/255 240/267/257
f 186/265/256 240/267/257 187/268/258
f 187/268/258 240/267/257 239/269/259
f 187/268/258 239/269/259 188/270/260
f 188/270/260 239/269/259 238/271/261
f 188/270/260 238/271/261 189/272/262
f 189/272/262 238/271/261 237/273/263
f 189/272/262 237/273/263 190/274/264
f 190/274/264 237/273/263 236/275/265
f 190/274/264 236/275/265 191/276/266
f 191/276/266 236/275/265 235/277/267
f 191/276/266 235/277/267 192/278/268
f 192/278/268 235/277/267 234/279/269
f 192/278/268 234/279/269 193/280/270
f 193/280/270 234/279/269 233/281/271
f 193/280/270 233/281/271 194/282/272
f 194/282/272 233/281/271 232/283/273
f 194/282/272 232/283/273 195/284/274
f 195/284/274 232/283/273 231/285/275
f 195/284/274 231/285/275 196/286/276
f 196/286/276 231/285/275 230/287/277
f 196/286/276 230/287/277 197/288/278
f 197/288/278 230/287/277 229/289/279
f 197/288/278 229/289/279 198/234/226
f 198/234/226 229/289/279 227/235/227
f 200/290/280 240/267/257 199/291/281
f 199/291/281 240/267/257 226/266/255
f 199/292/281 226/263/255 225/293/282
f 225/293/282 226/263/255 241/261/253
f 225/293/282 241/261/253 224/294/283
f 224/294/283 241/261/253 242/259/251
f 224/294/283 242/259/251 223/295/284
f 223/295/284 242/259/251 243/257/249
f 223/295/284 243/257/249 222/296/285
f 222/296/285 243/257/249 244/255/247
f 222/296/285 244/255/247 221/297/286
f 221/297/286 244/255/247 245/253/245
f 221/297/286 245/253/245 220/298/287
f 220/298/287 245/253/245 246/251/243
f 220/298/287 246/251/243 219/299/288
f 219/299/288 246/251/243 247/249/241
f 219/299/288 247/249/241 218/300/289
f 218/300/289 247/249/241 248/247/239
f 218/300/289 248/247/239 217/301/290
f 217/301/290 248/247/239 249/245/237
f 217/301/290 249/245/237 216/302/291
f 216/302/291 249/245/237 250/243/235
f 216/302/291 250/243/235 215/303/292
f 215/303/292 250/243/235 251/241/233
f 215/303/292 251/241/233 214/304/293
f 214/304/293 251/241/233 252/239/231
f 214/304/293 252/239/231 213/305/294
f 213/305/294 252/239/231 228/237/229
f 213/305/294 228/237/229 212/306/295
f 212/306/295 228/237/229 227/235/227
f 212/306/295 227/235/227 211/307/296
f 211/307/296 227/235/227 229/289/279
f 211/307/296 229/289/279 210/308/297
f 210/308/297 229/289/279 230/287/277
f 210/308/297 230/287/277 209/309/298
f 209/309/298 230/287/277 231/285/275
f 209/309/298 231/285/275 208/310/299
f 208/310/299 231/285/275 232/283/273
f 208/310/299 232/283/273 207/311/300
f 207/311/300 232/283/273 233/281/271
f 207/311/300 233/281/271 206/312/301
f 206/312/301 233/281/271 234/279/269
f 206/312/301 234/279/269 205/313/302
f 205/313/302 234/279/269 235/277/267
f 205/313/302 235/277/267 204/314/303
f 204/314/303 235/277/267 236/275/265
f 204/314/303 236/275/265 203/315/304
f 203/315/304 236/275/265 237/273/263
f 203/315/304 237/273/263 202/316/305
f 202/316/305 237/273/263 238/271/261
f 202/316/305 238/271/261 201/317/306
f 201/317/306 238/271/261 239/269/259
f 201/317/306 239/269/259 200/290/280
f 200/290/280 239/269/259 240/267/257
f 200/318/307 199/319/308 269/320/309
f 269/320/309 199/319/308 225/321/310
f 269/320/309 225/321/310 268/322/311
f 268/322/311 225/321/310 224/323/312
f 268/322/311 224/323/312 267/324/313
f 267/324/313 224/323/312 223/325/314
f 267/324/313 223/325/314 266/326/315
f 266/326/315 223/325/314 222/327/316
f 266/326/315 222/327/316 265/328/317
f 265/328/317 222/327/316 221/329/318
f 265/328/317 221/329/318 264/330/319
f 264/330/319 221/329/318 263/331/320
f 263/331/320 221/329/318 314/332/321
f 263/331/320 314/332/321 262/333/322
f 262/333/322 314/332/321 261/334/323
f 261/334/323 314/332/321 315/335/324
f 261/334/323 315/335/324 260/336/325
f 260/336/325 315/335/324 259/337/326
f 259/337/326 315/335/324 284/338/327
f 259/337/326 284/338/327 258/339/328
f 258/339/328 284/338/327 257/340/329
f 257/340/329 284/338/327 256/341/330
f 256/341/330 284/338/327 255/342/331
f 255/342/331 284/338/327 254/343/332
f 254/343/332 284/338/327 285/344/333
f 254/343/332 285/344/333 253/345/334
f 253/345/334 285/344/333 283/346/335
f 283/346/335 285/344/333 282/347/336
f 282/347/336 285/344/333 281/348/337
f 281/348/337 285/344/333 280/349/338
f 280/349/338 285/344/333 279/350/339
f 279/350/339 285/344/333 286/351/340
f 279/350/339 286/351/340 278/352/341
f 278/352/341 286/351/340 277/353/342
f 277/353/342 286/351/340 287/354/343
f 277/353/342 287/354/343 276/355/344
f 276/355/344 287/354/343 275/356/345
f 275/356/345 287/354/343 204/357/346
f 275/356/345 204/357/346 274/358/347
f 274/358/347 204/357/346 273/359/348
f 273/359/348 204/357/346 203/360/349
f 273/359/348 203/360/349 272/361/350
f 272/361/350 203/360/349 202/362/351
f 272/361/350 202/362/351 271/363/352
f 271/363/352 202/362/351 201/364/353
f 271/363/352 201/364/353 270/365/354
f 270/365/354 201/364/353 200/318/307
f 270/365/354 200/318/307 269/320/309
f 221/329/318 220/366/355 314/332/321
f 314/332/321 220/366/355 308/367/356
f 314/332/321 308/367/356 309/368/357
f 219/369/358 305/370/359 220/366/355
f 220/366/355 305/370/359 306/371/360
f 220/366/355 306/371/360 307/372/361
f 218/373/362 303/374/363 219/369/358
f 219/369/358 303/374/363 304/375/364
f 219/369/358 304/375/364 305/370/359
f 218/373/362 217/376/365 303/374/363
f 303/374/363 217/376/365 302/377/366
f 302/377/366 217/376/365 216/378/367
f 302/377/366 216/378/367 215/379/368
f 215/379/368 214/380/369 302/377/366
f 302/377/366 214/380/369 301/381/370
f 301/381/370 214/380/369 213/382/371
f 301/381/370 213/382/371 212/383/372
f 301/381/370 212/383/372 300/384/373
f 300/384/373 212/383/372 211/385/374
f 300/384/373 211/385/374 299/386/375
f 299/386/375 211/385/374 210/387/376
f 299/386/375 210/387/376 209/388/377
f 209/388/377 208/389/378 299/386/375
f 299/386/375 208/389/378 298/390/379
f 298/390/379 208/389/378 207/391/380
f 298/390/379 207/391/380 206/392/381
f 205/393/382 296/394/383 206/392/381
f 206/392/381 296/394/383 297/395/384
f 206/392/381 297/395/384 298/390/379
f 204/357/346 287/354/343 205/393/382
f 205/393/382 287/354/343 293/396/385
f 205/393/382 293/396/385 294/397/386
f 288/398/387 289/399/388 287/354/343
f 287/354/343 289/399/388 290/400/389
f 287/354/343 290/400/389 291/401/390
f 291/401/390 292/402/391 287/354/343
f 287/354/343 292/402/391 293/396/385
f 294/397/386 295/403/392 205/393/382
f 205/393/382 295/403/392 296/394/383
f 307/372/361 308/367/356 220/366/355
f 309/368/357 310/404/393 314/332/321
f 314/332/321 310/404/393 311/405/394
f 314/332/321 311/405/394 312/406/395
f 312/406/395 313/407/396 314/332/321
f 254/408/397 316/409/398 255/410/399
f 255/410/399 316/409/398 317/411/400
f 255/410/399 317/411/400 256/412/401
f 256/412/401 317/411/400 318/413/402
f 256/412/401 318/413/402 257/414/403
f 257/414/403 318/413/402 319/415/404
f 257/414/403 319/415/404 258/416/405
f 258/416/405 319/415/404 320/417/406
f 258/416/405 320/417/406 259/418/407
f 259/418/407 320/417/406 321/419/408
f 259/418/407 321/419/408 260/420/409
f 260/420/409 321/419/408 322/421/410
f 260/420/409 322/421/410 261/422/411
f 261/422/411 322/421/410 323/423/412
f 261/422/411 323/423/412 262/424/413
f 262/424/413 323/423/412 324/425/414
f 262/424/413 324/425/414 263/426/415
f 263/426/415 324/425/414 325/427/416
f 263/426/415 325/427/416 264/428/417
f 264/428/417 325/427/416 326/429/418
f 264/428/417 326/429/418 265/430/419
f 265/430/419 326/429/418 327/431/420
f 265/430/419 327/431/420 266/432/421
f 266/432/421 327/431/420 328/433/422
f 266/432/421 328/433/422 267/434/423
f 267/434/423 328/433/422 329/435/424
f 267/434/423 329/435/424 268/436/425
f 268/436/425 329/435/424 330/437/426
f 268/436/425 330/437/426 269/438/427
f 269/438/427 330/437/426 331/439/428
f 269/438/427 331/439/428 270/440/429
f 270/440/429 331/439/428 332/441/430
f 270/440/429 332/441/430 271/442/431
f 271/442/431 332/441/430 333/443/432
f 271/442/431 333/443/432 272/444/433
f 272/444/433 333/443/432 334/445/434
f 272/444/433 334/445/434 273/446/435
f 273/446/435 334/445/434 335/447/436
f 273/446/435 335/447/436 274/448/437
f 274/448/437 335/447/436 336/449/438
f 274/448/437 336/449/438 275/450/439
f 275/450/439 336/449/438 337/451/440
f 275/450/439 337/451/440 276/452/441
f 276/452/441 337/451/440 338/453/442
f 276/452/441 338/453/442 277/454/443
f 277/454/443 338/453/442 339/455/444
f 277/454/443 339/455/444 278/456/445
f 278/456/445 339/455/444 340/457/446
f 278/456/445 340/457/446 279/458/447
f 279/458/447 340/457/446 341/459/448
f 279/458/447 341/459/448 280/460/449
f 280/460/449 341/459/448 342/461/450
f 280/460/449 342/461/450 281/462/451
f 281/462/451 342/461/450 343/463/452
f 281/462/451 343/463/452 282/464/453
f 282/464/453 343/463/452 344/465/454
f 282/464/453 344/465/454 283/466/455
f 283/466/455 344/465/454 345/467/456
f 283/466/455 345/467/456 253/468/457
f 253/468/457 345/467/456 346/469/458
f 86/470/459 316/471/460 60/472/461
f 60/472/461 316/471/460 254/473/462
f 60/472/461 254/473/462 61/474/463
f 61/474/463 254/473/462 62/475/464
f 62/475/464 254/473/462 63/476/465
f 63/476/465 254/473/462 64/477/466
f 64/477/466 254/473/462 65/478/467
f 65/478/467 254/473/462 66/479/468
f 66/479/468 254/473/462 67/480/469
f 67/480/469 254/473/462 253/481/470
f 67/480/469 253/481/470 68/482/471
f 68/482/471 253/481/470 69/483/472
f 69/483/472 253/481/470 70/484/473
f 70/484/473 253/481/470 71/485/474
f 71/485/474 253/481/470 72/486/475
f 72/486/475 253/481/470 73/487/476
f 73/487/476 253/481/470 346/488/477
f 73/487/476 346/488/477 74/489/478
f 74/489/478 346/488/477 75/490/479
f 75/490/479 346/488/477 76/491/480
f 76/491/480 346/488/477 77/492/481
f 77/492/481 346/488/477 78/493/482
f 78/493/482 346/488/477 79/494/483
f 79/494/483 346/488/477 80/495/484
f 80/495/484 346/488/477 316/471/460
f 80/495/484 316/471/460 81/496/485
f 81/496/485 316/471/460 82/497/486
f 82/497/486 316/471/460 83/498/487
f 83/498/487 316/471/460 84/499/488
f 84/499/488 316/471/460 85/500/489
f 85/500/489 316/471/460 86/470/459
f 286/501/490 285/502/491 348/503/492
f 348/503/492 285/502/491 347/504/493
f 287/505/494 286/506/495 349/507/496
f 349/507/496 286/506/495 348/508/497
f 376/509/498 314/510/499 375/511/500
f 375/511/500 314/510/499 313/512/501
f 375/511/500 313/512/501 374/513/502
f 374/513/502 313/512/501 312/514/503
f 374/513/502 312/514/503 373/515/504
f 373/515/504 312/514/503 311/516/505
f 373/515/504 311/516/505 372/517/506
f 372/517/506 311/516/505 310/518/507
f 372/517/506 310/518/507 371/519/508
f 371/519/508 310/518/507 309/520/509
f 371/519/508 309/520/509 370/521/510
f 370/521/510 309/520/509 308/522/511
f 370/521/510 308/522/511 369/523/512
f 369/523/512 308/522/511 307/524/513
f 369/523/512 307/524/513 368/525/514
f 368/525/514 307/524/513 306/526/515
f 368/525/514 306/526/515 367/527/516
f 367/527/516 306/526/515 305/528/517
f 367/527/516 305/528/517 366/529/518
f 366/529/518 305/528/517 304/530/519
f 366/529/518 304/530/519 365/531/520
f 365/531/520 304/530/519 303/532/521
f 365/531/520 303/532/521 364/533/522
f 364/533/522 303/532/521 302/534/523
f 364/533/522 302/534/523 363/535/524
f 363/535/524 302/534/523 301/536/525
f 363/535/524 301/536/525 362/537/526
f 362/537/526 301/536/525 300/538/527
f 362/537/526 300/538/527 361/539/528
f 361/539/528 300/538/527 299/540/529
f 361/539/528 299/540/529 360/541/530
f 360/541/530 299/540/529 298/542/531
f 360/541/530 298/542/531 359/543/532
f 359/543/532 298/542/531 297/544/533
f 359/543/532 297/544/533 358/545/534
f 358/545/534 297/544/533 296/546/535
f 358/545/534 296/546/535 357/547/536
f 357/547/536 296/546/535 295/548/537
f 357/547/536 295/548/537 356/549/538
f 356/549/538 295/548/537 294/550/539
f 356/549/538 294/550/539 355/551/540
f 355/551/540 294/550/539 293/552/541
f 355/551/540 293/552/541 354/553/542
f 354/553/542 293/552/541 292/554/543
f 354/553/542 292/554/543 353/555/544
f 353/555/544 292/554/543 291/556/545
f 353/555/544 291/556/545 352/557/546
f 352/557/546 291/556/545 290/558/547
f 352/557/546 290/558/547 351/559/548
f 351/559/548 290/558/547 289/560/549
f 351/559/548 289/560/549 350/561/550
f 350/561/550 289/560/549 288/562/551
f 350/561/550 288/562/551 349/563/552
f 349/563/552 288/562/551 287/564/553
f 315/565/554 314/566/555 377/567/556
f 377/567/556 314/566/555 376/568/557
f 284/569/558 315/570/559 378/571/560
f 378/571/560 315/570/559 377/572/561
f 32/573/562 284/574/563 1/575/564
f 1/575/564 284/574/563 378/576/565
f 1/575/564 378/576/565 2/577/566
f 2/577/566 378/576/565 3/578/567
f 3/578/567 378/576/565 4/579/568
f 4/579/568 378/576/565 5/580/569
f 5/580/569 378/576/565 6/581/570
f 6/581/570 378/576/565 7/582/571
f 7/582/571 378/576/565 8/583/572
f 8/583/572 378/576/565 9/584/573
f 9/584/573 378/576/565 347/585/574
f 9/584/573 347/585/574 10/586/575
f 10/586/575 347/585/574 11/587/576
f 11/587/576 347/585/574 12/588/577
f 12/588/577 347/585/574 13/589/578
f 13/589/578 347/585/574 14/590/579
f 14/590/579 347/585/574 15/591/580
f 15/591/580 347/585/574 16/592/581
f 16/592/581 347/585/574 17/593/582
f 17/593/582 347/585/574 285/594/583
f 17/593/582 285/594/583 18/595/584
f 18/595/584 285/594/583 19/596/585
f 19/596/585 285/594/583 20/597/586
f 20/597/586 285/594/583 21/598/587
f 21/598/587 285/594/583 22/599/588
f 22/599/588 285/594/583 23/600/589
f 23/600/589 285/594/583 24/601/590
f 24/601/590 285/594/583 25/602/591
f 25/602/591 285/594/583 284/574/563
f 25/602/591 284/574/563 26/603/592
f 26/603/592 284/574/563 27/604/593
f 27/604/593 284/574/563 28/605/594
f 28/605/594 284/574/563 29/606/595
f 29/606/595 284/574/563 30/607/596
f 30/607/596 284/574/563 31/608/597
f 31/608/597 284/574/563 32/573/562
f 413/609/598 346/610/599 412/611/600
f 412/611/600 346/610/599 345/612/601
f 412/611/600 345/612/601 411/613/602
f 411/613/602 345/612/601 344/614/603
f 411/613/602 344/614/603 410/615/604
f 410/615/604 344/614/603 343/616/605
f 410/615/604 343/616/605 409/617/606
f 409/617/606 343/616/605 342/618/607
f 409/617/606 342/618/607 408/619/608
f 408/619/608 342/618/607 341/620/609
f 408/619/608 341/620/609 407/621/610
f 407/621/610 341/620/609 340/622/611
f 407/621/610 340/622/611 406/623/612
f 406/623/612 340/622/611 405/624/613
f 405/624/613 340/622/611 339/625/614
f 405/624/613 339/625/614 404/626/615
f 404/626/615 339/625/614 338/627/616
f 404/626/615 338/627/616 403/628/617
f 403/628/617 338/627/616 337/629/618
f 403/628/617 337/629/618 402/630/619
f 402/630/619 337/629/618 336/631/620
f 402/630/619 336/631/620 401/632/621
f 401/632/621 336/631/620 335/633/622
f 401/632/621 335/633/622 400/634/623
f 400/634/623 335/633/622 334/635/624
f 400/634/623 334/635/624 399/636/625
f 399/636/625 334/635/624 333/637/626
f 399/636/625 333/637/626 398/638/627
f 398/638/627 333/637/626 332/639/628
f 398/638/627 332/639/628 397/640/629
f 397/640/629 332/639/628 331/641/630
f 397/640/629 331/641/630 396/642/631
f 396/642/631 331/641/630 395/643/632
f 395/643/632 331/641/630 330/644/633
f 395/643/632 330/644/633 394/645/634
f 394/645/634 330/644/633 329/646/635
f 394/645/634 329/646/635 393/647/636
f 393/647/636 329/646/635 328/648/637
f 393/647/636 328/648/637 392/649/638
f 392/649/638 328/648/637 327/650/639
f 392/649/638 327/650/639 391/651/640
f 391/651/640 327/650/639 326/652/641
f 391/651/640 326/652/641 390/653/642
f 390/653/642 326/652/641 325/654/643
f 390/653/642 325/654/643 389/655/644
f 389/655/644 325/654/643 324/656/645
f 389/655/644 324/656/645 388/657/646
f 388/657/646 324/656/645 323/658/647
f 388/657/646 323/658/647 387/659/648
f 387/659/648 323/658/647 322/660/649
f 387/659/648 322/660/649 386/661/650
f 386/661/650 322/660/649 385/662/651
f 385/662/651 322/660/649 321/663/652
f 385/662/651 321/663/652 384/664/653
f 384/664/653 321/663/652 320/665/654
f 384/664/653 320/665/654 383/666/655
f 383/666/655 320/665/654 319/667/656
f 383/666/655 319/667/656 382/668/657
f 382/668/657 319/667/656 318/669/658
f 382/668/657 318/669/658 381/670/659
f 381/670/659 318/669/658 317/671/660
f 381/670/659 317/671/660 380/672/661
f 380/672/661 317/671/660 316/673/662
f 380/672/661 316/673/662 379/674/663
f 413/675/664 379/676/665 346/677/666
f 346/677/666 379/676/665 316/678/667
f 171/679/668 363/680/669 141/681/670
f 141/681/670 363/680/669 362/682/671
f 141/681/670 362/682/671 142/683/672
f 142/683/672 362/682/671 143/684/673
f 143/684/673 362/682/671 361/685/674
f 143/684/673 361/685/674 144/686/675
f 144/686/675 361/685/674 145/687/676
f 145/687/676 361/685/674 360/688/677
f 145/687/676 360/688/677 146/689/678
f 146/689/678 360/688/677 147/690/679
f 147/690/679 360/688/677 359/691/680
f 147/690/679 359/691/680 148/692/681
f 148/692/681 359/691/680 358/693/682
f 148/692/681 358/693/682 149/694/683
f 149/694/683 358/693/682 357/695/684
f 149/694/683 357/695/684 356/696/685
f 171/679/668 170/697/686 363/680/669
f 363/680/669 170/697/686 364/698/687
f 364/698/687 170/697/686 169/699/688
f 364/698/687 169/699/688 168/700/689
f 364/698/687 168/700/689 365/701/690
f 365/701/690 168/700/689 167/702/691
f 365/701/690 167/702/691 166/703/692
f 365/701/690 166/703/692 366/704/693
f 366/704/693 166/703/692 165/705/694
f 366/704/693 165/705/694 367/706/695
f 367/706/695 165/705/694 164/707/696
f 367/706/695 164/707/696 368/708/697
f 368/708/697 164/707/696 369/709/698
f 369/709/698 164/707/696 163/710/699
f 369/709/698 163/710/699 370/711/700
f 370/711/700 163/710/699 376/712/701
f 370/711/700 376/712/701 371/713/702
f 371/713/702 376/712/701 372/714/703
f 372/714/703 376/712/701 373/715/704
f 373/715/704 376/712/701 374/716/705
f 374/716/705 376/712/701 375/717/706
f 376/712/701 163/710/699 390/718/707
f 390/718/707 163/710/699 162/719/708
f 390/718/707 162/719/708 391/720/709
f 391/720/709 162/719/708 392/721/710
f 392/721/710 162/719/708 161/722/711
f 392/721/710 161/722/711 393/723/712
f 393/723/712 161/722/711 160/724/713
f 393/723/712 160/724/713 159/725/714
f 393/723/712 159/725/714 394/726/715
f 394/726/715 159/725/714 158/727/716
f 394/726/715 158/727/716 395/728/717
f 395/728/717 158/727/716 157/729/718
f 395/728/717 157/729/718 396/730/719
f 396/730/719 157/729/718 156/731/720
f 396/730/719 156/731/720 397/732/721
f 397/732/721 156/731/720 155/733/722
f 397/732/721 155/733/722 398/734/723
f 398/734/723 155/733/722 154/735/724
f 398/734/723 154/735/724 399/736/725
f 399/736/725 154/735/724 153/737/726
f 399/736/725 153/737/726 152/738/727
f 399/736/725 152/738/727 400/739/728
f 400/739/728 152/738/727 151/740/729
f 400/739/728 151/740/729 401/741/730
f 401/741/730 151/740/729 402/742/731
f 402/742/731 151/740/729 150/743/732
f 402/742/731 150/743/732 349/744/733
f 349/744/733 150/743/732 355/745/734
f 349/744/733 355/745/734 354/746/735
f 355/745/734 150/743/732 356/696/685
f 356/696/685 150/743/732 149/694/683
f 380/747/736 379/748/737 378/749/738
f 378/749/738 379/748/737 413/750/739
f 378/749/738 413/750/739 347/751/740
f 347/751/740 413/750/739 412/752/741
f 347/751/740 412/752/741 411/753/742
f 411/753/742 410/754/743 347/751/740
f 347/751/740 410/754/743 409/755/744
f 347/751/740 409/755/744 408/756/745
f 408/756/745 407/757/746 347/751/740
f 347/751/740 407/757/746 348/758/747
f 348/758/747 407/757/746 406/759/748
f 348/758/747 406/759/748 405/760/749
f 405/760/749 404/761/750 348/758/747
f 348/758/747 404/761/750 349/744/733
f 349/744/733 404/761/750 403/762/751
f 349/744/733 403/762/751 402/742/731
f 390/718/707 389/763/752 376/712/701
f 376/712/701 389/763/752 388/764/753
f 376/712/701 388/764/753 377/765/754
f 377/765/754 388/764/753 387/766/755
f 377/765/754 387/766/755 386/767/756
f 386/767/756 385/768/757 377/765/754
f 377/765/754 385/768/757 378/749/738
f 378/749/738 385/768/757 384/769/758
f 378/749/738 384/769/758 383/770/759
f 383/770/759 382/771/760 378/749/738
f 378/749/738 382/771/760 381/772/761
f 378/749/738 381/772/761 380/747/736
f 354/746/735 353/773/762 349/744/733
f 349/744/733 353/773/762 352/774/763
f 349/744/733 352/774/763 351/775/764
f 351/775/764 350/776/765 349/744/733
g Body1

v -0.246150 16.186500 0.352121
v -0.246150 16.220716 0.037511
v -0.246150 16.321763 -0.262387
v -0.246150 16.484918 -0.533552
v -0.246150 16.702550 -0.763304
v -0.246150 16.964484 -0.940899
v -0.246150 17.258472 -1.058035
v -0.246150 17.570768 -1.109233
v -0.246150 17.886768 -1.092100
v -0.246150 18.191697 -1.007437
v -0.246150 18.471297 -0.859202
v -0.246150 18.712494 -0.654328
v -0.246150 18.904010 -0.402393
v -0.246150 19.036890 -0.115177
v -0.246150 19.104921 0.193888
v -0.246150 19.104921 0.510353
v -0.246150 19.036890 0.819418
v -0.246150 18.904010 1.106634
v -0.246150 18.712494 1.358569
v -0.246150 18.471297 1.563443
v -0.246150 18.191697 1.711678
v -0.246150 17.886768 1.796341
v -0.246150 17.570768 1.813474
v -0.246150 17.258472 1.762276
v -0.246150 16.964484 1.645140
v -0.246150 16.702550 1.467545
v -0.246150 16.484918 1.237793
v -0.246150 16.321763 0.966628
v -0.246150 16.220716 0.666730
v 0.000000 18.843275 0.352121
v 0.000000 18.808601 0.066551
v 0.000000 18.706593 -0.202422
v 0.000000 18.543179 -0.439167
v 0.000000 18.327857 -0.629926
v 0.000000 18.073141 -0.763611
v 0.000000 17.793833 -0.832454
v 0.000000 17.506167 -0.832454
v 0.000000 17.226859 -0.763611
v 0.000000 16.972143 -0.629926
v 0.000000 16.756821 -0.439167
v 0.000000 16.593407 -0.202422
v 0.000000 16.491399 0.066551
v 0.000000 16.456725 0.352121
v 0.000000 16.491399 0.637690
v 0.000000 16.593407 0.906663
v 0.000000 16.756821 1.143408
v 0.000000 16.972143 1.334167
v 0.000000 17.226859 1.467852
v 0.000000 17.506167 1.536695
v 0.000000 17.793833 1.536695
v 0.000000 18.073141 1.467852
v 0.000000 18.327857 1.334167
v 0.000000 18.543179 1.143408
v 0.000000 18.706593 0.906663
v 0.000000 18.808601 0.637690
v -19.000000 20.100000 0.352121
v -19.000000 20.066585 0.755377
v -19.000000 19.967252 1.147634
v -19.000000 19.804711 1.518192
v -19.000000 19.583394 1.856942
v -19.000000 19.309340 2.154644
v -19.000000 18.990023 2.403178
v -19.000000 18.634154 2.595765
v -19.000000 18.251439 2.727151
v -19.000000 17.852319 2.793753
v -19.000000 17.447681 2.793753
v -19.000000 17.048561 2.727151
v -19.000000 16.665846 2.595765
v -19.000000 16.309977 2.403178
v -19.000000 15.990660 2.154644
v -19.000000 15.716606 1.856942
v -19.000000 15.495289 1.518192
v -19.000000 15.332748 1.147634
v -19.000000 15.233415 0.755377
v -19.000000 15.200000 0.352121
v -19.000000 15.233415 -0.051136
v -19.000000 15.332748 -0.443393
v -19.000000 15.495289 -0.813951
v -19.000000 15.716606 -1.152701
v -19.000000 15.990660 -1.450403
v -19.000000 16.309977 -1.698937
v -19.000000 16.665846 -1.891524
v -19.000000 17.048561 -2.022910
v -19.000000 17.447681 -2.089511
v -19.000000 17.852319 -2.089511
v -19.000000 18.251439 -2.022910
v -19.000000 18.634154 -1.891524
v -19.000000 18.990023 -1.698937
v -19.000000 19.309340 -1.450403
v -19.000000 19.583394 -1.152701
v -19.000000 19.804711 -0.813951
v -19.000000 19.967252 -0.443393
v -19.000000 20.066585 -0.051136
v -18.700000 20.400000 0.352121
v -18.700000 20.366143 -0.078074
v -18.700000 20.265405 -0.497676
v -18.700000 20.100268 -0.896353
v -18.700000 19.874797 -1.264289
v -18.700000 19.594544 -1.592423
v -18.700000 19.266409 -1.872676
v -18.700000 18.898474 -2.098147
v -18.700000 18.499797 -2.263285
v -18.700000 18.080195 -2.364022
v -18.700000 17.650000 -2.397879
v -18.700000 17.219805 -2.364022
v -18.700000 16.800203 -2.263285
v -18.700000 16.401526 -2.098147
v -18.700000 16.033591 -1.872676
v -18.700000 15.705456 -1.592423
v -18.700000 15.425203 -1.264289
v -18.700000 15.199732 -0.896353
v -18.700000 15.034595 -0.497676
v -18.700000 14.933857 -0.078074
v -18.700000 14.900000 0.352121
v -18.700000 14.933857 0.782315
v -18.700000 15.034595 1.201917
v -18.700000 15.199732 1.600594
v -18.700000 15.425203 1.968530
v -18.700000 15.705456 2.296664
v -18.700000 16.033591 2.576917
v -18.700000 16.401526 2.802388
v -18.700000 16.800203 2.967526
v -18.700000 17.219805 3.068263
v -18.700000 17.650000 3.102121
v -18.700000 18.080195 3.068263
v -18.700000 18.499797 2.967526
v -18.700000 18.898474 2.802388
v -18.700000 19.266409 2.576917
v -18.700000 19.594544 2.296664
v -18.700000 19.874797 1.968530
v -18.700000 20.100268 1.600594
v -18.700000 20.265405 1.201917
v -18.700000 20.366143 0.782315
v -18.989778 15.122354 0.352121
v -18.959808 15.050000 0.352121
v -18.912132 14.987868 0.352121
v -18.850000 14.940192 0.352121
v -18.777646 14.910222 0.352121
v -18.989778 20.146526 0.747531
v -18.959808 20.217990 0.758850
v -18.912132 20.279357 0.768570
v -18.850000 20.326445 0.776028
v -18.777646 20.356047 0.780716
v -18.777646 20.389778 0.352121
v -18.850000 20.359808 0.352121
v -18.912132 20.312132 0.352121
v -18.959808 20.250000 0.352121
v -18.989778 20.177646 0.352121
v -18.989778 20.053934 1.133206
v -18.959808 20.122747 1.155565
v -18.912132 20.181838 1.174765
v -18.850000 20.227180 1.189497
v -18.777646 20.255683 1.198758
v -18.989778 19.902149 1.499648
v -18.959808 19.966617 1.532496
v -18.912132 20.021977 1.560703
v -18.850000 20.064456 1.582347
v -18.777646 20.091160 1.595954
v -18.989778 19.694908 1.837833
v -18.959808 19.753444 1.880362
v -18.912132 19.803710 1.916882
v -18.850000 19.842280 1.944905
v -18.777646 19.866527 1.962521
v -18.989778 19.437315 2.139436
v -18.959808 19.488478 2.190598
v -18.912132 19.532412 2.234532
v -18.850000 19.566123 2.268244
v -18.777646 19.587315 2.289436
v -18.989778 19.135713 2.397029
v -18.959808 19.178242 2.455565
v -18.912132 19.214762 2.505831
v -18.850000 19.242785 2.544401
v -18.777646 19.260401 2.568647
v -18.989778 18.797527 2.604269
v -18.959808 18.830375 2.668737
v -18.912132 18.858583 2.724098
v -18.850000 18.880227 2.766577
v -18.777646 18.893833 2.793280
v -18.989778 18.431085 2.756054
v -18.959808 18.453444 2.824867
v -18.912132 18.472644 2.883959
v -18.850000 18.487377 2.929301
v -18.777646 18.496638 2.957804
v -18.989778 18.045411 2.848647
v -18.959808 18.056730 2.920110
v -18.912132 18.066449 2.981477
v -18.850000 18.073907 3.028566
v -18.777646 18.078596 3.058167
v -18.989778 17.650000 2.879766
v -18.959808 17.650000 2.952121
v -18.912132 17.650000 3.014253
v -18.850000 17.650000 3.061928
v -18.777646 17.650000 3.091898
v -18.989778 17.254589 2.848647
v -18.959808 17.243270 2.920110
v -18.912132 17.233551 2.981477
v -18.850000 17.226093 3.028566
v -18.777646 17.221404 3.058167
v -18.989778 16.868915 2.756054
v -18.959808 16.846556 2.824867
v -18.912132 16.827356 2.883959
v -18.850000 16.812623 2.929301
v -18.777646 16.803362 2.957804
v -18.989778 16.502473 2.604269
v -18.959808 16.469625 2.668737
v -18.912132 16.441417 2.724098
v -18.850000 16.419773 2.766577
v -18.777646 16.406167 2.793280
v -18.989778 16.164287 2.397029
v -18.959808 16.121758 2.455565
v -18.912132 16.085238 2.505831
v -18.850000 16.057215 2.544401
v -18.777646 16.039599 2.568647
v -18.989778 15.862685 2.139436
v -18.959808 15.811522 2.190598
v -18.912132 15.767588 2.234532
v -18.850000 15.733877 2.268244
v -18.777646 15.712685 2.289436
v -18.989778 15.605092 1.837833
v -18.959808 15.546556 1.880362
v -18.912132 15.496290 1.916882
v -18.850000 15.457720 1.944905
v -18.777646 15.433473 1.962521
v -18.989778 15.397851 1.499648
v -18.959808 15.333383 1.532496
v -18.912132 15.278023 1.560703
v -18.850000 15.235544 1.582347
v -18.777646 15.208840 1.595954
v -18.989778 15.246066 1.133206
v -18.959808 15.177253 1.155565
v -18.912132 15.118162 1.174765
v -18.850000 15.072820 1.189497
v -18.777646 15.044317 1.198758
v -18.989778 15.153474 0.747531
v -18.959808 15.082010 0.758850
v -18.912132 15.020643 0.768570
v -18.850000 14.973555 0.776028
v -18.777646 14.943953 0.780716
v -18.989778 15.153474 -0.043290
v -18.959808 15.082010 -0.054609
v -18.912132 15.020643 -0.064329
v -18.850000 14.973555 -0.071787
v -18.777646 14.943953 -0.076475
v -18.989778 15.246066 -0.428965
v -18.959808 15.177253 -0.451324
v -18.912132 15.118162 -0.470524
v -18.850000 15.072820 -0.485256
v -18.777646 15.044317 -0.494517
v -18.989778 15.397851 -0.795407
v -18.959808 15.333383 -0.828255
v -18.912132 15.278023 -0.856462
v -18.850000 15.235544 -0.878106
v -18.777646 15.208840 -0.891713
v -18.989778 15.605092 -1.133592
v -18.959808 15.546556 -1.176121
v -18.912132 15.496290 -1.212641
v -18.850000 15.457720 -1.240664
v -18.777646 15.433473 -1.258280
v -18.989778 15.862685 -1.435195
v -18.959808 15.811522 -1.486357
v -18.912132 15.767588 -1.530291
v -18.850000 15.733877 -1.564003
v -18.777646 15.712685 -1.585195
v -18.989778 16.164287 -1.692788
v -18.959808 16.121758 -1.751324
v -18.912132 16.085238 -1.801590
v -18.850000 16.057215 -1.840160
v -18.777646 16.039599 -1.864406
v -18.989778 16.502473 -1.900028
v -18.959808 16.469625 -1.964496
v -18.912132 16.441417 -2.019856
v -18.850000 16.419773 -2.062336
v -18.777646 16.406167 -2.089039
v -18.989778 16.868915 -2.051813
v -18.959808 16.846556 -2.120626
v -18.912132 16.827356 -2.179717
v -18.850000 16.812623 -2.225060
v -18.777646 16.803362 -2.253563
v -18.989778 17.254589 -2.144406
v -18.959808 17.243270 -2.215869
v -18.912132 17.233551 -2.277236
v -18.850000 17.226093 -2.324325
v -18.777646 17.221404 -2.353926
v -18.989778 17.650000 -2.175525
v -18.959808 17.650000 -2.247879
v -18.912132 17.650000 -2.310012
v -18.850000 17.650000 -2.357687
v -18.777646 17.650000 -2.387657
v -18.989778 18.045411 -2.144406
v -18.959808 18.056730 -2.215869
v -18.912132 18.066449 -2.277236
v -18.850000 18.073907 -2.324325
v -18.777646 18.078596 -2.353926
v -18.989778 18.431085 -2.051813
v -18.959808 18.453444 -2.120626
v -18.912132 18.472644 -2.179717
v -18.850000 18.487377 -2.225060
v -18.777646 18.496638 -2.253563
v -18.989778 18.797527 -1.900028
v -18.959808 18.830375 -1.964496
v -18.912132 18.858583 -2.019856
v -18.850000 18.880227 -2.062336
v -18.777646 18.893833 -2.089039
v -18.989778 19.135713 -1.692788
v -18.959808 19.178242 -1.751324
v -18.912132 19.214762 -1.801590
v -18.850000 19.242785 -1.840160
v -18.777646 19.260401 -1.864406
v -18.989778 19.437315 -1.435195
v -18.959808 19.488478 -1.486357
v -18.912132 19.532412 -1.530291
v -18.850000 19.566123 -1.564003
v -18.777646 19.587315 -1.585195
v -18.989778 19.694908 -1.133592
v -18.959808 19.753444 -1.176121
v -18.912132 19.803710 -1.212641
v -18.850000 19.842280 -1.240664
v -18.777646 19.866527 -1.258280
v -18.989778 19.902149 -0.795407
v -18.959808 19.966617 -0.828255
v -18.912132 20.021977 -0.856462
v -18.850000 20.064456 -0.878106
v -18.777646 20.091160 -0.891713
v -18.989778 20.053934 -0.428965
v -18.959808 20.122747 -0.451324
v -18.912132 20.181838 -0.470524
v -18.850000 20.227180 -0.485256
v -18.777646 20.255683 -0.494517
v -18.989778 20.146526 -0.043290
v -18.959808 20.217990 -0.054609
v -18.912132 20.279357 -0.064329
v -18.850000 20.326445 -0.071787
v -18.777646 20.356047 -0.076475
v -19.000000 16.400000 -0.369567
v -19.000000 17.650000 -1.091255
v -19.000000 18.900000 -0.369567
v -19.000000 18.900000 1.073808
v -19.000000 17.650000 1.795496
v -19.000000 16.400000 1.073808
v -16.000000 20.400000 0.352121
v -16.000000 20.366143 -0.078074
v -16.000000 20.265405 -0.497676
v -16.000000 20.100268 -0.896353
v -16.000000 19.874797 -1.264289
v -16.000000 19.594544 -1.592423
v -16.000000 19.266409 -1.872676
v -16.000000 18.898474 -2.098147
v -16.000000 18.499797 -2.263285
v -16.000000 18.080195 -2.364022
v -16.000000 17.650000 -2.397879
v -16.000000 17.219805 -2.364022
v -16.000000 16.800203 -2.263285
v -16.000000 16.401526 -2.098147
v -16.000000 16.033591 -1.872676
v -16.000000 15.705456 -1.592423
v -16.000000 15.425203 -1.264289
v -16.000000 15.199732 -0.896353
v -16.000000 15.034595 -0.497676
v -16.000000 14.933857 -0.078074
v -16.000000 14.900000 0.352121
v -16.000000 14.933857 0.782315
v -16.000000 15.034595 1.201917
v -16.000000 15.199732 1.600594
v -16.000000 15.425203 1.968530
v -16.000000 15.705456 2.296664
v -16.000000 16.033591 2.576917
v -16.000000 16.401526 2.802388
v -16.000000 16.800203 2.967526
v -16.000000 17.219805 3.068263
v -16.000000 17.650000 3.102121
v -16.000000 18.080195 3.068263
v -16.000000 18.499797 2.967526
v -16.000000 18.898474 2.802388
v -16.000000 19.266409 2.576917
v -16.000000 19.594544 2.296664
v -16.000000 19.874797 1.968530
v -16.000000 20.100268 1.600594
v -16.000000 20.265405 1.201917
v -16.000000 20.366143 0.782315
v -17.590639 17.650000 0.352121
v -17.700000 17.650000 -1.091255
v -17.700000 16.400000 -0.369567
v -17.700000 16.400000 1.073808
v -17.700000 17.650000 1.795496
v -17.700000 18.900000 1.073808
v -17.700000 18.900000 -0.369567
v -16.000000 16.186500 0.352121
v -16.000000 16.220716 0.037511
v -16.000000 16.321763 -0.262387
v -16.000000 16.484918 -0.533552
v -16.000000 16.702550 -0.763304
v -16.000000 16.964484 -0.940899
v -16.000000 17.258472 -1.058035
v -16.000000 17.570768 -1.109233
v -16.000000 17.886768 -1.092100
v -16.000000 18.191697 -1.007437
v -16.000000 18.471297 -0.859202
v -16.000000 18.712494 -0.654328
v -16.000000 18.904010 -0.402393
v -16.000000 19.036890 -0.115177
v -16.000000 19.104921 0.193888
v -16.000000 19.104921 0.510353
v -16.000000 19.036890 0.819418
v -16.000000 18.904010 1.106634
v -16.000000 18.712494 1.358569
v -16.000000 18.471297 1.563443
v -16.000000 18.191697 1.711678
v -16.000000 17.886768 1.796341
v -16.000000 17.570768 1.813474
v -16.000000 17.258472 1.762276
v -16.000000 16.964484 1.645140
v -16.000000 16.702550 1.467545
v -16.000000 16.484918 1.237793
v -16.000000 16.321763 0.966628
v -16.000000 16.220716 0.666730
v -5.497433 16.186500 0.352121
v -10.748717 16.186500 0.352121
v -5.497433 16.220716 0.666730
v -10.748717 16.220716 0.666730
v -5.497433 16.321763 0.966628
v -10.748717 16.321763 0.966628
v -5.497433 16.484918 1.237793
v -10.748717 16.484918 1.237793
v -5.497433 16.702550 1.467545
v -10.748717 16.702550 1.467545
v -5.497433 16.964484 1.645140
v -10.748717 16.964484 1.645140
v -5.497433 17.258472 1.762276
v -10.748717 17.258472 1.762276
v -5.497433 17.570768 1.813474
v -10.748717 17.570768 1.813474
v -5.497433 17.886768 1.796341
v -10.748717 17.886768 1.796341
v -5.497433 18.191697 1.711678
v -10.748717 18.191697 1.711678
v -5.497433 18.471297 1.563443
v -10.748717 18.471297 1.563443
v -5.497433 18.712494 1.358569
v -10.748717 18.712494 1.358569
v -5.497433 18.904010 1.106634
v -10.748717 18.904010 1.106634
v -5.497433 19.036890 0.819418
v -10.748717 19.036890 0.819418
v -5.497433 19.104921 0.510353
v -10.748717 19.104921 0.510353
v -5.497433 19.104921 0.193888
v -10.748717 19.104921 0.193888
v -5.497433 19.036890 -0.115177
v -10.748717 19.036890 -0.115177
v -5.497433 18.904010 -0.402393
v -10.748717 18.904010 -0.402393
v -5.497433 18.712494 -0.654328
v -10.748717 18.712494 -0.654328
v -5.497433 18.471297 -0.859202
v -10.748717 18.471297 -0.859202
v -5.497433 18.191697 -1.007437
v -10.748717 18.191697 -1.007437
v -5.497433 17.886768 -1.092100
v -10.748717 17.886768 -1.092100
v -5.497433 17.570768 -1.109233
v -10.748717 17.570768 -1.109233
v -5.497433 17.258472 -1.058035
v -10.748717 17.258472 -1.058035
v -5.497433 16.964484 -0.940899
v -10.748717 16.964484 -0.940899
v -5.497433 16.702550 -0.763304
v -10.748717 16.702550 -0.763304
v -5.497433 16.484918 -0.533552
v -10.748717 16.484918 -0.533552
v -5.497433 16.321763 -0.262387
v -10.748717 16.321763 -0.262387
v -5.497433 16.220716 0.037511
v -10.748717 16.220716 0.037511
vt 0.013779 0.388544 0.000000
vt 0.013779 0.417325 0.000000
vt -0.022774 0.417325 0.000000
vt -0.022774 -0.417325 0.000000
vt 0.013779 -0.417325 0.000000
vt 0.013779 -0.388544 0.000000
vt -0.022774 -0.385223 0.000000
vt 0.013779 -0.359763 0.000000
vt -0.022774 -0.353121 0.000000
vt 0.013779 -0.330982 0.000000
vt -0.022774 -0.321019 0.000000
vt 0.013779 -0.302201 0.000000
vt -0.022774 -0.288917 0.000000
vt 0.013779 -0.273420 0.000000
vt -0.022774 -0.256816 0.000000
vt 0.013779 -0.244639 0.000000
vt -0.022774 -0.224714 0.000000
vt 0.013779 -0.215858 0.000000
vt -0.022774 -0.192612 0.000000
vt 0.013779 -0.187077 0.000000
vt -0.022774 -0.160510 0.000000
vt 0.013779 -0.158296 0.000000
vt -0.022774 -0.128408 0.000000
vt 0.013779 -0.129515 0.000000
vt 0.013779 -0.100734 0.000000
vt -0.022774 -0.096306 0.000000
vt 0.013779 -0.071953 0.000000
vt -0.022774 -0.064204 0.000000
vt 0.013779 -0.043172 0.000000
vt -0.022774 -0.032102 0.000000
vt 0.013779 -0.014391 0.000000
vt -0.022774 0.000000 0.000000
vt 0.013779 0.014391 0.000000
vt -0.022774 0.032102 0.000000
vt 0.013779 0.043172 0.000000
vt -0.022774 0.064204 0.000000
vt 0.013779 0.071953 0.000000
vt -0.022774 0.096306 0.000000
vt 0.013779 0.100734 0.000000
vt -0.022774 0.128408 0.000000
vt 0.013779 0.129515 0.000000
vt 0.013779 0.158296 0.000000
vt -0.022774 0.160510 0.000000
vt 0.013779 0.187077 0.000000
vt -0.022774 0.192612 0.000000
vt 0.013779 0.215858 0.000000
vt -0.022774 0.224714 0.000000
vt 0.013779 0.244639 0.000000
vt -0.022774 0.256816 0.000000
vt 0.013779 0.273420 0.000000
vt -0.022774 0.288917 0.000000
vt 0.013779 0.302201 0.000000
vt -0.022774 0.321019 0.000000
vt 0.013779 0.330982 0.000000
vt -0.022774 0.353121 0.000000
vt 0.013779 0.359763 0.000000
vt -0.022774 0.385223 0.000000
vt 0.047124 0.044018 0.000000
vt 0.039270 0.041817 0.000000
vt 0.047124 0.000000 0.000000
vt 0.039270 0.000000 0.000000
vt 0.039270 -0.041817 0.000000
vt 0.031416 0.000000 0.000000
vt 0.031416 -0.041817 0.000000
vt 0.023562 -0.000000 0.000000
vt 0.023562 -0.041817 0.000000
vt 0.015708 -0.000000 0.000000
vt 0.015708 -0.041817 0.000000
vt 0.007854 -0.000000 0.000000
vt 0.007854 -0.041817 0.000000
vt 0.000000 -0.000000 0.000000
vt 0.000000 -0.041817 0.000000
vt 0.039270 0.083633 0.000000
vt 0.047124 0.088035 0.000000
vt 0.039270 0.125450 0.000000
vt 0.047124 0.132053 0.000000
vt 0.039270 0.167267 0.000000
vt 0.047124 0.176070 0.000000
vt 0.039270 0.209083 0.000000
vt 0.047124 0.220088 0.000000
vt 0.039270 0.250900 0.000000
vt 0.047124 0.264105 0.000000
vt 0.039270 0.292717 0.000000
vt 0.047124 0.308123 0.000000
vt 0.039270 0.334533 0.000000
vt 0.047124 0.352140 0.000000
vt 0.039270 0.376350 0.000000
vt 0.047124 0.396158 0.000000
vt 0.039270 0.418167 0.000000
vt 0.047124 0.440175 0.000000
vt 0.039270 0.459983 0.000000
vt 0.047124 0.484193 0.000000
vt 0.039270 0.501800 0.000000
vt 0.047124 0.528211 0.000000
vt 0.039270 0.543617 0.000000
vt 0.047124 0.572228 0.000000
vt 0.039270 0.585433 0.000000
vt 0.047124 0.616246 0.000000
vt 0.039270 0.627250 0.000000
vt 0.047124 0.660263 0.000000
vt 0.039270 0.669067 0.000000
vt 0.047124 0.704281 0.000000
vt 0.039270 0.710883 0.000000
vt 0.047124 0.748298 0.000000
vt 0.039270 0.752700 0.000000
vt 0.047124 0.792316 0.000000
vt 0.039270 0.794517 0.000000
vt 0.047124 0.836333 0.000000
vt 0.039270 0.836333 0.000000
vt 0.039270 -0.836333 0.000000
vt 0.047124 -0.836333 0.000000
vt 0.039270 -0.794517 0.000000
vt 0.031416 -0.794517 0.000000
vt 0.031416 -0.752700 0.000000
vt 0.023562 -0.752700 0.000000
vt 0.023562 -0.710883 0.000000
vt 0.015708 -0.710883 0.000000
vt 0.015708 -0.669067 0.000000
vt 0.007854 -0.669067 0.000000
vt 0.007854 -0.627250 0.000000
vt 0.000000 -0.627250 0.000000
vt -0.000000 -0.585433 0.000000
vt 0.007854 -0.585433 0.000000
vt -0.000000 -0.543617 0.000000
vt 0.007854 -0.543617 0.000000
vt 0.000000 -0.501800 0.000000
vt 0.007854 -0.501800 0.000000
vt 0.000000 -0.459983 0.000000
vt 0.007854 -0.459983 0.000000
vt -0.000000 -0.418167 0.000000
vt 0.007854 -0.418167 0.000000
vt -0.000000 -0.376350 0.000000
vt 0.007854 -0.376350 0.000000
vt -0.000000 -0.334533 0.000000
vt 0.007854 -0.334533 0.000000
vt 0.000000 -0.292717 0.000000
vt 0.007854 -0.292717 0.000000
vt 0.000000 -0.250900 0.000000
vt 0.007854 -0.250900 0.000000
vt -0.000000 -0.209083 0.000000
vt 0.007854 -0.209083 0.000000
vt 0.000000 -0.167267 0.000000
vt 0.007854 -0.167267 0.000000
vt -0.000000 -0.125450 0.000000
vt 0.007854 -0.125450 0.000000
vt 0.000000 -0.083633 0.000000
vt 0.007854 -0.083633 0.000000
vt 0.047124 -0.792316 0.000000
vt 0.039270 -0.752700 0.000000
vt 0.031416 -0.710883 0.000000
vt 0.023562 -0.669067 0.000000
vt 0.015708 -0.627250 0.000000
vt 0.047124 -0.748298 0.000000
vt 0.039270 -0.710883 0.000000
vt 0.031416 -0.669067 0.000000
vt 0.023562 -0.627250 0.000000
vt 0.015708 -0.585433 0.000000
vt 0.047124 -0.704281 0.000000
vt 0.039270 -0.669067 0.000000
vt 0.031416 -0.627250 0.000000
vt 0.023562 -0.585433 0.000000
vt 0.015708 -0.543617 0.000000
vt 0.047124 -0.660263 0.000000
vt 0.039270 -0.627250 0.000000
vt 0.031416 -0.585433 0.000000
vt 0.023562 -0.543617 0.000000
vt 0.015708 -0.501800 0.000000
vt 0.047124 -0.616246 0.000000
vt 0.039270 -0.585433 0.000000
vt 0.031416 -0.543617 0.000000
vt 0.023562 -0.501800 0.000000
vt 0.015708 -0.459983 0.000000
vt 0.047124 -0.572228 0.000000
vt 0.039270 -0.543617 0.000000
vt 0.031416 -0.501800 0.000000
vt 0.023562 -0.459983 0.000000
vt 0.015708 -0.418167 0.000000
vt 0.047124 -0.528211 0.000000
vt 0.039270 -0.501800 0.000000
vt 0.031416 -0.459983 0.000000
vt 0.023562 -0.418167 0.000000
vt 0.015708 -0.376350 0.000000
vt 0.047124 -0.484193 0.000000
vt 0.039270 -0.459983 0.000000
vt 0.031416 -0.418167 0.000000
vt 0.023562 -0.376350 0.000000
vt 0.015708 -0.334533 0.000000
vt 0.047124 -0.440175 0.000000
vt 0.039270 -0.418167 0.000000
vt 0.031416 -0.376350 0.000000
vt 0.023562 -0.334533 0.000000
vt 0.015708 -0.292717 0.000000
vt 0.047124 -0.396158 0.000000
vt 0.039270 -0.376350 0.000000
vt 0.031416 -0.334533 0.000000
vt 0.023562 -0.292717 0.000000
vt 0.015708 -0.250900 0.000000
vt 0.047124 -0.352140 0.000000
vt 0.039270 -0.334533 0.000000
vt 0.031416 -0.292717 0.000000
vt 0.023562 -0.250900 0.000000
vt 0.015708 -0.209083 0.000000
vt 0.047124 -0.308123 0.000000
vt 0.039270 -0.292717 0.000000
vt 0.031416 -0.250900 0.000000
vt 0.023562 -0.209083 0.000000
vt 0.015708 -0.167267 0.000000
vt 0.047124 -0.264105 0.000000
vt 0.039270 -0.250900 0.000000
vt 0.031416 -0.209083 0.000000
vt 0.023562 -0.167267 0.000000
vt 0.015708 -0.125450 0.000000
vt 0.047124 -0.220088 0.000000
vt 0.039270 -0.209083 0.000000
vt 0.031416 -0.167267 0.000000
vt 0.023562 -0.125450 0.000000
vt 0.015708 -0.083633 0.000000
vt 0.047124 -0.176070 0.000000
vt 0.039270 -0.167267 0.000000
vt 0.031416 -0.125450 0.000000
vt 0.023562 -0.083633 0.000000
vt 0.047124 -0.132053 0.000000
vt 0.039270 -0.125450 0.000000
vt 0.031416 -0.083633 0.000000
vt 0.047124 -0.088035 0.000000
vt 0.039270 -0.083633 0.000000
vt 0.047124 -0.044018 0.000000
vt -0.000000 -0.669067 0.000000
vt 0.007854 -0.710883 0.000000
vt 0.015708 -0.752700 0.000000
vt 0.023562 -0.794517 0.000000
vt 0.031416 -0.836333 0.000000
vt 0.031416 0.836333 0.000000
vt 0.000000 -0.710883 0.000000
vt 0.007854 -0.752700 0.000000
vt 0.015708 -0.794517 0.000000
vt 0.023562 -0.836333 0.000000
vt 0.023562 0.836333 0.000000
vt 0.031416 0.794517 0.000000
vt -0.000000 -0.752700 0.000000
vt 0.007854 -0.794517 0.000000
vt 0.015708 -0.836333 0.000000
vt 0.015708 0.836333 0.000000
vt 0.023562 0.794517 0.000000
vt 0.031416 0.752700 0.000000
vt -0.000000 -0.794517 0.000000
vt 0.007854 -0.836333 0.000000
vt 0.007854 0.836333 0.000000
vt 0.015708 0.794517 0.000000
vt 0.023562 0.752700 0.000000
vt 0.031416 0.710883 0.000000
vt -0.000000 -0.836333 0.000000
vt -0.000000 0.836333 0.000000
vt 0.007854 0.794517 0.000000
vt 0.015708 0.752700 0.000000
vt 0.023562 0.710883 0.000000
vt 0.031416 0.669067 0.000000
vt -0.000000 0.794517 0.000000
vt 0.007854 0.752700 0.000000
vt 0.015708 0.710883 0.000000
vt 0.023562 0.669067 0.000000
vt 0.031416 0.627250 0.000000
vt -0.000000 0.752700 0.000000
vt 0.007854 0.710883 0.000000
vt 0.015708 0.669067 0.000000
vt 0.023562 0.627250 0.000000
vt 0.031416 0.585433 0.000000
vt 0.000000 0.710883 0.000000
vt 0.007854 0.669067 0.000000
vt 0.015708 0.627250 0.000000
vt 0.023562 0.585433 0.000000
vt 0.031416 0.543617 0.000000
vt -0.000000 0.669067 0.000000
vt 0.007854 0.627250 0.000000
vt 0.015708 0.585433 0.000000
vt 0.023562 0.543617 0.000000
vt 0.031416 0.501800 0.000000
vt 0.000000 0.627250 0.000000
vt 0.007854 0.585433 0.000000
vt 0.015708 0.543617 0.000000
vt 0.023562 0.501800 0.000000
vt 0.031416 0.459983 0.000000
vt -0.000000 0.585433 0.000000
vt 0.007854 0.543617 0.000000
vt 0.015708 0.501800 0.000000
vt 0.023562 0.459983 0.000000
vt 0.031416 0.418167 0.000000
vt -0.000000 0.543617 0.000000
vt 0.007854 0.501800 0.000000
vt 0.015708 0.459983 0.000000
vt 0.023562 0.418167 0.000000
vt 0.031416 0.376350 0.000000
vt 0.000000 0.501800 0.000000
vt 0.007854 0.459983 0.000000
vt 0.015708 0.418167 0.000000
vt 0.023562 0.376350 0.000000
vt 0.031416 0.334533 0.000000
vt 0.000000 0.459983 0.000000
vt 0.007854 0.418167 0.000000
vt 0.015708 0.376350 0.000000
vt 0.023562 0.334533 0.000000
vt 0.031416 0.292717 0.000000
vt -0.000000 0.418167 0.000000
vt 0.007854 0.376350 0.000000
vt 0.015708 0.334533 0.000000
vt 0.023562 0.292717 0.000000
vt 0.031416 0.250900 0.000000
vt -0.000000 0.376350 0.000000
vt 0.007854 0.334533 0.000000
vt 0.015708 0.292717 0.000000
vt 0.023562 0.250900 0.000000
vt 0.031416 0.209083 0.000000
vt -0.000000 0.334533 0.000000
vt 0.007854 0.292717 0.000000
vt 0.015708 0.250900 0.000000
vt 0.023562 0.209083 0.000000
vt 0.031416 0.167267 0.000000
vt 0.000000 0.292717 0.000000
vt 0.007854 0.250900 0.000000
vt 0.015708 0.209083 0.000000
vt 0.023562 0.167267 0.000000
vt 0.031416 0.125450 0.000000
vt 0.000000 0.250900 0.000000
vt 0.007854 0.209083 0.000000
vt 0.015708 0.167267 0.000000
vt 0.023562 0.125450 0.000000
vt 0.031416 0.083633 0.000000
vt -0.000000 0.209083 0.000000
vt 0.007854 0.167267 0.000000
vt 0.015708 0.125450 0.000000
vt 0.023562 0.083633 0.000000
vt 0.031416 0.041817 0.000000
vt 0.000000 0.167267 0.000000
vt 0.007854 0.125450 0.000000
vt 0.015708 0.083633 0.000000
vt 0.023562 0.041817 0.000000
vt -0.000000 0.125450 0.000000
vt 0.007854 0.083633 0.000000
vt 0.015708 0.041817 0.000000
vt 0.000000 0.083633 0.000000
vt 0.007854 0.041817 0.000000
vt 0.000000 0.041817 0.000000
vt 0.275000 -0.144338 0.000000
vt 0.409002 -0.205106 0.000000
vt 0.400000 -0.072169 0.000000
vt 0.440934 -0.180252 0.000000
vt 0.468339 -0.150482 0.000000
vt 0.150000 -0.072169 0.000000
vt 0.140998 -0.205106 0.000000
vt 0.176585 -0.224364 0.000000
vt 0.214856 -0.237503 0.000000
vt 0.150000 0.072169 0.000000
vt 0.030000 0.000000 0.000000
vt 0.033341 -0.040326 0.000000
vt 0.043275 -0.079551 0.000000
vt 0.275000 0.144338 0.000000
vt 0.140998 0.205106 0.000000
vt 0.109066 0.180252 0.000000
vt 0.081661 0.150482 0.000000
vt 0.400000 0.072169 0.000000
vt 0.409002 0.205106 0.000000
vt 0.373415 0.224364 0.000000
vt 0.335144 0.237503 0.000000
vt 0.520000 0.000000 0.000000
vt 0.516659 0.040326 0.000000
vt 0.506725 0.079551 0.000000
vt 0.059529 -0.116607 0.000000
vt 0.081661 -0.150482 0.000000
vt 0.109066 -0.180252 0.000000
vt 0.254768 -0.244163 0.000000
vt 0.295232 -0.244163 0.000000
vt 0.335144 -0.237503 0.000000
vt 0.373415 -0.224364 0.000000
vt 0.490471 -0.116607 0.000000
vt 0.506725 -0.079551 0.000000
vt 0.516659 -0.040326 0.000000
vt 0.490471 0.116607 0.000000
vt 0.468339 0.150482 0.000000
vt 0.440934 0.180252 0.000000
vt 0.295232 0.244163 0.000000
vt 0.254768 0.244163 0.000000
vt 0.214856 0.237503 0.000000
vt 0.176585 0.224364 0.000000
vt 0.059529 0.116607 0.000000
vt 0.043275 0.079551 0.000000
vt 0.033341 0.040326 0.000000
vt -0.150000 -0.043197 0.000000
vt 0.120000 -0.043197 0.000000
vt -0.150000 0.000000 0.000000
vt 0.120000 -0.000000 0.000000
vt -0.150000 0.043197 0.000000
vt 0.120000 0.043197 0.000000
vt -0.150000 0.086394 0.000000
vt 0.120000 0.086394 0.000000
vt -0.150000 0.129591 0.000000
vt 0.120000 0.129591 0.000000
vt -0.150000 0.172788 0.000000
vt 0.120000 0.172788 0.000000
vt -0.150000 0.215984 0.000000
vt 0.120000 0.215984 0.000000
vt -0.150000 0.259181 0.000000
vt 0.120000 0.259181 0.000000
vt -0.150000 0.302378 0.000000
vt 0.120000 0.302378 0.000000
vt -0.150000 0.345575 0.000000
vt 0.120000 0.345575 0.000000
vt -0.150000 0.388772 0.000000
vt 0.120000 0.388772 0.000000
vt -0.150000 0.431969 0.000000
vt 0.120000 0.431969 0.000000
vt -0.150000 0.475166 0.000000
vt 0.120000 0.475166 0.000000
vt -0.150000 0.518363 0.000000
vt 0.120000 0.518363 0.000000
vt -0.150000 0.561560 0.000000
vt 0.120000 0.561560 0.000000
vt -0.150000 0.604757 0.000000
vt 0.120000 0.604757 0.000000
vt -0.150000 0.647953 0.000000
vt 0.120000 0.647953 0.000000
vt -0.150000 0.691150 0.000000
vt 0.120000 0.691150 0.000000
vt -0.150000 0.734347 0.000000
vt 0.120000 0.734347 0.000000
vt -0.150000 0.777544 0.000000
vt 0.120000 0.777544 0.000000
vt -0.150000 0.820741 0.000000
vt 0.120000 0.820741 0.000000
vt -0.150000 0.863938 0.000000
vt 0.120000 0.863938 0.000000
vt -0.150000 -0.863938 0.000000
vt 0.120000 -0.863938 0.000000
vt -0.150000 -0.820741 0.000000
vt 0.120000 -0.820741 0.000000
vt -0.150000 -0.777544 0.000000
vt 0.120000 -0.777544 0.000000
vt -0.150000 -0.734347 0.000000
vt 0.120000 -0.734347 0.000000
vt -0.150000 -0.691150 0.000000
vt 0.120000 -0.691150 0.000000
vt -0.150000 -0.647953 0.000000
vt 0.120000 -0.647953 0.000000
vt -0.150000 -0.604757 0.000000
vt 0.120000 -0.604757 0.000000
vt -0.150000 -0.561560 0.000000
vt 0.120000 -0.561560 0.000000
vt -0.150000 -0.518363 0.000000
vt 0.120000 -0.518363 0.000000
vt -0.150000 -0.475166 0.000000
vt 0.120000 -0.475166 0.000000
vt -0.150000 -0.431969 0.000000
vt 0.120000 -0.431969 0.000000
vt -0.150000 -0.388772 0.000000
vt 0.120000 -0.388772 0.000000
vt -0.150000 -0.345575 0.000000
vt 0.120000 -0.345575 0.000000
vt -0.150000 -0.302378 0.000000
vt 0.120000 -0.302378 0.000000
vt -0.150000 -0.259181 0.000000
vt 0.120000 -0.259181 0.000000
vt -0.150000 -0.215984 0.000000
vt 0.120000 -0.215984 0.000000
vt -0.150000 -0.172788 0.000000
vt 0.120000 -0.172788 0.000000
vt -0.150000 -0.129591 0.000000
vt 0.120000 -0.129591 0.000000
vt -0.150000 -0.086394 0.000000
vt 0.120000 -0.086394 0.000000
vt 0.072169 0.125477 0.000000
vt 0.000000 0.000000 0.000000
vt 0.144338 -0.000000 0.000000
vt 0.000000 0.000000 0.000000
vt 0.144338 0.000000 0.000000
vt 0.072169 0.125477 0.000000
vt -0.000000 -0.000000 0.000000
vt 0.144338 0.000000 0.000000
vt -0.000000 0.000000 0.000000
vt 0.144338 0.000000 0.000000
vt 0.072169 0.125477 0.000000
vt -0.000000 0.000000 0.000000
vt 0.144338 0.000000 0.000000
vt -0.000000 0.000000 0.000000
vt 0.144338 0.000000 0.000000
vt -0.144338 -0.000000 0.000000
vt 0.000000 0.000000 0.000000
vt -0.144338 0.130000 0.000000
vt 0.000000 0.130000 0.000000
vt -0.144338 0.000000 0.000000
vt 0.000000 0.000000 0.000000
vt -0.144338 0.130000 0.000000
vt -0.000000 0.130000 0.000000
vt -0.144338 0.000000 0.000000
vt -0.000000 0.000000 0.000000
vt -0.144338 0.130000 0.000000
vt -0.000000 0.130000 0.000000
vt -0.144338 0.000000 0.000000
vt -0.000000 0.000000 0.000000
vt -0.144338 0.130000 0.000000
vt -0.000000 0.130000 0.000000
vt -0.144338 0.000000 0.000000
vt -0.000000 0.000000 0.000000
vt -0.144338 0.130000 0.000000
vt -0.000000 0.130000 0.000000
vt -0.144338 0.000000 0.000000
vt -0.000000 0.000000 0.000000
vt -0.144338 0.130000 0.000000
vt -0.000000 0.130000 0.000000
vt -0.775385 0.428064 0.000000
vt -0.250257 0.428064 0.000000
vt -0.775385 0.459772 0.000000
vt -0.250257 0.459772 0.000000
vt -0.775385 -0.459772 0.000000
vt -0.250257 -0.459772 0.000000
vt -0.775385 -0.428064 0.000000
vt -0.250257 -0.428064 0.000000
vt -0.775385 -0.396355 0.000000
vt -0.250257 -0.396355 0.000000
vt -0.775385 -0.364647 0.000000
vt -0.250257 -0.364647 0.000000
vt -0.775385 -0.332938 0.000000
vt -0.250257 -0.332938 0.000000
vt -0.775385 -0.301230 0.000000
vt -0.250257 -0.301230 0.000000
vt -0.775385 -0.269522 0.000000
vt -0.250257 -0.269522 0.000000
vt -0.775385 -0.237813 0.000000
vt -0.250257 -0.237813 0.000000
vt -0.775385 -0.206105 0.000000
vt -0.250257 -0.206105 0.000000
vt -0.775385 -0.174396 0.000000
vt -0.250257 -0.174396 0.000000
vt -0.775385 -0.142688 0.000000
vt -0.250257 -0.142688 0.000000
vt -0.775385 -0.110979 0.000000
vt -0.250257 -0.110979 0.000000
vt -0.775385 -0.079271 0.000000
vt -0.250257 -0.079271 0.000000
vt -0.775385 -0.047563 0.000000
vt -0.250257 -0.047563 0.000000
vt -0.775385 -0.015854 0.000000
vt -0.250257 -0.015854 0.000000
vt -0.775385 0.015854 0.000000
vt -0.250257 0.015854 0.000000
vt -0.775385 0.047563 0.000000
vt -0.250257 0.047563 0.000000
vt -0.775385 0.079271 0.000000
vt -0.250257 0.079271 0.000000
vt -0.775385 0.110979 0.000000
vt -0.250257 0.110979 0.000000
vt -0.775385 0.142688 0.000000
vt -0.250257 0.142688 0.000000
vt -0.775385 0.174396 0.000000
vt -0.250257 0.174396 0.000000
vt -0.775385 0.206105 0.000000
vt -0.250257 0.206105 0.000000
vt -0.775385 0.237813 0.000000
vt -0.250257 0.237813 0.000000
vt -0.775385 0.269522 0.000000
vt -0.250257 0.269522 0.000000
vt -0.775385 0.301230 0.000000
vt -0.250257 0.301230 0.000000
vt -0.775385 0.332938 0.000000
vt -0.250257 0.332938 0.000000
vt -0.775385 0.364647 0.000000
vt -0.250257 0.364647 0.000000
vt -0.775385 0.396355 0.000000
vt -0.250257 0.396355 0.000000
vt 0.800000 -0.428064 0.000000
vt 0.274872 -0.428064 0.000000
vt 0.800000 -0.459772 0.000000
vt 0.274872 -0.459772 0.000000
vt 0.800000 0.459772 0.000000
vt 0.274872 0.459772 0.000000
vt 0.800000 0.428064 0.000000
vt 0.274872 0.428064 0.000000
vt 0.800000 0.396355 0.000000
vt 0.274872 0.396355 0.000000
vt 0.800000 0.364647 0.000000
vt 0.274872 0.364647 0.000000
vt 0.800000 0.332938 0.000000
vt 0.274872 0.332938 0.000000
vt 0.800000 0.301230 0.000000
vt 0.274872 0.301230 0.000000
vt 0.800000 0.269522 0.000000
vt 0.274872 0.269522 0.000000
vt 0.800000 0.237813 0.000000
vt 0.274872 0.237813 0.000000
vt 0.800000 0.206105 0.000000
vt 0.274872 0.206105 0.000000
vt 0.800000 0.174396 0.000000
vt 0.274872 0.174396 0.000000
vt 0.800000 0.142688 0.000000
vt 0.274872 0.142688 0.000000
vt 0.800000 0.110979 0.000000
vt 0.274872 0.110979 0.000000
vt 0.800000 0.079271 0.000000
vt 0.274872 0.079271 0.000000
vt 0.800000 0.047563 0.000000
vt 0.274872 0.047563 0.000000
vt 0.800000 0.015854 0.000000
vt 0.274872 0.015854 0.000000
vt 0.800000 -0.015854 0.000000
vt 0.274872 -0.015854 0.000000
vt 0.800000 -0.047563 0.000000
vt 0.274872 -0.047563 0.000000
vt 0.800000 -0.079271 0.000000
vt 0.274872 -0.079271 0.000000
vt 0.800000 -0.110979 0.000000
vt 0.274872 -0.110979 0.000000
vt 0.800000 -0.142688 0.000000
vt 0.274872 -0.142688 0.000000
vt 0.800000 -0.174396 0.000000
vt 0.274872 -0.174396 0.000000
vt 0.800000 -0.206105 0.000000
vt 0.274872 -0.206105 0.000000
vt 0.800000 -0.237813 0.000000
vt 0.274872 -0.237813 0.000000
vt 0.800000 -0.269522 0.000000
vt 0.274872 -0.269522 0.000000
vt 0.800000 -0.301230 0.000000
vt 0.274872 -0.301230 0.000000
vt 0.800000 -0.332938 0.000000
vt 0.274872 -0.332938 0.000000
vt 0.800000 -0.364647 0.000000
vt 0.274872 -0.364647 0.000000
vt 0.800000 -0.396355 0.000000
vt 0.274872 -0.396355 0.000000
vt 0.115860 0.028557 0.000000
vt -0.115860 0.028557 0.000000
vt 0.119328 0.000000 0.000000
vt -0.119327 0.000000 0.000000
vt 0.115860 -0.028557 0.000000
vt -0.115860 -0.028557 0.000000
vt 0.105659 -0.055454 0.000000
vt -0.105659 -0.055454 0.000000
vt 0.089318 -0.079129 0.000000
vt -0.089318 -0.079129 0.000000
vt 0.067786 -0.098205 0.000000
vt -0.067786 -0.098205 0.000000
vt 0.042314 -0.111573 0.000000
vt -0.042314 -0.111573 0.000000
vt 0.014383 -0.118457 0.000000
vt -0.014383 -0.118457 0.000000
vt -0.105659 0.055454 0.000000
vt 0.105659 0.055454 0.000000
vt -0.089318 0.079129 0.000000
vt 0.089318 0.079129 0.000000
vt -0.067786 0.098205 0.000000
vt 0.067786 0.098205 0.000000
vt -0.042314 0.111573 0.000000
vt 0.042314 0.111573 0.000000
vt -0.014383 0.118457 0.000000
vt 0.014383 0.118457 0.000000
vt 0.121614 0.043019 0.000000
vt -0.004508 0.015823 0.000000
vt 0.125000 0.000000 0.000000
vt -0.004508 -0.015823 0.000000
vt 0.121614 -0.043019 0.000000
vt -0.011311 -0.046730 0.000000
vt 0.111541 -0.084980 0.000000
vt 0.095027 -0.124847 0.000000
vt -0.024599 -0.075451 0.000000
vt 0.072480 -0.161641 0.000000
vt -0.043751 -0.100645 0.000000
vt 0.044454 -0.194454 0.000000
vt 0.011641 -0.222480 0.000000
vt -0.067870 -0.121132 0.000000
vt -0.025153 -0.245027 0.000000
vt -0.095830 -0.135956 0.000000
vt -0.065020 -0.261541 0.000000
vt -0.126323 -0.144422 0.000000
vt -0.106981 -0.271614 0.000000
vt -0.150000 -0.275000 0.000000
vt -0.157923 -0.146135 0.000000
vt -0.193019 -0.271614 0.000000
vt -0.189153 -0.141016 0.000000
vt -0.234980 -0.261541 0.000000
vt -0.218552 -0.129302 0.000000
vt -0.274847 -0.245027 0.000000
vt -0.311641 -0.222480 0.000000
vt -0.244745 -0.111542 0.000000
vt -0.344454 -0.194454 0.000000
vt -0.266508 -0.088567 0.000000
vt -0.372480 -0.161641 0.000000
vt -0.395027 -0.124847 0.000000
vt -0.282824 -0.061451 0.000000
vt -0.411541 -0.084980 0.000000
vt -0.292928 -0.031461 0.000000
vt -0.421614 -0.043019 0.000000
vt -0.296350 0.000000 0.000000
vt -0.425000 0.000000 0.000000
vt -0.421614 0.043019 0.000000
vt -0.292928 0.031461 0.000000
vt -0.411541 0.084980 0.000000
vt -0.282824 0.061451 0.000000
vt -0.395027 0.124847 0.000000
vt -0.266508 0.088567 0.000000
vt -0.372480 0.161641 0.000000
vt -0.344454 0.194454 0.000000
vt -0.244745 0.111542 0.000000
vt -0.311641 0.222480 0.000000
vt -0.218552 0.129302 0.000000
vt -0.274847 0.245027 0.000000
vt -0.234980 0.261541 0.000000
vt -0.189153 0.141016 0.000000
vt -0.193019 0.271614 0.000000
vt -0.157923 0.146135 0.000000
vt -0.150000 0.275000 0.000000
vt -0.126323 0.144422 0.000000
vt -0.106981 0.271614 0.000000
vt -0.065020 0.261541 0.000000
vt -0.095830 0.135956 0.000000
vt -0.025153 0.245027 0.000000
vt -0.067870 0.121132 0.000000
vt 0.011641 0.222480 0.000000
vt -0.043751 0.100645 0.000000
vt 0.044454 0.194454 0.000000
vt 0.072480 0.161641 0.000000
vt -0.024599 0.075451 0.000000
vt 0.095027 0.124847 0.000000
vt -0.011311 0.046730 0.000000
vt 0.111541 0.084980 0.000000
vn 0.073927 -0.065766 0.014476
vn 0.073927 -0.067341 -0.000000
vn 0.073927 -0.067341 -0.000000
vn 0.073927 -0.065766 -0.014476
vn 0.073927 -0.065384 -0.016116
vn 0.073927 -0.061117 -0.028276
vn 0.073927 -0.059627 -0.031295
vn 0.073927 -0.053609 -0.040753
vn 0.073927 -0.050405 -0.044655
vn 0.073927 -0.043595 -0.051325
vn 0.073927 -0.038254 -0.055420
vn 0.073927 -0.031543 -0.059496
vn 0.073927 -0.023879 -0.062965
vn 0.073927 -0.018016 -0.064886
vn 0.073927 -0.008117 -0.066850
vn 0.073927 -0.003646 -0.067242
vn 0.073927 0.008117 -0.066850
vn 0.073927 0.010895 -0.066454
vn 0.073927 0.023879 -0.062965
vn 0.073927 0.024925 -0.062558
vn 0.073927 0.038254 -0.055420
vn 0.073927 0.037791 -0.055737
vn 0.073927 0.048889 -0.046310
vn 0.073927 0.050405 -0.044655
vn 0.073927 0.057701 -0.034718
vn 0.073927 0.059627 -0.031295
vn 0.073927 0.063816 -0.021502
vn 0.073927 0.065384 -0.016116
vn 0.073927 0.066946 -0.007281
vn 0.073927 0.067341 0.000000
vn 0.073927 0.066946 0.007281
vn 0.073927 0.065384 0.016116
vn 0.073927 0.063816 0.021502
vn 0.073927 0.059627 0.031295
vn 0.073927 0.057701 0.034718
vn 0.073927 0.050405 0.044655
vn 0.073927 0.048889 0.046310
vn 0.073927 0.038254 0.055420
vn 0.073927 0.037791 0.055737
vn 0.073927 0.024925 0.062558
vn 0.073927 0.023879 0.062965
vn 0.073927 0.010895 0.066454
vn 0.073927 0.008117 0.066850
vn 0.073927 -0.003646 0.067242
vn 0.073927 -0.008117 0.066850
vn 0.073927 -0.018016 0.064886
vn 0.073927 -0.023879 0.062965
vn 0.073927 -0.031543 0.059496
vn 0.073927 -0.038254 0.055420
vn 0.073927 -0.043595 0.051325
vn 0.073927 -0.050405 0.044655
vn 0.073927 -0.053609 0.040753
vn 0.073927 -0.059627 0.031295
vn 0.073927 -0.061117 0.028276
vn 0.073927 -0.065384 0.016116
vn -0.100000 0.000000 -0.000000
vn -0.096593 0.025563 0.004049
vn -0.100000 0.000000 -0.000000
vn -0.096593 0.025882 -0.000000
vn -0.096593 0.025563 -0.004049
vn -0.086603 0.050000 0.000000
vn -0.086603 0.049384 -0.007822
vn -0.070711 0.070711 0.000000
vn -0.070711 0.069840 -0.011062
vn -0.050000 0.086603 0.000000
vn -0.050000 0.085536 -0.013548
vn -0.025882 0.096593 0.000000
vn -0.025882 0.095403 -0.015110
vn 0.000000 0.100000 0.000000
vn 0.000000 0.098769 -0.015643
vn -0.096593 0.024615 0.007998
vn -0.100000 0.000000 -0.000000
vn -0.096593 0.023061 0.011750
vn -0.100000 0.000000 -0.000000
vn -0.096593 0.020939 0.015213
vn -0.100000 0.000000 -0.000000
vn -0.096593 0.018301 0.018301
vn -0.100000 0.000000 -0.000000
vn -0.096593 0.015213 0.020939
vn -0.100000 0.000000 -0.000000
vn -0.096593 0.011750 0.023061
vn -0.100000 0.000000 -0.000000
vn -0.096593 0.007998 0.024615
vn -0.100000 0.000000 -0.000000
vn -0.096593 0.004049 0.025563
vn -0.100000 0.000000 -0.000000
vn -0.096593 0.000000 0.025882
vn -0.100000 0.000000 -0.000000
vn -0.096593 -0.004049 0.025563
vn -0.100000 0.000000 -0.000000
vn -0.096593 -0.007998 0.024615
vn -0.100000 0.000000 -0.000000
vn -0.096593 -0.011750 0.023061
vn -0.100000 0.000000 0.000000
vn -0.096593 -0.015213 0.020939
vn -0.100000 0.000000 -0.000000
vn -0.096593 -0.018301 0.018301
vn -0.100000 0.000000 -0.000000
vn -0.096593 -0.020939 0.015213
vn -0.100000 0.000000 -0.000000
vn -0.096593 -0.023061 0.011750
vn -0.100000 0.000000 -0.000000
vn -0.096593 -0.024615 0.007998
vn -0.100000 0.000000 -0.000000
vn -0.096593 -0.025563 0.004049
vn -0.100000 0.000000 -0.000000
vn -0.096593 -0.025882 -0.000000
vn -0.096593 -0.025563 -0.004049
vn -0.086603 -0.049384 -0.007822
vn -0.086603 -0.047553 -0.015451
vn -0.070711 -0.067250 -0.021851
vn -0.070711 -0.063004 -0.032102
vn -0.050000 -0.077163 -0.039317
vn -0.050000 -0.070063 -0.050904
vn -0.025882 -0.078145 -0.056776
vn -0.025882 -0.068301 -0.068301
vn -0.000000 -0.070711 -0.070711
vn -0.000000 -0.058779 -0.080902
vn -0.025882 -0.056776 -0.078145
vn 0.000000 -0.045399 -0.089101
vn -0.025882 -0.043852 -0.086065
vn -0.000000 -0.030902 -0.095106
vn -0.025882 -0.029849 -0.091865
vn -0.000000 -0.015643 -0.098769
vn -0.025882 -0.015110 -0.095403
vn 0.000000 0.000000 -0.100000
vn -0.025882 0.000000 -0.096593
vn 0.000000 0.015643 -0.098769
vn -0.025882 0.015110 -0.095403
vn 0.000000 0.030902 -0.095106
vn -0.025882 0.029849 -0.091865
vn -0.000000 0.045399 -0.089101
vn -0.025882 0.043852 -0.086065
vn 0.000000 0.058779 -0.080902
vn -0.025882 0.056776 -0.078145
vn 0.000000 0.070711 -0.070711
vn -0.025882 0.068301 -0.068301
vn 0.000000 0.080902 -0.058779
vn -0.025882 0.078145 -0.056776
vn 0.000000 0.089101 -0.045399
vn -0.025882 0.086065 -0.043852
vn 0.000000 0.095106 -0.030902
vn -0.025882 0.091865 -0.029849
vn -0.100000 0.000000 -0.000000
vn -0.096593 -0.024615 -0.007998
vn -0.086603 -0.044550 -0.022700
vn -0.070711 -0.057206 -0.041563
vn -0.050000 -0.061237 -0.061237
vn -0.100000 0.000000 -0.000000
vn -0.096593 -0.023061 -0.011750
vn -0.086603 -0.040451 -0.029389
vn -0.070711 -0.050000 -0.050000
vn -0.050000 -0.050904 -0.070063
vn -0.100000 0.000000 -0.000000
vn -0.096593 -0.020939 -0.015213
vn -0.086603 -0.035355 -0.035355
vn -0.070711 -0.041563 -0.057206
vn -0.050000 -0.039317 -0.077163
vn -0.100000 0.000000 -0.000000
vn -0.096593 -0.018301 -0.018301
vn -0.086603 -0.029389 -0.040451
vn -0.070711 -0.032102 -0.063004
vn -0.050000 -0.026762 -0.082364
vn -0.100000 0.000000 -0.000000
vn -0.096593 -0.015213 -0.020939
vn -0.086603 -0.022700 -0.044550
vn -0.070711 -0.021851 -0.067250
vn -0.050000 -0.013548 -0.085536
vn -0.100000 0.000000 -0.000000
vn -0.096593 -0.011750 -0.023061
vn -0.086603 -0.015451 -0.047553
vn -0.070711 -0.011062 -0.069840
vn -0.050000 0.000000 -0.086603
vn -0.100000 0.000000 -0.000000
vn -0.096593 -0.007998 -0.024615
vn -0.086603 -0.007822 -0.049384
vn -0.070711 0.000000 -0.070711
vn -0.050000 0.013548 -0.085536
vn -0.100000 0.000000 -0.000000
vn -0.096593 -0.004049 -0.025563
vn -0.086603 0.000000 -0.050000
vn -0.070711 0.011062 -0.069840
vn -0.050000 0.026762 -0.082364
vn -0.100000 0.000000 -0.000000
vn -0.096593 0.000000 -0.025882
vn -0.086603 0.007822 -0.049384
vn -0.070711 0.021851 -0.067250
vn -0.050000 0.039317 -0.077163
vn -0.100000 0.000000 -0.000000
vn -0.096593 0.004049 -0.025563
vn -0.086603 0.015451 -0.047553
vn -0.070711 0.032102 -0.063004
vn -0.050000 0.050904 -0.070063
vn -0.100000 0.000000 -0.000000
vn -0.096593 0.007998 -0.024615
vn -0.086603 0.022700 -0.044550
vn -0.070711 0.041563 -0.057206
vn -0.050000 0.061237 -0.061237
vn -0.100000 0.000000 -0.000000
vn -0.096593 0.011750 -0.023061
vn -0.086603 0.029389 -0.040451
vn -0.070711 0.050000 -0.050000
vn -0.050000 0.070063 -0.050904
vn -0.100000 0.000000 -0.000000
vn -0.096593 0.015213 -0.020939
vn -0.086603 0.035355 -0.035355
vn -0.070711 0.057206 -0.041563
vn -0.050000 0.077163 -0.039317
vn -0.100000 0.000000 0.000000
vn -0.096593 0.018301 -0.018301
vn -0.086603 0.040451 -0.029389
vn -0.070711 0.063004 -0.032102
vn -0.050000 0.082364 -0.026762
vn -0.100000 0.000000 -0.000000
vn -0.096593 0.020939 -0.015213
vn -0.086603 0.044550 -0.022700
vn -0.070711 0.067250 -0.021851
vn -0.100000 0.000000 0.000000
vn -0.096593 0.023061 -0.011750
vn -0.086603 0.047553 -0.015451
vn -0.100000 0.000000 -0.000000
vn -0.096593 0.024615 -0.007998
vn -0.100000 0.000000 -0.000000
vn -0.000000 -0.080902 -0.058779
vn -0.025882 -0.086065 -0.043852
vn -0.050000 -0.082364 -0.026762
vn -0.070711 -0.069840 -0.011062
vn -0.086603 -0.050000 -0.000000
vn -0.000000 -0.089101 -0.045399
vn -0.025882 -0.091865 -0.029849
vn -0.050000 -0.085536 -0.013548
vn -0.070711 -0.070711 -0.000000
vn -0.086603 -0.049384 0.007822
vn -0.000000 -0.095106 -0.030902
vn -0.025882 -0.095403 -0.015110
vn -0.050000 -0.086603 -0.000000
vn -0.070711 -0.069840 0.011062
vn -0.086603 -0.047553 0.015451
vn -0.000000 -0.098769 -0.015643
vn -0.025882 -0.096593 -0.000000
vn -0.050000 -0.085536 0.013548
vn -0.070711 -0.067250 0.021851
vn -0.086603 -0.044550 0.022700
vn -0.000000 -0.100000 -0.000000
vn -0.025882 -0.095403 0.015110
vn -0.050000 -0.082364 0.026762
vn -0.070711 -0.063004 0.032102
vn -0.086603 -0.040451 0.029389
vn -0.000000 -0.098769 0.015643
vn -0.025882 -0.091865 0.029849
vn -0.050000 -0.077163 0.039317
vn -0.070711 -0.057206 0.041563
vn -0.086603 -0.035355 0.035355
vn -0.000000 -0.095106 0.030902
vn -0.025882 -0.086065 0.043852
vn -0.050000 -0.070063 0.050904
vn -0.070711 -0.050000 0.050000
vn -0.086603 -0.029389 0.040451
vn -0.000000 -0.089101 0.045399
vn -0.025882 -0.078145 0.056776
vn -0.050000 -0.061237 0.061237
vn -0.070711 -0.041563 0.057206
vn -0.086603 -0.022700 0.044550
vn -0.000000 -0.080902 0.058779
vn -0.025882 -0.068301 0.068301
vn -0.050000 -0.050904 0.070063
vn -0.070711 -0.032102 0.063004
vn -0.086603 -0.015451 0.047553
vn -0.000000 -0.070711 0.070711
vn -0.025882 -0.056776 0.078145
vn -0.050000 -0.039317 0.077163
vn -0.070711 -0.021851 0.067250
vn -0.086603 -0.007822 0.049384
vn -0.000000 -0.058779 0.080902
vn -0.025882 -0.043852 0.086065
vn -0.050000 -0.026762 0.082364
vn -0.070711 -0.011062 0.069840
vn -0.086603 0.000000 0.050000
vn 0.000000 -0.045399 0.089101
vn -0.025882 -0.029849 0.091865
vn -0.050000 -0.013548 0.085536
vn -0.070711 0.000000 0.070711
vn -0.086603 0.007822 0.049384
vn -0.000000 -0.030902 0.095106
vn -0.025882 -0.015110 0.095403
vn -0.050000 0.000000 0.086603
vn -0.070711 0.011062 0.069840
vn -0.086603 0.015451 0.047553
vn -0.000000 -0.015643 0.098769
vn -0.025882 -0.000000 0.096593
vn -0.050000 0.013548 0.085536
vn -0.070711 0.021851 0.067250
vn -0.086603 0.022700 0.044550
vn -0.000000 -0.000000 0.100000
vn -0.025882 0.015110 0.095403
vn -0.050000 0.026762 0.082364
vn -0.070711 0.032102 0.063004
vn -0.086603 0.029389 0.040451
vn 0.000000 0.015643 0.098769
vn -0.025882 0.029849 0.091865
vn -0.050000 0.039317 0.077163
vn -0.070711 0.041563 0.057206
vn -0.086603 0.035355 0.035355
vn 0.000000 0.030902 0.095106
vn -0.025882 0.043852 0.086065
vn -0.050000 0.050904 0.070063
vn -0.070711 0.050000 0.050000
vn -0.086603 0.040451 0.029389
vn -0.000000 0.045399 0.089101
vn -0.025882 0.056776 0.078145
vn -0.050000 0.061237 0.061237
vn -0.070711 0.057206 0.041563
vn -0.086603 0.044550 0.022700
vn 0.000000 0.058779 0.080902
vn -0.025882 0.068301 0.068301
vn -0.050000 0.070063 0.050904
vn -0.070711 0.063004 0.032102
vn -0.086603 0.047553 0.015451
vn 0.000000 0.070711 0.070711
vn -0.025882 0.078145 0.056776
vn -0.050000 0.077163 0.039317
vn -0.070711 0.067250 0.021851
vn -0.086603 0.049384 0.007822
vn 0.000000 0.080902 0.058779
vn -0.025882 0.086065 0.043852
vn -0.050000 0.082364 0.026762
vn -0.070711 0.069840 0.011062
vn 0.000000 0.089101 0.045399
vn -0.025882 0.091865 0.029849
vn -0.050000 0.085536 0.013548
vn 0.000000 0.095106 0.030902
vn -0.025882 0.095403 0.015110
vn 0.000000 0.098769 0.015643
vn -0.100000 0.000000 -0.000000
vn -0.100000 0.000000 -0.000000
vn -0.100000 0.000000 -0.000000
vn -0.100000 0.000000 -0.000000
vn -0.100000 0.000000 -0.000000
vn -0.100000 0.000000 -0.000000
vn 0.000000 0.098769 -0.015643
vn 0.000000 0.100000 0.000000
vn 0.000000 0.098769 0.015643
vn 0.000000 0.095106 0.030902
vn 0.000000 0.089101 0.045399
vn 0.000000 0.080902 0.058779
vn 0.000000 0.070711 0.070711
vn 0.000000 0.058779 0.080902
vn 0.000000 0.045399 0.089101
vn 0.000000 0.030902 0.095106
vn 0.000000 0.015643 0.098769
vn -0.000000 -0.000000 0.100000
vn -0.000000 -0.015643 0.098769
vn -0.000000 -0.030902 0.095106
vn -0.000000 -0.045399 0.089101
vn -0.000000 -0.058779 0.080902
vn -0.000000 -0.070711 0.070711
vn -0.000000 -0.080902 0.058779
vn -0.000000 -0.089101 0.045399
vn -0.000000 -0.095106 0.030902
vn -0.000000 -0.098769 0.015643
vn -0.000000 -0.100000 -0.000000
vn -0.000000 -0.098769 -0.015643
vn -0.000000 -0.095106 -0.030902
vn -0.000000 -0.089101 -0.045399
vn -0.000000 -0.080902 -0.058779
vn -0.000000 -0.070711 -0.070711
vn -0.000000 -0.058779 -0.080902
vn -0.000000 -0.045399 -0.089101
vn -0.000000 -0.030902 -0.095106
vn -0.000000 -0.015643 -0.098769
vn 0.000000 0.000000 -0.100000
vn 0.000000 0.015643 -0.098769
vn 0.000000 0.030902 -0.095106
vn 0.000000 0.045399 -0.089101
vn 0.000000 0.058779 -0.080902
vn 0.000000 0.070711 -0.070711
vn 0.000000 0.080902 -0.058779
vn 0.000000 0.089101 -0.045399
vn 0.000000 0.095106 -0.030902
vn -0.099619 0.004358 0.007548
vn -0.099619 0.004358 0.007548
vn -0.099619 0.004358 0.007548
vn -0.099619 0.008716 -0.000000
vn -0.099619 0.008716 -0.000000
vn -0.099619 0.008716 -0.000000
vn -0.099619 0.004358 -0.007548
vn -0.099619 0.004358 -0.007548
vn -0.099619 0.004358 -0.007548
vn -0.099619 -0.004358 -0.007548
vn -0.099619 -0.004358 -0.007548
vn -0.099619 -0.004358 -0.007548
vn -0.099619 -0.008716 -0.000000
vn -0.099619 -0.008716 -0.000000
vn -0.099619 -0.008716 -0.000000
vn -0.099619 -0.004358 0.007548
vn -0.099619 -0.004358 0.007548
vn -0.099619 -0.004358 0.007548
vn -0.000000 0.050000 0.086603
vn -0.000000 0.050000 0.086603
vn -0.000000 0.050000 0.086603
vn -0.000000 0.050000 0.086603
vn -0.000000 0.100000 0.000000
vn -0.000000 0.100000 0.000000
vn -0.000000 0.100000 0.000000
vn -0.000000 0.100000 0.000000
vn 0.000000 0.050000 -0.086603
vn 0.000000 0.050000 -0.086603
vn 0.000000 0.050000 -0.086603
vn 0.000000 0.050000 -0.086603
vn 0.000000 -0.050000 -0.086603
vn 0.000000 -0.050000 -0.086603
vn 0.000000 -0.050000 -0.086603
vn 0.000000 -0.050000 -0.086603
vn 0.000000 -0.100000 -0.000000
vn 0.000000 -0.100000 -0.000000
vn 0.000000 -0.100000 -0.000000
vn 0.000000 -0.100000 -0.000000
vn -0.000000 -0.050000 0.086603
vn -0.000000 -0.050000 0.086603
vn -0.000000 -0.050000 0.086603
vn -0.000000 -0.050000 0.086603
vn -0.000000 -0.097662 0.021497
vn -0.000000 -0.097662 0.021497
vn -0.000000 -0.100000 -0.000000
vn -0.000000 -0.100000 -0.000000
vn -0.000000 -0.097662 -0.021497
vn -0.000000 -0.097662 -0.021497
vn -0.000000 -0.090758 -0.041989
vn -0.000000 -0.090758 -0.041989
vn -0.000000 -0.079609 -0.060517
vn -0.000000 -0.079609 -0.060517
vn -0.000000 -0.064739 -0.076216
vn -0.000000 -0.064739 -0.076216
vn -0.000000 -0.046841 -0.088351
vn -0.000000 -0.046841 -0.088351
vn -0.000000 -0.026753 -0.096355
vn -0.000000 -0.026753 -0.096355
vn 0.000000 -0.005414 -0.099853
vn 0.000000 -0.005414 -0.099853
vn 0.000000 0.016178 -0.098683
vn 0.000000 0.016178 -0.098683
vn 0.000000 0.037014 -0.092898
vn 0.000000 0.037014 -0.092898
vn 0.000000 0.056119 -0.082769
vn 0.000000 0.056119 -0.082769
vn 0.000000 0.072600 -0.068770
vn 0.000000 0.072600 -0.068770
vn 0.000000 0.085686 -0.051555
vn 0.000000 0.085686 -0.051555
vn 0.000000 0.094765 -0.031930
vn 0.000000 0.094765 -0.031930
vn 0.000000 0.099414 -0.010812
vn 0.000000 0.099414 -0.010812
vn 0.000000 0.099414 0.010812
vn 0.000000 0.099414 0.010812
vn 0.000000 0.094765 0.031930
vn 0.000000 0.094765 0.031930
vn 0.000000 0.085686 0.051555
vn 0.000000 0.085686 0.051555
vn 0.000000 0.072600 0.068770
vn 0.000000 0.072600 0.068770
vn 0.000000 0.056119 0.082769
vn 0.000000 0.056119 0.082769
vn 0.000000 0.037014 0.092898
vn 0.000000 0.037014 0.092898
vn 0.000000 0.016178 0.098683
vn 0.000000 0.016178 0.098683
vn -0.000000 -0.005414 0.099853
vn -0.000000 -0.005414 0.099853
vn -0.000000 -0.026753 0.096355
vn -0.000000 -0.026753 0.096355
vn -0.000000 -0.046841 0.088351
vn -0.000000 -0.046841 0.088351
vn -0.000000 -0.064739 0.076216
vn -0.000000 -0.064739 0.076216
vn -0.000000 -0.079609 0.060517
vn -0.000000 -0.079609 0.060517
vn -0.000000 -0.090758 0.041989
vn -0.000000 -0.090758 0.041989
vn -0.000000 -0.097662 -0.021497
vn -0.000000 -0.097662 -0.021497
vn -0.000000 -0.100000 -0.000000
vn -0.000000 -0.100000 -0.000000
vn -0.000000 -0.097662 0.021497
vn -0.000000 -0.097662 0.021497
vn -0.000000 -0.090758 0.041989
vn -0.000000 -0.090758 0.041989
vn -0.000000 -0.079609 0.060517
vn -0.000000 -0.079609 0.060517
vn -0.000000 -0.064739 0.076216
vn -0.000000 -0.064739 0.076216
vn -0.000000 -0.046841 0.088351
vn -0.000000 -0.046841 0.088351
vn -0.000000 -0.026753 0.096355
vn -0.000000 -0.026753 0.096355
vn -0.000000 -0.005414 0.099853
vn -0.000000 -0.005414 0.099853
vn 0.000000 0.016178 0.098683
vn 0.000000 0.016178 0.098683
vn 0.000000 0.037014 0.092898
vn 0.000000 0.037014 0.092898
vn 0.000000 0.056119 0.082769
vn 0.000000 0.056119 0.082769
vn 0.000000 0.072600 0.068770
vn 0.000000 0.072600 0.068770
vn 0.000000 0.085686 0.051555
vn 0.000000 0.085686 0.051555
vn 0.000000 0.094765 0.031930
vn 0.000000 0.094765 0.031930
vn 0.000000 0.099414 0.010812
vn 0.000000 0.099414 0.010812
vn 0.000000 0.099414 -0.010812
vn 0.000000 0.099414 -0.010812
vn 0.000000 0.094765 -0.031930
vn 0.000000 0.094765 -0.031930
vn 0.000000 0.085686 -0.051555
vn 0.000000 0.085686 -0.051555
vn 0.000000 0.072600 -0.068770
vn 0.000000 0.072600 -0.068770
vn 0.000000 0.056119 -0.082769
vn 0.000000 0.056119 -0.082769
vn 0.000000 0.037014 -0.092898
vn 0.000000 0.037014 -0.092898
vn 0.000000 0.016178 -0.098683
vn 0.000000 0.016178 -0.098683
vn 0.000000 -0.005414 -0.099853
vn 0.000000 -0.005414 -0.099853
vn -0.000000 -0.026753 -0.096355
vn -0.000000 -0.026753 -0.096355
vn -0.000000 -0.046841 -0.088351
vn -0.000000 -0.046841 -0.088351
vn -0.000000 -0.064739 -0.076216
vn -0.000000 -0.064739 -0.076216
vn -0.000000 -0.079609 -0.060517
vn -0.000000 -0.079609 -0.060517
vn -0.000000 -0.090758 -0.041989
vn -0.000000 -0.090758 -0.041989
vn 0.100000 -0.000000 0.000000
vn 0.100000 -0.000000 0.000000
vn 0.100000 -0.000000 0.000000
vn 0.100000 -0.000000 0.000000
vn 0.100000 -0.000000 0.000000
vn 0.100000 -0.000000 0.000000
vn 0.100000 -0.000000 0.000000
vn 0.100000 -0.000000 0.000000
vn 0.100000 -0.000000 0.000000
vn 0.100000 -0.000000 0.000000
vn 0.100000 -0.000000 0.000000
vn 0.100000 -0.000000 0.000000
vn 0.100000 -0.000000 0.000000
vn 0.100000 -0.000000 0.000000
vn 0.100000 -0.000000 0.000000
vn 0.100000 -0.000000 0.000000
vn 0.100000 -0.000000 0.000000
vn 0.100000 -0.000000 0.000000
vn 0.100000 -0.000000 0.000000
vn 0.100000 -0.000000 0.000000
vn 0.100000 -0.000000 0.000000
vn 0.100000 -0.000000 0.000000
vn 0.100000 -0.000000 0.000000
vn 0.100000 -0.000000 0.000000
vn 0.100000 -0.000000 0.000000
vn 0.100000 -0.000000 0.000000
vn 0.100000 -0.000000 0.000000
vn 0.100000 -0.000000 0.000000
vn 0.100000 -0.000000 0.000000
vn 0.100000 -0.000000 0.000000
vn 0.100000 -0.000000 0.000000
vn 0.100000 -0.000000 0.000000
vn 0.100000 -0.000000 0.000000
vn 0.100000 -0.000000 0.000000
vn 0.100000 -0.000000 0.000000
vn 0.100000 -0.000000 0.000000
vn 0.100000 -0.000000 0.000000
vn 0.100000 -0.000000 0.000000
vn 0.100000 -0.000000 0.000000
vn 0.100000 -0.000000 0.000000
vn 0.100000 -0.000000 0.000000
vn 0.100000 -0.000000 0.000000
vn 0.100000 -0.000000 0.000000
vn 0.100000 -0.000000 0.000000
vn 0.100000 -0.000000 0.000000
vn 0.100000 -0.000000 0.000000
vn 0.100000 -0.000000 0.000000
vn 0.100000 -0.000000 0.000000
vn 0.100000 -0.000000 0.000000
vn 0.100000 -0.000000 0.000000
vn 0.100000 -0.000000 0.000000
vn 0.100000 -0.000000 0.000000
vn 0.100000 -0.000000 0.000000
vn 0.100000 -0.000000 0.000000
vn 0.100000 -0.000000 0.000000
vn 0.100000 -0.000000 0.000000
vn 0.100000 -0.000000 0.000000
vn 0.100000 -0.000000 0.000000
vn 0.100000 -0.000000 0.000000
vn 0.100000 -0.000000 0.000000
vn 0.100000 -0.000000 0.000000
vn 0.100000 -0.000000 0.000000
vn 0.100000 -0.000000 0.000000
vn 0.100000 -0.000000 0.000000
vn 0.100000 -0.000000 0.000000
vn 0.100000 -0.000000 0.000000
vn 0.100000 -0.000000 0.000000
vn 0.100000 -0.000000 0.000000
vn 0.100000 -0.000000 0.000000
vn 0.100000 -0.000000 0.000000
vn 0.100000 -0.000000 0.000000
vn 0.100000 -0.000000 0.000000
vn 0.100000 -0.000000 0.000000
vn 0.100000 -0.000000 0.000000
vn 0.100000 -0.000000 0.000000
vn 0.100000 -0.000000 0.000000
vn 0.100000 -0.000000 0.000000
vn 0.100000 -0.000000 0.000000
vn 0.100000 -0.000000 0.000000
vn 0.100000 -0.000000 0.000000
vn 0.100000 -0.000000 0.000000
vn 0.100000 -0.000000 0.000000
vn 0.100000 -0.000000 0.000000
vn 0.100000 -0.000000 0.000000
vn 0.100000 -0.000000 0.000000
vn 0.100000 -0.000000 0.000000
vn 0.100000 -0.000000 0.000000
vn 0.100000 -0.000000 0.000000
vn 0.100000 -0.000000 0.000000
vn 0.100000 -0.000000 0.000000
vn 0.100000 -0.000000 0.000000
vn 0.100000 -0.000000 0.000000
vn 0.100000 -0.000000 0.000000
vn 0.100000 -0.000000 0.000000
vn 0.100000 -0.000000 0.000000
usemtl Steel_-_Satin
f 442/777/766 414/778/767 456/779/768
f 456/780/768 414/781/767 415/782/769
f 456/780/768 415/782/769 455/783/770
f 455/783/770 415/782/769 416/784/771
f 455/783/770 416/784/771 454/785/772
f 454/785/772 416/784/771 417/786/773
f 454/785/772 417/786/773 453/787/774
f 453/787/774 417/786/773 418/788/775
f 453/787/774 418/788/775 452/789/776
f 452/789/776 418/788/775 419/790/777
f 452/789/776 419/790/777 451/791/778
f 451/791/778 419/790/777 420/792/779
f 451/791/778 420/792/779 450/793/780
f 450/793/780 420/792/779 421/794/781
f 450/793/780 421/794/781 449/795/782
f 449/795/782 421/794/781 422/796/783
f 449/795/782 422/796/783 448/797/784
f 448/797/784 422/796/783 423/798/785
f 448/797/784 423/798/785 447/799/786
f 447/799/786 423/798/785 424/800/787
f 447/799/786 424/800/787 425/801/788
f 447/799/786 425/801/788 446/802/789
f 446/802/789 425/801/788 426/803/790
f 446/802/789 426/803/790 445/804/791
f 445/804/791 426/803/790 427/805/792
f 445/804/791 427/805/792 444/806/793
f 444/806/793 427/805/792 428/807/794
f 444/806/793 428/807/794 443/808/795
f 443/808/795 428/807/794 429/809/796
f 443/808/795 429/809/796 468/810/797
f 468/810/797 429/809/796 430/811/798
f 468/810/797 430/811/798 467/812/799
f 467/812/799 430/811/798 431/813/800
f 467/812/799 431/813/800 466/814/801
f 466/814/801 431/813/800 432/815/802
f 466/814/801 432/815/802 465/816/803
f 465/816/803 432/815/802 433/817/804
f 465/816/803 433/817/804 434/818/805
f 465/816/803 434/818/805 464/819/806
f 464/819/806 434/818/805 435/820/807
f 464/819/806 435/820/807 463/821/808
f 463/821/808 435/820/807 436/822/809
f 463/821/808 436/822/809 462/823/810
f 462/823/810 436/822/809 437/824/811
f 462/823/810 437/824/811 461/825/812
f 461/825/812 437/824/811 438/826/813
f 461/825/812 438/826/813 460/827/814
f 460/827/814 438/826/813 439/828/815
f 460/827/814 439/828/815 459/829/816
f 459/829/816 439/828/815 440/830/817
f 459/829/816 440/830/817 458/831/818
f 458/831/818 440/830/817 441/832/819
f 458/831/818 441/832/819 457/833/820
f 457/833/820 441/832/819 442/777/766
f 457/833/820 442/777/766 456/779/768
f 470/834/821 552/835/822 469/836/823
f 469/836/823 552/835/822 561/837/824
f 469/836/823 561/837/824 742/838/825
f 742/838/825 561/837/824 560/839/826
f 742/838/825 560/839/826 743/840/827
f 743/840/827 560/839/826 559/841/828
f 743/840/827 559/841/828 744/842/829
f 744/842/829 559/841/828 558/843/830
f 744/842/829 558/843/830 745/844/831
f 745/844/831 558/843/830 557/845/832
f 745/844/831 557/845/832 746/846/833
f 746/846/833 557/845/832 507/847/834
f 746/846/833 507/847/834 508/848/835
f 552/835/822 470/834/821 562/849/836
f 562/849/836 470/834/821 471/850/837
f 562/849/836 471/850/837 567/851/838
f 567/851/838 471/850/837 472/852/839
f 567/851/838 472/852/839 572/853/840
f 572/853/840 472/852/839 473/854/841
f 572/853/840 473/854/841 577/855/842
f 577/855/842 473/854/841 474/856/843
f 577/855/842 474/856/843 582/857/844
f 582/857/844 474/856/843 475/858/845
f 582/857/844 475/858/845 587/859/846
f 587/859/846 475/858/845 476/860/847
f 587/859/846 476/860/847 592/861/848
f 592/861/848 476/860/847 477/862/849
f 592/861/848 477/862/849 597/863/850
f 597/863/850 477/862/849 478/864/851
f 597/863/850 478/864/851 602/865/852
f 602/865/852 478/864/851 479/866/853
f 602/865/852 479/866/853 607/867/854
f 607/867/854 479/866/853 480/868/855
f 607/867/854 480/868/855 612/869/856
f 612/869/856 480/868/855 481/870/857
f 612/869/856 481/870/857 617/871/858
f 617/871/858 481/870/857 482/872/859
f 617/871/858 482/872/859 622/873/860
f 622/873/860 482/872/859 483/874/861
f 622/873/860 483/874/861 627/875/862
f 627/875/862 483/874/861 484/876/863
f 627/875/862 484/876/863 632/877/864
f 632/877/864 484/876/863 485/878/865
f 632/877/864 485/878/865 637/879/866
f 637/879/866 485/878/865 486/880/867
f 637/879/866 486/880/867 642/881/868
f 642/881/868 486/880/867 487/882/869
f 642/881/868 487/882/869 647/883/870
f 647/883/870 487/882/869 488/884/871
f 647/883/870 488/884/871 547/885/872
f 547/886/872 488/887/871 652/888/873
f 547/886/872 652/888/873 653/889/874
f 653/889/874 652/888/873 658/890/875
f 653/889/874 658/890/875 659/891/876
f 659/891/876 658/890/875 664/892/877
f 659/891/876 664/892/877 665/893/878
f 665/893/878 664/892/877 670/894/879
f 665/893/878 670/894/879 671/895/880
f 671/895/880 670/894/879 676/896/881
f 671/895/880 676/896/881 522/897/882
f 522/897/882 676/896/881 521/898/883
f 521/898/883 676/896/881 681/899/884
f 521/898/883 681/899/884 520/900/885
f 520/900/885 681/899/884 686/901/886
f 520/900/885 686/901/886 519/902/887
f 519/902/887 686/901/886 691/903/888
f 519/902/887 691/903/888 518/904/889
f 518/904/889 691/903/888 696/905/890
f 518/904/889 696/905/890 517/906/891
f 517/906/891 696/905/890 701/907/892
f 517/906/891 701/907/892 516/908/893
f 516/908/893 701/907/892 706/909/894
f 516/908/893 706/909/894 515/910/895
f 515/910/895 706/909/894 711/911/896
f 515/910/895 711/911/896 514/912/897
f 514/912/897 711/911/896 716/913/898
f 514/912/897 716/913/898 513/914/899
f 513/914/899 716/913/898 721/915/900
f 513/914/899 721/915/900 512/916/901
f 512/916/901 721/915/900 726/917/902
f 512/916/901 726/917/902 511/918/903
f 511/918/903 726/917/902 731/919/904
f 511/918/903 731/919/904 510/920/905
f 510/920/905 731/919/904 736/921/906
f 510/920/905 736/921/906 509/922/907
f 509/922/907 736/921/906 741/923/908
f 509/922/907 741/923/908 508/848/835
f 508/848/835 741/923/908 746/846/833
f 488/887/871 489/924/909 652/888/873
f 652/888/873 489/924/909 657/925/910
f 652/888/873 657/925/910 658/890/875
f 658/890/875 657/925/910 663/926/911
f 658/890/875 663/926/911 664/892/877
f 664/892/877 663/926/911 669/927/912
f 664/892/877 669/927/912 670/894/879
f 670/894/879 669/927/912 675/928/913
f 670/894/879 675/928/913 676/896/881
f 676/896/881 675/928/913 681/899/884
f 489/924/909 490/929/914 657/925/910
f 657/925/910 490/929/914 662/930/915
f 657/925/910 662/930/915 663/926/911
f 663/926/911 662/930/915 668/931/916
f 663/926/911 668/931/916 669/927/912
f 669/927/912 668/931/916 674/932/917
f 669/927/912 674/932/917 675/928/913
f 675/928/913 674/932/917 680/933/918
f 675/928/913 680/933/918 681/899/884
f 681/899/884 680/933/918 686/901/886
f 490/929/914 491/934/919 662/930/915
f 662/930/915 491/934/919 667/935/920
f 662/930/915 667/935/920 668/931/916
f 668/931/916 667/935/920 673/936/921
f 668/931/916 673/936/921 674/932/917
f 674/932/917 673/936/921 679/937/922
f 674/932/917 679/937/922 680/933/918
f 680/933/918 679/937/922 685/938/923
f 680/933/918 685/938/923 686/901/886
f 686/901/886 685/938/923 691/903/888
f 491/934/919 492/939/924 667/935/920
f 667/935/920 492/939/924 672/940/925
f 667/935/920 672/940/925 673/936/921
f 673/936/921 672/940/925 678/941/926
f 673/936/921 678/941/926 679/937/922
f 679/937/922 678/941/926 684/942/927
f 679/937/922 684/942/927 685/938/923
f 685/938/923 684/942/927 690/943/928
f 685/938/923 690/943/928 691/903/888
f 691/903/888 690/943/928 696/905/890
f 492/939/924 493/944/929 672/940/925
f 672/940/925 493/944/929 677/945/930
f 672/940/925 677/945/930 678/941/926
f 678/941/926 677/945/930 683/946/931
f 678/941/926 683/946/931 684/942/927
f 684/942/927 683/946/931 689/947/932
f 684/942/927 689/947/932 690/943/928
f 690/943/928 689/947/932 695/948/933
f 690/943/928 695/948/933 696/905/890
f 696/905/890 695/948/933 701/907/892
f 493/944/929 494/949/934 677/945/930
f 677/945/930 494/949/934 682/950/935
f 677/945/930 682/950/935 683/946/931
f 683/946/931 682/950/935 688/951/936
f 683/946/931 688/951/936 689/947/932
f 689/947/932 688/951/936 694/952/937
f 689/947/932 694/952/937 695/948/933
f 695/948/933 694/952/937 700/953/938
f 695/948/933 700/953/938 701/907/892
f 701/907/892 700/953/938 706/909/894
f 494/949/934 495/954/939 682/950/935
f 682/950/935 495/954/939 687/955/940
f 682/950/935 687/955/940 688/951/936
f 688/951/936 687/955/940 693/956/941
f 688/951/936 693/956/941 694/952/937
f 694/952/937 693/956/941 699/957/942
f 694/952/937 699/957/942 700/953/938
f 700/953/938 699/957/942 705/958/943
f 700/953/938 705/958/943 706/909/894
f 706/909/894 705/958/943 711/911/896
f 495/954/939 496/959/944 687/955/940
f 687/955/940 496/959/944 692/960/945
f 687/955/940 692/960/945 693/956/941
f 693/956/941 692/960/945 698/961/946
f 693/956/941 698/961/946 699/957/942
f 699/957/942 698/961/946 704/962/947
f 699/957/942 704/962/947 705/958/943
f 705/958/943 704/962/947 710/963/948
f 705/958/943 710/963/948 711/911/896
f 711/911/896 710/963/948 716/913/898
f 496/959/944 497/964/949 692/960/945
f 692/960/945 497/964/949 697/965/950
f 692/960/945 697/965/950 698/961/946
f 698/961/946 697/965/950 703/966/951
f 698/961/946 703/966/951 704/962/947
f 704/962/947 703/966/951 709/967/952
f 704/962/947 709/967/952 710/963/948
f 710/963/948 709/967/952 715/968/953
f 710/963/948 715/968/953 716/913/898
f 716/913/898 715/968/953 721/915/900
f 497/964/949 498/969/954 697/965/950
f 697/965/950 498/969/954 702/970/955
f 697/965/950 702/970/955 703/966/951
f 703/966/951 702/970/955 708/971/956
f 703/966/951 708/971/956 709/967/952
f 709/967/952 708/971/956 714/972/957
f 709/967/952 714/972/957 715/968/953
f 715/968/953 714/972/957 720/973/958
f 715/968/953 720/973/958 721/915/900
f 721/915/900 720/973/958 726/917/902
f 498/969/954 499/974/959 702/970/955
f 702/970/955 499/974/959 707/975/960
f 702/970/955 707/975/960 708/971/956
f 708/971/956 707/975/960 713/976/961
f 708/971/956 713/976/961 714/972/957
f 714/972/957 713/976/961 719/977/962
f 714/972/957 719/977/962 720/973/958
f 720/973/958 719/977/962 725/978/963
f 720/973/958 725/978/963 726/917/902
f 726/917/902 725/978/963 731/919/904
f 499/974/959 500/979/964 707/975/960
f 707/975/960 500/979/964 712/980/965
f 707/975/960 712/980/965 713/976/961
f 713/976/961 712/980/965 718/981/966
f 713/976/961 718/981/966 719/977/962
f 719/977/962 718/981/966 724/982/967
f 719/977/962 724/982/967 725/978/963
f 725/978/963 724/982/967 730/983/968
f 725/978/963 730/983/968 731/919/904
f 731/919/904 730/983/968 736/921/906
f 500/979/964 501/984/969 712/980/965
f 712/980/965 501/984/969 717/985/970
f 712/980/965 717/985/970 718/981/966
f 718/981/966 717/985/970 723/986/971
f 718/981/966 723/986/971 724/982/967
f 724/982/967 723/986/971 729/987/972
f 724/982/967 729/987/972 730/983/968
f 730/983/968 729/987/972 735/988/973
f 730/983/968 735/988/973 736/921/906
f 736/921/906 735/988/973 741/923/908
f 501/984/969 502/989/974 717/985/970
f 717/985/970 502/989/974 722/990/975
f 717/985/970 722/990/975 723/986/971
f 723/986/971 722/990/975 728/991/976
f 723/986/971 728/991/976 729/987/972
f 729/987/972 728/991/976 734/992/977
f 729/987/972 734/992/977 735/988/973
f 735/988/973 734/992/977 740/993/978
f 735/988/973 740/993/978 741/923/908
f 741/923/908 740/993/978 746/846/833
f 502/989/974 503/994/979 722/990/975
f 722/990/975 503/994/979 727/995/980
f 722/990/975 727/995/980 728/991/976
f 728/991/976 727/995/980 733/996/981
f 728/991/976 733/996/981 734/992/977
f 734/992/977 733/996/981 739/997/982
f 734/992/977 739/997/982 740/993/978
f 740/993/978 739/997/982 745/844/831
f 740/993/978 745/844/831 746/846/833
f 503/994/979 504/998/983 727/995/980
f 727/995/980 504/998/983 732/999/984
f 727/995/980 732/999/984 733/996/981
f 733/996/981 732/999/984 738/1000/985
f 733/996/981 738/1000/985 739/997/982
f 739/997/982 738/1000/985 744/842/829
f 739/997/982 744/842/829 745/844/831
f 504/998/983 505/1001/986 732/999/984
f 732/999/984 505/1001/986 737/1002/987
f 732/999/984 737/1002/987 738/1000/985
f 738/1000/985 737/1002/987 743/840/827
f 738/1000/985 743/840/827 744/842/829
f 505/1001/986 506/1003/988 737/1002/987
f 737/1002/987 506/1003/988 742/838/825
f 737/1002/987 742/838/825 743/840/827
f 506/1003/988 469/836/823 742/838/825
f 522/897/882 523/1004/989 671/895/880
f 671/895/880 523/1004/989 666/1005/990
f 671/895/880 666/1005/990 665/893/878
f 665/893/878 666/1005/990 660/1006/991
f 665/893/878 660/1006/991 659/891/876
f 659/891/876 660/1006/991 654/1007/992
f 659/891/876 654/1007/992 653/889/874
f 653/889/874 654/1007/992 548/1008/993
f 653/889/874 548/1008/993 547/886/872
f 547/885/872 548/1009/993 647/883/870
f 523/1004/989 524/1010/994 666/1005/990
f 666/1005/990 524/1010/994 661/1011/995
f 666/1005/990 661/1011/995 660/1006/991
f 660/1006/991 661/1011/995 655/1012/996
f 660/1006/991 655/1012/996 654/1007/992
f 654/1007/992 655/1012/996 549/1013/997
f 654/1007/992 549/1013/997 548/1008/993
f 548/1009/993 549/1014/997 648/1015/998
f 548/1009/993 648/1015/998 647/883/870
f 647/883/870 648/1015/998 642/881/868
f 524/1010/994 525/1016/999 661/1011/995
f 661/1011/995 525/1016/999 656/1017/1000
f 661/1011/995 656/1017/1000 655/1012/996
f 655/1012/996 656/1017/1000 550/1018/1001
f 655/1012/996 550/1018/1001 549/1013/997
f 549/1014/997 550/1019/1001 649/1020/1002
f 549/1014/997 649/1020/1002 648/1015/998
f 648/1015/998 649/1020/1002 643/1021/1003
f 648/1015/998 643/1021/1003 642/881/868
f 642/881/868 643/1021/1003 637/879/866
f 525/1016/999 526/1022/1004 656/1017/1000
f 656/1017/1000 526/1022/1004 551/1023/1005
f 656/1017/1000 551/1023/1005 550/1018/1001
f 550/1019/1001 551/1024/1005 650/1025/1006
f 550/1019/1001 650/1025/1006 649/1020/1002
f 649/1020/1002 650/1025/1006 644/1026/1007
f 649/1020/1002 644/1026/1007 643/1021/1003
f 643/1021/1003 644/1026/1007 638/1027/1008
f 643/1021/1003 638/1027/1008 637/879/866
f 637/879/866 638/1027/1008 632/877/864
f 526/1022/1004 527/1028/1009 551/1023/1005
f 551/1024/1005 527/1029/1009 651/1030/1010
f 551/1024/1005 651/1030/1010 650/1025/1006
f 650/1025/1006 651/1030/1010 645/1031/1011
f 650/1025/1006 645/1031/1011 644/1026/1007
f 644/1026/1007 645/1031/1011 639/1032/1012
f 644/1026/1007 639/1032/1012 638/1027/1008
f 638/1027/1008 639/1032/1012 633/1033/1013
f 638/1027/1008 633/1033/1013 632/877/864
f 632/877/864 633/1033/1013 627/875/862
f 527/1029/1009 528/1034/1014 651/1030/1010
f 651/1030/1010 528/1034/1014 646/1035/1015
f 651/1030/1010 646/1035/1015 645/1031/1011
f 645/1031/1011 646/1035/1015 640/1036/1016
f 645/1031/1011 640/1036/1016 639/1032/1012
f 639/1032/1012 640/1036/1016 634/1037/1017
f 639/1032/1012 634/1037/1017 633/1033/1013
f 633/1033/1013 634/1037/1017 628/1038/1018
f 633/1033/1013 628/1038/1018 627/875/862
f 627/875/862 628/1038/1018 622/873/860
f 528/1034/1014 529/1039/1019 646/1035/1015
f 646/1035/1015 529/1039/1019 641/1040/1020
f 646/1035/1015 641/1040/1020 640/1036/1016
f 640/1036/1016 641/1040/1020 635/1041/1021
f 640/1036/1016 635/1041/1021 634/1037/1017
f 634/1037/1017 635/1041/1021 629/1042/1022
f 634/1037/1017 629/1042/1022 628/1038/1018
f 628/1038/1018 629/1042/1022 623/1043/1023
f 628/1038/1018 623/1043/1023 622/873/860
f 622/873/860 623/1043/1023 617/871/858
f 529/1039/1019 530/1044/1024 641/1040/1020
f 641/1040/1020 530/1044/1024 636/1045/1025
f 641/1040/1020 636/1045/1025 635/1041/1021
f 635/1041/1021 636/1045/1025 630/1046/1026
f 635/1041/1021 630/1046/1026 629/1042/1022
f 629/1042/1022 630/1046/1026 624/1047/1027
f 629/1042/1022 624/1047/1027 623/1043/1023
f 623/1043/1023 624/1047/1027 618/1048/1028
f 623/1043/1023 618/1048/1028 617/871/858
f 617/871/858 618/1048/1028 612/869/856
f 530/1044/1024 531/1049/1029 636/1045/1025
f 636/1045/1025 531/1049/1029 631/1050/1030
f 636/1045/1025 631/1050/1030 630/1046/1026
f 630/1046/1026 631/1050/1030 625/1051/1031
f 630/1046/1026 625/1051/1031 624/1047/1027
f 624/1047/1027 625/1051/1031 619/1052/1032
f 624/1047/1027 619/1052/1032 618/1048/1028
f 618/1048/1028 619/1052/1032 613/1053/1033
f 618/1048/1028 613/1053/1033 612/869/856
f 612/869/856 613/1053/1033 607/867/854
f 531/1049/1029 532/1054/1034 631/1050/1030
f 631/1050/1030 532/1054/1034 626/1055/1035
f 631/1050/1030 626/1055/1035 625/1051/1031
f 625/1051/1031 626/1055/1035 620/1056/1036
f 625/1051/1031 620/1056/1036 619/1052/1032
f 619/1052/1032 620/1056/1036 614/1057/1037
f 619/1052/1032 614/1057/1037 613/1053/1033
f 613/1053/1033 614/1057/1037 608/1058/1038
f 613/1053/1033 608/1058/1038 607/867/854
f 607/867/854 608/1058/1038 602/865/852
f 532/1054/1034 533/1059/1039 626/1055/1035
f 626/1055/1035 533/1059/1039 621/1060/1040
f 626/1055/1035 621/1060/1040 620/1056/1036
f 620/1056/1036 621/1060/1040 615/1061/1041
f 620/1056/1036 615/1061/1041 614/1057/1037
f 614/1057/1037 615/1061/1041 609/1062/1042
f 614/1057/1037 609/1062/1042 608/1058/1038
f 608/1058/1038 609/1062/1042 603/1063/1043
f 608/1058/1038 603/1063/1043 602/865/852
f 602/865/852 603/1063/1043 597/863/850
f 533/1059/1039 534/1064/1044 621/1060/1040
f 621/1060/1040 534/1064/1044 616/1065/1045
f 621/1060/1040 616/1065/1045 615/1061/1041
f 615/1061/1041 616/1065/1045 610/1066/1046
f 615/1061/1041 610/1066/1046 609/1062/1042
f 609/1062/1042 610/1066/1046 604/1067/1047
f 609/1062/1042 604/1067/1047 603/1063/1043
f 603/1063/1043 604/1067/1047 598/1068/1048
f 603/1063/1043 598/1068/1048 597/863/850
f 597/863/850 598/1068/1048 592/861/848
f 534/1064/1044 535/1069/1049 616/1065/1045
f 616/1065/1045 535/1069/1049 611/1070/1050
f 616/1065/1045 611/1070/1050 610/1066/1046
f 610/1066/1046 611/1070/1050 605/1071/1051
f 610/1066/1046 605/1071/1051 604/1067/1047
f 604/1067/1047 605/1071/1051 599/1072/1052
f 604/1067/1047 599/1072/1052 598/1068/1048
f 598/1068/1048 599/1072/1052 593/1073/1053
f 598/1068/1048 593/1073/1053 592/861/848
f 592/861/848 593/1073/1053 587/859/846
f 535/1069/1049 536/1074/1054 611/1070/1050
f 611/1070/1050 536/1074/1054 606/1075/1055
f 611/1070/1050 606/1075/1055 605/1071/1051
f 605/1071/1051 606/1075/1055 600/1076/1056
f 605/1071/1051 600/1076/1056 599/1072/1052
f 599/1072/1052 600/1076/1056 594/1077/1057
f 599/1072/1052 594/1077/1057 593/1073/1053
f 593/1073/1053 594/1077/1057 588/1078/1058
f 593/1073/1053 588/1078/1058 587/859/846
f 587/859/846 588/1078/1058 582/857/844
f 536/1074/1054 537/1079/1059 606/1075/1055
f 606/1075/1055 537/1079/1059 601/1080/1060
f 606/1075/1055 601/1080/1060 600/1076/1056
f 600/1076/1056 601/1080/1060 595/1081/1061
f 600/1076/1056 595/1081/1061 594/1077/1057
f 594/1077/1057 595/1081/1061 589/1082/1062
f 594/1077/1057 589/1082/1062 588/1078/1058
f 588/1078/1058 589/1082/1062 583/1083/1063
f 588/1078/1058 583/1083/1063 582/857/844
f 582/857/844 583/1083/1063 577/855/842
f 537/1079/1059 538/1084/1064 601/1080/1060
f 601/1080/1060 538/1084/1064 596/1085/1065
f 601/1080/1060 596/1085/1065 595/1081/1061
f 595/1081/1061 596/1085/1065 590/1086/1066
f 595/1081/1061 590/1086/1066 589/1082/1062
f 589/1082/1062 590/1086/1066 584/1087/1067
f 589/1082/1062 584/1087/1067 583/1083/1063
f 583/1083/1063 584/1087/1067 578/1088/1068
f 583/1083/1063 578/1088/1068 577/855/842
f 577/855/842 578/1088/1068 572/853/840
f 538/1084/1064 539/1089/1069 596/1085/1065
f 596/1085/1065 539/1089/1069 591/1090/1070
f 596/1085/1065 591/1090/1070 590/1086/1066
f 590/1086/1066 591/1090/1070 585/1091/1071
f 590/1086/1066 585/1091/1071 584/1087/1067
f 584/1087/1067 585/1091/1071 579/1092/1072
f 584/1087/1067 579/1092/1072 578/1088/1068
f 578/1088/1068 579/1092/1072 573/1093/1073
f 578/1088/1068 573/1093/1073 572/853/840
f 572/853/840 573/1093/1073 567/851/838
f 539/1089/1069 540/1094/1074 591/1090/1070
f 591/1090/1070 540/1094/1074 586/1095/1075
f 591/1090/1070 586/1095/1075 585/1091/1071
f 585/1091/1071 586/1095/1075 580/1096/1076
f 585/1091/1071 580/1096/1076 579/1092/1072
f 579/1092/1072 580/1096/1076 574/1097/1077
f 579/1092/1072 574/1097/1077 573/1093/1073
f 573/1093/1073 574/1097/1077 568/1098/1078
f 573/1093/1073 568/1098/1078 567/851/838
f 567/851/838 568/1098/1078 562/849/836
f 540/1094/1074 541/1099/1079 586/1095/1075
f 586/1095/1075 541/1099/1079 581/1100/1080
f 586/1095/1075 581/1100/1080 580/1096/1076
f 580/1096/1076 581/1100/1080 575/1101/1081
f 580/1096/1076 575/1101/1081 574/1097/1077
f 574/1097/1077 575/1101/1081 569/1102/1082
f 574/1097/1077 569/1102/1082 568/1098/1078
f 568/1098/1078 569/1102/1082 563/1103/1083
f 568/1098/1078 563/1103/1083 562/849/836
f 562/849/836 563/1103/1083 552/835/822
f 541/1099/1079 542/1104/1084 581/1100/1080
f 581/1100/1080 542/1104/1084 576/1105/1085
f 581/1100/1080 576/1105/1085 575/1101/1081
f 575/1101/1081 576/1105/1085 570/1106/1086
f 575/1101/1081 570/1106/1086 569/1102/1082
f 569/1102/1082 570/1106/1086 564/1107/1087
f 569/1102/1082 564/1107/1087 563/1103/1083
f 563/1103/1083 564/1107/1087 553/1108/1088
f 563/1103/1083 553/1108/1088 552/835/822
f 552/835/822 553/1108/1088 561/837/824
f 542/1104/1084 543/1109/1089 576/1105/1085
f 576/1105/1085 543/1109/1089 571/1110/1090
f 576/1105/1085 571/1110/1090 570/1106/1086
f 570/1106/1086 571/1110/1090 565/1111/1091
f 570/1106/1086 565/1111/1091 564/1107/1087
f 564/1107/1087 565/1111/1091 554/1112/1092
f 564/1107/1087 554/1112/1092 553/1108/1088
f 553/1108/1088 554/1112/1092 560/839/826
f 553/1108/1088 560/839/826 561/837/824
f 543/1109/1089 544/1113/1093 571/1110/1090
f 571/1110/1090 544/1113/1093 566/1114/1094
f 571/1110/1090 566/1114/1094 565/1111/1091
f 565/1111/1091 566/1114/1094 555/1115/1095
f 565/1111/1091 555/1115/1095 554/1112/1092
f 554/1112/1092 555/1115/1095 559/841/828
f 554/1112/1092 559/841/828 560/839/826
f 544/1113/1093 545/1116/1096 566/1114/1094
f 566/1114/1094 545/1116/1096 556/1117/1097
f 566/1114/1094 556/1117/1097 555/1115/1095
f 555/1115/1095 556/1117/1097 558/843/830
f 555/1115/1095 558/843/830 559/841/828
f 545/1116/1096 546/1118/1098 556/1117/1097
f 556/1117/1097 546/1118/1098 557/845/832
f 556/1117/1097 557/845/832 558/843/830
f 546/1118/1098 507/847/834 557/845/832
f 748/1119/1099 494/1120/934 747/1121/1100
f 747/1121/1100 494/1120/934 493/1122/929
f 747/1121/1100 493/1122/929 492/1123/924
f 749/1124/1101 501/1125/969 748/1119/1099
f 748/1119/1099 501/1125/969 500/1126/964
f 748/1119/1099 500/1126/964 499/1127/959
f 750/1128/1102 469/1129/823 749/1124/1101
f 749/1124/1101 469/1129/823 506/1130/988
f 749/1124/1101 506/1130/988 505/1131/986
f 751/1132/1103 475/1133/845 750/1128/1102
f 750/1128/1102 475/1133/845 474/1134/843
f 750/1128/1102 474/1134/843 473/1135/841
f 752/1136/1104 482/1137/859 751/1132/1103
f 751/1132/1103 482/1137/859 481/1138/857
f 751/1132/1103 481/1138/857 480/1139/855
f 747/1121/1100 488/1140/871 752/1136/1104
f 752/1136/1104 488/1140/871 487/1141/869
f 752/1136/1104 487/1141/869 486/1142/867
f 505/1131/986 504/1143/983 749/1124/1101
f 749/1124/1101 504/1143/983 503/1144/979
f 749/1124/1101 503/1144/979 502/1145/974
f 502/1145/974 501/1125/969 749/1124/1101
f 499/1127/959 498/1146/954 748/1119/1099
f 748/1119/1099 498/1146/954 497/1147/949
f 748/1119/1099 497/1147/949 496/1148/944
f 496/1148/944 495/1149/939 748/1119/1099
f 748/1119/1099 495/1149/939 494/1120/934
f 492/1123/924 491/1150/919 747/1121/1100
f 747/1121/1100 491/1150/919 490/1151/914
f 747/1121/1100 490/1151/914 489/1152/909
f 489/1152/909 488/1140/871 747/1121/1100
f 486/1142/867 485/1153/865 752/1136/1104
f 752/1136/1104 485/1153/865 484/1154/863
f 752/1136/1104 484/1154/863 483/1155/861
f 483/1155/861 482/1137/859 752/1136/1104
f 480/1139/855 479/1156/853 751/1132/1103
f 751/1132/1103 479/1156/853 478/1157/851
f 751/1132/1103 478/1157/851 477/1158/849
f 477/1158/849 476/1159/847 751/1132/1103
f 751/1132/1103 476/1159/847 475/1133/845
f 473/1135/841 472/1160/839 750/1128/1102
f 750/1128/1102 472/1160/839 471/1161/837
f 750/1128/1102 471/1161/837 470/1162/821
f 470/1162/821 469/1129/823 750/1128/1102
f 754/1163/1105 508/1164/835 753/1165/1106
f 753/1165/1106 508/1164/835 507/1166/834
f 753/1165/1106 507/1166/834 792/1167/1107
f 792/1167/1107 507/1166/834 546/1168/1098
f 792/1167/1107 546/1168/1098 791/1169/1108
f 791/1169/1108 546/1168/1098 545/1170/1096
f 791/1169/1108 545/1170/1096 790/1171/1109
f 790/1171/1109 545/1170/1096 544/1172/1093
f 790/1171/1109 544/1172/1093 789/1173/1110
f 789/1173/1110 544/1172/1093 543/1174/1089
f 789/1173/1110 543/1174/1089 788/1175/1111
f 788/1175/1111 543/1174/1089 542/1176/1084
f 788/1175/1111 542/1176/1084 787/1177/1112
f 787/1177/1112 542/1176/1084 541/1178/1079
f 787/1177/1112 541/1178/1079 786/1179/1113
f 786/1179/1113 541/1178/1079 540/1180/1074
f 786/1179/1113 540/1180/1074 785/1181/1114
f 785/1181/1114 540/1180/1074 539/1182/1069
f 785/1181/1114 539/1182/1069 784/1183/1115
f 784/1183/1115 539/1182/1069 538/1184/1064
f 784/1183/1115 538/1184/1064 783/1185/1116
f 783/1185/1116 538/1184/1064 537/1186/1059
f 783/1185/1116 537/1186/1059 782/1187/1117
f 782/1187/1117 537/1186/1059 536/1188/1054
f 782/1187/1117 536/1188/1054 781/1189/1118
f 781/1189/1118 536/1188/1054 535/1190/1049
f 781/1189/1118 535/1190/1049 780/1191/1119
f 780/1191/1119 535/1190/1049 534/1192/1044
f 780/1191/1119 534/1192/1044 779/1193/1120
f 779/1193/1120 534/1192/1044 533/1194/1039
f 779/1193/1120 533/1194/1039 778/1195/1121
f 778/1195/1121 533/1194/1039 532/1196/1034
f 778/1195/1121 532/1196/1034 777/1197/1122
f 777/1197/1122 532/1196/1034 531/1198/1029
f 777/1197/1122 531/1198/1029 776/1199/1123
f 776/1199/1123 531/1198/1029 530/1200/1024
f 776/1199/1123 530/1200/1024 775/1201/1124
f 775/1201/1124 530/1200/1024 529/1202/1019
f 775/1201/1124 529/1202/1019 774/1203/1125
f 774/1203/1125 529/1202/1019 528/1204/1014
f 774/1203/1125 528/1204/1014 773/1205/1126
f 773/1205/1126 528/1204/1014 527/1206/1009
f 773/1207/1126 527/1208/1009 772/1209/1127
f 772/1209/1127 527/1208/1009 526/1210/1004
f 772/1209/1127 526/1210/1004 771/1211/1128
f 771/1211/1128 526/1210/1004 525/1212/999
f 771/1211/1128 525/1212/999 770/1213/1129
f 770/1213/1129 525/1212/999 524/1214/994
f 770/1213/1129 524/1214/994 769/1215/1130
f 769/1215/1130 524/1214/994 523/1216/989
f 769/1215/1130 523/1216/989 768/1217/1131
f 768/1217/1131 523/1216/989 522/1218/882
f 768/1217/1131 522/1218/882 767/1219/1132
f 767/1219/1132 522/1218/882 521/1220/883
f 767/1219/1132 521/1220/883 766/1221/1133
f 766/1221/1133 521/1220/883 520/1222/885
f 766/1221/1133 520/1222/885 765/1223/1134
f 765/1223/1134 520/1222/885 519/1224/887
f 765/1223/1134 519/1224/887 764/1225/1135
f 764/1225/1135 519/1224/887 518/1226/889
f 764/1225/1135 518/1226/889 763/1227/1136
f 763/1227/1136 518/1226/889 517/1228/891
f 763/1227/1136 517/1228/891 762/1229/1137
f 762/1229/1137 517/1228/891 516/1230/893
f 762/1229/1137 516/1230/893 761/1231/1138
f 761/1231/1138 516/1230/893 515/1232/895
f 761/1231/1138 515/1232/895 760/1233/1139
f 760/1233/1139 515/1232/895 514/1234/897
f 760/1233/1139 514/1234/897 759/1235/1140
f 759/1235/1140 514/1234/897 513/1236/899
f 759/1235/1140 513/1236/899 758/1237/1141
f 758/1237/1141 513/1236/899 512/1238/901
f 758/1237/1141 512/1238/901 757/1239/1142
f 757/1239/1142 512/1238/901 511/1240/903
f 757/1239/1142 511/1240/903 756/1241/1143
f 756/1241/1143 511/1240/903 510/1242/905
f 756/1241/1143 510/1242/905 755/1243/1144
f 755/1243/1144 510/1242/905 509/1244/907
f 755/1243/1144 509/1244/907 754/1163/1105
f 754/1163/1105 509/1244/907 508/1164/835
f 793/1245/1145 794/1246/1146 795/1247/1147
f 793/1245/1148 795/1248/1149 796/1249/1150
f 793/1250/1151 796/1251/1152 797/1252/1153
f 793/1250/1154 797/1253/1155 798/1254/1156
f 793/1255/1157 798/1256/1158 799/1257/1159
f 793/1255/1160 799/1258/1161 794/1259/1162
f 748/1260/1163 747/1261/1164 794/1262/1165
f 794/1262/1165 747/1261/1164 795/1263/1166
f 747/1264/1167 752/1265/1168 795/1266/1169
f 795/1266/1169 752/1265/1168 796/1267/1170
f 752/1268/1171 751/1269/1172 796/1270/1173
f 796/1270/1173 751/1269/1172 797/1271/1174
f 751/1272/1175 750/1273/1176 797/1274/1177
f 797/1274/1177 750/1273/1176 798/1275/1178
f 750/1276/1179 749/1277/1180 798/1278/1181
f 798/1278/1181 749/1277/1180 799/1279/1182
f 749/1280/1183 748/1281/1184 799/1282/1185
f 799/1282/1185 748/1281/1184 794/1283/1186
f 442/1284/1187 831/1285/1188 414/1286/1189
f 414/1286/1189 831/1285/1188 829/1287/1190
f 414/1288/1189 829/1289/1190 415/1290/1191
f 415/1290/1191 829/1289/1190 885/1291/1192
f 415/1290/1191 885/1291/1192 416/1292/1193
f 416/1292/1193 885/1291/1192 883/1293/1194
f 416/1292/1193 883/1293/1194 417/1294/1195
f 417/1294/1195 883/1293/1194 881/1295/1196
f 417/1294/1195 881/1295/1196 418/1296/1197
f 418/1296/1197 881/1295/1196 879/1297/1198
f 418/1296/1197 879/1297/1198 419/1298/1199
f 419/1298/1199 879/1297/1198 877/1299/1200
f 419/1298/1199 877/1299/1200 420/1300/1201
f 420/1300/1201 877/1299/1200 875/1301/1202
f 420/1300/1201 875/1301/1202 421/1302/1203
f 421/1302/1203 875/1301/1202 873/1303/1204
f 421/1302/1203 873/1303/1204 422/1304/1205
f 422/1304/1205 873/1303/1204 871/1305/1206
f 422/1304/1205 871/1305/1206 423/1306/1207
f 423/1306/1207 871/1305/1206 869/1307/1208
f 423/1306/1207 869/1307/1208 424/1308/1209
f 424/1308/1209 869/1307/1208 867/1309/1210
f 424/1308/1209 867/1309/1210 425/1310/1211
f 425/1310/1211 867/1309/1210 865/1311/1212
f 425/1310/1211 865/1311/1212 426/1312/1213
f 426/1312/1213 865/1311/1212 863/1313/1214
f 426/1312/1213 863/1313/1214 427/1314/1215
f 427/1314/1215 863/1313/1214 861/1315/1216
f 427/1314/1215 861/1315/1216 428/1316/1217
f 428/1316/1217 861/1315/1216 859/1317/1218
f 428/1316/1217 859/1317/1218 429/1318/1219
f 429/1318/1219 859/1317/1218 857/1319/1220
f 429/1318/1219 857/1319/1220 430/1320/1221
f 430/1320/1221 857/1319/1220 855/1321/1222
f 430/1320/1221 855/1321/1222 431/1322/1223
f 431/1322/1223 855/1321/1222 853/1323/1224
f 431/1322/1223 853/1323/1224 432/1324/1225
f 432/1324/1225 853/1323/1224 851/1325/1226
f 432/1324/1225 851/1325/1226 433/1326/1227
f 433/1326/1227 851/1325/1226 849/1327/1228
f 433/1326/1227 849/1327/1228 434/1328/1229
f 434/1328/1229 849/1327/1228 847/1329/1230
f 434/1328/1229 847/1329/1230 435/1330/1231
f 435/1330/1231 847/1329/1230 845/1331/1232
f 435/1330/1231 845/1331/1232 436/1332/1233
f 436/1332/1233 845/1331/1232 843/1333/1234
f 436/1332/1233 843/1333/1234 437/1334/1235
f 437/1334/1235 843/1333/1234 841/1335/1236
f 437/1334/1235 841/1335/1236 438/1336/1237
f 438/1336/1237 841/1335/1236 839/1337/1238
f 438/1336/1237 839/1337/1238 439/1338/1239
f 439/1338/1239 839/1337/1238 837/1339/1240
f 439/1338/1239 837/1339/1240 440/1340/1241
f 440/1340/1241 837/1339/1240 835/1341/1242
f 440/1340/1241 835/1341/1242 441/1342/1243
f 441/1342/1243 835/1341/1242 833/1343/1244
f 441/1342/1243 833/1343/1244 442/1284/1187
f 442/1284/1187 833/1343/1244 831/1285/1188
f 801/1344/1245 886/1345/1246 800/1346/1247
f 800/1346/1247 886/1345/1246 830/1347/1248
f 800/1348/1247 830/1349/1248 828/1350/1249
f 828/1350/1249 830/1349/1248 832/1351/1250
f 828/1350/1249 832/1351/1250 827/1352/1251
f 827/1352/1251 832/1351/1250 834/1353/1252
f 827/1352/1251 834/1353/1252 826/1354/1253
f 826/1354/1253 834/1353/1252 836/1355/1254
f 826/1354/1253 836/1355/1254 825/1356/1255
f 825/1356/1255 836/1355/1254 838/1357/1256
f 825/1356/1255 838/1357/1256 824/1358/1257
f 824/1358/1257 838/1357/1256 840/1359/1258
f 824/1358/1257 840/1359/1258 823/1360/1259
f 823/1360/1259 840/1359/1258 842/1361/1260
f 823/1360/1259 842/1361/1260 822/1362/1261
f 822/1362/1261 842/1361/1260 844/1363/1262
f 822/1362/1261 844/1363/1262 821/1364/1263
f 821/1364/1263 844/1363/1262 846/1365/1264
f 821/1364/1263 846/1365/1264 820/1366/1265
f 820/1366/1265 846/1365/1264 848/1367/1266
f 820/1366/1265 848/1367/1266 819/1368/1267
f 819/1368/1267 848/1367/1266 850/1369/1268
f 819/1368/1267 850/1369/1268 818/1370/1269
f 818/1370/1269 850/1369/1268 852/1371/1270
f 818/1370/1269 852/1371/1270 817/1372/1271
f 817/1372/1271 852/1371/1270 854/1373/1272
f 817/1372/1271 854/1373/1272 816/1374/1273
f 816/1374/1273 854/1373/1272 856/1375/1274
f 816/1374/1273 856/1375/1274 815/1376/1275
f 815/1376/1275 856/1375/1274 858/1377/1276
f 815/1376/1275 858/1377/1276 814/1378/1277
f 814/1378/1277 858/1377/1276 860/1379/1278
f 814/1378/1277 860/1379/1278 813/1380/1279
f 813/1380/1279 860/1379/1278 862/1381/1280
f 813/1380/1279 862/1381/1280 812/1382/1281
f 812/1382/1281 862/1381/1280 864/1383/1282
f 812/1382/1281 864/1383/1282 811/1384/1283
f 811/1384/1283 864/1383/1282 866/1385/1284
f 811/1384/1283 866/1385/1284 810/1386/1285
f 810/1386/1285 866/1385/1284 868/1387/1286
f 810/1386/1285 868/1387/1286 809/1388/1287
f 809/1388/1287 868/1387/1286 870/1389/1288
f 809/1388/1287 870/1389/1288 808/1390/1289
f 808/1390/1289 870/1389/1288 872/1391/1290
f 808/1390/1289 872/1391/1290 807/1392/1291
f 807/1392/1291 872/1391/1290 874/1393/1292
f 807/1392/1291 874/1393/1292 806/1394/1293
f 806/1394/1293 874/1393/1292 876/1395/1294
f 806/1394/1293 876/1395/1294 805/1396/1295
f 805/1396/1295 876/1395/1294 878/1397/1296
f 805/1396/1295 878/1397/1296 804/1398/1297
f 804/1398/1297 878/1397/1296 880/1399/1298
f 804/1398/1297 880/1399/1298 803/1400/1299
f 803/1400/1299 880/1399/1298 882/1401/1300
f 803/1400/1299 882/1401/1300 802/1402/1301
f 802/1402/1301 882/1401/1300 884/1403/1302
f 802/1402/1301 884/1403/1302 801/1344/1245
f 801/1344/1245 884/1403/1302 886/1345/1246
f 829/1289/1190 830/1347/1248 885/1291/1192
f 885/1291/1192 830/1347/1248 886/1345/1246
f 885/1291/1192 886/1345/1246 883/1293/1194
f 883/1293/1194 886/1345/1246 884/1403/1302
f 883/1293/1194 884/1403/1302 881/1295/1196
f 881/1295/1196 884/1403/1302 882/1401/1300
f 881/1295/1196 882/1401/1300 879/1297/1198
f 879/1297/1198 882/1401/1300 880/1399/1298
f 879/1297/1198 880/1399/1298 877/1299/1200
f 877/1299/1200 880/1399/1298 878/1397/1296
f 877/1299/1200 878/1397/1296 875/1301/1202
f 875/1301/1202 878/1397/1296 876/1395/1294
f 875/1301/1202 876/1395/1294 873/1303/1204
f 873/1303/1204 876/1395/1294 874/1393/1292
f 873/1303/1204 874/1393/1292 871/1305/1206
f 871/1305/1206 874/1393/1292 872/1391/1290
f 871/1305/1206 872/1391/1290 869/1307/1208
f 869/1307/1208 872/1391/1290 870/1389/1288
f 869/1307/1208 870/1389/1288 867/1309/1210
f 867/1309/1210 870/1389/1288 868/1387/1286
f 867/1309/1210 868/1387/1286 865/1311/1212
f 865/1311/1212 868/1387/1286 866/1385/1284
f 865/1311/1212 866/1385/1284 863/1313/1214
f 863/1313/1214 866/1385/1284 864/1383/1282
f 863/1313/1214 864/1383/1282 861/1315/1216
f 861/1315/1216 864/1383/1282 862/1381/1280
f 861/1315/1216 862/1381/1280 859/1317/1218
f 859/1317/1218 862/1381/1280 860/1379/1278
f 859/1317/1218 860/1379/1278 857/1319/1220
f 857/1319/1220 860/1379/1278 858/1377/1276
f 857/1319/1220 858/1377/1276 855/1321/1222
f 855/1321/1222 858/1377/1276 856/1375/1274
f 855/1321/1222 856/1375/1274 853/1323/1224
f 853/1323/1224 856/1375/1274 854/1373/1272
f 853/1323/1224 854/1373/1272 851/1325/1226
f 851/1325/1226 854/1373/1272 852/1371/1270
f 851/1325/1226 852/1371/1270 849/1327/1228
f 849/1327/1228 852/1371/1270 850/1369/1268
f 849/1327/1228 850/1369/1268 847/1329/1230
f 847/1329/1230 850/1369/1268 848/1367/1266
f 847/1329/1230 848/1367/1266 845/1331/1232
f 845/1331/1232 848/1367/1266 846/1365/1264
f 845/1331/1232 846/1365/1264 843/1333/1234
f 843/1333/1234 846/1365/1264 844/1363/1262
f 843/1333/1234 844/1363/1262 841/1335/1236
f 841/1335/1236 844/1363/1262 842/1361/1260
f 841/1335/1236 842/1361/1260 839/1337/1238
f 839/1337/1238 842/1361/1260 840/1359/1258
f 839/1337/1238 840/1359/1258 837/1339/1240
f 837/1339/1240 840/1359/1258 838/1357/1256
f 837/1339/1240 838/1357/1256 835/1341/1242
f 835/1341/1242 838/1357/1256 836/1355/1254
f 835/1341/1242 836/1355/1254 833/1343/1244
f 833/1343/1244 836/1355/1254 834/1353/1252
f 833/1343/1244 834/1353/1252 831/1285/1188
f 831/1285/1188 834/1353/1252 832/1351/1250
f 831/1285/1188 832/1351/1250 829/1287/1190
f 829/1287/1190 832/1351/1250 830/1349/1248
f 468/1404/1303 457/1405/1304 443/1406/1305
f 443/1406/1305 457/1405/1304 456/1407/1306
f 443/1406/1305 456/1407/1306 444/1408/1307
f 444/1408/1307 456/1407/1306 455/1409/1308
f 444/1408/1307 455/1409/1308 445/1410/1309
f 445/1410/1309 455/1409/1308 454/1411/1310
f 445/1410/1309 454/1411/1310 446/1412/1311
f 446/1412/1311 454/1411/1310 453/1413/1312
f 446/1412/1311 453/1413/1312 447/1414/1313
f 447/1414/1313 453/1413/1312 452/1415/1314
f 447/1414/1313 452/1415/1314 448/1416/1315
f 448/1416/1315 452/1415/1314 451/1417/1316
f 448/1416/1315 451/1417/1316 449/1418/1317
f 449/1418/1317 451/1417/1316 450/1419/1318
f 457/1405/1304 468/1404/1303 458/1420/1319
f 458/1420/1319 468/1404/1303 467/1421/1320
f 458/1420/1319 467/1421/1320 459/1422/1321
f 459/1422/1321 467/1421/1320 466/1423/1322
f 459/1422/1321 466/1423/1322 460/1424/1323
f 460/1424/1323 466/1423/1322 465/1425/1324
f 460/1424/1323 465/1425/1324 461/1426/1325
f 461/1426/1325 465/1425/1324 464/1427/1326
f 461/1426/1325 464/1427/1326 462/1428/1327
f 462/1428/1327 464/1427/1326 463/1429/1328
f 792/1430/1329 815/1431/1330 753/1432/1331
f 753/1432/1331 815/1431/1330 814/1433/1332
f 753/1432/1331 814/1433/1332 754/1434/1333
f 754/1434/1333 814/1433/1332 813/1435/1334
f 754/1434/1333 813/1435/1334 755/1436/1335
f 755/1436/1335 813/1435/1334 756/1437/1336
f 756/1437/1336 813/1435/1334 812/1438/1337
f 756/1437/1336 812/1438/1337 757/1439/1338
f 757/1439/1338 812/1438/1337 811/1440/1339
f 757/1439/1338 811/1440/1339 758/1441/1340
f 758/1441/1340 811/1440/1339 759/1442/1341
f 759/1442/1341 811/1440/1339 810/1443/1342
f 759/1442/1341 810/1443/1342 760/1444/1343
f 760/1444/1343 810/1443/1342 809/1445/1344
f 760/1444/1343 809/1445/1344 761/1446/1345
f 761/1446/1345 809/1445/1344 808/1447/1346
f 761/1446/1345 808/1447/1346 762/1448/1347
f 762/1448/1347 808/1447/1346 763/1449/1348
f 763/1449/1348 808/1447/1346 807/1450/1349
f 763/1449/1348 807/1450/1349 764/1451/1350
f 764/1451/1350 807/1450/1349 806/1452/1351
f 764/1451/1350 806/1452/1351 765/1453/1352
f 765/1453/1352 806/1452/1351 805/1454/1353
f 765/1453/1352 805/1454/1353 766/1455/1354
f 766/1455/1354 805/1454/1353 767/1456/1355
f 767/1456/1355 805/1454/1353 804/1457/1356
f 767/1456/1355 804/1457/1356 768/1458/1357
f 768/1458/1357 804/1457/1356 803/1459/1358
f 768/1458/1357 803/1459/1358 769/1460/1359
f 769/1460/1359 803/1459/1358 770/1461/1360
f 770/1461/1360 803/1459/1358 802/1462/1361
f 770/1461/1360 802/1462/1361 771/1463/1362
f 771/1463/1362 802/1462/1361 801/1464/1363
f 771/1463/1362 801/1464/1363 772/1465/1364
f 772/1465/1364 801/1464/1363 800/1466/1365
f 772/1465/1364 800/1466/1365 773/1467/1366
f 773/1467/1366 800/1466/1365 774/1468/1367
f 774/1468/1367 800/1466/1365 828/1469/1368
f 774/1468/1367 828/1469/1368 775/1470/1369
f 775/1470/1369 828/1469/1368 827/1471/1370
f 775/1470/1369 827/1471/1370 776/1472/1371
f 776/1472/1371 827/1471/1370 826/1473/1372
f 776/1472/1371 826/1473/1372 777/1474/1373
f 777/1474/1373 826/1473/1372 778/1475/1374
f 778/1475/1374 826/1473/1372 825/1476/1375
f 778/1475/1374 825/1476/1375 779/1477/1376
f 779/1477/1376 825/1476/1375 824/1478/1377
f 779/1477/1376 824/1478/1377 780/1479/1378
f 780/1479/1378 824/1478/1377 781/1480/1379
f 781/1480/1379 824/1478/1377 823/1481/1380
f 781/1480/1379 823/1481/1380 782/1482/1381
f 782/1482/1381 823/1481/1380 822/1483/1382
f 782/1482/1381 822/1483/1382 783/1484/1383
f 783/1484/1383 822/1483/1382 821/1485/1384
f 783/1484/1383 821/1485/1384 784/1486/1385
f 784/1486/1385 821/1485/1384 785/1487/1386
f 785/1487/1386 821/1485/1384 820/1488/1387
f 785/1487/1386 820/1488/1387 786/1489/1388
f 786/1489/1388 820/1488/1387 819/1490/1389
f 786/1489/1388 819/1490/1389 787/1491/1390
f 787/1491/1390 819/1490/1389 818/1492/1391
f 787/1491/1390 818/1492/1391 788/1493/1392
f 788/1493/1392 818/1492/1391 789/1494/1393
f 789/1494/1393 818/1492/1391 817/1495/1394
f 789/1494/1393 817/1495/1394 790/1496/1395
f 790/1496/1395 817/1495/1394 816/1497/1396
f 790/1496/1395 816/1497/1396 791/1498/1397
f 791/1498/1397 816/1497/1396 792/1430/1329
f 792/1430/1329 816/1497/1396 815/1431/1330
g Body2

v 48.536500 9.781022 0.352121
v 48.570716 9.781022 0.037511
v 48.671763 9.781022 -0.262387
v 48.834918 9.781022 -0.533552
v 49.052550 9.781022 -0.763304
v 49.314484 9.781022 -0.940899
v 49.608472 9.781022 -1.058035
v 49.920768 9.781022 -1.109233
v 50.236768 9.781022 -1.092100
v 50.541697 9.781022 -1.007437
v 50.821297 9.781022 -0.859202
v 51.062494 9.781022 -0.654328
v 51.254011 9.781022 -0.402393
v 51.386890 9.781022 -0.115177
v 51.454921 9.781022 0.193888
v 51.454921 9.781022 0.510353
v 51.386890 9.781022 0.819418
v 51.254011 9.781022 1.106634
v 51.062494 9.781022 1.358569
v 50.821297 9.781022 1.563443
v 50.541697 9.781022 1.711678
v 50.236768 9.781022 1.796341
v 49.920768 9.781022 1.813474
v 49.608472 9.781022 1.762276
v 49.314484 9.781022 1.645140
v 49.052550 9.781022 1.467545
v 48.834918 9.781022 1.237793
v 48.671763 9.781022 0.966628
v 48.570716 9.781022 0.666730
v 50.000000 0.000000 0.352121
v 47.981434 9.574428 0.352121
v 47.454690 9.303650 0.352121
v 46.963661 8.972486 0.352121
v 46.515235 8.585584 0.352121
v 46.115704 8.148371 0.352121
v 45.770674 7.666984 0.352121
v 45.484987 7.148175 0.352121
v 45.262651 6.599225 0.352121
v 45.106785 6.027836 0.352121
v 45.019577 5.442025 0.352121
v 45.002250 4.850012 0.352121
v 45.055048 4.260104 0.352121
v 45.177229 3.680577 0.352121
v 45.367079 3.119564 0.352121
v 45.621934 2.584935 0.352121
v 45.938219 2.084192 0.352121
v 46.311496 1.624361 0.352121
v 46.736526 1.211895 0.352121
v 47.207347 0.852580 0.352121
v 47.717353 0.551459 0.352121
v 48.259386 0.312755 0.352121
v 48.825842 0.139820 0.352121
v 49.408773 0.035078 0.352121
v 48.107756 9.574428 1.054989
v 48.325790 9.574428 1.479786
v 48.470913 9.574428 1.669885
v 48.823217 9.574428 1.992179
v 49.701966 9.574428 2.348564
v 50.179240 9.574428 2.362713
v 50.646486 9.574428 2.264362
v 50.868115 9.574428 2.174478
v 51.271874 9.574428 1.919585
v 51.847282 9.574428 1.165852
v 51.986735 9.574428 0.709185
v 52.015021 9.574428 0.232539
v 51.986735 9.574428 -0.004944
v 51.847282 9.574428 -0.461611
v 51.271874 9.574428 -1.215344
v 50.868115 9.574428 -1.470237
v 50.646486 9.574428 -1.560120
v 50.179240 9.574428 -1.658472
v 49.701966 9.574428 -1.644323
v 48.823217 9.574428 -1.287938
v 48.470913 9.574428 -0.965644
v 48.325790 9.574428 -0.775545
v 48.107756 9.574428 -0.350748
v 47.995602 9.574428 0.113378
v 47.472556 9.303650 0.051079
v 46.984973 8.972486 -0.006997
v 46.539694 8.585584 -0.060034
v 46.142967 8.148371 -0.107288
v 45.800359 7.666984 -0.148095
v 45.516677 7.148175 -0.181884
v 45.295902 6.599225 -0.208181
v 45.141130 6.027836 -0.226616
v 45.054534 5.442025 -0.236930
v 45.037329 4.850012 -0.238979
v 45.089756 4.260104 -0.232735
v 45.211079 3.680577 -0.218284
v 45.399597 3.119564 -0.195830
v 45.652664 2.584935 -0.165687
v 45.966729 2.084192 -0.128279
v 46.337385 1.624361 -0.084131
v 46.759432 1.211895 -0.033861
v 47.226949 0.852580 0.021825
v 47.733374 0.551459 0.082145
v 48.271603 0.312755 0.146253
v 48.834084 0.139820 0.213249
v 49.412923 0.035078 0.282194
v 48.037907 9.574428 -0.122013
v 47.525901 9.303650 -0.245737
v 47.048609 8.972486 -0.361073
v 46.612728 8.585584 -0.466402
v 46.224375 8.148371 -0.560246
v 45.888998 7.666984 -0.641289
v 45.611304 7.148175 -0.708393
v 45.395188 6.599225 -0.760617
v 45.243683 6.027836 -0.797227
v 45.158915 5.442025 -0.817711
v 45.142073 4.850012 -0.821781
v 45.193393 4.260104 -0.809380
v 45.312156 3.680577 -0.780681
v 45.496694 3.119564 -0.736088
v 45.744420 2.584935 -0.676226
v 46.051856 2.084192 -0.601935
v 46.414689 1.624361 -0.514258
v 46.827829 1.211895 -0.414424
v 47.285478 0.852580 -0.303835
v 47.781214 0.551459 -0.184042
v 48.308083 0.312755 -0.056725
v 48.858692 0.139820 0.076327
v 49.425314 0.035078 0.213250
v 48.204168 9.574428 -0.569616
v 47.735547 9.303650 -0.810142
v 47.298699 8.972486 -1.034361
v 46.899754 8.585584 -1.239125
v 46.544308 8.148371 -1.421563
v 46.237350 7.666984 -1.579113
v 45.983187 7.148175 -1.709566
v 45.785384 6.599225 -1.811092
v 45.646717 6.027836 -1.882264
v 45.569131 5.442025 -1.922086
v 45.553716 4.850012 -1.929998
v 45.600688 4.260104 -1.905889
v 45.709387 3.680577 -1.850098
v 45.878289 3.119564 -1.763407
v 46.105023 2.584935 -1.647032
v 46.386408 2.084192 -1.502607
v 46.718496 1.624361 -1.332158
v 47.096628 1.211895 -1.138077
v 47.515497 0.852580 -0.923086
v 47.969226 0.551459 -0.690203
v 48.451450 0.312755 -0.442695
v 48.955402 0.139820 -0.184034
v 49.474011 0.035078 0.082149
v 49.445772 0.035078 0.146254
v 48.899321 0.139820 -0.056723
v 48.368314 0.312755 -0.253964
v 47.860201 0.551459 -0.442701
v 47.382113 0.852580 -0.620286
v 46.940756 1.211895 -0.784226
v 46.542324 1.624361 -0.932223
v 46.192407 2.084192 -1.062198
v 45.895915 2.584935 -1.172329
v 45.657009 3.119564 -1.261070
v 45.479039 3.680577 -1.327176
v 45.364504 4.260104 -1.369720
v 45.315011 4.850012 -1.388104
v 45.331254 5.442025 -1.382071
v 45.413004 6.027836 -1.351705
v 45.559116 6.599225 -1.297432
v 45.767538 7.148175 -1.220014
v 46.035347 7.666984 -1.120538
v 46.358784 8.148371 -1.000398
v 46.733312 8.585584 -0.861281
v 47.153676 8.972486 -0.705138
v 47.613977 9.303650 -0.534160
v 48.071899 9.303650 -1.309514
v 47.699939 8.972486 -1.630069
v 47.360251 8.585584 -1.922811
v 47.057602 8.148371 -2.183634
v 46.796238 7.666984 -2.408877
v 46.579827 7.148175 -2.595380
v 46.411405 6.599225 -2.740526
v 46.293335 6.027836 -2.842278
v 46.227274 5.442025 -2.899210
v 46.214148 4.850012 -2.910521
v 46.254143 4.260104 -2.876054
v 46.346696 3.680577 -2.796291
v 46.490510 3.119564 -2.672353
v 46.683566 2.584935 -2.505978
v 46.923155 2.084192 -2.299500
v 47.205917 1.624361 -2.055817
v 47.527882 1.211895 -1.778347
v 47.884534 0.852580 -1.470985
v 48.270869 0.551459 -1.138042
v 48.681465 0.312755 -0.784191
v 49.110562 0.139820 -0.414396
v 49.552139 0.035078 -0.033845
v 49.509633 0.035078 0.021834
v 49.026147 0.139820 -0.303819
v 48.556325 0.312755 -0.620268
v 48.106759 0.551459 -0.923073
v 47.683758 0.852580 -1.207986
v 47.293256 1.211895 -1.471008
v 46.940734 1.624361 -1.708450
v 46.631136 2.084192 -1.916980
v 46.368807 2.584935 -2.093672
v 46.157429 3.119564 -2.236046
v 45.999966 3.680577 -2.342105
v 45.898628 4.260104 -2.410361
v 45.854838 4.850012 -2.439856
v 45.869209 5.442025 -2.430177
v 45.941540 6.027836 -2.381458
v 46.070816 6.599225 -2.294384
v 46.255222 7.148175 -2.170177
v 46.492173 7.666984 -2.010579
v 46.778343 8.148371 -1.817829
v 47.109716 8.585584 -1.594632
v 47.481643 8.972486 -1.344121
v 47.888906 9.303650 -1.069808
v 48.516137 9.303650 -1.715910
v 48.229877 8.972486 -2.114865
v 47.968453 8.585584 -2.479206
v 47.735535 8.148371 -2.803819
v 47.534390 7.666984 -3.084151
v 47.367840 7.148175 -3.316268
v 47.238223 6.599225 -3.496914
v 47.147356 6.027836 -3.623552
v 47.096516 5.442025 -3.694408
v 47.086414 4.850012 -3.708486
v 47.117194 4.260104 -3.665588
v 47.188423 3.680577 -3.566318
v 47.299102 3.119564 -3.412067
v 47.447678 2.584935 -3.205000
v 47.632065 2.084192 -2.948023
v 47.849678 1.624361 -2.644741
v 48.097462 1.211895 -2.299409
v 48.371941 0.852580 -1.916873
v 48.669263 0.551459 -1.502501
v 48.985258 0.312755 -1.062106
v 49.315490 0.139820 -0.601867
v 49.655327 0.035078 -0.128243
v 49.600932 0.035078 -0.084106
v 49.207463 0.139820 -0.514212
v 48.825115 0.312755 -0.932162
v 48.459252 0.551459 -1.332093
v 48.115007 0.852580 -1.708392
v 47.797211 1.211895 -2.055779
v 47.510322 1.624361 -2.369381
v 47.258367 2.084192 -2.644796
v 47.044880 2.584935 -2.878162
v 46.872857 3.119564 -3.066203
v 46.744711 3.680577 -3.206281
v 46.662241 4.260104 -3.296430
v 46.626604 4.850012 -3.335386
v 46.638299 5.442025 -3.322601
v 46.697163 6.027836 -3.258256
v 46.802370 6.599225 -3.143253
v 46.952443 7.148175 -2.979206
v 47.145277 7.666984 -2.768417
v 47.378166 8.148371 -2.513843
v 47.647843 8.585584 -2.219055
v 47.950523 8.972486 -1.888192
v 48.281959 9.303650 -1.525894
v 48.637502 9.574428 -1.137245
v 49.241367 9.574428 -1.518464
v 49.043402 9.303650 -2.006591
v 48.858860 8.972486 -2.461623
v 48.690329 8.585584 -2.877175
v 48.540174 8.148371 -3.247417
v 48.410503 7.666984 -3.567152
v 48.303134 7.148175 -3.831895
v 48.219573 6.599225 -4.037932
v 48.160995 6.027836 -4.182371
v 48.128220 5.442025 -4.263186
v 48.121708 4.850012 -4.279242
v 48.141551 4.260104 -4.230315
v 48.187470 3.680577 -4.117092
v 48.258820 3.119564 -3.941159
v 48.354602 2.584935 -3.704987
v 48.473471 2.084192 -3.411889
v 48.613758 1.624361 -3.065978
v 48.773497 1.211895 -2.672107
v 48.950444 0.852580 -2.235802
v 49.142118 0.551459 -1.763185
v 49.345829 0.312755 -1.260888
v 49.558719 0.139820 -0.735959
v 49.777801 0.035078 -0.195763
v 49.714560 0.035078 -0.165637
v 49.433126 0.139820 -0.676130
v 49.159645 0.312755 -1.172196
v 48.897956 0.551459 -1.646874
v 48.651729 0.852580 -2.093503
v 48.424420 1.211895 -2.505817
v 48.219219 1.624361 -2.878032
v 48.039004 2.084192 -3.204923
v 47.886304 2.584935 -3.481905
v 47.763262 3.119564 -3.705090
v 47.671604 3.680577 -3.871349
v 47.612616 4.260104 -3.978347
v 47.587125 4.850012 -4.024584
v 47.595491 5.442025 -4.009410
v 47.637594 6.027836 -3.933039
v 47.712845 6.599225 -3.796542
v 47.820187 7.148175 -3.601834
v 47.958114 7.666984 -3.351648
v 48.124692 8.148371 -3.049494
v 48.317582 8.585584 -2.699610
v 48.534079 8.972486 -2.306908
v 48.771144 9.303650 -1.876896
v 49.025452 9.574428 -1.415608
v 49.467932 9.574428 -1.595060
v 49.329089 9.303650 -2.103176
v 49.199660 8.972486 -2.576840
v 49.081461 8.585584 -3.009408
v 48.976149 8.148371 -3.394810
v 48.885204 7.666984 -3.727638
v 48.809901 7.148175 -4.003222
v 48.751296 6.599225 -4.217695
v 48.710211 6.027836 -4.368049
v 48.687224 5.442025 -4.452173
v 48.682657 4.850012 -4.468887
v 48.696574 4.260104 -4.417956
v 48.728779 3.680577 -4.300096
v 48.778821 3.119564 -4.116960
v 48.845998 2.584935 -3.871117
v 48.929367 2.084192 -3.566018
v 49.027758 1.624361 -3.205942
v 49.139790 1.211895 -2.795942
v 49.263893 0.852580 -2.341772
v 49.398323 0.551459 -1.849802
v 49.541197 0.312755 -1.326938
v 49.690507 0.139820 -0.780514
v 49.844160 0.035078 -0.218198
v 49.940183 9.574428 -1.665559
v 49.924574 9.303650 -2.192071
v 49.910023 8.972486 -2.682885
v 49.896735 8.585584 -3.131115
v 49.884895 8.148371 -3.530470
v 49.874671 7.666984 -3.875348
v 49.866205 7.148175 -4.160910
v 49.859617 6.599225 -4.383148
v 49.854998 6.027836 -4.538946
v 49.852414 5.442025 -4.626115
v 49.851900 4.850012 -4.643435
v 49.853465 4.260104 -4.590660
v 49.857085 3.680577 -4.468533
v 49.862711 3.119564 -4.278766
v 49.870263 2.584935 -4.024022
v 49.879636 2.084192 -3.707876
v 49.890697 1.624361 -3.334764
v 49.903292 1.211895 -2.909920
v 49.917244 0.852580 -2.439306
v 49.932358 0.551459 -1.929525
v 49.948420 0.312755 -1.387729
v 49.965206 0.139820 -0.821522
v 49.982480 0.035078 -0.238847
v 49.912707 0.035078 -0.232626
v 49.826640 0.139820 -0.809169
v 49.743004 0.312755 -1.369417
v 49.662975 0.551459 -1.905510
v 49.587674 0.852580 -2.409925
v 49.518159 1.211895 -2.875586
v 49.455405 1.624361 -3.295958
v 49.400292 2.084192 -3.665144
v 49.353594 2.584935 -3.977962
v 49.315965 3.119564 -4.230025
v 49.287934 3.680577 -4.417794
v 49.269895 4.260104 -4.538636
v 49.262099 4.850012 -4.590855
v 49.264658 5.442025 -4.573718
v 49.277534 6.027836 -4.487466
v 49.300547 6.599225 -4.333308
v 49.333374 7.148175 -4.113409
v 49.375555 7.666984 -3.830853
v 49.426497 8.148371 -3.489605
v 49.485486 8.585584 -3.094453
v 49.551695 8.972486 -2.650941
v 49.624194 9.303650 -2.165293
v 50.415782 9.574428 -1.623161
v 50.524279 9.303650 -2.138609
v 50.625421 8.972486 -2.619109
v 50.717787 8.585584 -3.057919
v 50.800082 8.148371 -3.448883
v 50.871151 7.666984 -3.786514
v 50.929996 7.148175 -4.066075
v 50.975793 6.599225 -4.283643
v 51.007898 6.027836 -4.436167
v 51.025861 5.442025 -4.521505
v 51.029430 4.850012 -4.538460
v 51.018554 4.260104 -4.486795
v 50.993388 3.680577 -4.367234
v 50.954283 3.119564 -4.181455
v 50.901788 2.584935 -3.932064
v 50.836640 2.084192 -3.622561
v 50.759753 1.624361 -3.257289
v 50.672206 1.211895 -2.841373
v 50.575227 0.852580 -2.380648
v 50.470177 0.551459 -1.881579
v 50.358529 0.312755 -1.351169
v 50.241851 0.139820 -0.796859
v 50.121780 0.035078 -0.226428
v 50.052499 0.035078 -0.236771
v 50.104260 0.139820 -0.817399
v 50.154559 0.312755 -1.381618
v 50.202690 0.551459 -1.921510
v 50.247976 0.852580 -2.429501
v 50.289783 1.211895 -2.898462
v 50.327524 1.624361 -3.321814
v 50.360669 2.084192 -3.693616
v 50.388754 2.584935 -4.008651
v 50.411384 3.119564 -4.262500
v 50.428242 3.680577 -4.451600
v 50.439092 4.260104 -4.573299
v 50.443780 4.850012 -4.625887
v 50.442241 5.442025 -4.608629
v 50.434497 6.027836 -4.521765
v 50.420657 6.599225 -4.366516
v 50.400915 7.148175 -4.145058
v 50.375547 7.666984 -3.860499
v 50.344910 8.148371 -3.516832
v 50.309433 8.585584 -3.118880
v 50.269614 8.972486 -2.672225
v 50.226013 9.303650 -2.183135
v 51.094649 9.303650 -1.945779
v 51.305824 8.972486 -2.389080
v 51.498676 8.585584 -2.793918
v 51.670501 8.148371 -3.154614
v 51.818886 7.666984 -3.466106
v 51.941750 7.148175 -3.724024
v 52.037369 6.599225 -3.924748
v 52.104402 6.027836 -4.065463
v 52.141907 5.442025 -4.144195
v 52.149358 4.850012 -4.159837
v 52.126652 4.260104 -4.112172
v 52.074106 3.680577 -4.001867
v 51.992458 3.119564 -3.830471
v 51.882854 2.584935 -3.600388
v 51.746831 2.084192 -3.314846
v 51.586297 1.624361 -2.977853
v 51.403506 1.211895 -2.594136
v 51.201023 0.852580 -2.169080
v 50.981687 0.551459 -1.708649
v 50.748578 0.312755 -1.219302
v 50.504964 0.139820 -0.707907
v 50.254266 0.035078 -0.181638
v 50.189352 0.035078 -0.207964
v 50.376047 0.139820 -0.760190
v 50.557466 0.312755 -1.296809
v 50.731063 0.551459 -1.810292
v 50.894403 0.852580 -2.293433
v 51.045192 1.211895 -2.739454
v 51.181317 1.624361 -3.142097
v 51.300866 2.084192 -3.495711
v 51.402162 2.584935 -3.795336
v 51.483785 3.119564 -4.036768
v 51.544588 3.680577 -4.216618
v 51.583719 4.260104 -4.332363
v 51.600629 4.850012 -4.382380
v 51.595079 5.442025 -4.365965
v 51.567149 6.027836 -4.283351
v 51.517230 6.599225 -4.135695
v 51.446023 7.148175 -3.925070
v 51.354526 7.666984 -3.654431
v 51.244023 8.148371 -3.327576
v 51.116065 8.585584 -2.949090
v 50.972448 8.972486 -2.524284
v 50.815186 9.303650 -2.059118
v 51.603769 9.303650 -1.624373
v 51.913160 8.972486 -2.005669
v 52.195708 8.585584 -2.353883
v 52.447448 8.148371 -2.664128
v 52.664847 7.666984 -2.932052
v 52.844855 7.148175 -3.153895
v 52.984946 6.599225 -3.326544
v 53.083155 6.027836 -3.447578
v 53.138104 5.442025 -3.515297
v 53.149021 4.850012 -3.528752
v 53.115754 4.260104 -3.487753
v 53.038770 3.680577 -3.392877
v 52.919147 3.119564 -3.245453
v 52.758566 2.584935 -3.047552
v 52.559279 2.084192 -2.801949
v 52.324082 1.624361 -2.512091
v 52.056275 1.211895 -2.182045
v 51.759617 0.852580 -1.816441
v 51.438268 0.551459 -1.420410
v 51.096740 0.312755 -0.999508
v 50.739823 0.139820 -0.559641
v 50.372525 0.035078 -0.106981
v 50.315611 0.035078 -0.147818
v 50.626793 0.139820 -0.640743
v 50.929181 0.312755 -1.119736
v 51.218531 0.551459 -1.578077
v 51.490783 0.852580 -2.009335
v 51.742119 1.211895 -2.407460
v 51.969010 1.624361 -2.766864
v 52.168274 2.084192 -3.082505
v 52.337114 2.584935 -3.349954
v 52.473162 3.119564 -3.565459
v 52.574508 3.680577 -3.725996
v 52.639731 4.260104 -3.829311
v 52.667916 4.850012 -3.873957
v 52.658666 5.442025 -3.859305
v 52.612113 6.027836 -3.785563
v 52.528908 6.599225 -3.653763
v 52.410220 7.148175 -3.465757
v 52.257713 7.666984 -3.224181
v 52.073528 8.148371 -2.932425
v 51.860249 8.585584 -2.594583
v 51.620869 8.972486 -2.215396
v 51.358746 9.303650 -1.800183
v 51.077558 9.574428 -1.354771
v 51.604466 9.574428 -0.872746
v 52.023151 9.303650 -1.192374
v 52.413448 8.972486 -1.490331
v 52.769881 8.585584 -1.762436
v 53.087450 8.148371 -2.004871
v 53.361699 7.666984 -2.214235
v 53.588778 7.148175 -2.387590
v 53.765503 6.599225 -2.522504
v 53.889394 6.027836 -2.617083
v 53.958711 5.442025 -2.670001
v 53.972484 4.850012 -2.680515
v 53.930517 4.260104 -2.648477
v 53.833401 3.680577 -2.574338
v 53.682498 3.119564 -2.459137
v 53.479925 2.584935 -2.304490
v 53.228525 2.084192 -2.112569
v 52.931824 1.624361 -1.886064
v 52.593987 1.211895 -1.628156
v 52.219752 0.852580 -1.342462
v 51.814373 0.551459 -1.032990
v 51.383535 0.312755 -0.704084
v 50.933285 0.139820 -0.360359
v 50.469939 0.035078 -0.006636
v 50.424209 0.035078 -0.059699
v 50.842467 0.139820 -0.465740
v 51.248903 0.312755 -0.860306
v 51.637816 0.551459 -1.237860
v 52.003749 0.852580 -1.593105
v 52.341566 1.211895 -1.921055
v 52.646529 1.624361 -2.217111
v 52.914357 2.084192 -2.477117
v 53.141294 2.584935 -2.697426
v 53.324155 3.119564 -2.874946
v 53.460374 3.680577 -3.007186
v 53.548039 4.260104 -3.092291
v 53.585922 4.850012 -3.129067
v 53.573490 5.442025 -3.116998
v 53.510917 6.027836 -3.056253
v 53.399083 6.599225 -2.947685
v 53.239555 7.148175 -2.792817
v 53.034572 7.666984 -2.593821
v 52.787011 8.148371 -2.353490
v 52.500345 8.585584 -2.075196
v 52.178595 8.972486 -1.762845
v 51.826278 9.303650 -1.420817
v 51.448336 9.574428 -1.053914
v 51.738074 9.574428 -0.674383
v 52.191623 9.303650 -0.942249
v 52.614421 8.972486 -1.191952
v 53.000535 8.585584 -1.419991
v 53.344549 8.148371 -1.623165
v 53.641634 7.666984 -1.798623
v 53.887623 7.148175 -1.943904
v 54.079064 6.599225 -2.056969
v 54.213272 6.027836 -2.136232
v 54.288361 5.442025 -2.180580
v 54.303281 4.850012 -2.189391
v 54.257820 4.260104 -2.162542
v 54.152617 3.680577 -2.100409
v 53.989147 3.119564 -2.003864
v 53.769706 2.584935 -1.874262
v 53.497370 2.084192 -1.713421
v 53.175963 1.624361 -1.523599
v 52.809993 1.211895 -1.307457
v 52.404596 0.852580 -1.068030
v 51.965459 0.551459 -0.808677
v 51.498745 0.312755 -0.533036
v 51.011001 0.139820 -0.244975
v 50.509072 0.035078 0.051463
v 51.930559 9.574428 -0.237415
v 52.434337 9.303650 -0.391254
v 52.903958 8.972486 -0.534663
v 53.332833 8.585584 -0.665629
v 53.714945 8.148371 -0.782315
v 54.044932 7.666984 -0.883083
v 54.318163 7.148175 -0.966520
v 54.530806 6.599225 -1.031454
v 54.679876 6.027836 -1.076976
v 54.763282 5.442025 -1.102446
v 54.779853 4.850012 -1.107506
v 54.729357 4.260104 -1.092086
v 54.612503 3.680577 -1.056403
v 54.430930 3.119564 -1.000955
v 54.187186 2.584935 -0.926523
v 53.884691 2.084192 -0.834150
v 53.527689 1.624361 -0.725132
v 53.121189 1.211895 -0.600999
v 52.670896 0.852580 -0.463493
v 52.183126 0.551459 -0.314542
v 51.664725 0.312755 -0.156238
v 51.122966 0.139820 0.009200
v 50.565450 0.035078 0.179449
v 50.541059 0.035078 0.113783
v 51.074525 0.139820 -0.121210
v 51.592915 0.312755 -0.349562
v 52.088955 0.551459 -0.568068
v 52.555684 0.852580 -0.773663
v 52.986554 1.211895 -0.963462
v 53.375519 1.624361 -1.134802
v 53.717121 2.084192 -1.285278
v 54.006568 2.584935 -1.412780
v 54.239798 3.119564 -1.515519
v 54.413538 3.680577 -1.592052
v 54.525352 4.260104 -1.641306
v 54.573669 4.850012 -1.662590
v 54.557812 5.442025 -1.655605
v 54.478004 6.027836 -1.620449
v 54.335365 6.599225 -1.557616
v 54.131895 7.148175 -1.467987
v 53.870449 7.666984 -1.352820
v 53.554697 8.148371 -1.213730
v 53.189068 8.585584 -1.052670
v 52.778693 8.972486 -0.871899
v 52.329329 9.303650 -0.673953
v 52.540839 9.303650 0.201335
v 53.031007 8.972486 0.172246
v 53.478645 8.585584 0.145681
v 53.877475 8.148371 0.122012
v 54.221898 7.666984 0.101573
v 54.507084 7.148175 0.084648
v 54.729029 6.599225 0.071477
v 54.884621 6.027836 0.062243
v 54.971676 5.442025 0.057077
v 54.988973 4.850012 0.056051
v 54.936268 4.260104 0.059178
v 54.814301 3.680577 0.066417
v 54.624785 3.119564 0.077663
v 54.370377 2.584935 0.092761
v 54.054647 2.084192 0.111498
v 53.682026 1.624361 0.133611
v 53.257742 1.211895 0.158790
v 52.787748 0.852580 0.186682
v 52.278639 0.551459 0.216895
v 51.737557 0.312755 0.249005
v 51.172096 0.139820 0.282563
v 50.590188 0.035078 0.317096
v 50.581903 0.035078 0.247538
v 51.155642 0.139820 0.144423
v 51.713166 0.312755 0.044223
v 52.246652 0.551459 -0.051658
v 52.748614 0.852580 -0.141873
v 53.212011 1.211895 -0.225156
v 53.630339 1.624361 -0.300340
v 53.997729 2.084192 -0.366369
v 54.309026 2.584935 -0.422317
v 54.559863 3.119564 -0.467398
v 54.746719 3.680577 -0.500981
v 54.866973 4.260104 -0.522593
v 54.918938 4.850012 -0.531933
v 54.901885 5.442025 -0.528868
v 54.816052 6.027836 -0.513442
v 54.662644 6.599225 -0.485871
v 54.443814 7.148175 -0.446541
v 54.162632 7.666984 -0.396006
v 53.823043 8.148371 -0.334974
v 53.429813 8.585584 -0.264301
v 52.988458 8.972486 -0.184978
v 52.505172 9.303650 -0.098120
v 52.505172 9.303650 0.802361
v 52.988458 8.972486 0.889219
v 53.429813 8.585584 0.968542
v 53.823043 8.148371 1.039215
v 54.162632 7.666984 1.100247
v 54.443814 7.148175 1.150782
v 54.662644 6.599225 1.190112
v 54.816052 6.027836 1.217683
v 54.901885 5.442025 1.233109
v 54.918938 4.850012 1.236174
v 54.866973 4.260104 1.226835
v 54.746719 3.680577 1.205222
v 54.559863 3.119564 1.171639
v 54.309026 2.584935 1.126558
v 53.997729 2.084192 1.070610
v 53.630339 1.624361 1.004581
v 53.212011 1.211895 0.929397
v 52.748614 0.852580 0.846114
v 52.246652 0.551459 0.755899
v 51.713166 0.312755 0.660018
v 51.155642 0.139820 0.559818
v 50.581903 0.035078 0.456703
v 50.590188 0.035078 0.387145
v 51.172096 0.139820 0.421678
v 51.737557 0.312755 0.455236
v 52.278639 0.551459 0.487346
v 52.787748 0.852580 0.517559
v 53.257742 1.211895 0.545451
v 53.682026 1.624361 0.570630
v 54.054647 2.084192 0.592743
v 54.370377 2.584935 0.611480
v 54.624785 3.119564 0.626578
v 54.814301 3.680577 0.637825
v 54.936268 4.260104 0.645063
v 54.988973 4.850012 0.648190
v 54.971676 5.442025 0.647164
v 54.884621 6.027836 0.641998
v 54.729029 6.599225 0.632764
v 54.507084 7.148175 0.619593
v 54.221898 7.666984 0.602668
v 53.877475 8.148371 0.582229
v 53.478645 8.585584 0.558560
v 53.031007 8.972486 0.531995
v 52.540839 9.303650 0.502906
v 52.015021 9.574428 0.471702
v 52.329329 9.303650 1.378194
v 52.778693 8.972486 1.576140
v 53.189068 8.585584 1.756911
v 53.554697 8.148371 1.917971
v 53.870449 7.666984 2.057061
v 54.131895 7.148175 2.172228
v 54.335365 6.599225 2.261857
v 54.478004 6.027836 2.324690
v 54.557812 5.442025 2.359846
v 54.573669 4.850012 2.366831
v 54.525352 4.260104 2.345547
v 54.413538 3.680577 2.296293
v 54.239798 3.119564 2.219760
v 54.006568 2.584935 2.117021
v 53.717121 2.084192 1.989520
v 53.375519 1.624361 1.839043
v 52.986554 1.211895 1.667703
v 52.555684 0.852580 1.477904
v 52.088955 0.551459 1.272309
v 51.592915 0.312755 1.053803
v 51.074525 0.139820 0.825451
v 50.541059 0.035078 0.590458
v 50.565450 0.035078 0.524792
v 51.122966 0.139820 0.695041
v 51.664725 0.312755 0.860479
v 52.183126 0.551459 1.018783
v 52.670896 0.852580 1.167734
v 53.121189 1.211895 1.305240
v 53.527689 1.624361 1.429373
v 53.884691 2.084192 1.538391
v 54.187186 2.584935 1.630764
v 54.430930 3.119564 1.705197
v 54.612503 3.680577 1.760644
v 54.729357 4.260104 1.796327
v 54.779853 4.850012 1.811747
v 54.763282 5.442025 1.806687
v 54.679876 6.027836 1.781217
v 54.530806 6.599225 1.735695
v 54.318163 7.148175 1.670761
v 54.044932 7.666984 1.587324
v 53.714945 8.148371 1.486556
v 53.332833 8.585584 1.369870
v 52.903958 8.972486 1.238904
v 52.434337 9.303650 1.095495
v 51.930559 9.574428 0.941656
v 51.604466 9.574428 1.576987
v 52.023151 9.303650 1.896615
v 52.413448 8.972486 2.194572
v 52.769881 8.585584 2.466677
v 53.087450 8.148371 2.709112
v 53.361699 7.666984 2.918476
v 53.588778 7.148175 3.091831
v 53.765503 6.599225 3.226745
v 53.889394 6.027836 3.321324
v 53.958711 5.442025 3.374242
v 53.972484 4.850012 3.384756
v 53.930517 4.260104 3.352718
v 53.833401 3.680577 3.278579
v 53.682498 3.119564 3.163378
v 53.479925 2.584935 3.008731
v 53.228525 2.084192 2.816810
v 52.931824 1.624361 2.590305
v 52.593987 1.211895 2.332397
v 52.219752 0.852580 2.046703
v 51.814373 0.551459 1.737231
v 51.383535 0.312755 1.408325
v 50.933285 0.139820 1.064600
v 50.469939 0.035078 0.710877
v 50.509072 0.035078 0.652778
v 51.011001 0.139820 0.949216
v 51.498745 0.312755 1.237277
v 51.965459 0.551459 1.512918
v 52.404596 0.852580 1.772271
v 52.809993 1.211895 2.011698
v 53.175963 1.624361 2.227840
v 53.497370 2.084192 2.417662
v 53.769706 2.584935 2.578503
v 53.989147 3.119564 2.708105
v 54.152617 3.680577 2.804650
v 54.257820 4.260104 2.866783
v 54.303281 4.850012 2.893632
v 54.288361 5.442025 2.884821
v 54.213272 6.027836 2.840473
v 54.079064 6.599225 2.761210
v 53.887623 7.148175 2.648145
v 53.641634 7.666984 2.502864
v 53.344549 8.148371 2.327406
v 53.000535 8.585584 2.124232
v 52.614421 8.972486 1.896194
v 52.191623 9.303650 1.646490
v 51.738074 9.574428 1.378624
v 51.448336 9.574428 1.758155
v 51.826278 9.303650 2.125059
v 52.178595 8.972486 2.467086
v 52.500345 8.585584 2.779438
v 52.787011 8.148371 3.057731
v 53.034572 7.666984 3.298062
v 53.239555 7.148175 3.497058
v 53.399083 6.599225 3.651926
v 53.510917 6.027836 3.760494
v 53.573490 5.442025 3.821239
v 53.585922 4.850012 3.833308
v 53.548039 4.260104 3.796532
v 53.460374 3.680577 3.711427
v 53.324155 3.119564 3.579187
v 53.141294 2.584935 3.401667
v 52.914357 2.084192 3.181358
v 52.646529 1.624361 2.921352
v 52.341566 1.211895 2.625296
v 52.003749 0.852580 2.297346
v 51.637816 0.551459 1.942101
v 51.248903 0.312755 1.564547
v 50.842467 0.139820 1.169981
v 50.424209 0.035078 0.763940
v 51.077558 9.574428 2.059012
v 51.358746 9.303650 2.504424
v 51.620869 8.972486 2.919637
v 51.860249 8.585584 3.298824
v 52.073528 8.148371 3.636666
v 52.257713 7.666984 3.928422
v 52.410220 7.148175 4.169998
v 52.528908 6.599225 4.358004
v 52.612113 6.027836 4.489804
v 52.658666 5.442025 4.563546
v 52.667916 4.850012 4.578198
v 52.639731 4.260104 4.533552
v 52.574508 3.680577 4.430237
v 52.473162 3.119564 4.269700
v 52.337114 2.584935 4.054195
v 52.168274 2.084192 3.786746
v 51.969010 1.624361 3.471105
v 51.742119 1.211895 3.111701
v 51.490783 0.852580 2.713576
v 51.218531 0.551459 2.282318
v 50.929181 0.312755 1.823977
v 50.626793 0.139820 1.344984
v 50.315611 0.035078 0.852059
v 50.372525 0.035078 0.811222
v 50.739823 0.139820 1.263882
v 51.096740 0.312755 1.703749
v 51.438268 0.551459 2.124651
v 51.759617 0.852580 2.520682
v 52.056275 1.211895 2.886286
v 52.324082 1.624361 3.216332
v 52.559279 2.084192 3.506190
v 52.758566 2.584935 3.751793
v 52.919147 3.119564 3.949694
v 53.038770 3.680577 4.097118
v 53.115754 4.260104 4.191994
v 53.149021 4.850012 4.232993
v 53.138104 5.442025 4.219538
v 53.083155 6.027836 4.151819
v 52.984946 6.599225 4.030785
v 52.844855 7.148175 3.858136
v 52.664847 7.666984 3.636293
v 52.447448 8.148371 3.368369
v 52.195708 8.585584 3.058124
v 51.913160 8.972486 2.709910
v 51.603769 9.303650 2.328614
v 50.815186 9.303650 2.763359
v 50.972448 8.972486 3.228525
v 51.116065 8.585584 3.653331
v 51.244023 8.148371 4.031817
v 51.354526 7.666984 4.358672
v 51.446023 7.148175 4.629311
v 51.517230 6.599225 4.839936
v 51.567149 6.027836 4.987592
v 51.595079 5.442025 5.070207
v 51.600629 4.850012 5.086621
v 51.583719 4.260104 5.036604
v 51.544588 3.680577 4.920859
v 51.483785 3.119564 4.741009
v 51.402162 2.584935 4.499578
v 51.300866 2.084192 4.199952
v 51.181317 1.624361 3.846338
v 51.045192 1.211895 3.443695
v 50.894403 0.852580 2.997674
v 50.731063 0.551459 2.514533
v 50.557466 0.312755 2.001050
v 50.376047 0.139820 1.464431
v 50.189352 0.035078 0.912205
v 50.254266 0.035078 0.885879
v 50.504964 0.139820 1.412148
v 50.748578 0.312755 1.923543
v 50.981687 0.551459 2.412890
v 51.201023 0.852580 2.873321
v 51.403506 1.211895 3.298377
v 51.586297 1.624361 3.682094
v 51.746831 2.084192 4.019087
v 51.882854 2.584935 4.304629
v 51.992458 3.119564 4.534712
v 52.074106 3.680577 4.706108
v 52.126652 4.260104 4.816413
v 52.149358 4.850012 4.864078
v 52.141907 5.442025 4.848436
v 52.104402 6.027836 4.769704
v 52.037369 6.599225 4.628989
v 51.941750 7.148175 4.428265
v 51.818886 7.666984 4.170347
v 51.670501 8.148371 3.858855
v 51.498676 8.585584 3.498159
v 51.305824 8.972486 3.093321
v 51.094649 9.303650 2.650020
v 50.226013 9.303650 2.887376
v 50.269614 8.972486 3.376466
v 50.309433 8.585584 3.823121
v 50.344910 8.148371 4.221073
v 50.375547 7.666984 4.564740
v 50.400915 7.148175 4.849299
v 50.420657 6.599225 5.070757
v 50.434497 6.027836 5.226007
v 50.442241 5.442025 5.312870
v 50.443780 4.850012 5.330128
v 50.439092 4.260104 5.277540
v 50.428242 3.680577 5.155841
v 50.411384 3.119564 4.966741
v 50.388754 2.584935 4.712892
v 50.360669 2.084192 4.397857
v 50.327524 1.624361 4.026055
v 50.289783 1.211895 3.602703
v 50.247976 0.852580 3.133742
v 50.202690 0.551459 2.625751
v 50.154559 0.312755 2.085859
v 50.104260 0.139820 1.521640
v 50.052499 0.035078 0.941012
v 50.121780 0.035078 0.930669
v 50.241851 0.139820 1.501100
v 50.358529 0.312755 2.055410
v 50.470177 0.551459 2.585820
v 50.575227 0.852580 3.084889
v 50.672206 1.211895 3.545614
v 50.759753 1.624361 3.961530
v 50.836640 2.084192 4.326802
v 50.901788 2.584935 4.636305
v 50.954283 3.119564 4.885696
v 50.993388 3.680577 5.071475
v 51.018554 4.260104 5.191036
v 51.029430 4.850012 5.242701
v 51.025861 5.442025 5.225746
v 51.007898 6.027836 5.140408
v 50.975793 6.599225 4.987884
v 50.929996 7.148175 4.770316
v 50.871151 7.666984 4.490755
v 50.800082 8.148371 4.153124
v 50.717787 8.585584 3.762160
v 50.625421 8.972486 3.323350
v 50.524279 9.303650 2.842850
v 50.415782 9.574428 2.327402
v 49.624194 9.303650 2.869534
v 49.551695 8.972486 3.355182
v 49.485486 8.585584 3.798694
v 49.426497 8.148371 4.193846
v 49.375555 7.666984 4.535094
v 49.333374 7.148175 4.817650
v 49.300547 6.599225 5.037549
v 49.277534 6.027836 5.191707
v 49.264658 5.442025 5.277959
v 49.262099 4.850012 5.295096
v 49.269895 4.260104 5.242877
v 49.287934 3.680577 5.122035
v 49.315965 3.119564 4.934266
v 49.353594 2.584935 4.682203
v 49.400292 2.084192 4.369385
v 49.455405 1.624361 4.000199
v 49.518159 1.211895 3.579827
v 49.587674 0.852580 3.114166
v 49.662975 0.551459 2.609751
v 49.743004 0.312755 2.073658
v 49.826640 0.139820 1.513410
v 49.912707 0.035078 0.936868
v 49.982480 0.035078 0.943088
v 49.965206 0.139820 1.525763
v 49.948420 0.312755 2.091970
v 49.932358 0.551459 2.633766
v 49.917244 0.852580 3.143547
v 49.903292 1.211895 3.614161
v 49.890697 1.624361 4.039005
v 49.879636 2.084192 4.412117
v 49.870263 2.584935 4.728264
v 49.862711 3.119564 4.983007
v 49.857085 3.680577 5.172774
v 49.853465 4.260104 5.294901
v 49.851900 4.850012 5.347676
v 49.852414 5.442025 5.330356
v 49.854998 6.027836 5.243187
v 49.859617 6.599225 5.087389
v 49.866205 7.148175 4.865151
v 49.874671 7.666984 4.579589
v 49.884895 8.148371 4.234711
v 49.896735 8.585584 3.835356
v 49.910023 8.972486 3.387126
v 49.924574 9.303650 2.896312
v 49.940183 9.574428 2.369800
v 49.241367 9.574428 2.222705
v 49.043402 9.303650 2.710832
v 48.858860 8.972486 3.165865
v 48.690329 8.585584 3.581416
v 48.540174 8.148371 3.951658
v 48.410503 7.666984 4.271393
v 48.303134 7.148175 4.536136
v 48.219573 6.599225 4.742173
v 48.160995 6.027836 4.886612
v 48.128220 5.442025 4.967427
v 48.121708 4.850012 4.983483
v 48.141551 4.260104 4.934557
v 48.187470 3.680577 4.821333
v 48.258820 3.119564 4.645400
v 48.354602 2.584935 4.409229
v 48.473471 2.084192 4.116131
v 48.613758 1.624361 3.770219
v 48.773497 1.211895 3.376348
v 48.950444 0.852580 2.940043
v 49.142118 0.551459 2.467426
v 49.345829 0.312755 1.965130
v 49.558719 0.139820 1.440200
v 49.777801 0.035078 0.900004
v 49.844160 0.035078 0.922439
v 49.690507 0.139820 1.484755
v 49.541197 0.312755 2.031179
v 49.398323 0.551459 2.554044
v 49.263893 0.852580 3.046013
v 49.139790 1.211895 3.500183
v 49.027758 1.624361 3.910183
v 48.929367 2.084192 4.270259
v 48.845998 2.584935 4.575358
v 48.778821 3.119564 4.821201
v 48.728779 3.680577 5.004337
v 48.696574 4.260104 5.122198
v 48.682657 4.850012 5.173128
v 48.687224 5.442025 5.156414
v 48.710211 6.027836 5.072290
v 48.751296 6.599225 4.921936
v 48.809901 7.148175 4.707463
v 48.885204 7.666984 4.431879
v 48.976149 8.148371 4.099051
v 49.081461 8.585584 3.713649
v 49.199660 8.972486 3.281081
v 49.329089 9.303650 2.807417
v 49.467932 9.574428 2.299301
v 49.025452 9.574428 2.119849
v 48.771144 9.303650 2.581137
v 48.534079 8.972486 3.011149
v 48.317582 8.585584 3.403851
v 48.124692 8.148371 3.753735
v 47.958114 7.666984 4.055889
v 47.820187 7.148175 4.306075
v 47.712845 6.599225 4.500783
v 47.637594 6.027836 4.637280
v 47.595491 5.442025 4.713651
v 47.587125 4.850012 4.728825
v 47.612616 4.260104 4.682588
v 47.671604 3.680577 4.575590
v 47.763262 3.119564 4.409332
v 47.886304 2.584935 4.186146
v 48.039004 2.084192 3.909164
v 48.219219 1.624361 3.582273
v 48.424420 1.211895 3.210058
v 48.651729 0.852580 2.797744
v 48.897956 0.551459 2.351115
v 49.159645 0.312755 1.876437
v 49.433126 0.139820 1.380372
v 49.714560 0.035078 0.869878
v 48.637502 9.574428 1.841486
v 48.281959 9.303650 2.230135
v 47.950523 8.972486 2.592433
v 47.647843 8.585584 2.923296
v 47.378166 8.148371 3.218084
v 47.145277 7.666984 3.472658
v 46.952443 7.148175 3.683447
v 46.802370 6.599225 3.847495
v 46.697163 6.027836 3.962497
v 46.638299 5.442025 4.026842
v 46.626604 4.850012 4.039627
v 46.662241 4.260104 4.000671
v 46.744711 3.680577 3.910522
v 46.872857 3.119564 3.770444
v 47.044880 2.584935 3.582403
v 47.258367 2.084192 3.349038
v 47.510322 1.624361 3.073622
v 47.797211 1.211895 2.760020
v 48.115007 0.852580 2.412633
v 48.459252 0.551459 2.036334
v 48.825115 0.312755 1.636404
v 49.207463 0.139820 1.218453
v 49.600932 0.035078 0.788347
v 49.655327 0.035078 0.832484
v 49.315490 0.139820 1.306108
v 48.985258 0.312755 1.766347
v 48.669263 0.551459 2.206742
v 48.371941 0.852580 2.621114
v 48.097462 1.211895 3.003650
v 47.849678 1.624361 3.348982
v 47.632065 2.084192 3.652264
v 47.447678 2.584935 3.909241
v 47.299102 3.119564 4.116308
v 47.188423 3.680577 4.270559
v 47.117194 4.260104 4.369829
v 47.086414 4.850012 4.412727
v 47.096516 5.442025 4.398649
v 47.147356 6.027836 4.327793
v 47.238223 6.599225 4.201155
v 47.367840 7.148175 4.020509
v 47.534390 7.666984 3.788392
v 47.735535 8.148371 3.508060
v 47.968453 8.585584 3.183447
v 48.229877 8.972486 2.819106
v 48.516137 9.303650 2.420151
v 47.888906 9.303650 1.774049
v 47.481643 8.972486 2.048362
v 47.109716 8.585584 2.298873
v 46.778343 8.148371 2.522070
v 46.492173 7.666984 2.714820
v 46.255222 7.148175 2.874418
v 46.070816 6.599225 2.998625
v 45.941540 6.027836 3.085699
v 45.869209 5.442025 3.134418
v 45.854838 4.850012 3.144097
v 45.898628 4.260104 3.114602
v 45.999966 3.680577 3.046346
v 46.157429 3.119564 2.940287
v 46.368807 2.584935 2.797913
v 46.631136 2.084192 2.621221
v 46.940734 1.624361 2.412691
v 47.293256 1.211895 2.175250
v 47.683758 0.852580 1.912227
v 48.106759 0.551459 1.627314
v 48.556325 0.312755 1.324509
v 49.026147 0.139820 1.008060
v 49.509633 0.035078 0.682407
v 49.552139 0.035078 0.738086
v 49.110562 0.139820 1.118637
v 48.681465 0.312755 1.488432
v 48.270869 0.551459 1.842283
v 47.884534 0.852580 2.175226
v 47.527882 1.211895 2.482588
v 47.205917 1.624361 2.760058
v 46.923155 2.084192 3.003741
v 46.683566 2.584935 3.210219
v 46.490510 3.119564 3.376594
v 46.346696 3.680577 3.500532
v 46.254143 4.260104 3.580295
v 46.214148 4.850012 3.614762
v 46.227274 5.442025 3.603451
v 46.293335 6.027836 3.546519
v 46.411405 6.599225 3.444767
v 46.579827 7.148175 3.299621
v 46.796238 7.666984 3.113118
v 47.057602 8.148371 2.887875
v 47.360251 8.585584 2.627053
v 47.699939 8.972486 2.334310
v 48.071899 9.303650 2.013755
v 47.613977 9.303650 1.238401
v 47.153676 8.972486 1.409379
v 46.733312 8.585584 1.565522
v 46.358784 8.148371 1.704639
v 46.035347 7.666984 1.824779
v 45.767538 7.148175 1.924255
v 45.559116 6.599225 2.001673
v 45.413004 6.027836 2.055946
v 45.331254 5.442025 2.086312
v 45.315011 4.850012 2.092345
v 45.364504 4.260104 2.073961
v 45.479039 3.680577 2.031417
v 45.657009 3.119564 1.965311
v 45.895915 2.584935 1.876570
v 46.192407 2.084192 1.766439
v 46.542324 1.624361 1.636464
v 46.940756 1.211895 1.488467
v 47.382113 0.852580 1.324527
v 47.860201 0.551459 1.146942
v 48.368314 0.312755 0.958205
v 48.899321 0.139820 0.760964
v 49.445772 0.035078 0.557987
v 49.474011 0.035078 0.622092
v 48.955402 0.139820 0.888275
v 48.451450 0.312755 1.146936
v 47.969226 0.551459 1.394444
v 47.515497 0.852580 1.627327
v 47.096628 1.211895 1.842318
v 46.718496 1.624361 2.036399
v 46.386408 2.084192 2.206848
v 46.105023 2.584935 2.351273
v 45.878289 3.119564 2.467648
v 45.709387 3.680577 2.554339
v 45.600688 4.260104 2.610130
v 45.553716 4.850012 2.634239
v 45.569131 5.442025 2.626327
v 45.646717 6.027836 2.586506
v 45.785384 6.599225 2.515333
v 45.983187 7.148175 2.413808
v 46.237350 7.666984 2.283354
v 46.544308 8.148371 2.125804
v 46.899754 8.585584 1.943366
v 47.298699 8.972486 1.738602
v 47.735547 9.303650 1.514383
v 48.204168 9.574428 1.273857
v 47.995602 9.574428 0.590863
v 47.472556 9.303650 0.653162
v 46.984973 8.972486 0.711238
v 46.539694 8.585584 0.764275
v 46.142967 8.148371 0.811529
v 45.800359 7.666984 0.852336
v 45.516677 7.148175 0.886125
v 45.295902 6.599225 0.912422
v 45.141130 6.027836 0.930857
v 45.054534 5.442025 0.941171
v 45.037329 4.850012 0.943220
v 45.089756 4.260104 0.936976
v 45.211079 3.680577 0.922525
v 45.399597 3.119564 0.900071
v 45.652664 2.584935 0.869928
v 45.966729 2.084192 0.832520
v 46.337385 1.624361 0.788372
v 46.759432 1.211895 0.738102
v 47.226949 0.852580 0.682416
v 47.733374 0.551459 0.622096
v 48.271603 0.312755 0.557988
v 48.834084 0.139820 0.490992
v 49.412923 0.035078 0.422047
v 49.425314 0.035078 0.490991
v 48.858692 0.139820 0.627914
v 48.308083 0.312755 0.760966
v 47.781214 0.551459 0.888283
v 47.285478 0.852580 1.008076
v 46.827829 1.211895 1.118665
v 46.414689 1.624361 1.218499
v 46.051856 2.084192 1.306176
v 45.744420 2.584935 1.380467
v 45.496694 3.119564 1.440329
v 45.312156 3.680577 1.484922
v 45.193393 4.260104 1.513621
v 45.142073 4.850012 1.526022
v 45.158915 5.442025 1.521952
v 45.243683 6.027836 1.501468
v 45.395188 6.599225 1.464858
v 45.611304 7.148175 1.412634
v 45.888998 7.666984 1.345530
v 46.224375 8.148371 1.264488
v 46.612728 8.585584 1.170643
v 47.048609 8.972486 1.065314
v 47.525901 9.303650 0.949978
v 48.037907 9.574428 0.826254
v 48.536500 22.000000 0.352121
v 48.570716 22.000000 0.037511
v 48.671763 22.000000 -0.262387
v 48.834918 22.000000 -0.533552
v 49.052550 22.000000 -0.763304
v 49.314484 22.000000 -0.940899
v 49.608472 22.000000 -1.058035
v 49.920768 22.000000 -1.109233
v 50.236768 22.000000 -1.092100
v 50.541697 22.000000 -1.007437
v 50.821297 22.000000 -0.859202
v 51.062494 22.000000 -0.654328
v 51.254011 22.000000 -0.402393
v 51.386890 22.000000 -0.115177
v 51.454921 22.000000 0.193888
v 51.454921 22.000000 0.510353
v 51.386890 22.000000 0.819418
v 51.254011 22.000000 1.106634
v 51.062494 22.000000 1.358569
v 50.821297 22.000000 1.563443
v 50.541697 22.000000 1.711678
v 50.236768 22.000000 1.796341
v 49.920768 22.000000 1.813474
v 49.608472 22.000000 1.762276
v 49.314484 22.000000 1.645140
v 49.052550 22.000000 1.467545
v 48.834918 22.000000 1.237793
v 48.671763 22.000000 0.966628
v 48.570716 22.000000 0.666730
v 48.536500 15.890511 0.352121
v 48.570716 15.890511 0.666730
v 48.671763 15.890511 0.966628
v 48.834918 15.890511 1.237793
v 49.052550 15.890511 1.467545
v 49.314484 15.890511 1.645140
v 49.608472 15.890511 1.762276
v 49.920768 15.890511 1.813474
v 50.236768 15.890511 1.796341
v 50.541697 15.890511 1.711678
v 50.821297 15.890511 1.563443
v 51.062494 15.890511 1.358569
v 51.254011 15.890511 1.106634
v 51.386890 15.890511 0.819418
v 51.454921 15.890511 0.510353
v 51.454921 15.890511 0.193888
v 51.386890 15.890511 -0.115177
v 51.254011 15.890511 -0.402393
v 51.062494 15.890511 -0.654328
v 50.821297 15.890511 -0.859202
v 50.541697 15.890511 -1.007437
v 50.236768 15.890511 -1.092100
v 49.920768 15.890511 -1.109233
v 49.608472 15.890511 -1.058035
v 49.314484 15.890511 -0.940899
v 49.052550 15.890511 -0.763304
v 48.834918 15.890511 -0.533552
v 48.671763 15.890511 -0.262387
v 48.570716 15.890511 0.037511
vt -0.636874 1.446364 0.000000
vt -0.577612 1.494880 0.000000
vt -0.636874 1.553503 0.000000
vt -0.577612 1.553503 0.000000
vt -0.636874 -1.553503 0.000000
vt -0.577612 -1.553503 0.000000
vt -0.577612 -1.494880 0.000000
vt -0.518351 -1.553503 0.000000
vt -0.518351 -1.494880 0.000000
vt -0.459090 -1.553503 0.000000
vt -0.459090 -1.494880 0.000000
vt -0.399828 -1.553503 0.000000
vt -0.399828 -1.494880 0.000000
vt -0.340567 -1.553503 0.000000
vt -0.340567 -1.494880 0.000000
vt -0.281306 -1.553503 0.000000
vt -0.281306 -1.494880 0.000000
vt -0.222044 -1.553503 0.000000
vt -0.222044 -1.494880 0.000000
vt -0.162783 -1.553503 0.000000
vt -0.162783 -1.494880 0.000000
vt -0.103522 -1.553503 0.000000
vt -0.103522 -1.494880 0.000000
vt -0.044260 -1.553503 0.000000
vt -0.044260 -1.494880 0.000000
vt 0.015001 -1.553503 0.000000
vt 0.015001 -1.494880 0.000000
vt 0.074262 -1.553503 0.000000
vt 0.074262 -1.494880 0.000000
vt 0.133524 -1.553503 0.000000
vt 0.133524 -1.494880 0.000000
vt 0.192785 -1.553503 0.000000
vt 0.192785 -1.494880 0.000000
vt 0.252046 -1.553503 0.000000
vt 0.252046 -1.494880 0.000000
vt 0.311308 -1.553503 0.000000
vt 0.311308 -1.494880 0.000000
vt 0.370569 -1.553503 0.000000
vt 0.370569 -1.494880 0.000000
vt 0.429830 -1.553503 0.000000
vt 0.429830 -1.494880 0.000000
vt 0.489092 -1.553503 0.000000
vt 0.489092 -1.494880 0.000000
vt 0.548353 -1.553503 0.000000
vt 0.548353 -1.494880 0.000000
vt 0.607614 -1.553503 0.000000
vt 0.607614 -1.494880 0.000000
vt 0.666876 -1.553503 0.000000
vt 0.666876 -1.494880 0.000000
vt 0.726137 -1.553503 0.000000
vt 0.726137 -1.494880 0.000000
vt 0.785398 -1.553503 0.000000
vt -0.636874 1.339226 0.000000
vt -0.577612 1.377634 0.000000
vt -0.577612 1.436257 0.000000
vt -0.518351 1.436257 0.000000
vt -0.518351 1.494880 0.000000
vt -0.459090 1.436257 0.000000
vt -0.459090 1.494880 0.000000
vt -0.399828 1.436257 0.000000
vt -0.399828 1.494880 0.000000
vt -0.340567 1.436257 0.000000
vt -0.340567 1.494880 0.000000
vt -0.281306 1.436257 0.000000
vt -0.281306 1.494880 0.000000
vt -0.222044 1.436257 0.000000
vt -0.222044 1.494880 0.000000
vt -0.162783 1.436257 0.000000
vt -0.162783 1.494880 0.000000
vt -0.103522 1.436257 0.000000
vt -0.103522 1.494880 0.000000
vt -0.044260 1.436257 0.000000
vt -0.044260 1.494880 0.000000
vt 0.015001 1.436257 0.000000
vt 0.015001 1.494880 0.000000
vt 0.074262 1.436257 0.000000
vt 0.074262 1.494880 0.000000
vt 0.133524 1.436257 0.000000
vt 0.133524 1.494880 0.000000
vt 0.192785 1.436257 0.000000
vt 0.192785 1.494880 0.000000
vt 0.252046 1.436257 0.000000
vt 0.252046 1.494880 0.000000
vt 0.311308 1.436257 0.000000
vt 0.311308 1.494880 0.000000
vt 0.370569 1.436257 0.000000
vt 0.370569 1.494880 0.000000
vt 0.429830 1.436257 0.000000
vt 0.429830 1.494880 0.000000
vt 0.489092 1.436257 0.000000
vt 0.489092 1.494880 0.000000
vt 0.548353 1.436257 0.000000
vt 0.548353 1.494880 0.000000
vt 0.607614 1.436257 0.000000
vt 0.607614 1.494880 0.000000
vt 0.666876 1.436257 0.000000
vt 0.666876 1.494880 0.000000
vt 0.726137 1.436257 0.000000
vt 0.726137 1.494880 0.000000
vt 0.785398 1.436257 0.000000
vt -0.636874 1.232088 0.000000
vt -0.577612 1.260389 0.000000
vt -0.577612 1.319012 0.000000
vt -0.518351 1.319012 0.000000
vt -0.518351 1.377634 0.000000
vt -0.459090 1.319012 0.000000
vt -0.459090 1.377634 0.000000
vt -0.399828 1.319012 0.000000
vt -0.399828 1.377634 0.000000
vt -0.340567 1.319012 0.000000
vt -0.340567 1.377634 0.000000
vt -0.281306 1.319012 0.000000
vt -0.281306 1.377634 0.000000
vt -0.222044 1.319012 0.000000
vt -0.222044 1.377634 0.000000
vt -0.162783 1.319012 0.000000
vt -0.162783 1.377634 0.000000
vt -0.103522 1.319012 0.000000
vt -0.103522 1.377634 0.000000
vt -0.044260 1.319012 0.000000
vt -0.044260 1.377634 0.000000
vt 0.015001 1.319012 0.000000
vt 0.015001 1.377634 0.000000
vt 0.074262 1.319012 0.000000
vt 0.074262 1.377634 0.000000
vt 0.133524 1.319012 0.000000
vt 0.133524 1.377634 0.000000
vt 0.192785 1.319012 0.000000
vt 0.192785 1.377634 0.000000
vt 0.252046 1.319012 0.000000
vt 0.252046 1.377634 0.000000
vt 0.311308 1.319012 0.000000
vt 0.311308 1.377634 0.000000
vt 0.370569 1.319012 0.000000
vt 0.370569 1.377634 0.000000
vt 0.429830 1.319012 0.000000
vt 0.429830 1.377634 0.000000
vt 0.489092 1.319012 0.000000
vt 0.489092 1.377634 0.000000
vt 0.548353 1.319012 0.000000
vt 0.548353 1.377634 0.000000
vt 0.607614 1.319012 0.000000
vt 0.607614 1.377634 0.000000
vt 0.666876 1.319012 0.000000
vt 0.666876 1.377634 0.000000
vt 0.726137 1.319012 0.000000
vt 0.726137 1.377634 0.000000
vt 0.785398 1.319012 0.000000
vt -0.577612 1.201766 0.000000
vt -0.636874 1.124950 0.000000
vt -0.577612 1.143143 0.000000
vt -0.577612 1.084521 0.000000
vt -0.518351 1.084521 0.000000
vt -0.518351 1.025898 0.000000
vt -0.459090 1.025898 0.000000
vt -0.459090 0.967275 0.000000
vt -0.399828 0.967275 0.000000
vt -0.399828 0.908652 0.000000
vt -0.340567 0.908652 0.000000
vt -0.340567 0.850030 0.000000
vt -0.281306 0.850030 0.000000
vt -0.281306 0.791407 0.000000
vt -0.222044 0.791407 0.000000
vt -0.222044 0.732784 0.000000
vt -0.162783 0.732784 0.000000
vt -0.162783 0.674162 0.000000
vt -0.103522 0.674162 0.000000
vt -0.103522 0.615539 0.000000
vt -0.044260 0.615539 0.000000
vt -0.044260 0.556916 0.000000
vt 0.015001 0.556916 0.000000
vt 0.015001 0.498293 0.000000
vt 0.074262 0.498293 0.000000
vt 0.074262 0.439671 0.000000
vt 0.133524 0.439671 0.000000
vt 0.133524 0.381048 0.000000
vt 0.192785 0.381048 0.000000
vt 0.192785 0.322425 0.000000
vt 0.252046 0.322425 0.000000
vt 0.252046 0.263802 0.000000
vt 0.311308 0.263802 0.000000
vt 0.311308 0.205180 0.000000
vt 0.370569 0.205180 0.000000
vt 0.370569 0.146557 0.000000
vt 0.429830 0.146557 0.000000
vt 0.429830 0.087934 0.000000
vt 0.489092 0.087934 0.000000
vt 0.489092 0.029311 0.000000
vt 0.548353 0.029311 0.000000
vt 0.548353 -0.029311 0.000000
vt 0.607614 -0.029311 0.000000
vt 0.607614 -0.087934 0.000000
vt 0.666876 -0.087934 0.000000
vt 0.666876 -0.146557 0.000000
vt 0.726137 -0.146557 0.000000
vt 0.726137 -0.205180 0.000000
vt 0.785398 -0.205180 0.000000
vt -0.636874 1.017812 0.000000
vt -0.577612 1.025898 0.000000
vt -0.518351 0.967275 0.000000
vt -0.459090 0.908652 0.000000
vt -0.399828 0.850030 0.000000
vt -0.340567 0.791407 0.000000
vt -0.281306 0.732784 0.000000
vt -0.222044 0.674162 0.000000
vt -0.162783 0.615539 0.000000
vt -0.103522 0.556916 0.000000
vt -0.044260 0.498293 0.000000
vt 0.015001 0.439671 0.000000
vt 0.074262 0.381048 0.000000
vt 0.133524 0.322425 0.000000
vt 0.192785 0.263802 0.000000
vt 0.252046 0.205180 0.000000
vt 0.311308 0.146557 0.000000
vt 0.370569 0.087934 0.000000
vt 0.429830 0.029311 0.000000
vt 0.489092 -0.029311 0.000000
vt 0.548353 -0.087934 0.000000
vt 0.607614 -0.146557 0.000000
vt 0.666876 -0.205180 0.000000
vt 0.726137 -0.263802 0.000000
vt 0.785398 -0.263802 0.000000
vt -0.577612 0.967275 0.000000
vt -0.636874 0.910674 0.000000
vt -0.577612 0.908652 0.000000
vt -0.577612 0.850030 0.000000
vt -0.518351 0.850030 0.000000
vt -0.518351 0.791407 0.000000
vt -0.459090 0.791407 0.000000
vt -0.459090 0.732784 0.000000
vt -0.399828 0.732784 0.000000
vt -0.399828 0.674162 0.000000
vt -0.340567 0.674162 0.000000
vt -0.340567 0.615539 0.000000
vt -0.281306 0.615539 0.000000
vt -0.281306 0.556916 0.000000
vt -0.222044 0.556916 0.000000
vt -0.222044 0.498293 0.000000
vt -0.162783 0.498293 0.000000
vt -0.162783 0.439671 0.000000
vt -0.103522 0.439671 0.000000
vt -0.103522 0.381048 0.000000
vt -0.044260 0.381048 0.000000
vt -0.044260 0.322425 0.000000
vt 0.015001 0.322425 0.000000
vt 0.015001 0.263802 0.000000
vt 0.074262 0.263802 0.000000
vt 0.074262 0.205180 0.000000
vt 0.133524 0.205180 0.000000
vt 0.133524 0.146557 0.000000
vt 0.192785 0.146557 0.000000
vt 0.192785 0.087934 0.000000
vt 0.252046 0.087934 0.000000
vt 0.252046 0.029311 0.000000
vt 0.311308 0.029311 0.000000
vt 0.311308 -0.029311 0.000000
vt 0.370569 -0.029311 0.000000
vt 0.370569 -0.087934 0.000000
vt 0.429830 -0.087934 0.000000
vt 0.429830 -0.146557 0.000000
vt 0.489092 -0.146557 0.000000
vt 0.489092 -0.205180 0.000000
vt 0.548353 -0.205180 0.000000
vt 0.548353 -0.263802 0.000000
vt 0.607614 -0.263802 0.000000
vt 0.607614 -0.322425 0.000000
vt 0.666876 -0.322425 0.000000
vt 0.666876 -0.381048 0.000000
vt 0.726137 -0.381048 0.000000
vt 0.726137 -0.439671 0.000000
vt 0.785398 -0.439671 0.000000
vt -0.636874 0.803536 0.000000
vt -0.577612 0.791407 0.000000
vt -0.518351 0.732784 0.000000
vt -0.459090 0.674162 0.000000
vt -0.399828 0.615539 0.000000
vt -0.340567 0.556916 0.000000
vt -0.281306 0.498293 0.000000
vt -0.222044 0.439671 0.000000
vt -0.162783 0.381048 0.000000
vt -0.103522 0.322425 0.000000
vt -0.044260 0.263802 0.000000
vt 0.015001 0.205180 0.000000
vt 0.074262 0.146557 0.000000
vt 0.133524 0.087934 0.000000
vt 0.192785 0.029311 0.000000
vt 0.252046 -0.029311 0.000000
vt 0.311308 -0.087934 0.000000
vt 0.370569 -0.146557 0.000000
vt 0.429830 -0.205180 0.000000
vt 0.489092 -0.263802 0.000000
vt 0.548353 -0.322425 0.000000
vt 0.607614 -0.381048 0.000000
vt 0.666876 -0.439671 0.000000
vt 0.726137 -0.498293 0.000000
vt 0.785398 -0.498293 0.000000
vt -0.577612 0.732784 0.000000
vt -0.636874 0.696398 0.000000
vt -0.577612 0.674162 0.000000
vt -0.577612 0.615539 0.000000
vt -0.518351 0.615539 0.000000
vt -0.518351 0.556916 0.000000
vt -0.459090 0.556916 0.000000
vt -0.459090 0.498293 0.000000
vt -0.399828 0.498293 0.000000
vt -0.399828 0.439671 0.000000
vt -0.340567 0.439671 0.000000
vt -0.340567 0.381048 0.000000
vt -0.281306 0.381048 0.000000
vt -0.281306 0.322425 0.000000
vt -0.222044 0.322425 0.000000
vt -0.222044 0.263802 0.000000
vt -0.162783 0.263802 0.000000
vt -0.162783 0.205180 0.000000
vt -0.103522 0.205180 0.000000
vt -0.103522 0.146557 0.000000
vt -0.044260 0.146557 0.000000
vt -0.044260 0.087934 0.000000
vt 0.015001 0.087934 0.000000
vt 0.015001 0.029311 0.000000
vt 0.074262 0.029311 0.000000
vt 0.074262 -0.029311 0.000000
vt 0.133524 -0.029311 0.000000
vt 0.133524 -0.087934 0.000000
vt 0.192785 -0.087934 0.000000
vt 0.192785 -0.146557 0.000000
vt 0.252046 -0.146557 0.000000
vt 0.252046 -0.205180 0.000000
vt 0.311308 -0.205180 0.000000
vt 0.311308 -0.263802 0.000000
vt 0.370569 -0.263802 0.000000
vt 0.370569 -0.322425 0.000000
vt 0.429830 -0.322425 0.000000
vt 0.429830 -0.381048 0.000000
vt 0.489092 -0.381048 0.000000
vt 0.489092 -0.439671 0.000000
vt 0.548353 -0.439671 0.000000
vt 0.548353 -0.498293 0.000000
vt 0.607614 -0.498293 0.000000
vt 0.607614 -0.556916 0.000000
vt 0.666876 -0.556916 0.000000
vt 0.666876 -0.615539 0.000000
vt 0.726137 -0.615539 0.000000
vt 0.726137 -0.674162 0.000000
vt 0.785398 -0.674162 0.000000
vt -0.636874 0.589260 0.000000
vt -0.577612 0.556916 0.000000
vt -0.518351 0.498293 0.000000
vt -0.459090 0.439671 0.000000
vt -0.399828 0.381048 0.000000
vt -0.340567 0.322425 0.000000
vt -0.281306 0.263802 0.000000
vt -0.222044 0.205180 0.000000
vt -0.162783 0.146557 0.000000
vt -0.103522 0.087934 0.000000
vt -0.044260 0.029311 0.000000
vt 0.015001 -0.029311 0.000000
vt 0.074262 -0.087934 0.000000
vt 0.133524 -0.146557 0.000000
vt 0.192785 -0.205180 0.000000
vt 0.252046 -0.263802 0.000000
vt 0.311308 -0.322425 0.000000
vt 0.370569 -0.381048 0.000000
vt 0.429830 -0.439671 0.000000
vt 0.489092 -0.498293 0.000000
vt 0.548353 -0.556916 0.000000
vt 0.607614 -0.615539 0.000000
vt 0.666876 -0.674162 0.000000
vt 0.726137 -0.732784 0.000000
vt 0.785398 -0.732784 0.000000
vt -0.636874 0.482121 0.000000
vt -0.577612 0.498293 0.000000
vt -0.518351 0.439671 0.000000
vt -0.459090 0.381048 0.000000
vt -0.399828 0.322425 0.000000
vt -0.340567 0.263802 0.000000
vt -0.281306 0.205180 0.000000
vt -0.222044 0.146557 0.000000
vt -0.162783 0.087934 0.000000
vt -0.103522 0.029311 0.000000
vt -0.044260 -0.029311 0.000000
vt 0.015001 -0.087934 0.000000
vt 0.074262 -0.146557 0.000000
vt 0.133524 -0.205180 0.000000
vt 0.192785 -0.263802 0.000000
vt 0.252046 -0.322425 0.000000
vt 0.311308 -0.381048 0.000000
vt 0.370569 -0.439671 0.000000
vt 0.429830 -0.498293 0.000000
vt 0.489092 -0.556916 0.000000
vt 0.548353 -0.615539 0.000000
vt 0.607614 -0.674162 0.000000
vt 0.666876 -0.732784 0.000000
vt 0.726137 -0.791407 0.000000
vt 0.785398 -0.791407 0.000000
vt -0.577612 0.439671 0.000000
vt -0.636874 0.374983 0.000000
vt -0.577612 0.381048 0.000000
vt -0.577612 0.322425 0.000000
vt -0.518351 0.322425 0.000000
vt -0.518351 0.263802 0.000000
vt -0.459090 0.263802 0.000000
vt -0.459090 0.205180 0.000000
vt -0.399828 0.205180 0.000000
vt -0.399828 0.146557 0.000000
vt -0.340567 0.146557 0.000000
vt -0.340567 0.087934 0.000000
vt -0.281306 0.087934 0.000000
vt -0.281306 0.029311 0.000000
vt -0.222044 0.029311 0.000000
vt -0.222044 -0.029311 0.000000
vt -0.162783 -0.029311 0.000000
vt -0.162783 -0.087934 0.000000
vt -0.103522 -0.087934 0.000000
vt -0.103522 -0.146557 0.000000
vt -0.044260 -0.146557 0.000000
vt -0.044260 -0.205180 0.000000
vt 0.015001 -0.205180 0.000000
vt 0.015001 -0.263802 0.000000
vt 0.074262 -0.263802 0.000000
vt 0.074262 -0.322425 0.000000
vt 0.133524 -0.322425 0.000000
vt 0.133524 -0.381048 0.000000
vt 0.192785 -0.381048 0.000000
vt 0.192785 -0.439671 0.000000
vt 0.252046 -0.439671 0.000000
vt 0.252046 -0.498293 0.000000
vt 0.311308 -0.498293 0.000000
vt 0.311308 -0.556916 0.000000
vt 0.370569 -0.556916 0.000000
vt 0.370569 -0.615539 0.000000
vt 0.429830 -0.615539 0.000000
vt 0.429830 -0.674162 0.000000
vt 0.489092 -0.674162 0.000000
vt 0.489092 -0.732784 0.000000
vt 0.548353 -0.732784 0.000000
vt 0.548353 -0.791407 0.000000
vt 0.607614 -0.791407 0.000000
vt 0.607614 -0.850030 0.000000
vt 0.666876 -0.850030 0.000000
vt 0.666876 -0.908652 0.000000
vt 0.726137 -0.908652 0.000000
vt 0.726137 -0.967275 0.000000
vt 0.785398 -0.967275 0.000000
vt -0.636874 0.267845 0.000000
vt -0.577612 0.263802 0.000000
vt -0.518351 0.205180 0.000000
vt -0.459090 0.146557 0.000000
vt -0.399828 0.087934 0.000000
vt -0.340567 0.029311 0.000000
vt -0.281306 -0.029311 0.000000
vt -0.222044 -0.087934 0.000000
vt -0.162783 -0.146557 0.000000
vt -0.103522 -0.205180 0.000000
vt -0.044260 -0.263802 0.000000
vt 0.015001 -0.322425 0.000000
vt 0.074262 -0.381048 0.000000
vt 0.133524 -0.439671 0.000000
vt 0.192785 -0.498293 0.000000
vt 0.252046 -0.556916 0.000000
vt 0.311308 -0.615539 0.000000
vt 0.370569 -0.674162 0.000000
vt 0.429830 -0.732784 0.000000
vt 0.489092 -0.791407 0.000000
vt 0.548353 -0.850030 0.000000
vt 0.607614 -0.908652 0.000000
vt 0.666876 -0.967275 0.000000
vt 0.726137 -1.025898 0.000000
vt 0.785398 -1.025898 0.000000
vt -0.577612 0.205180 0.000000
vt -0.636874 0.160707 0.000000
vt -0.577612 0.146557 0.000000
vt -0.577612 0.087934 0.000000
vt -0.518351 0.087934 0.000000
vt -0.518351 0.029311 0.000000
vt -0.459090 0.029311 0.000000
vt -0.459090 -0.029311 0.000000
vt -0.399828 -0.029311 0.000000
vt -0.399828 -0.087934 0.000000
vt -0.340567 -0.087934 0.000000
vt -0.340567 -0.146557 0.000000
vt -0.281306 -0.146557 0.000000
vt -0.281306 -0.205180 0.000000
vt -0.222044 -0.205180 0.000000
vt -0.222044 -0.263802 0.000000
vt -0.162783 -0.263802 0.000000
vt -0.162783 -0.322425 0.000000
vt -0.103522 -0.322425 0.000000
vt -0.103522 -0.381048 0.000000
vt -0.044260 -0.381048 0.000000
vt -0.044260 -0.439671 0.000000
vt 0.015001 -0.439671 0.000000
vt 0.015001 -0.498293 0.000000
vt 0.074262 -0.498293 0.000000
vt 0.074262 -0.556916 0.000000
vt 0.133524 -0.556916 0.000000
vt 0.133524 -0.615539 0.000000
vt 0.192785 -0.615539 0.000000
vt 0.192785 -0.674162 0.000000
vt 0.252046 -0.674162 0.000000
vt 0.252046 -0.732784 0.000000
vt 0.311308 -0.732784 0.000000
vt 0.311308 -0.791407 0.000000
vt 0.370569 -0.791407 0.000000
vt 0.370569 -0.850030 0.000000
vt 0.429830 -0.850030 0.000000
vt 0.429830 -0.908652 0.000000
vt 0.489092 -0.908652 0.000000
vt 0.489092 -0.967275 0.000000
vt 0.548353 -0.967275 0.000000
vt 0.548353 -1.025898 0.000000
vt 0.607614 -1.025898 0.000000
vt 0.607614 -1.084521 0.000000
vt 0.666876 -1.084521 0.000000
vt 0.666876 -1.143143 0.000000
vt 0.726137 -1.143143 0.000000
vt 0.726137 -1.201766 0.000000
vt 0.785398 -1.201766 0.000000
vt -0.636874 0.053569 0.000000
vt -0.577612 0.029311 0.000000
vt -0.518351 -0.029311 0.000000
vt -0.459090 -0.087934 0.000000
vt -0.399828 -0.146557 0.000000
vt -0.340567 -0.205180 0.000000
vt -0.281306 -0.263802 0.000000
vt -0.222044 -0.322425 0.000000
vt -0.162783 -0.381048 0.000000
vt -0.103522 -0.439671 0.000000
vt -0.044260 -0.498293 0.000000
vt 0.015001 -0.556916 0.000000
vt 0.074262 -0.615539 0.000000
vt 0.133524 -0.674162 0.000000
vt 0.192785 -0.732784 0.000000
vt 0.252046 -0.791407 0.000000
vt 0.311308 -0.850030 0.000000
vt 0.370569 -0.908652 0.000000
vt 0.429830 -0.967275 0.000000
vt 0.489092 -1.025898 0.000000
vt 0.548353 -1.084521 0.000000
vt 0.607614 -1.143143 0.000000
vt 0.666876 -1.201766 0.000000
vt 0.726137 -1.260389 0.000000
vt 0.785398 -1.260389 0.000000
vt -0.636874 -0.053569 0.000000
vt -0.577612 -0.029311 0.000000
vt -0.518351 -0.087934 0.000000
vt -0.459090 -0.146557 0.000000
vt -0.399828 -0.205180 0.000000
vt -0.340567 -0.263802 0.000000
vt -0.281306 -0.322425 0.000000
vt -0.222044 -0.381048 0.000000
vt -0.162783 -0.439671 0.000000
vt -0.103522 -0.498293 0.000000
vt -0.044260 -0.556916 0.000000
vt 0.015001 -0.615539 0.000000
vt 0.074262 -0.674162 0.000000
vt 0.133524 -0.732784 0.000000
vt 0.192785 -0.791407 0.000000
vt 0.252046 -0.850030 0.000000
vt 0.311308 -0.908652 0.000000
vt 0.370569 -0.967275 0.000000
vt 0.429830 -1.025898 0.000000
vt 0.489092 -1.084521 0.000000
vt 0.548353 -1.143143 0.000000
vt 0.607614 -1.201766 0.000000
vt 0.666876 -1.260389 0.000000
vt 0.726137 -1.319012 0.000000
vt 0.785398 -1.319012 0.000000
vt -0.577612 -0.087934 0.000000
vt -0.636874 -0.160707 0.000000
vt -0.577612 -0.146557 0.000000
vt -0.577612 -0.205180 0.000000
vt -0.518351 -0.205180 0.000000
vt -0.518351 -0.263802 0.000000
vt -0.459090 -0.263802 0.000000
vt -0.459090 -0.322425 0.000000
vt -0.399828 -0.322425 0.000000
vt -0.399828 -0.381048 0.000000
vt -0.340567 -0.381048 0.000000
vt -0.340567 -0.439671 0.000000
vt -0.281306 -0.439671 0.000000
vt -0.281306 -0.498293 0.000000
vt -0.222044 -0.498293 0.000000
vt -0.222044 -0.556916 0.000000
vt -0.162783 -0.556916 0.000000
vt -0.162783 -0.615539 0.000000
vt -0.103522 -0.615539 0.000000
vt -0.103522 -0.674162 0.000000
vt -0.044260 -0.674162 0.000000
vt -0.044260 -0.732784 0.000000
vt 0.015001 -0.732784 0.000000
vt 0.015001 -0.791407 0.000000
vt 0.074262 -0.791407 0.000000
vt 0.074262 -0.850030 0.000000
vt 0.133524 -0.850030 0.000000
vt 0.133524 -0.908652 0.000000
vt 0.192785 -0.908652 0.000000
vt 0.192785 -0.967275 0.000000
vt 0.252046 -0.967275 0.000000
vt 0.252046 -1.025898 0.000000
vt 0.311308 -1.025898 0.000000
vt 0.311308 -1.084521 0.000000
vt 0.370569 -1.084521 0.000000
vt 0.370569 -1.143143 0.000000
vt 0.429830 -1.143143 0.000000
vt 0.429830 -1.201766 0.000000
vt 0.489092 -1.201766 0.000000
vt 0.489092 -1.260389 0.000000
vt 0.548353 -1.260389 0.000000
vt 0.548353 -1.319012 0.000000
vt 0.607614 -1.319012 0.000000
vt 0.607614 -1.377634 0.000000
vt 0.666876 -1.377634 0.000000
vt 0.666876 -1.436257 0.000000
vt 0.726137 -1.436257 0.000000
vt 0.785398 -1.494880 0.000000
vt -0.636874 -0.267845 0.000000
vt -0.577612 -0.263802 0.000000
vt -0.518351 -0.322425 0.000000
vt -0.459090 -0.381048 0.000000
vt -0.399828 -0.439671 0.000000
vt -0.340567 -0.498293 0.000000
vt -0.281306 -0.556916 0.000000
vt -0.222044 -0.615539 0.000000
vt -0.162783 -0.674162 0.000000
vt -0.103522 -0.732784 0.000000
vt -0.044260 -0.791407 0.000000
vt 0.015001 -0.850030 0.000000
vt 0.074262 -0.908652 0.000000
vt 0.133524 -0.967275 0.000000
vt 0.192785 -1.025898 0.000000
vt 0.252046 -1.084521 0.000000
vt 0.311308 -1.143143 0.000000
vt 0.370569 -1.201766 0.000000
vt 0.429830 -1.260389 0.000000
vt 0.489092 -1.319012 0.000000
vt 0.548353 -1.377634 0.000000
vt 0.607614 -1.436257 0.000000
vt -0.577612 -0.322425 0.000000
vt -0.636874 -0.374983 0.000000
vt -0.577612 -0.381048 0.000000
vt -0.577612 -0.439671 0.000000
vt -0.518351 -0.439671 0.000000
vt -0.518351 -0.498293 0.000000
vt -0.459090 -0.498293 0.000000
vt -0.459090 -0.556916 0.000000
vt -0.399828 -0.556916 0.000000
vt -0.399828 -0.615539 0.000000
vt -0.340567 -0.615539 0.000000
vt -0.340567 -0.674162 0.000000
vt -0.281306 -0.674162 0.000000
vt -0.281306 -0.732784 0.000000
vt -0.222044 -0.732784 0.000000
vt -0.222044 -0.791407 0.000000
vt -0.162783 -0.791407 0.000000
vt -0.162783 -0.850030 0.000000
vt -0.103522 -0.850030 0.000000
vt -0.103522 -0.908652 0.000000
vt -0.044260 -0.908652 0.000000
vt -0.044260 -0.967275 0.000000
vt 0.015001 -0.967275 0.000000
vt 0.015001 -1.025898 0.000000
vt 0.074262 -1.025898 0.000000
vt 0.074262 -1.084521 0.000000
vt 0.133524 -1.084521 0.000000
vt 0.133524 -1.143143 0.000000
vt 0.192785 -1.143143 0.000000
vt 0.192785 -1.201766 0.000000
vt 0.252046 -1.201766 0.000000
vt 0.252046 -1.260389 0.000000
vt 0.311308 -1.260389 0.000000
vt 0.311308 -1.319012 0.000000
vt 0.370569 -1.319012 0.000000
vt 0.370569 -1.377634 0.000000
vt 0.429830 -1.377634 0.000000
vt 0.429830 -1.436257 0.000000
vt 0.489092 -1.436257 0.000000
vt -0.636874 -0.482121 0.000000
vt -0.577612 -0.498293 0.000000
vt -0.518351 -0.556916 0.000000
vt -0.459090 -0.615539 0.000000
vt -0.399828 -0.674162 0.000000
vt -0.340567 -0.732784 0.000000
vt -0.281306 -0.791407 0.000000
vt -0.222044 -0.850030 0.000000
vt -0.162783 -0.908652 0.000000
vt -0.103522 -0.967275 0.000000
vt -0.044260 -1.025898 0.000000
vt 0.015001 -1.084521 0.000000
vt 0.074262 -1.143143 0.000000
vt 0.133524 -1.201766 0.000000
vt 0.192785 -1.260389 0.000000
vt 0.252046 -1.319012 0.000000
vt 0.311308 -1.377634 0.000000
vt 0.370569 -1.436257 0.000000
vt -0.577612 -0.556916 0.000000
vt -0.636874 -0.589260 0.000000
vt -0.577612 -0.615539 0.000000
vt -0.636874 -0.696398 0.000000
vt -0.577612 -0.674162 0.000000
vt -0.577612 -0.732784 0.000000
vt -0.518351 -0.732784 0.000000
vt -0.518351 -0.791407 0.000000
vt -0.459090 -0.791407 0.000000
vt -0.459090 -0.850030 0.000000
vt -0.399828 -0.850030 0.000000
vt -0.399828 -0.908652 0.000000
vt -0.340567 -0.908652 0.000000
vt -0.340567 -0.967275 0.000000
vt -0.281306 -0.967275 0.000000
vt -0.281306 -1.025898 0.000000
vt -0.222044 -1.025898 0.000000
vt -0.222044 -1.084521 0.000000
vt -0.162783 -1.084521 0.000000
vt -0.162783 -1.143143 0.000000
vt -0.103522 -1.143143 0.000000
vt -0.103522 -1.201766 0.000000
vt -0.044260 -1.201766 0.000000
vt -0.044260 -1.260389 0.000000
vt 0.015001 -1.260389 0.000000
vt 0.015001 -1.319012 0.000000
vt 0.074262 -1.319012 0.000000
vt 0.074262 -1.377634 0.000000
vt 0.133524 -1.377634 0.000000
vt 0.133524 -1.436257 0.000000
vt 0.192785 -1.436257 0.000000
vt -0.636874 -0.803536 0.000000
vt -0.577612 -0.791407 0.000000
vt -0.518351 -0.850030 0.000000
vt -0.459090 -0.908652 0.000000
vt -0.399828 -0.967275 0.000000
vt -0.340567 -1.025898 0.000000
vt -0.281306 -1.084521 0.000000
vt -0.222044 -1.143143 0.000000
vt -0.162783 -1.201766 0.000000
vt -0.103522 -1.260389 0.000000
vt -0.044260 -1.319012 0.000000
vt 0.015001 -1.377634 0.000000
vt 0.074262 -1.436257 0.000000
vt -0.577612 -0.850030 0.000000
vt -0.636874 -0.910674 0.000000
vt -0.577612 -0.908652 0.000000
vt -0.577612 -0.967275 0.000000
vt -0.518351 -0.967275 0.000000
vt -0.518351 -1.025898 0.000000
vt -0.459090 -1.025898 0.000000
vt -0.459090 -1.084521 0.000000
vt -0.399828 -1.084521 0.000000
vt -0.399828 -1.143143 0.000000
vt -0.340567 -1.143143 0.000000
vt -0.340567 -1.201766 0.000000
vt -0.281306 -1.201766 0.000000
vt -0.281306 -1.260389 0.000000
vt -0.222044 -1.260389 0.000000
vt -0.222044 -1.319012 0.000000
vt -0.162783 -1.319012 0.000000
vt -0.162783 -1.377634 0.000000
vt -0.103522 -1.377634 0.000000
vt -0.103522 -1.436257 0.000000
vt -0.044260 -1.436257 0.000000
vt -0.636874 -1.017812 0.000000
vt -0.577612 -1.025898 0.000000
vt -0.518351 -1.084521 0.000000
vt -0.459090 -1.143143 0.000000
vt -0.399828 -1.201766 0.000000
vt -0.340567 -1.260389 0.000000
vt -0.281306 -1.319012 0.000000
vt -0.222044 -1.377634 0.000000
vt -0.162783 -1.436257 0.000000
vt -0.577612 -1.084521 0.000000
vt -0.636874 -1.124950 0.000000
vt -0.577612 -1.143143 0.000000
vt -0.577612 -1.201766 0.000000
vt -0.518351 -1.201766 0.000000
vt -0.518351 -1.260389 0.000000
vt -0.459090 -1.260389 0.000000
vt -0.459090 -1.319012 0.000000
vt -0.399828 -1.319012 0.000000
vt -0.399828 -1.377634 0.000000
vt -0.340567 -1.377634 0.000000
vt -0.340567 -1.436257 0.000000
vt -0.281306 -1.436257 0.000000
vt -0.636874 -1.232088 0.000000
vt -0.577612 -1.260389 0.000000
vt -0.518351 -1.319012 0.000000
vt -0.459090 -1.377634 0.000000
vt -0.399828 -1.436257 0.000000
vt -0.636874 -1.339226 0.000000
vt -0.577612 -1.319012 0.000000
vt -0.518351 -1.377634 0.000000
vt -0.459090 -1.436257 0.000000
vt -0.577612 -1.377634 0.000000
vt -0.636874 -1.446364 0.000000
vt -0.577612 -1.436257 0.000000
vt 0.785398 1.494880 0.000000
vt 0.726137 1.553503 0.000000
vt 0.785398 -1.436257 0.000000
vt 0.726137 -1.377634 0.000000
vt 0.785398 -1.377634 0.000000
vt 0.785398 -1.143143 0.000000
vt 0.726137 -1.084521 0.000000
vt 0.785398 -1.084521 0.000000
vt 0.785398 -0.908652 0.000000
vt 0.726137 -0.850030 0.000000
vt 0.785398 -0.850030 0.000000
vt 0.785398 -0.615539 0.000000
vt 0.726137 -0.556916 0.000000
vt 0.785398 -0.381048 0.000000
vt 0.726137 -0.322425 0.000000
vt 0.785398 -0.322425 0.000000
vt 0.785398 -0.146557 0.000000
vt 0.726137 -0.087934 0.000000
vt 0.785398 -0.087934 0.000000
vt 0.726137 -0.029311 0.000000
vt 0.785398 -0.029311 0.000000
vt 0.726137 0.029311 0.000000
vt 0.785398 0.029311 0.000000
vt 0.726137 0.087934 0.000000
vt 0.785398 0.087934 0.000000
vt 0.726137 0.146557 0.000000
vt 0.785398 0.146557 0.000000
vt 0.726137 0.205180 0.000000
vt 0.785398 0.205180 0.000000
vt 0.726137 0.263802 0.000000
vt 0.785398 0.263802 0.000000
vt 0.726137 0.322425 0.000000
vt 0.785398 0.322425 0.000000
vt 0.726137 0.381048 0.000000
vt 0.785398 0.381048 0.000000
vt 0.726137 0.439671 0.000000
vt 0.785398 0.439671 0.000000
vt 0.726137 0.498293 0.000000
vt 0.726137 0.556916 0.000000
vt 0.785398 0.556916 0.000000
vt 0.726137 0.615539 0.000000
vt 0.785398 0.615539 0.000000
vt 0.726137 0.674162 0.000000
vt 0.785398 0.674162 0.000000
vt 0.726137 0.732784 0.000000
vt 0.785398 0.732784 0.000000
vt 0.726137 0.791407 0.000000
vt 0.785398 0.791407 0.000000
vt 0.726137 0.850030 0.000000
vt 0.785398 0.850030 0.000000
vt 0.726137 0.908652 0.000000
vt 0.785398 0.908652 0.000000
vt 0.726137 0.967275 0.000000
vt 0.785398 0.967275 0.000000
vt 0.726137 1.025898 0.000000
vt 0.785398 1.025898 0.000000
vt 0.726137 1.084521 0.000000
vt 0.785398 1.084521 0.000000
vt 0.726137 1.143143 0.000000
vt 0.785398 1.143143 0.000000
vt 0.726137 1.201766 0.000000
vt 0.785398 1.201766 0.000000
vt 0.726137 1.260389 0.000000
vt 0.785398 1.260389 0.000000
vt 0.785398 1.377634 0.000000
vt -0.518351 1.553503 0.000000
vt -0.459090 1.553503 0.000000
vt -0.399828 1.553503 0.000000
vt -0.340567 1.553503 0.000000
vt -0.281306 1.553503 0.000000
vt -0.222044 1.553503 0.000000
vt -0.162783 1.553503 0.000000
vt -0.103522 1.553503 0.000000
vt -0.044260 1.553503 0.000000
vt 0.015001 1.553503 0.000000
vt 0.074262 1.553503 0.000000
vt 0.133524 1.553503 0.000000
vt 0.192785 1.553503 0.000000
vt 0.252046 1.553503 0.000000
vt 0.311308 1.553503 0.000000
vt 0.370569 1.553503 0.000000
vt 0.429830 1.553503 0.000000
vt 0.489092 1.553503 0.000000
vt 0.548353 1.553503 0.000000
vt 0.607614 1.553503 0.000000
vt 0.666876 1.553503 0.000000
vt 0.785398 -0.517834 0.000000
vt 0.785398 0.517834 0.000000
vt -0.518351 1.260389 0.000000
vt -0.518351 1.201766 0.000000
vt -0.518351 1.143143 0.000000
vt -0.459090 1.260389 0.000000
vt -0.459090 1.201766 0.000000
vt -0.459090 1.143143 0.000000
vt -0.459090 1.084521 0.000000
vt -0.399828 1.260389 0.000000
vt -0.399828 1.201766 0.000000
vt -0.399828 1.143143 0.000000
vt -0.399828 1.084521 0.000000
vt -0.399828 1.025898 0.000000
vt -0.340567 1.260389 0.000000
vt -0.340567 1.201766 0.000000
vt -0.340567 1.143143 0.000000
vt -0.340567 1.084521 0.000000
vt -0.340567 1.025898 0.000000
vt -0.340567 0.967275 0.000000
vt -0.281306 1.260389 0.000000
vt -0.281306 1.201766 0.000000
vt -0.281306 1.143143 0.000000
vt -0.281306 1.084521 0.000000
vt -0.281306 1.025898 0.000000
vt -0.281306 0.967275 0.000000
vt -0.281306 0.908652 0.000000
vt -0.222044 1.260389 0.000000
vt -0.222044 1.201766 0.000000
vt -0.222044 1.143143 0.000000
vt -0.222044 1.084521 0.000000
vt -0.222044 1.025898 0.000000
vt -0.222044 0.967275 0.000000
vt -0.222044 0.908652 0.000000
vt -0.222044 0.850030 0.000000
vt -0.162783 1.260389 0.000000
vt -0.162783 1.201766 0.000000
vt -0.162783 1.143143 0.000000
vt -0.162783 1.084521 0.000000
vt -0.162783 1.025898 0.000000
vt -0.162783 0.967275 0.000000
vt -0.162783 0.908652 0.000000
vt -0.162783 0.850030 0.000000
vt -0.162783 0.791407 0.000000
vt -0.103522 1.260389 0.000000
vt -0.103522 1.201766 0.000000
vt -0.103522 1.143143 0.000000
vt -0.103522 1.084521 0.000000
vt -0.103522 1.025898 0.000000
vt -0.103522 0.967275 0.000000
vt -0.103522 0.908652 0.000000
vt -0.103522 0.850030 0.000000
vt -0.103522 0.791407 0.000000
vt -0.103522 0.732784 0.000000
vt -0.044260 1.260389 0.000000
vt -0.044260 1.201766 0.000000
vt -0.044260 1.143143 0.000000
vt -0.044260 1.084521 0.000000
vt -0.044260 1.025898 0.000000
vt -0.044260 0.967275 0.000000
vt -0.044260 0.908652 0.000000
vt -0.044260 0.850030 0.000000
vt -0.044260 0.791407 0.000000
vt -0.044260 0.732784 0.000000
vt -0.044260 0.674162 0.000000
vt 0.015001 1.260389 0.000000
vt 0.015001 1.201766 0.000000
vt 0.015001 1.143143 0.000000
vt 0.015001 1.084521 0.000000
vt 0.015001 1.025898 0.000000
vt 0.015001 0.967275 0.000000
vt 0.015001 0.908652 0.000000
vt 0.015001 0.850030 0.000000
vt 0.015001 0.791407 0.000000
vt 0.015001 0.732784 0.000000
vt 0.015001 0.674162 0.000000
vt 0.015001 0.615539 0.000000
vt 0.074262 1.260389 0.000000
vt 0.074262 1.201766 0.000000
vt 0.074262 1.143143 0.000000
vt 0.074262 1.084521 0.000000
vt 0.074262 1.025898 0.000000
vt 0.074262 0.967275 0.000000
vt 0.074262 0.908652 0.000000
vt 0.074262 0.850030 0.000000
vt 0.074262 0.791407 0.000000
vt 0.074262 0.732784 0.000000
vt 0.074262 0.674162 0.000000
vt 0.074262 0.615539 0.000000
vt 0.074262 0.556916 0.000000
vt 0.133524 1.260389 0.000000
vt 0.133524 1.201766 0.000000
vt 0.133524 1.143143 0.000000
vt 0.133524 1.084521 0.000000
vt 0.133524 1.025898 0.000000
vt 0.133524 0.967275 0.000000
vt 0.133524 0.908652 0.000000
vt 0.133524 0.850030 0.000000
vt 0.133524 0.791407 0.000000
vt 0.133524 0.732784 0.000000
vt 0.133524 0.674162 0.000000
vt 0.133524 0.615539 0.000000
vt 0.133524 0.556916 0.000000
vt 0.133524 0.498293 0.000000
vt 0.192785 1.260389 0.000000
vt 0.192785 1.201766 0.000000
vt 0.192785 1.143143 0.000000
vt 0.192785 1.084521 0.000000
vt 0.192785 1.025898 0.000000
vt 0.192785 0.967275 0.000000
vt 0.192785 0.908652 0.000000
vt 0.192785 0.850030 0.000000
vt 0.192785 0.791407 0.000000
vt 0.192785 0.732784 0.000000
vt 0.192785 0.674162 0.000000
vt 0.192785 0.615539 0.000000
vt 0.192785 0.556916 0.000000
vt 0.192785 0.498293 0.000000
vt 0.192785 0.439671 0.000000
vt 0.252046 1.260389 0.000000
vt 0.252046 1.201766 0.000000
vt 0.252046 1.143143 0.000000
vt 0.252046 1.084521 0.000000
vt 0.252046 1.025898 0.000000
vt 0.252046 0.967275 0.000000
vt 0.252046 0.908652 0.000000
vt 0.252046 0.850030 0.000000
vt 0.252046 0.791407 0.000000
vt 0.252046 0.732784 0.000000
vt 0.252046 0.674162 0.000000
vt 0.252046 0.615539 0.000000
vt 0.252046 0.556916 0.000000
vt 0.252046 0.498293 0.000000
vt 0.252046 0.439671 0.000000
vt 0.252046 0.381048 0.000000
vt 0.311308 1.260389 0.000000
vt 0.311308 1.201766 0.000000
vt 0.311308 1.143143 0.000000
vt 0.311308 1.084521 0.000000
vt 0.311308 1.025898 0.000000
vt 0.311308 0.967275 0.000000
vt 0.311308 0.908652 0.000000
vt 0.311308 0.850030 0.000000
vt 0.311308 0.791407 0.000000
vt 0.311308 0.732784 0.000000
vt 0.311308 0.674162 0.000000
vt 0.311308 0.615539 0.000000
vt 0.311308 0.556916 0.000000
vt 0.311308 0.498293 0.000000
vt 0.311308 0.439671 0.000000
vt 0.311308 0.381048 0.000000
vt 0.311308 0.322425 0.000000
vt 0.370569 1.260389 0.000000
vt 0.370569 1.201766 0.000000
vt 0.370569 1.143143 0.000000
vt 0.370569 1.084521 0.000000
vt 0.370569 1.025898 0.000000
vt 0.370569 0.967275 0.000000
vt 0.370569 0.908652 0.000000
vt 0.370569 0.850030 0.000000
vt 0.370569 0.791407 0.000000
vt 0.370569 0.732784 0.000000
vt 0.370569 0.674162 0.000000
vt 0.370569 0.615539 0.000000
vt 0.370569 0.556916 0.000000
vt 0.370569 0.498293 0.000000
vt 0.370569 0.439671 0.000000
vt 0.370569 0.381048 0.000000
vt 0.370569 0.322425 0.000000
vt 0.370569 0.263802 0.000000
vt 0.429830 1.260389 0.000000
vt 0.429830 1.201766 0.000000
vt 0.429830 1.143143 0.000000
vt 0.429830 1.084521 0.000000
vt 0.429830 1.025898 0.000000
vt 0.429830 0.967275 0.000000
vt 0.429830 0.908652 0.000000
vt 0.429830 0.850030 0.000000
vt 0.429830 0.791407 0.000000
vt 0.429830 0.732784 0.000000
vt 0.429830 0.674162 0.000000
vt 0.429830 0.615539 0.000000
vt 0.429830 0.556916 0.000000
vt 0.429830 0.498293 0.000000
vt 0.429830 0.439671 0.000000
vt 0.429830 0.381048 0.000000
vt 0.429830 0.322425 0.000000
vt 0.429830 0.263802 0.000000
vt 0.429830 0.205180 0.000000
vt 0.489092 1.260389 0.000000
vt 0.489092 1.201766 0.000000
vt 0.489092 1.143143 0.000000
vt 0.489092 1.084521 0.000000
vt 0.489092 1.025898 0.000000
vt 0.489092 0.967275 0.000000
vt 0.489092 0.908652 0.000000
vt 0.489092 0.850030 0.000000
vt 0.489092 0.791407 0.000000
vt 0.489092 0.732784 0.000000
vt 0.489092 0.674162 0.000000
vt 0.489092 0.615539 0.000000
vt 0.489092 0.556916 0.000000
vt 0.489092 0.498293 0.000000
vt 0.489092 0.439671 0.000000
vt 0.489092 0.381048 0.000000
vt 0.489092 0.322425 0.000000
vt 0.489092 0.263802 0.000000
vt 0.489092 0.205180 0.000000
vt 0.489092 0.146557 0.000000
vt 0.548353 1.260389 0.000000
vt 0.548353 1.201766 0.000000
vt 0.548353 1.143143 0.000000
vt 0.548353 1.084521 0.000000
vt 0.548353 1.025898 0.000000
vt 0.548353 0.967275 0.000000
vt 0.548353 0.908652 0.000000
vt 0.548353 0.850030 0.000000
vt 0.548353 0.791407 0.000000
vt 0.548353 0.732784 0.000000
vt 0.548353 0.674162 0.000000
vt 0.548353 0.615539 0.000000
vt 0.548353 0.556916 0.000000
vt 0.548353 0.498293 0.000000
vt 0.548353 0.439671 0.000000
vt 0.548353 0.381048 0.000000
vt 0.548353 0.322425 0.000000
vt 0.548353 0.263802 0.000000
vt 0.548353 0.205180 0.000000
vt 0.548353 0.146557 0.000000
vt 0.548353 0.087934 0.000000
vt 0.607614 1.260389 0.000000
vt 0.607614 1.201766 0.000000
vt 0.607614 1.143143 0.000000
vt 0.607614 1.084521 0.000000
vt 0.607614 1.025898 0.000000
vt 0.607614 0.967275 0.000000
vt 0.607614 0.908652 0.000000
vt 0.607614 0.850030 0.000000
vt 0.607614 0.791407 0.000000
vt 0.607614 0.732784 0.000000
vt 0.607614 0.674162 0.000000
vt 0.607614 0.615539 0.000000
vt 0.607614 0.556916 0.000000
vt 0.607614 0.498293 0.000000
vt 0.607614 0.439671 0.000000
vt 0.607614 0.381048 0.000000
vt 0.607614 0.322425 0.000000
vt 0.607614 0.263802 0.000000
vt 0.607614 0.205180 0.000000
vt 0.607614 0.146557 0.000000
vt 0.607614 0.087934 0.000000
vt 0.607614 0.029311 0.000000
vt 0.666876 1.260389 0.000000
vt 0.666876 1.201766 0.000000
vt 0.666876 1.143143 0.000000
vt 0.666876 1.084521 0.000000
vt 0.666876 1.025898 0.000000
vt 0.666876 0.967275 0.000000
vt 0.666876 0.908652 0.000000
vt 0.666876 0.850030 0.000000
vt 0.666876 0.791407 0.000000
vt 0.666876 0.732784 0.000000
vt 0.666876 0.674162 0.000000
vt 0.666876 0.615539 0.000000
vt 0.666876 0.556916 0.000000
vt 0.666876 0.498293 0.000000
vt 0.666876 0.439671 0.000000
vt 0.666876 0.381048 0.000000
vt 0.666876 0.322425 0.000000
vt 0.666876 0.263802 0.000000
vt 0.666876 0.205180 0.000000
vt 0.666876 0.146557 0.000000
vt 0.666876 0.087934 0.000000
vt 0.666876 0.029311 0.000000
vt 0.666876 -0.029311 0.000000
vt -0.518351 0.908652 0.000000
vt -0.459090 0.850030 0.000000
vt -0.399828 0.791407 0.000000
vt -0.340567 0.732784 0.000000
vt -0.281306 0.674162 0.000000
vt -0.222044 0.615539 0.000000
vt -0.162783 0.556916 0.000000
vt -0.103522 0.498293 0.000000
vt -0.044260 0.439671 0.000000
vt 0.015001 0.381048 0.000000
vt 0.074262 0.322425 0.000000
vt 0.133524 0.263802 0.000000
vt 0.192785 0.205180 0.000000
vt 0.252046 0.146557 0.000000
vt 0.311308 0.087934 0.000000
vt 0.370569 0.029311 0.000000
vt 0.429830 -0.029311 0.000000
vt 0.489092 -0.087934 0.000000
vt 0.548353 -0.146557 0.000000
vt 0.607614 -0.205180 0.000000
vt 0.666876 -0.263802 0.000000
vt -0.518351 0.674162 0.000000
vt -0.459090 0.615539 0.000000
vt -0.399828 0.556916 0.000000
vt -0.340567 0.498293 0.000000
vt -0.281306 0.439671 0.000000
vt -0.222044 0.381048 0.000000
vt -0.162783 0.322425 0.000000
vt -0.103522 0.263802 0.000000
vt -0.044260 0.205180 0.000000
vt 0.015001 0.146557 0.000000
vt 0.074262 0.087934 0.000000
vt 0.133524 0.029311 0.000000
vt 0.192785 -0.029311 0.000000
vt 0.252046 -0.087934 0.000000
vt 0.311308 -0.146557 0.000000
vt 0.370569 -0.205180 0.000000
vt 0.429830 -0.263802 0.000000
vt 0.489092 -0.322425 0.000000
vt 0.548353 -0.381048 0.000000
vt 0.607614 -0.439671 0.000000
vt 0.666876 -0.498293 0.000000
vt -0.518351 0.381048 0.000000
vt -0.459090 0.322425 0.000000
vt -0.399828 0.263802 0.000000
vt -0.340567 0.205180 0.000000
vt -0.281306 0.146557 0.000000
vt -0.222044 0.087934 0.000000
vt -0.162783 0.029311 0.000000
vt -0.103522 -0.029311 0.000000
vt -0.044260 -0.087934 0.000000
vt 0.015001 -0.146557 0.000000
vt 0.074262 -0.205180 0.000000
vt 0.133524 -0.263802 0.000000
vt 0.192785 -0.322425 0.000000
vt 0.252046 -0.381048 0.000000
vt 0.311308 -0.439671 0.000000
vt 0.370569 -0.498293 0.000000
vt 0.429830 -0.556916 0.000000
vt 0.489092 -0.615539 0.000000
vt 0.548353 -0.674162 0.000000
vt 0.607614 -0.732784 0.000000
vt 0.666876 -0.791407 0.000000
vt -0.518351 0.146557 0.000000
vt -0.459090 0.087934 0.000000
vt -0.399828 0.029311 0.000000
vt -0.340567 -0.029311 0.000000
vt -0.281306 -0.087934 0.000000
vt -0.222044 -0.146557 0.000000
vt -0.162783 -0.205180 0.000000
vt -0.103522 -0.263802 0.000000
vt -0.044260 -0.322425 0.000000
vt 0.015001 -0.381048 0.000000
vt 0.074262 -0.439671 0.000000
vt 0.133524 -0.498293 0.000000
vt 0.192785 -0.556916 0.000000
vt 0.252046 -0.615539 0.000000
vt 0.311308 -0.674162 0.000000
vt 0.370569 -0.732784 0.000000
vt 0.429830 -0.791407 0.000000
vt 0.489092 -0.850030 0.000000
vt 0.548353 -0.908652 0.000000
vt 0.607614 -0.967275 0.000000
vt 0.666876 -1.025898 0.000000
vt -0.518351 -0.146557 0.000000
vt -0.459090 -0.205180 0.000000
vt -0.399828 -0.263802 0.000000
vt -0.340567 -0.322425 0.000000
vt -0.281306 -0.381048 0.000000
vt -0.222044 -0.439671 0.000000
vt -0.162783 -0.498293 0.000000
vt -0.103522 -0.556916 0.000000
vt -0.044260 -0.615539 0.000000
vt 0.015001 -0.674162 0.000000
vt 0.074262 -0.732784 0.000000
vt 0.133524 -0.791407 0.000000
vt 0.192785 -0.850030 0.000000
vt 0.252046 -0.908652 0.000000
vt 0.311308 -0.967275 0.000000
vt 0.370569 -1.025898 0.000000
vt 0.429830 -1.084521 0.000000
vt 0.489092 -1.143143 0.000000
vt 0.548353 -1.201766 0.000000
vt 0.607614 -1.260389 0.000000
vt 0.666876 -1.319012 0.000000
vt -0.518351 -0.381048 0.000000
vt -0.459090 -0.439671 0.000000
vt -0.399828 -0.498293 0.000000
vt -0.340567 -0.556916 0.000000
vt -0.281306 -0.615539 0.000000
vt -0.222044 -0.674162 0.000000
vt -0.162783 -0.732784 0.000000
vt -0.103522 -0.791407 0.000000
vt -0.044260 -0.850030 0.000000
vt 0.015001 -0.908652 0.000000
vt 0.074262 -0.967275 0.000000
vt 0.133524 -1.025898 0.000000
vt 0.192785 -1.084521 0.000000
vt 0.252046 -1.143143 0.000000
vt 0.311308 -1.201766 0.000000
vt 0.370569 -1.260389 0.000000
vt 0.429830 -1.319012 0.000000
vt 0.489092 -1.377634 0.000000
vt 0.548353 -1.436257 0.000000
vt -0.518351 -0.615539 0.000000
vt -0.459090 -0.674162 0.000000
vt -0.399828 -0.732784 0.000000
vt -0.340567 -0.791407 0.000000
vt -0.281306 -0.850030 0.000000
vt -0.222044 -0.908652 0.000000
vt -0.162783 -0.967275 0.000000
vt -0.103522 -1.025898 0.000000
vt -0.044260 -1.084521 0.000000
vt 0.015001 -1.143143 0.000000
vt 0.074262 -1.201766 0.000000
vt 0.133524 -1.260389 0.000000
vt 0.192785 -1.319012 0.000000
vt 0.252046 -1.377634 0.000000
vt 0.311308 -1.436257 0.000000
vt -0.518351 -0.674162 0.000000
vt -0.459090 -0.732784 0.000000
vt -0.399828 -0.791407 0.000000
vt -0.340567 -0.850030 0.000000
vt -0.281306 -0.908652 0.000000
vt -0.222044 -0.967275 0.000000
vt -0.162783 -1.025898 0.000000
vt -0.103522 -1.084521 0.000000
vt -0.044260 -1.143143 0.000000
vt 0.015001 -1.201766 0.000000
vt 0.074262 -1.260389 0.000000
vt 0.133524 -1.319012 0.000000
vt 0.192785 -1.377634 0.000000
vt 0.252046 -1.436257 0.000000
vt -0.518351 -0.908652 0.000000
vt -0.459090 -0.967275 0.000000
vt -0.399828 -1.025898 0.000000
vt -0.340567 -1.084521 0.000000
vt -0.281306 -1.143143 0.000000
vt -0.222044 -1.201766 0.000000
vt -0.162783 -1.260389 0.000000
vt -0.103522 -1.319012 0.000000
vt -0.044260 -1.377634 0.000000
vt 0.015001 -1.436257 0.000000
vt -0.518351 -1.143143 0.000000
vt -0.459090 -1.201766 0.000000
vt -0.399828 -1.260389 0.000000
vt -0.340567 -1.319012 0.000000
vt -0.281306 -1.377634 0.000000
vt -0.222044 -1.436257 0.000000
vt -0.518351 -1.436257 0.000000
vt -0.478102 -0.428064 0.000000
vt -1.089051 -0.428064 0.000000
vt -0.478102 -0.459772 0.000000
vt -1.089051 -0.459772 0.000000
vt -0.478102 0.459772 0.000000
vt -1.089051 0.459772 0.000000
vt -0.478102 0.428064 0.000000
vt -1.089051 0.428064 0.000000
vt -0.478102 0.396355 0.000000
vt -1.089051 0.396355 0.000000
vt -0.478102 0.364647 0.000000
vt -1.089051 0.364647 0.000000
vt -0.478102 0.332938 0.000000
vt -1.089051 0.332938 0.000000
vt -0.478102 0.301230 0.000000
vt -1.089051 0.301230 0.000000
vt -0.478102 0.269522 0.000000
vt -1.089051 0.269522 0.000000
vt -0.478102 0.237813 0.000000
vt -1.089051 0.237813 0.000000
vt -0.478102 0.206105 0.000000
vt -1.089051 0.206105 0.000000
vt -0.478102 0.174396 0.000000
vt -1.089051 0.174396 0.000000
vt -0.478102 0.142688 0.000000
vt -1.089051 0.142688 0.000000
vt -0.478102 0.110979 0.000000
vt -1.089051 0.110979 0.000000
vt -0.478102 0.079271 0.000000
vt -1.089051 0.079271 0.000000
vt -0.478102 0.047563 0.000000
vt -1.089051 0.047563 0.000000
vt -0.478102 0.015854 0.000000
vt -1.089051 0.015854 0.000000
vt -0.478102 -0.015854 0.000000
vt -1.089051 -0.015854 0.000000
vt -0.478102 -0.047563 0.000000
vt -1.089051 -0.047563 0.000000
vt -0.478102 -0.079271 0.000000
vt -1.089051 -0.079271 0.000000
vt -0.478102 -0.110979 0.000000
vt -1.089051 -0.110979 0.000000
vt -0.478102 -0.142688 0.000000
vt -1.089051 -0.142688 0.000000
vt -0.478102 -0.174396 0.000000
vt -1.089051 -0.174396 0.000000
vt -0.478102 -0.206105 0.000000
vt -1.089051 -0.206105 0.000000
vt -0.478102 -0.237813 0.000000
vt -1.089051 -0.237813 0.000000
vt -0.478102 -0.269522 0.000000
vt -1.089051 -0.269522 0.000000
vt -0.478102 -0.301230 0.000000
vt -1.089051 -0.301230 0.000000
vt -0.478102 -0.332938 0.000000
vt -1.089051 -0.332938 0.000000
vt -0.478102 -0.364647 0.000000
vt -1.089051 -0.364647 0.000000
vt -0.478102 -0.396355 0.000000
vt -1.089051 -0.396355 0.000000
vt -1.700000 0.428064 0.000000
vt -1.700000 0.459772 0.000000
vt -1.700000 -0.459772 0.000000
vt -1.700000 -0.428064 0.000000
vt -1.700000 -0.396355 0.000000
vt -1.700000 -0.364647 0.000000
vt -1.700000 -0.332938 0.000000
vt -1.700000 -0.301230 0.000000
vt -1.700000 -0.269522 0.000000
vt -1.700000 -0.237813 0.000000
vt -1.700000 -0.206105 0.000000
vt -1.700000 -0.174396 0.000000
vt -1.700000 -0.142688 0.000000
vt -1.700000 -0.110979 0.000000
vt -1.700000 -0.079271 0.000000
vt -1.700000 -0.047563 0.000000
vt -1.700000 -0.015854 0.000000
vt -1.700000 0.015854 0.000000
vt -1.700000 0.047563 0.000000
vt -1.700000 0.079271 0.000000
vt -1.700000 0.110979 0.000000
vt -1.700000 0.142688 0.000000
vt -1.700000 0.174396 0.000000
vt -1.700000 0.206105 0.000000
vt -1.700000 0.237813 0.000000
vt -1.700000 0.269522 0.000000
vt -1.700000 0.301230 0.000000
vt -1.700000 0.332938 0.000000
vt -1.700000 0.364647 0.000000
vt -1.700000 0.396355 0.000000
vt -0.142928 0.031461 0.000000
vt -0.146350 0.000000 0.000000
vt 0.082130 -0.121132 0.000000
vt -0.142928 -0.031461 0.000000
vt -0.132824 -0.061451 0.000000
vt -0.116508 -0.088567 0.000000
vt -0.094745 -0.111542 0.000000
vt -0.068552 -0.129302 0.000000
vt 0.054170 -0.135956 0.000000
vt -0.039153 -0.141016 0.000000
vt 0.023677 -0.144422 0.000000
vt -0.007923 -0.146135 0.000000
vt 0.106249 -0.100645 0.000000
vt 0.082130 0.121132 0.000000
vt 0.054170 0.135956 0.000000
vt 0.023677 0.144422 0.000000
vt 0.106249 0.100645 0.000000
vt 0.125401 -0.075451 0.000000
vt 0.125401 0.075451 0.000000
vt 0.138689 -0.046730 0.000000
vt 0.138689 0.046730 0.000000
vt 0.145492 -0.015823 0.000000
vt 0.145492 0.015823 0.000000
vt -0.007923 0.146135 0.000000
vt -0.039153 0.141016 0.000000
vt -0.068552 0.129302 0.000000
vt -0.094745 0.111542 0.000000
vt -0.116508 0.088567 0.000000
vt -0.132824 0.061451 0.000000
vn -0.028586 0.095620 -0.006292
vn -0.040088 0.091489 -0.004775
vn -0.029270 0.095620 0.000000
vn -0.040371 0.091489 0.000000
vn -0.040088 0.091489 0.004775
vn -0.050906 0.086073 0.000000
vn -0.050549 0.086073 0.006021
vn -0.060727 0.079450 0.000000
vn -0.060301 0.079450 0.007182
vn -0.069695 0.071712 0.000000
vn -0.069206 0.071712 0.008243
vn -0.077686 0.062967 0.000000
vn -0.077141 0.062967 0.009188
vn -0.084587 0.053340 0.000000
vn -0.083993 0.053340 0.010004
vn -0.090300 0.042964 -0.000000
vn -0.089666 0.042964 0.010680
vn -0.094747 0.031985 -0.000000
vn -0.094082 0.031985 0.011206
vn -0.097864 0.020557 -0.000000
vn -0.097177 0.020557 0.011575
vn -0.099608 0.008841 -0.000000
vn -0.098909 0.008841 0.011781
vn -0.099955 -0.003000 -0.000000
vn -0.099253 -0.003000 0.011822
vn -0.098899 -0.014798 -0.000000
vn -0.098205 -0.014798 0.011697
vn -0.096455 -0.026388 -0.000000
vn -0.095778 -0.026388 0.011408
vn -0.092658 -0.037609 -0.000000
vn -0.092008 -0.037609 0.010959
vn -0.087561 -0.048301 -0.000000
vn -0.086947 -0.048301 0.010356
vn -0.081236 -0.058316 -0.000000
vn -0.080665 -0.058316 0.009608
vn -0.073770 -0.067513 -0.000000
vn -0.073252 -0.067513 0.008725
vn -0.065269 -0.075762 -0.000000
vn -0.064811 -0.075762 0.007720
vn -0.055853 -0.082948 -0.000000
vn -0.055461 -0.082948 0.006606
vn -0.045653 -0.088971 -0.000000
vn -0.045333 -0.088971 0.005400
vn -0.034812 -0.093745 -0.000000
vn -0.034568 -0.093745 0.004117
vn -0.023483 -0.097204 -0.000000
vn -0.023318 -0.097204 0.002777
vn -0.011825 -0.099298 -0.000000
vn -0.011742 -0.099298 0.001399
vn -0.000000 -0.100000 -0.000000
vn -0.026565 0.095620 -0.012290
vn -0.037845 0.091489 -0.014057
vn -0.039242 0.091489 -0.009483
vn -0.049482 0.086073 -0.011957
vn -0.050549 0.086073 -0.006021
vn -0.059028 0.079450 -0.014264
vn -0.060301 0.079450 -0.007182
vn -0.067745 0.071712 -0.016370
vn -0.069206 0.071712 -0.008243
vn -0.075513 0.062967 -0.018247
vn -0.077141 0.062967 -0.009188
vn -0.082220 0.053340 -0.019868
vn -0.083993 0.053340 -0.010004
vn -0.087774 0.042964 -0.021210
vn -0.089666 0.042964 -0.010680
vn -0.092096 0.031985 -0.022255
vn -0.094082 0.031985 -0.011206
vn -0.095126 0.020557 -0.022987
vn -0.097177 0.020557 -0.011575
vn -0.096822 0.008841 -0.023397
vn -0.098909 0.008841 -0.011781
vn -0.097159 -0.003000 -0.023478
vn -0.099253 -0.003000 -0.011822
vn -0.096132 -0.014798 -0.023230
vn -0.098205 -0.014798 -0.011697
vn -0.093757 -0.026388 -0.022656
vn -0.095778 -0.026388 -0.011408
vn -0.090066 -0.037609 -0.021764
vn -0.092008 -0.037609 -0.010959
vn -0.085112 -0.048301 -0.020567
vn -0.086947 -0.048301 -0.010356
vn -0.078963 -0.058316 -0.019081
vn -0.080665 -0.058316 -0.009608
vn -0.071706 -0.067513 -0.017328
vn -0.073252 -0.067513 -0.008725
vn -0.063443 -0.075762 -0.015331
vn -0.064811 -0.075762 -0.007720
vn -0.054290 -0.082948 -0.013119
vn -0.055461 -0.082948 -0.006606
vn -0.044376 -0.088971 -0.010723
vn -0.045333 -0.088971 -0.005400
vn -0.033838 -0.093745 -0.008177
vn -0.034568 -0.093745 -0.004117
vn -0.022826 -0.097204 -0.005516
vn -0.023318 -0.097204 -0.002777
vn -0.011494 -0.099298 -0.002777
vn -0.011742 -0.099298 -0.001399
vn -0.023302 0.095620 -0.017713
vn -0.033484 0.091489 -0.022553
vn -0.035917 0.091489 -0.018435
vn -0.045289 0.086073 -0.023245
vn -0.047720 0.086073 -0.017726
vn -0.054026 0.079450 -0.027730
vn -0.056926 0.079450 -0.021145
vn -0.062005 0.071712 -0.031825
vn -0.065334 0.071712 -0.024268
vn -0.069114 0.062967 -0.035474
vn -0.072824 0.062967 -0.027050
vn -0.075253 0.053340 -0.038625
vn -0.079293 0.053340 -0.029453
vn -0.080336 0.042964 -0.041234
vn -0.084649 0.042964 -0.031443
vn -0.084292 0.031985 -0.043264
vn -0.088818 0.031985 -0.032991
vn -0.087066 0.020557 -0.044688
vn -0.091740 0.020557 -0.034077
vn -0.088617 0.008841 -0.045484
vn -0.093375 0.008841 -0.034684
vn -0.088926 -0.003000 -0.045642
vn -0.093700 -0.003000 -0.034804
vn -0.087986 -0.014798 -0.045160
vn -0.092710 -0.014798 -0.034437
vn -0.085812 -0.026388 -0.044044
vn -0.090419 -0.026388 -0.033586
vn -0.082434 -0.037609 -0.042311
vn -0.086860 -0.037609 -0.032264
vn -0.077900 -0.048301 -0.039983
vn -0.082082 -0.048301 -0.030489
vn -0.072272 -0.058316 -0.037095
vn -0.076152 -0.058316 -0.028286
vn -0.065630 -0.067513 -0.033686
vn -0.069154 -0.067513 -0.025687
vn -0.058067 -0.075762 -0.029804
vn -0.061185 -0.075762 -0.022727
vn -0.049690 -0.082948 -0.025504
vn -0.052358 -0.082948 -0.019448
vn -0.040615 -0.088971 -0.020846
vn -0.042796 -0.088971 -0.015896
vn -0.030971 -0.093745 -0.015896
vn -0.032634 -0.093745 -0.012122
vn -0.020892 -0.097204 -0.010723
vn -0.022014 -0.097204 -0.008177
vn -0.010520 -0.099298 -0.005399
vn -0.011085 -0.099298 -0.004117
vn -0.030582 0.091489 -0.026355
vn -0.018949 0.095620 -0.022308
vn -0.027250 0.091489 -0.029787
vn -0.023536 0.091489 -0.032801
vn -0.029677 0.086073 -0.041361
vn -0.024577 0.086073 -0.044580
vn -0.029318 0.079450 -0.053181
vn -0.022823 0.079450 -0.056275
vn -0.026193 0.071712 -0.064586
vn -0.018371 0.071712 -0.067231
vn -0.020477 0.062967 -0.074939
vn -0.011470 0.062967 -0.076835
vn -0.012489 0.053340 -0.083659
vn -0.002507 0.053340 -0.084549
vn -0.002676 0.042964 -0.090261
vn 0.008018 0.042964 -0.089944
vn 0.008413 0.031985 -0.094373
vn 0.019516 0.031985 -0.092715
vn 0.020158 0.020557 -0.095766
vn 0.031343 0.020557 -0.092709
vn 0.031902 0.008841 -0.094362
vn 0.042838 0.008841 -0.089926
vn 0.042987 -0.003000 -0.090239
vn 0.053358 -0.003000 -0.084522
vn 0.052795 -0.014798 -0.083629
vn 0.062315 -0.014798 -0.076797
vn 0.060775 -0.026388 -0.074900
vn 0.069207 -0.026388 -0.067186
vn 0.066483 -0.037609 -0.064541
vn 0.073650 -0.037609 -0.056225
vn 0.069598 -0.048301 -0.053132
vn 0.075394 -0.048301 -0.044528
vn 0.069947 -0.058316 -0.041311
vn 0.074342 -0.058316 -0.032748
vn 0.067510 -0.067513 -0.029738
vn 0.070554 -0.067513 -0.021545
vn 0.062424 -0.075762 -0.019062
vn 0.064240 -0.075762 -0.011546
vn 0.054972 -0.082948 -0.009880
vn 0.055755 -0.082948 -0.003309
vn 0.045573 -0.088971 -0.002705
vn 0.045573 -0.088971 0.002705
vn 0.034751 -0.093745 0.002062
vn 0.034263 -0.093745 0.006158
vn 0.023113 -0.097204 0.004154
vn 0.022459 -0.097204 0.006858
vn 0.011309 -0.099298 0.003453
vn 0.010821 -0.099298 0.004767
vn -0.013710 0.095620 -0.025860
vn -0.019491 0.091489 -0.035355
vn -0.019132 0.086073 -0.047174
vn -0.016007 0.079450 -0.058579
vn -0.010290 0.071712 -0.068931
vn -0.002302 0.062967 -0.077652
vn 0.007511 0.053340 -0.084252
vn 0.018600 0.042964 -0.088364
vn 0.030345 0.031985 -0.089756
vn 0.042088 0.020557 -0.088352
vn 0.053173 0.008841 -0.084229
vn 0.062980 -0.003000 -0.077617
vn 0.070961 -0.014798 -0.068888
vn 0.076668 -0.026388 -0.058529
vn 0.079783 -0.037609 -0.047120
vn 0.080131 -0.048301 -0.035298
vn 0.077694 -0.058316 -0.023725
vn 0.072607 -0.067513 -0.013049
vn 0.065155 -0.075762 -0.003867
vn 0.055755 -0.082948 0.003309
vn 0.044933 -0.088971 0.008076
vn 0.033295 -0.093745 0.010167
vn 0.021491 -0.097204 0.009467
vn 0.010181 -0.099298 0.006013
vn -0.015173 0.091489 -0.037412
vn -0.007831 0.095620 -0.028203
vn -0.010641 0.091489 -0.038944
vn -0.005961 0.091489 -0.039929
vn -0.007516 0.086073 -0.050348
vn -0.001509 0.086073 -0.050884
vn -0.001800 0.079450 -0.060700
vn 0.005392 0.079450 -0.060487
vn 0.006189 0.071712 -0.069420
vn 0.014356 0.071712 -0.068201
vn 0.016002 0.062967 -0.076020
vn 0.024880 0.062967 -0.073594
vn 0.027091 0.053340 -0.080131
vn 0.036378 0.053340 -0.076365
vn 0.038835 0.042964 -0.081523
vn 0.048204 0.042964 -0.076358
vn 0.050578 0.031985 -0.080118
vn 0.059699 0.031985 -0.073573
vn 0.061663 0.020557 -0.075994
vn 0.070218 0.020557 -0.068167
vn 0.071470 0.008841 -0.069382
vn 0.079174 0.008841 -0.060442
vn 0.079450 -0.003000 -0.060653
vn 0.086066 -0.003000 -0.050830
vn 0.085156 -0.014798 -0.050293
vn 0.090507 -0.014798 -0.039869
vn 0.088271 -0.026388 -0.038883
vn 0.092250 -0.026388 -0.028170
vn 0.088619 -0.037609 -0.027062
vn 0.091197 -0.037609 -0.016390
vn 0.086181 -0.048301 -0.015489
vn 0.087408 -0.048301 -0.005187
vn 0.081093 -0.058316 -0.004812
vn 0.081093 -0.058316 0.004812
vn 0.073641 -0.067513 0.004370
vn 0.072607 -0.067513 0.013049
vn 0.064240 -0.075762 0.011546
vn 0.062424 -0.075762 0.019062
vn 0.053418 -0.082948 0.016312
vn 0.051114 -0.082948 0.022516
vn 0.041779 -0.088971 0.018404
vn 0.039309 -0.088971 0.023216
vn 0.029975 -0.093745 0.017703
vn 0.027671 -0.093745 0.021124
vn 0.018666 -0.097204 0.014250
vn 0.016849 -0.097204 0.016357
vn 0.008484 -0.099298 0.008236
vn 0.007450 -0.099298 0.009182
vn -0.001585 0.095620 -0.029227
vn -0.001196 0.091489 -0.040354
vn 0.004520 0.086073 -0.050705
vn 0.012508 0.079450 -0.059425
vn 0.022321 0.071712 -0.066024
vn 0.033410 0.062967 -0.070135
vn 0.045154 0.053340 -0.071526
vn 0.056897 0.042964 -0.070120
vn 0.067982 0.031985 -0.065996
vn 0.077788 0.020557 -0.059384
vn 0.085767 0.008841 -0.050654
vn 0.091473 -0.003000 -0.040294
vn 0.094587 -0.014798 -0.028884
vn 0.094934 -0.026388 -0.017062
vn 0.092496 -0.037609 -0.005489
vn 0.087408 -0.048301 0.005187
vn 0.079955 -0.058316 0.014370
vn 0.070554 -0.067513 0.021545
vn 0.059731 -0.075762 0.026312
vn 0.048092 -0.082948 0.028403
vn 0.036287 -0.088971 0.027702
vn 0.024978 -0.093745 0.024249
vn 0.014796 -0.097204 0.018235
vn 0.006312 -0.099298 0.009999
vn 0.003585 0.091489 -0.040212
vn 0.004735 0.095620 -0.028884
vn 0.008316 0.091489 -0.039506
vn 0.012930 0.091489 -0.038245
vn 0.016304 0.086073 -0.048225
vn 0.021893 0.086073 -0.045958
vn 0.026116 0.079450 -0.054824
vn 0.032417 0.079450 -0.051350
vn 0.037205 0.071712 -0.058934
vn 0.043914 0.071712 -0.054120
vn 0.048949 0.062967 -0.060325
vn 0.055740 0.062967 -0.054112
vn 0.060691 0.053340 -0.058919
vn 0.067234 0.053340 -0.051327
vn 0.071776 0.042964 -0.054794
vn 0.077752 0.042964 -0.045920
vn 0.081581 0.031985 -0.048182
vn 0.086707 0.031985 -0.038195
vn 0.089560 0.020557 -0.039451
vn 0.093598 0.020557 -0.028582
vn 0.095266 0.008841 -0.029091
vn 0.098038 0.008841 -0.017620
vn 0.098379 -0.003000 -0.017681
vn 0.099779 -0.003000 -0.005921
vn 0.098725 -0.014798 -0.005859
vn 0.098725 -0.014798 0.005859
vn 0.096286 -0.026388 0.005714
vn 0.094934 -0.026388 0.017062
vn 0.091197 -0.037609 0.016390
vn 0.088619 -0.037609 0.027062
vn 0.083744 -0.048301 0.025573
vn 0.080131 -0.048301 0.035298
vn 0.074342 -0.058316 0.032748
vn 0.069947 -0.058316 0.041311
vn 0.063519 -0.067513 0.037514
vn 0.058636 -0.067513 0.044764
vn 0.051880 -0.075762 0.039606
vn 0.046831 -0.075762 0.045464
vn 0.040075 -0.082948 0.038905
vn 0.035192 -0.082948 0.043371
vn 0.028765 -0.088971 0.035451
vn 0.024371 -0.088971 0.038604
vn 0.018584 -0.093745 0.029437
vn 0.014972 -0.093745 0.031428
vn 0.010099 -0.097204 0.021201
vn 0.007521 -0.097204 0.022246
vn 0.003787 -0.099298 0.011202
vn 0.002436 -0.099298 0.011571
vn 0.010834 0.095620 -0.027191
vn 0.017362 0.091489 -0.036447
vn 0.027175 0.086073 -0.043046
vn 0.038263 0.079450 -0.047156
vn 0.050007 0.071712 -0.048546
vn 0.061749 0.062967 -0.047140
vn 0.072833 0.053340 -0.043015
vn 0.082638 0.042964 -0.036402
vn 0.090616 0.031985 -0.027671
vn 0.096321 0.020557 -0.017311
vn 0.099434 0.008841 -0.005901
vn 0.099779 -0.003000 0.005921
vn 0.097339 -0.014798 0.017494
vn 0.092250 -0.026388 0.028170
vn 0.084796 -0.037609 0.037353
vn 0.075394 -0.048301 0.044528
vn 0.064570 -0.058316 0.049294
vn 0.052931 -0.067513 0.051385
vn 0.041126 -0.075762 0.050683
vn 0.029816 -0.082948 0.047229
vn 0.019634 -0.088971 0.041215
vn 0.011149 -0.093745 0.032979
vn 0.004837 -0.097204 0.022980
vn 0.001050 -0.099298 0.011778
vn 0.016426 0.095620 -0.024226
vn 0.021551 0.091489 -0.034138
vn 0.032075 0.086073 -0.039530
vn 0.043572 0.079450 -0.042299
vn 0.055398 0.071712 -0.042291
vn 0.066891 0.062967 -0.039506
vn 0.077409 0.053340 -0.034099
vn 0.086363 0.042964 -0.026373
vn 0.093253 0.031985 -0.016760
vn 0.097692 0.020557 -0.005798
vn 0.099434 0.008841 0.005901
vn 0.098379 -0.003000 0.017681
vn 0.094587 -0.014798 0.028884
vn 0.088271 -0.026388 0.038883
vn 0.079783 -0.037609 0.047120
vn 0.069598 -0.048301 0.053132
vn 0.058287 -0.058316 0.056585
vn 0.046482 -0.067513 0.057284
vn 0.034842 -0.075762 0.055192
vn 0.024020 -0.082948 0.050424
vn 0.014621 -0.088971 0.043248
vn 0.007171 -0.093745 0.034066
vn 0.002085 -0.097204 0.023390
vn -0.000350 -0.099298 0.011819
vn 0.025437 0.091489 -0.031349
vn 0.021250 0.095620 -0.020129
vn 0.028967 0.091489 -0.028121
vn 0.032089 0.091489 -0.024497
vn 0.040463 0.086073 -0.030890
vn 0.043832 0.086073 -0.025887
vn 0.052288 0.079450 -0.030881
vn 0.055574 0.079450 -0.024480
vn 0.063781 0.071712 -0.028096
vn 0.066657 0.071712 -0.020355
vn 0.074299 0.062967 -0.022689
vn 0.076461 0.062967 -0.013742
vn 0.083253 0.053340 -0.014963
vn 0.084438 0.053340 -0.005011
vn 0.090142 0.042964 -0.005349
vn 0.090142 0.042964 0.005349
vn 0.094581 0.031985 0.005613
vn 0.093253 0.031985 0.016760
vn 0.096321 0.020557 0.017311
vn 0.093598 0.020557 0.028582
vn 0.095266 0.008841 0.029091
vn 0.091156 0.008841 0.040155
vn 0.091473 -0.003000 0.040294
vn 0.086066 -0.003000 0.050830
vn 0.085156 -0.014798 0.050293
vn 0.078610 -0.014798 0.060012
vn 0.076668 -0.026388 0.058529
vn 0.069207 -0.026388 0.067186
vn 0.066483 -0.037609 0.064541
vn 0.058383 -0.037609 0.071951
vn 0.055171 -0.048301 0.067993
vn 0.046742 -0.048301 0.074041
vn 0.043365 -0.058316 0.068693
vn 0.034937 -0.058316 0.073339
vn 0.031726 -0.067513 0.066599
vn 0.023626 -0.067513 0.069884
vn 0.020904 -0.075762 0.061831
vn 0.013444 -0.075762 0.063870
vn 0.011505 -0.082948 0.054655
vn 0.004960 -0.082948 0.055632
vn 0.004054 -0.088971 0.045473
vn -0.001353 -0.088971 0.045633
vn -0.001032 -0.093745 0.034797
vn -0.005140 -0.093745 0.034431
vn -0.003467 -0.097204 0.023226
vn -0.006190 -0.097204 0.022653
vn -0.003117 -0.099298 0.011406
vn -0.004444 -0.099298 0.010958
vn 0.025080 0.095620 -0.015090
vn 0.034761 0.091489 -0.020530
vn 0.046587 0.086073 -0.020521
vn 0.058079 0.079450 -0.017736
vn 0.068596 0.071712 -0.012328
vn 0.077549 0.062967 -0.004602
vn 0.084438 0.053340 0.005011
vn 0.088876 0.042964 0.015973
vn 0.090616 0.031985 0.027671
vn 0.089560 0.020557 0.039451
vn 0.085767 0.008841 0.050654
vn 0.079450 -0.003000 0.060653
vn 0.070961 -0.014798 0.068888
vn 0.060775 -0.026388 0.074900
vn 0.049463 -0.037609 0.078352
vn 0.037657 -0.048301 0.079050
vn 0.026017 -0.058316 0.076957
vn 0.015195 -0.067513 0.072188
vn 0.005796 -0.075762 0.065012
vn -0.001655 -0.082948 0.055829
vn -0.006741 -0.088971 0.045153
vn -0.009176 -0.093745 0.033581
vn -0.008826 -0.097204 0.021762
vn -0.005709 -0.099298 0.010355
vn 0.036946 0.091489 -0.016275
vn 0.027738 0.095620 -0.009346
vn 0.038611 0.091489 -0.011791
vn 0.039735 0.091489 -0.007141
vn 0.050103 0.086073 -0.009005
vn 0.050817 0.086073 -0.003016
vn 0.060620 0.079450 -0.003597
vn 0.060620 0.079450 0.003597
vn 0.069573 0.071712 0.004129
vn 0.068596 0.071712 0.012328
vn 0.076461 0.062967 0.013742
vn 0.074299 0.062967 0.022689
vn 0.080899 0.053340 0.024704
vn 0.077409 0.053340 0.034099
vn 0.082638 0.042964 0.036402
vn 0.077752 0.042964 0.045920
vn 0.081581 0.031985 0.048182
vn 0.075310 0.031985 0.057492
vn 0.077788 0.020557 0.059384
vn 0.070218 0.020557 0.068167
vn 0.071470 0.008841 0.069382
vn 0.062762 0.008841 0.077348
vn 0.062980 -0.003000 0.077617
vn 0.053358 -0.003000 0.084522
vn 0.052795 -0.014798 0.083629
vn 0.042533 -0.014798 0.089286
vn 0.041482 -0.026388 0.087080
vn 0.030892 -0.026388 0.091375
vn 0.029676 -0.037609 0.087778
vn 0.019086 -0.037609 0.090672
vn 0.018036 -0.048301 0.085684
vn 0.007775 -0.048301 0.087215
vn 0.007213 -0.058316 0.080915
vn -0.002407 -0.058316 0.081200
vn -0.002186 -0.067513 0.073738
vn -0.010892 -0.067513 0.072962
vn -0.009637 -0.075762 0.064554
vn -0.017204 -0.075762 0.062961
vn -0.014722 -0.082948 0.053878
vn -0.020991 -0.082948 0.051758
vn -0.017158 -0.088971 0.042306
vn -0.022041 -0.088971 0.039980
vn -0.016807 -0.093745 0.030486
vn -0.020295 -0.093745 0.028285
vn -0.013690 -0.097204 0.019080
vn -0.015851 -0.097204 0.017327
vn -0.007981 -0.099298 0.008725
vn -0.008957 -0.099298 0.007719
vn 0.029098 0.095620 -0.003165
vn 0.040300 0.091489 -0.002392
vn 0.050817 0.086073 0.003016
vn 0.059769 0.079450 0.010742
vn 0.066657 0.071712 0.020355
vn 0.071094 0.062967 0.031317
vn 0.072833 0.053340 0.043015
vn 0.071776 0.042964 0.054794
vn 0.067982 0.031985 0.065996
vn 0.061663 0.020557 0.075994
vn 0.053173 0.008841 0.084229
vn 0.042987 -0.003000 0.090239
vn 0.031674 -0.014798 0.093690
vn 0.019868 -0.026388 0.094387
vn 0.008228 -0.037609 0.092292
vn -0.002595 -0.048301 0.087523
vn -0.011994 -0.058316 0.080345
vn -0.019445 -0.067513 0.071161
vn -0.024530 -0.075762 0.060485
vn -0.026965 -0.082948 0.048912
vn -0.026615 -0.088971 0.037092
vn -0.023498 -0.093745 0.025686
vn -0.017789 -0.097204 0.015330
vn -0.009807 -0.099298 0.006606
vn 0.029098 0.095620 0.003165
vn 0.040300 0.091489 0.002392
vn 0.050103 0.086073 0.009005
vn 0.058079 0.079450 0.017736
vn 0.063781 0.071712 0.028096
vn 0.066891 0.062967 0.039506
vn 0.067234 0.053340 0.051327
vn 0.064791 0.042964 0.062899
vn 0.059699 0.031985 0.073573
vn 0.052242 0.020557 0.082754
vn 0.042838 0.008841 0.089926
vn 0.032013 -0.003000 0.094690
vn 0.020371 -0.014798 0.096778
vn 0.008565 -0.026388 0.096074
vn -0.002746 -0.037609 0.092618
vn -0.012928 -0.048301 0.086602
vn -0.021413 -0.058316 0.078363
vn -0.027725 -0.067513 0.068362
vn -0.031512 -0.075762 0.057159
vn -0.032561 -0.082948 0.045380
vn -0.030815 -0.088971 0.033684
vn -0.026371 -0.093745 0.022726
vn -0.019477 -0.097204 0.013119
vn -0.010520 -0.099298 0.005399
vn 0.039735 0.091489 0.007141
vn 0.027738 0.095620 0.009346
vn 0.038611 0.091489 0.011791
vn 0.036946 0.091489 0.016275
vn 0.046587 0.086073 0.020521
vn 0.043832 0.086073 0.025887
vn 0.052288 0.079450 0.030881
vn 0.048269 0.079450 0.036849
vn 0.055398 0.071712 0.042291
vn 0.050007 0.071712 0.048546
vn 0.055740 0.062967 0.054112
vn 0.048949 0.062967 0.060325
vn 0.053297 0.053340 0.065683
vn 0.045154 0.053340 0.071526
vn 0.048204 0.042964 0.076358
vn 0.038835 0.042964 0.081523
vn 0.040747 0.031985 0.085537
vn 0.030345 0.031985 0.089756
vn 0.031343 0.020557 0.092709
vn 0.020158 0.020557 0.095766
vn 0.020517 0.008841 0.097473
vn 0.008845 0.008841 0.099215
vn 0.008876 -0.003000 0.099560
vn -0.002962 -0.003000 0.099911
vn -0.002931 -0.014798 0.098856
vn -0.014602 -0.014798 0.097815
vn -0.014241 -0.026388 0.095398
vn -0.025424 -0.026388 0.093044
vn -0.024424 -0.037609 0.089382
vn -0.034824 -0.037609 0.085866
vn -0.032908 -0.048301 0.081142
vn -0.042274 -0.048301 0.076681
vn -0.039220 -0.058316 0.071141
vn -0.047359 -0.058316 0.066003
vn -0.043006 -0.067513 0.059937
vn -0.049794 -0.067513 0.054430
vn -0.044056 -0.075762 0.048158
vn -0.049442 -0.075762 0.042609
vn -0.042309 -0.082948 0.036462
vn -0.046325 -0.082948 0.031202
vn -0.037865 -0.088971 0.025504
vn -0.040615 -0.088971 0.020846
vn -0.030971 -0.093745 0.015896
vn -0.032634 -0.093745 0.012122
vn -0.022014 -0.097204 0.008177
vn -0.022826 -0.097204 0.005516
vn -0.011494 -0.099298 0.002777
vn 0.025080 0.095620 0.015090
vn 0.034761 0.091489 0.020530
vn 0.040463 0.086073 0.030890
vn 0.043572 0.079450 0.042299
vn 0.043914 0.071712 0.054120
vn 0.041471 0.062967 0.065691
vn 0.036378 0.053340 0.076365
vn 0.028920 0.042964 0.085544
vn 0.019516 0.031985 0.092715
vn 0.008690 0.020557 0.097478
vn -0.002952 0.008841 0.099565
vn -0.014758 -0.003000 0.098860
vn -0.026069 -0.014798 0.095402
vn -0.036251 -0.026388 0.089384
vn -0.044735 -0.037609 0.081144
vn -0.051046 -0.048301 0.071142
vn -0.054833 -0.058316 0.059938
vn -0.055882 -0.067513 0.048159
vn -0.054135 -0.075762 0.036463
vn -0.049690 -0.082948 0.025504
vn -0.042796 -0.088971 0.015896
vn -0.033838 -0.093745 0.008177
vn 0.032089 0.091489 0.024497
vn 0.021250 0.095620 0.020129
vn 0.028967 0.091489 0.028121
vn 0.025437 0.091489 0.031349
vn 0.032075 0.086073 0.039530
vn 0.027175 0.086073 0.043046
vn 0.032417 0.079450 0.051350
vn 0.026116 0.079450 0.054824
vn 0.029974 0.071712 0.062921
vn 0.022321 0.071712 0.066024
vn 0.024880 0.062967 0.073594
vn 0.016002 0.062967 0.076020
vn 0.017423 0.053340 0.082773
vn 0.007511 0.053340 0.084252
vn 0.008018 0.042964 0.089944
vn -0.002676 0.042964 0.090261
vn -0.002808 0.031985 0.094705
vn -0.013989 0.031985 0.093709
vn -0.014449 0.020557 0.096792
vn -0.025796 0.020557 0.094403
vn -0.026256 0.008841 0.096086
vn -0.037436 0.008841 0.092306
vn -0.037566 -0.003000 0.092627
vn -0.048257 -0.003000 0.087534
vn -0.047748 -0.014798 0.086609
vn -0.057656 -0.014798 0.080354
vn -0.056232 -0.026388 0.078369
vn -0.065106 -0.026388 0.071168
vn -0.062543 -0.037609 0.068366
vn -0.070190 -0.037609 0.060489
vn -0.066329 -0.048301 0.057162
vn -0.072624 -0.048301 0.048916
vn -0.067377 -0.058316 0.045382
vn -0.072272 -0.058316 0.037095
vn -0.065630 -0.067513 0.033686
vn -0.069154 -0.067513 0.025687
vn -0.061185 -0.075762 0.022727
vn -0.063443 -0.075762 0.015331
vn -0.054290 -0.082948 0.013119
vn 0.016426 0.095620 0.024226
vn 0.021551 0.091489 0.034138
vn 0.021893 0.086073 0.045958
vn 0.019449 0.079450 0.057528
vn 0.014356 0.071712 0.068201
vn 0.006898 0.062967 0.077379
vn -0.002507 0.053340 0.084549
vn -0.013333 0.042964 0.089311
vn -0.024974 0.031985 0.091396
vn -0.036780 0.020557 0.090690
vn -0.048090 0.008841 0.087231
vn -0.058272 -0.003000 0.081212
vn -0.066755 -0.014798 0.072971
vn -0.073066 -0.026388 0.062968
vn -0.076851 -0.037609 0.051763
vn -0.077900 -0.048301 0.039983
vn -0.076152 -0.058316 0.028286
vn -0.071706 -0.067513 0.017328
vn 0.017362 0.091489 0.036447
vn 0.010834 0.095620 0.027191
vn 0.012930 0.091489 0.038245
vn 0.004735 0.095620 0.028884
vn 0.008316 0.091489 0.039506
vn 0.003585 0.091489 0.040212
vn 0.004520 0.086073 0.050705
vn -0.001509 0.086073 0.050884
vn -0.001800 0.079450 0.060700
vn -0.008966 0.079450 0.060061
vn -0.010290 0.071712 0.068931
vn -0.018371 0.071712 0.067231
vn -0.020477 0.062967 0.074939
vn -0.029197 0.062967 0.071991
vn -0.031790 0.053340 0.078385
vn -0.040838 0.053340 0.074075
vn -0.043596 0.042964 0.079079
vn -0.052643 0.042964 0.073368
vn -0.055236 0.031985 0.076981
vn -0.063953 0.031985 0.069907
vn -0.066057 0.020557 0.072208
vn -0.074133 0.020557 0.063888
vn -0.075455 0.008841 0.065027
vn -0.082616 0.008841 0.055646
vn -0.082903 -0.003000 0.055840
vn -0.088926 -0.003000 0.045642
vn -0.087986 -0.014798 0.045160
vn -0.092710 -0.014798 0.034437
vn -0.090419 -0.026388 0.033586
vn -0.093757 -0.026388 0.022656
vn -0.090066 -0.037609 0.021764
vn -0.001585 0.095620 0.029227
vn -0.001196 0.091489 0.040354
vn -0.007516 0.086073 0.050348
vn -0.016007 0.079450 0.058579
vn -0.026193 0.071712 0.064586
vn -0.037506 0.062967 0.068032
vn -0.049312 0.053340 0.068725
vn -0.060951 0.042964 0.066627
vn -0.071772 0.031985 0.061853
vn -0.081169 0.020557 0.054672
vn -0.088617 0.008841 0.045484
vn -0.093700 -0.003000 0.034804
vn -0.096132 -0.014798 0.023230
vn -0.005961 0.091489 0.039929
vn -0.007831 0.095620 0.028203
vn -0.010641 0.091489 0.038944
vn -0.015173 0.091489 0.037412
vn -0.019132 0.086073 0.047174
vn -0.024577 0.086073 0.044580
vn -0.029318 0.079450 0.053181
vn -0.035402 0.079450 0.049340
vn -0.040631 0.071712 0.056627
vn -0.047043 0.071712 0.051424
vn -0.052437 0.062967 0.057319
vn -0.058848 0.062967 0.050715
vn -0.064075 0.053340 0.055220
vn -0.070157 0.053340 0.047254
vn -0.074896 0.042964 0.050446
vn -0.080336 0.042964 0.041234
vn -0.084292 0.031985 0.043264
vn -0.088818 0.031985 0.032991
vn -0.091740 0.020557 0.034077
vn -0.095126 0.020557 0.022987
vn -0.096822 0.008841 0.023397
vn -0.013710 0.095620 0.025860
vn -0.019491 0.091489 0.035355
vn -0.029677 0.086073 0.041361
vn -0.040990 0.079450 0.044806
vn -0.052795 0.071712 0.045499
vn -0.064433 0.062967 0.043399
vn -0.075253 0.053340 0.038625
vn -0.084649 0.042964 0.031443
vn -0.092096 0.031985 0.022255
vn -0.023536 0.091489 0.032801
vn -0.018949 0.095620 0.022308
vn -0.027250 0.091489 0.029787
vn -0.030582 0.091489 0.026355
vn -0.038562 0.086073 0.033233
vn -0.042222 0.086073 0.028439
vn -0.050367 0.079450 0.033925
vn -0.054026 0.079450 0.027730
vn -0.062005 0.071712 0.031825
vn -0.065334 0.071712 0.024268
vn -0.072824 0.062967 0.027050
vn -0.075513 0.062967 0.018247
vn -0.082220 0.053340 0.019868
vn -0.023302 0.095620 0.017713
vn -0.033484 0.091489 0.022553
vn -0.045289 0.086073 0.023245
vn -0.056926 0.079450 0.021145
vn -0.067745 0.071712 0.016370
vn -0.026565 0.095620 0.012290
vn -0.035917 0.091489 0.018435
vn -0.047720 0.086073 0.017726
vn -0.059028 0.079450 0.014264
vn -0.037845 0.091489 0.014057
vn -0.028586 0.095620 0.006292
vn -0.039242 0.091489 0.009483
vn -0.011085 -0.099298 0.004117
vn -0.006893 -0.099298 0.009607
vn -0.001746 -0.099298 0.011695
vn 0.005085 -0.099298 0.010675
vn 0.009399 -0.099298 0.007175
vn 0.011638 -0.099298 0.002092
vn 0.011804 -0.099298 0.000700
vn 0.011804 -0.099298 -0.000700
vn 0.011638 -0.099298 -0.002092
vn 0.011309 -0.099298 -0.003453
vn 0.010821 -0.099298 -0.004767
vn 0.010181 -0.099298 -0.006013
vn 0.009399 -0.099298 -0.007175
vn 0.008484 -0.099298 -0.008236
vn 0.007450 -0.099298 -0.009182
vn 0.006312 -0.099298 -0.009999
vn 0.005085 -0.099298 -0.010675
vn 0.003787 -0.099298 -0.011202
vn 0.002436 -0.099298 -0.011571
vn 0.001050 -0.099298 -0.011778
vn -0.000350 -0.099298 -0.011819
vn -0.001746 -0.099298 -0.011695
vn -0.003117 -0.099298 -0.011406
vn -0.004444 -0.099298 -0.010958
vn -0.005709 -0.099298 -0.010355
vn -0.006893 -0.099298 -0.009607
vn -0.007981 -0.099298 -0.008725
vn -0.008957 -0.099298 -0.007719
vn -0.009807 -0.099298 -0.006606
vn -0.042222 0.086073 -0.028439
vn -0.038562 0.086073 -0.033233
vn -0.034361 0.086073 -0.037560
vn -0.050367 0.079450 -0.033925
vn -0.046001 0.079450 -0.039644
vn -0.040990 0.079450 -0.044806
vn -0.035402 0.079450 -0.049340
vn -0.057806 0.071712 -0.038935
vn -0.052795 0.071712 -0.045499
vn -0.047043 0.071712 -0.051424
vn -0.040631 0.071712 -0.056627
vn -0.033648 0.071712 -0.061035
vn -0.064433 0.062967 -0.043399
vn -0.058848 0.062967 -0.050715
vn -0.052437 0.062967 -0.057319
vn -0.045289 0.062967 -0.063119
vn -0.037506 0.062967 -0.068032
vn -0.029197 0.062967 -0.071991
vn -0.070157 0.053340 -0.047254
vn -0.064075 0.053340 -0.055220
vn -0.057094 0.053340 -0.062411
vn -0.049312 0.053340 -0.068725
vn -0.040838 0.053340 -0.074075
vn -0.031790 0.053340 -0.078385
vn -0.022296 0.053340 -0.081595
vn -0.074896 0.042964 -0.050446
vn -0.068403 0.042964 -0.058950
vn -0.060951 0.042964 -0.066627
vn -0.052643 0.042964 -0.073368
vn -0.043596 0.042964 -0.079079
vn -0.033937 0.042964 -0.083680
vn -0.023802 0.042964 -0.087107
vn -0.013333 0.042964 -0.089311
vn -0.078584 0.031985 -0.052930
vn -0.071772 0.031985 -0.061853
vn -0.063953 0.031985 -0.069907
vn -0.055236 0.031985 -0.076981
vn -0.045743 0.031985 -0.082973
vn -0.035609 0.031985 -0.087801
vn -0.024974 0.031985 -0.091396
vn -0.013989 0.031985 -0.093709
vn -0.002808 0.031985 -0.094705
vn -0.081169 0.020557 -0.054672
vn -0.074133 0.020557 -0.063888
vn -0.066057 0.020557 -0.072208
vn -0.057053 0.020557 -0.079513
vn -0.047248 0.020557 -0.085703
vn -0.036780 0.020557 -0.090690
vn -0.025796 0.020557 -0.094403
vn -0.014449 0.020557 -0.096792
vn -0.002900 0.020557 -0.097821
vn 0.008690 0.020557 -0.097478
vn -0.082616 0.008841 -0.055646
vn -0.075455 0.008841 -0.065027
vn -0.067234 0.008841 -0.073494
vn -0.058070 0.008841 -0.080931
vn -0.048090 0.008841 -0.087231
vn -0.037436 0.008841 -0.092306
vn -0.026256 0.008841 -0.096086
vn -0.014707 0.008841 -0.098517
vn -0.002952 0.008841 -0.099565
vn 0.008845 0.008841 -0.099215
vn 0.020517 0.008841 -0.097473
vn -0.082903 -0.003000 -0.055840
vn -0.075717 -0.003000 -0.065253
vn -0.067468 -0.003000 -0.073750
vn -0.058272 -0.003000 -0.081212
vn -0.048257 -0.003000 -0.087534
vn -0.037566 -0.003000 -0.092627
vn -0.026347 -0.003000 -0.096420
vn -0.014758 -0.003000 -0.098860
vn -0.002962 -0.003000 -0.099911
vn 0.008876 -0.003000 -0.099560
vn 0.020589 -0.003000 -0.097812
vn 0.032013 -0.003000 -0.094690
vn -0.082027 -0.014798 -0.055250
vn -0.074917 -0.014798 -0.064563
vn -0.066755 -0.014798 -0.072971
vn -0.057656 -0.014798 -0.080354
vn -0.047748 -0.014798 -0.086609
vn -0.037169 -0.014798 -0.091649
vn -0.026069 -0.014798 -0.095402
vn -0.014602 -0.014798 -0.097815
vn -0.002931 -0.014798 -0.098856
vn 0.008782 -0.014798 -0.098508
vn 0.020371 -0.014798 -0.096778
vn 0.031674 -0.014798 -0.093690
vn 0.042533 -0.014798 -0.089286
vn -0.080001 -0.026388 -0.053885
vn -0.073066 -0.026388 -0.062968
vn -0.065106 -0.026388 -0.071168
vn -0.056232 -0.026388 -0.078369
vn -0.046568 -0.026388 -0.084469
vn -0.036251 -0.026388 -0.089384
vn -0.025424 -0.026388 -0.093044
vn -0.014241 -0.026388 -0.095398
vn -0.002858 -0.026388 -0.096413
vn 0.008565 -0.026388 -0.096074
vn 0.019868 -0.026388 -0.094387
vn 0.030892 -0.026388 -0.091375
vn 0.041482 -0.026388 -0.087080
vn 0.051490 -0.026388 -0.081562
vn -0.076851 -0.037609 -0.051763
vn -0.070190 -0.037609 -0.060489
vn -0.062543 -0.037609 -0.068366
vn -0.054018 -0.037609 -0.075284
vn -0.044735 -0.037609 -0.081144
vn -0.034824 -0.037609 -0.085866
vn -0.024424 -0.037609 -0.089382
vn -0.013681 -0.037609 -0.091643
vn -0.002746 -0.037609 -0.092618
vn 0.008228 -0.037609 -0.092292
vn 0.019086 -0.037609 -0.090672
vn 0.029676 -0.037609 -0.087778
vn 0.039849 -0.037609 -0.083652
vn 0.049463 -0.037609 -0.078352
vn 0.058383 -0.037609 -0.071951
vn -0.072624 -0.048301 -0.048916
vn -0.066329 -0.048301 -0.057162
vn -0.059102 -0.048301 -0.064606
vn -0.051046 -0.048301 -0.071142
vn -0.042274 -0.048301 -0.076681
vn -0.032908 -0.048301 -0.081142
vn -0.023080 -0.048301 -0.084465
vn -0.012928 -0.048301 -0.086602
vn -0.002595 -0.048301 -0.087523
vn 0.007775 -0.048301 -0.087215
vn 0.018036 -0.048301 -0.085684
vn 0.028043 -0.048301 -0.082949
vn 0.037657 -0.048301 -0.079050
vn 0.046742 -0.048301 -0.074041
vn 0.055171 -0.048301 -0.067993
vn 0.062826 -0.048301 -0.060991
vn -0.067377 -0.058316 -0.045382
vn -0.061537 -0.058316 -0.053032
vn -0.054833 -0.058316 -0.059938
vn -0.047359 -0.058316 -0.066003
vn -0.039220 -0.058316 -0.071141
vn -0.030531 -0.058316 -0.075280
vn -0.021413 -0.058316 -0.078363
vn -0.011994 -0.058316 -0.080345
vn -0.002407 -0.058316 -0.081200
vn 0.007213 -0.058316 -0.080915
vn 0.016733 -0.058316 -0.079494
vn 0.026017 -0.058316 -0.076957
vn 0.034937 -0.058316 -0.073339
vn 0.043365 -0.058316 -0.068693
vn 0.051186 -0.058316 -0.063081
vn 0.058287 -0.058316 -0.056585
vn 0.064570 -0.058316 -0.049294
vn -0.061185 -0.067513 -0.041211
vn -0.055882 -0.067513 -0.048159
vn -0.049794 -0.067513 -0.054430
vn -0.043006 -0.067513 -0.059937
vn -0.035616 -0.067513 -0.064603
vn -0.027725 -0.067513 -0.068362
vn -0.019445 -0.067513 -0.071161
vn -0.010892 -0.067513 -0.072962
vn -0.002186 -0.067513 -0.073738
vn 0.006550 -0.067513 -0.073479
vn 0.015195 -0.067513 -0.072188
vn 0.023626 -0.067513 -0.069884
vn 0.031726 -0.067513 -0.066599
vn 0.039380 -0.067513 -0.062380
vn 0.046482 -0.067513 -0.057284
vn 0.052931 -0.067513 -0.051385
vn 0.058636 -0.067513 -0.044764
vn 0.063519 -0.067513 -0.037514
vn -0.054135 -0.075762 -0.036463
vn -0.049442 -0.075762 -0.042609
vn -0.044056 -0.075762 -0.048158
vn -0.038051 -0.075762 -0.053031
vn -0.031512 -0.075762 -0.057159
vn -0.024530 -0.075762 -0.060485
vn -0.017204 -0.075762 -0.062961
vn -0.009637 -0.075762 -0.064554
vn -0.001934 -0.075762 -0.065241
vn 0.005796 -0.075762 -0.065012
vn 0.013444 -0.075762 -0.063870
vn 0.020904 -0.075762 -0.061831
vn 0.028070 -0.075762 -0.058925
vn 0.034842 -0.075762 -0.055192
vn 0.041126 -0.075762 -0.050683
vn 0.046831 -0.075762 -0.045464
vn 0.051880 -0.075762 -0.039606
vn 0.056200 -0.075762 -0.033192
vn 0.059731 -0.075762 -0.026312
vn -0.046325 -0.082948 -0.031202
vn -0.042309 -0.082948 -0.036462
vn -0.037700 -0.082948 -0.041210
vn -0.032561 -0.082948 -0.045380
vn -0.026965 -0.082948 -0.048912
vn -0.020991 -0.082948 -0.051758
vn -0.014722 -0.082948 -0.053878
vn -0.008247 -0.082948 -0.055241
vn -0.001655 -0.082948 -0.055829
vn 0.004960 -0.082948 -0.055632
vn 0.011505 -0.082948 -0.054655
vn 0.017888 -0.082948 -0.052911
vn 0.024020 -0.082948 -0.050424
vn 0.029816 -0.082948 -0.047229
vn 0.035192 -0.082948 -0.043371
vn 0.040075 -0.082948 -0.038905
vn 0.044395 -0.082948 -0.033892
vn 0.048092 -0.082948 -0.028403
vn 0.051114 -0.082948 -0.022516
vn 0.053418 -0.082948 -0.016312
vn -0.037865 -0.088971 -0.025504
vn -0.034583 -0.088971 -0.029803
vn -0.030815 -0.088971 -0.033684
vn -0.026615 -0.088971 -0.037092
vn -0.022041 -0.088971 -0.039980
vn -0.017158 -0.088971 -0.042306
vn -0.012034 -0.088971 -0.044038
vn -0.006741 -0.088971 -0.045153
vn -0.001353 -0.088971 -0.045633
vn 0.004054 -0.088971 -0.045473
vn 0.009404 -0.088971 -0.044674
vn 0.014621 -0.088971 -0.043248
vn 0.019634 -0.088971 -0.041215
vn 0.024371 -0.088971 -0.038604
vn 0.028765 -0.088971 -0.035451
vn 0.032756 -0.088971 -0.031800
vn 0.036287 -0.088971 -0.027702
vn 0.039309 -0.088971 -0.023216
vn 0.041779 -0.088971 -0.018404
vn 0.043663 -0.088971 -0.013333
vn 0.044933 -0.088971 -0.008076
vn -0.028874 -0.093745 -0.019448
vn -0.026371 -0.093745 -0.022726
vn -0.023498 -0.093745 -0.025686
vn -0.020295 -0.093745 -0.028285
vn -0.016807 -0.093745 -0.030486
vn -0.013083 -0.093745 -0.032260
vn -0.009176 -0.093745 -0.033581
vn -0.005140 -0.093745 -0.034431
vn -0.001032 -0.093745 -0.034797
vn 0.003091 -0.093745 -0.034675
vn 0.007171 -0.093745 -0.034066
vn 0.011149 -0.093745 -0.032979
vn 0.014972 -0.093745 -0.031428
vn 0.018584 -0.093745 -0.029437
vn 0.021935 -0.093745 -0.027033
vn 0.024978 -0.093745 -0.024249
vn 0.027671 -0.093745 -0.021124
vn 0.029975 -0.093745 -0.017703
vn 0.031858 -0.093745 -0.014034
vn 0.033295 -0.093745 -0.010167
vn 0.034263 -0.093745 -0.006158
vn 0.034751 -0.093745 -0.002062
vn -0.019477 -0.097204 -0.013119
vn -0.017789 -0.097204 -0.015330
vn -0.015851 -0.097204 -0.017327
vn -0.013690 -0.097204 -0.019080
vn -0.011337 -0.097204 -0.020565
vn -0.008826 -0.097204 -0.021762
vn -0.006190 -0.097204 -0.022653
vn -0.003467 -0.097204 -0.023226
vn -0.000696 -0.097204 -0.023473
vn 0.002085 -0.097204 -0.023390
vn 0.004837 -0.097204 -0.022980
vn 0.007521 -0.097204 -0.022246
vn 0.010099 -0.097204 -0.021201
vn 0.012536 -0.097204 -0.019857
vn 0.014796 -0.097204 -0.018235
vn 0.016849 -0.097204 -0.016357
vn 0.018666 -0.097204 -0.014250
vn 0.020220 -0.097204 -0.011942
vn 0.021491 -0.097204 -0.009467
vn 0.022459 -0.097204 -0.006858
vn 0.023113 -0.097204 -0.004154
vn 0.023442 -0.097204 -0.001391
vn 0.023442 -0.097204 0.001391
vn -0.013418 0.086073 -0.049106
vn -0.008966 0.079450 -0.060061
vn -0.002065 0.071712 -0.069665
vn 0.006898 0.062967 -0.077379
vn 0.017423 0.053340 -0.082773
vn 0.028920 0.042964 -0.085544
vn 0.040747 0.031985 -0.085537
vn 0.052242 0.020557 -0.082754
vn 0.062762 0.008841 -0.077348
vn 0.071718 -0.003000 -0.069624
vn 0.078610 -0.014798 -0.060012
vn 0.083052 -0.026388 -0.049051
vn 0.084796 -0.037609 -0.037353
vn 0.083744 -0.048301 -0.025573
vn 0.079955 -0.058316 -0.014370
vn 0.073641 -0.067513 -0.004370
vn 0.065155 -0.075762 0.003867
vn 0.054972 -0.082948 0.009880
vn 0.043663 -0.088971 0.013333
vn 0.031858 -0.093745 0.014034
vn 0.020220 -0.097204 0.011942
vn 0.010486 0.086073 -0.049815
vn 0.019449 0.079450 -0.057528
vn 0.029974 0.071712 -0.062921
vn 0.041471 0.062967 -0.065691
vn 0.053297 0.053340 -0.065683
vn 0.064791 0.042964 -0.062899
vn 0.075310 0.031985 -0.057492
vn 0.084265 0.020557 -0.049767
vn 0.091156 0.008841 -0.040155
vn 0.095597 -0.003000 -0.029193
vn 0.097339 -0.014798 -0.017494
vn 0.096286 -0.026388 -0.005714
vn 0.092496 -0.037609 0.005489
vn 0.086181 -0.048301 0.015489
vn 0.077694 -0.058316 0.023725
vn 0.067510 -0.067513 0.029738
vn 0.056200 -0.075762 0.033192
vn 0.044395 -0.082948 0.033892
vn 0.032756 -0.088971 0.031800
vn 0.021935 -0.093745 0.027033
vn 0.012536 -0.097204 0.019857
vn 0.036526 0.086073 -0.035459
vn 0.048269 0.079450 -0.036849
vn 0.060011 0.071712 -0.035442
vn 0.071094 0.062967 -0.031317
vn 0.080899 0.053340 -0.024704
vn 0.088876 0.042964 -0.015973
vn 0.094581 0.031985 -0.005613
vn 0.097692 0.020557 0.005798
vn 0.098038 0.008841 0.017620
vn 0.095597 -0.003000 0.029193
vn 0.090507 -0.014798 0.039869
vn 0.083052 -0.026388 0.049051
vn 0.073650 -0.037609 0.056225
vn 0.062826 -0.048301 0.060991
vn 0.051186 -0.058316 0.063081
vn 0.039380 -0.067513 0.062380
vn 0.028070 -0.075762 0.058925
vn 0.017888 -0.082948 0.052911
vn 0.009404 -0.088971 0.044674
vn 0.003091 -0.093745 0.034675
vn -0.000696 -0.097204 0.023473
vn 0.048687 0.086073 -0.014867
vn 0.059769 0.079450 -0.010742
vn 0.069573 0.071712 -0.004129
vn 0.077549 0.062967 0.004602
vn 0.083253 0.053340 0.014963
vn 0.086363 0.042964 0.026373
vn 0.086707 0.031985 0.038195
vn 0.084265 0.020557 0.049767
vn 0.079174 0.008841 0.060442
vn 0.071718 -0.003000 0.069624
vn 0.062315 -0.014798 0.076797
vn 0.051490 -0.026388 0.081562
vn 0.039849 -0.037609 0.083652
vn 0.028043 -0.048301 0.082949
vn 0.016733 -0.058316 0.079494
vn 0.006550 -0.067513 0.073479
vn -0.001934 -0.075762 0.065241
vn -0.008247 -0.082948 0.055241
vn -0.012034 -0.088971 0.044038
vn -0.013083 -0.093745 0.032260
vn -0.011337 -0.097204 0.020565
vn 0.048687 0.086073 0.014867
vn 0.055574 0.079450 0.024480
vn 0.060011 0.071712 0.035442
vn 0.061749 0.062967 0.047140
vn 0.060691 0.053340 0.058919
vn 0.056897 0.042964 0.070120
vn 0.050578 0.031985 0.080118
vn 0.042088 0.020557 0.088352
vn 0.031902 0.008841 0.094362
vn 0.020589 -0.003000 0.097812
vn 0.008782 -0.014798 0.098508
vn -0.002858 -0.026388 0.096413
vn -0.013681 -0.037609 0.091643
vn -0.023080 -0.048301 0.084465
vn -0.030531 -0.058316 0.075280
vn -0.035616 -0.067513 0.064603
vn -0.038051 -0.075762 0.053031
vn -0.037700 -0.082948 0.041210
vn -0.034583 -0.088971 0.029803
vn -0.028874 -0.093745 0.019448
vn -0.020892 -0.097204 0.010723
vn 0.036526 0.086073 0.035459
vn 0.038263 0.079450 0.047156
vn 0.037205 0.071712 0.058934
vn 0.033410 0.062967 0.070135
vn 0.027091 0.053340 0.080131
vn 0.018600 0.042964 0.088364
vn 0.008413 0.031985 0.094373
vn -0.002900 0.020557 0.097821
vn -0.014707 0.008841 0.098517
vn -0.026347 -0.003000 0.096420
vn -0.037169 -0.014798 0.091649
vn -0.046568 -0.026388 0.084469
vn -0.054018 -0.037609 0.075284
vn -0.059102 -0.048301 0.064606
vn -0.061537 -0.058316 0.053032
vn -0.061185 -0.067513 0.041211
vn -0.058067 -0.075762 0.029804
vn -0.052358 -0.082948 0.019448
vn -0.044376 -0.088971 0.010723
vn 0.016304 0.086073 0.048225
vn 0.012508 0.079450 0.059425
vn 0.006189 0.071712 0.069420
vn -0.002302 0.062967 0.077652
vn -0.012489 0.053340 0.083659
vn -0.023802 0.042964 0.087107
vn -0.035609 0.031985 0.087801
vn -0.047248 0.020557 0.085703
vn -0.058070 0.008841 0.080931
vn -0.067468 -0.003000 0.073750
vn -0.074917 -0.014798 0.064563
vn -0.080001 -0.026388 0.053885
vn -0.082434 -0.037609 0.042311
vn -0.082082 -0.048301 0.030489
vn -0.078963 -0.058316 0.019081
vn 0.010486 0.086073 0.049815
vn 0.005392 0.079450 0.060487
vn -0.002065 0.071712 0.069665
vn -0.011470 0.062967 0.076835
vn -0.022296 0.053340 0.081595
vn -0.033937 0.042964 0.083680
vn -0.045743 0.031985 0.082973
vn -0.057053 0.020557 0.079513
vn -0.067234 0.008841 0.073494
vn -0.075717 -0.003000 0.065253
vn -0.082027 -0.014798 0.055250
vn -0.085812 -0.026388 0.044044
vn -0.086860 -0.037609 0.032264
vn -0.085112 -0.048301 0.020567
vn -0.013418 0.086073 0.049106
vn -0.022823 0.079450 0.056275
vn -0.033648 0.071712 0.061035
vn -0.045289 0.062967 0.063119
vn -0.057094 0.053340 0.062411
vn -0.068403 0.042964 0.058950
vn -0.078584 0.031985 0.052930
vn -0.087066 0.020557 0.044688
vn -0.093375 0.008841 0.034684
vn -0.097159 -0.003000 0.023478
vn -0.034361 0.086073 0.037560
vn -0.046001 0.079450 0.039644
vn -0.057806 0.071712 0.038935
vn -0.069114 0.062967 0.035474
vn -0.079293 0.053340 0.029453
vn -0.087774 0.042964 0.021210
vn -0.049482 0.086073 0.011957
vn -0.097662 -0.000000 0.021497
vn -0.097662 -0.000000 0.021497
vn -0.100000 -0.000000 -0.000000
vn -0.100000 -0.000000 -0.000000
vn -0.097662 0.000000 -0.021497
vn -0.097662 0.000000 -0.021497
vn -0.090758 0.000000 -0.041989
vn -0.090758 0.000000 -0.041989
vn -0.079609 0.000000 -0.060517
vn -0.079609 0.000000 -0.060517
vn -0.064739 0.000000 -0.076216
vn -0.064739 0.000000 -0.076216
vn -0.046841 0.000000 -0.088351
vn -0.046841 0.000000 -0.088351
vn -0.026753 0.000000 -0.096355
vn -0.026753 0.000000 -0.096355
vn -0.005414 0.000000 -0.099853
vn -0.005414 0.000000 -0.099853
vn 0.016178 0.000000 -0.098683
vn 0.016178 0.000000 -0.098683
vn 0.037014 0.000000 -0.092898
vn 0.037014 0.000000 -0.092898
vn 0.056119 0.000000 -0.082769
vn 0.056119 0.000000 -0.082769
vn 0.072600 0.000000 -0.068770
vn 0.072600 0.000000 -0.068770
vn 0.085686 0.000000 -0.051555
vn 0.085686 0.000000 -0.051555
vn 0.094765 0.000000 -0.031930
vn 0.094765 0.000000 -0.031930
vn 0.099414 0.000000 -0.010812
vn 0.099414 0.000000 -0.010812
vn 0.099414 -0.000000 0.010812
vn 0.099414 -0.000000 0.010812
vn 0.094765 -0.000000 0.031930
vn 0.094765 -0.000000 0.031930
vn 0.085686 -0.000000 0.051555
vn 0.085686 -0.000000 0.051555
vn 0.072600 -0.000000 0.068770
vn 0.072600 -0.000000 0.068770
vn 0.056119 -0.000000 0.082769
vn 0.056119 -0.000000 0.082769
vn 0.037014 -0.000000 0.092898
vn 0.037014 -0.000000 0.092898
vn 0.016178 -0.000000 0.098683
vn 0.016178 -0.000000 0.098683
vn -0.005414 -0.000000 0.099853
vn -0.005414 -0.000000 0.099853
vn -0.026753 -0.000000 0.096355
vn -0.026753 -0.000000 0.096355
vn -0.046841 -0.000000 0.088351
vn -0.046841 -0.000000 0.088351
vn -0.064739 -0.000000 0.076216
vn -0.064739 -0.000000 0.076216
vn -0.079609 -0.000000 0.060517
vn -0.079609 -0.000000 0.060517
vn -0.090758 -0.000000 0.041989
vn -0.090758 -0.000000 0.041989
vn -0.097662 0.000000 -0.021497
vn -0.100000 -0.000000 -0.000000
vn -0.097662 -0.000000 0.021497
vn -0.090758 -0.000000 0.041989
vn -0.079609 -0.000000 0.060517
vn -0.064739 -0.000000 0.076216
vn -0.046841 -0.000000 0.088351
vn -0.026753 -0.000000 0.096355
vn -0.005414 -0.000000 0.099853
vn 0.016178 -0.000000 0.098683
vn 0.037014 -0.000000 0.092898
vn 0.056119 -0.000000 0.082769
vn 0.072600 -0.000000 0.068770
vn 0.085686 -0.000000 0.051555
vn 0.094765 -0.000000 0.031930
vn 0.099414 -0.000000 0.010812
vn 0.099414 0.000000 -0.010812
vn 0.094765 0.000000 -0.031930
vn 0.085686 0.000000 -0.051555
vn 0.072600 0.000000 -0.068770
vn 0.056119 0.000000 -0.082769
vn 0.037014 0.000000 -0.092898
vn 0.016178 0.000000 -0.098683
vn -0.005414 0.000000 -0.099853
vn -0.026753 0.000000 -0.096355
vn -0.046841 0.000000 -0.088351
vn -0.064739 0.000000 -0.076216
vn -0.079609 0.000000 -0.060517
vn -0.090758 0.000000 -0.041989
vn -0.000000 0.100000 0.000000
vn -0.000000 0.100000 0.000000
vn -0.000000 0.100000 0.000000
vn -0.000000 0.100000 0.000000
vn -0.000000 0.100000 0.000000
vn -0.000000 0.100000 0.000000
vn -0.000000 0.100000 0.000000
vn -0.000000 0.100000 0.000000
vn -0.000000 0.100000 0.000000
vn -0.000000 0.100000 0.000000
vn -0.000000 0.100000 0.000000
vn -0.000000 0.100000 0.000000
vn -0.000000 0.100000 0.000000
vn -0.000000 0.100000 0.000000
vn -0.000000 0.100000 0.000000
vn -0.000000 0.100000 0.000000
vn -0.000000 0.100000 0.000000
vn -0.000000 0.100000 0.000000
vn -0.000000 0.100000 0.000000
vn -0.000000 0.100000 0.000000
vn -0.000000 0.100000 0.000000
vn -0.000000 0.100000 0.000000
vn -0.000000 0.100000 0.000000
vn -0.000000 0.100000 0.000000
vn -0.000000 0.100000 0.000000
vn -0.000000 0.100000 0.000000
vn -0.000000 0.100000 0.000000
vn -0.000000 0.100000 0.000000
vn -0.000000 0.100000 0.000000
usemtl Stainless_Steel_-_Satin
f 888/1499/1398 963/1500/1399 887/1501/1400
f 887/1501/1400 963/1500/1399 917/1502/1401
f 887/1503/1400 917/1504/1401 2090/1505/1402
f 2090/1505/1402 917/1504/1401 918/1506/1403
f 2090/1505/1402 918/1506/1403 2091/1507/1404
f 2091/1507/1404 918/1506/1403 919/1508/1405
f 2091/1507/1404 919/1508/1405 2092/1509/1406
f 2092/1509/1406 919/1508/1405 920/1510/1407
f 2092/1509/1406 920/1510/1407 2093/1511/1408
f 2093/1511/1408 920/1510/1407 921/1512/1409
f 2093/1511/1408 921/1512/1409 2094/1513/1410
f 2094/1513/1410 921/1512/1409 922/1514/1411
f 2094/1513/1410 922/1514/1411 2095/1515/1412
f 2095/1515/1412 922/1514/1411 923/1516/1413
f 2095/1515/1412 923/1516/1413 2096/1517/1414
f 2096/1517/1414 923/1516/1413 924/1518/1415
f 2096/1517/1414 924/1518/1415 2097/1519/1416
f 2097/1519/1416 924/1518/1415 925/1520/1417
f 2097/1519/1416 925/1520/1417 2098/1521/1418
f 2098/1521/1418 925/1520/1417 926/1522/1419
f 2098/1521/1418 926/1522/1419 2099/1523/1420
f 2099/1523/1420 926/1522/1419 927/1524/1421
f 2099/1523/1420 927/1524/1421 2100/1525/1422
f 2100/1525/1422 927/1524/1421 928/1526/1423
f 2100/1525/1422 928/1526/1423 2101/1527/1424
f 2101/1527/1424 928/1526/1423 929/1528/1425
f 2101/1527/1424 929/1528/1425 2102/1529/1426
f 2102/1529/1426 929/1528/1425 930/1530/1427
f 2102/1529/1426 930/1530/1427 2103/1531/1428
f 2103/1531/1428 930/1530/1427 931/1532/1429
f 2103/1531/1428 931/1532/1429 2104/1533/1430
f 2104/1533/1430 931/1532/1429 932/1534/1431
f 2104/1533/1430 932/1534/1431 2105/1535/1432
f 2105/1535/1432 932/1534/1431 933/1536/1433
f 2105/1535/1432 933/1536/1433 2106/1537/1434
f 2106/1537/1434 933/1536/1433 934/1538/1435
f 2106/1537/1434 934/1538/1435 2107/1539/1436
f 2107/1539/1436 934/1538/1435 935/1540/1437
f 2107/1539/1436 935/1540/1437 2108/1541/1438
f 2108/1541/1438 935/1540/1437 936/1542/1439
f 2108/1541/1438 936/1542/1439 2109/1543/1440
f 2109/1543/1440 936/1542/1439 937/1544/1441
f 2109/1543/1440 937/1544/1441 2110/1545/1442
f 2110/1545/1442 937/1544/1441 938/1546/1443
f 2110/1545/1442 938/1546/1443 2111/1547/1444
f 2111/1547/1444 938/1546/1443 939/1548/1445
f 2111/1547/1444 939/1548/1445 2112/1549/1446
f 2112/1549/1446 939/1548/1445 916/1550/1447
f 889/1551/1448 962/1552/1449 888/1499/1398
f 888/1499/1398 962/1552/1449 986/1553/1450
f 888/1499/1398 986/1553/1450 963/1500/1399
f 963/1500/1399 986/1553/1450 987/1554/1451
f 963/1500/1399 987/1554/1451 964/1555/1452
f 964/1555/1452 987/1554/1451 988/1556/1453
f 964/1555/1452 988/1556/1453 965/1557/1454
f 965/1557/1454 988/1556/1453 989/1558/1455
f 965/1557/1454 989/1558/1455 966/1559/1456
f 966/1559/1456 989/1558/1455 990/1560/1457
f 966/1559/1456 990/1560/1457 967/1561/1458
f 967/1561/1458 990/1560/1457 991/1562/1459
f 967/1561/1458 991/1562/1459 968/1563/1460
f 968/1563/1460 991/1562/1459 992/1564/1461
f 968/1563/1460 992/1564/1461 969/1565/1462
f 969/1565/1462 992/1564/1461 993/1566/1463
f 969/1565/1462 993/1566/1463 970/1567/1464
f 970/1567/1464 993/1566/1463 994/1568/1465
f 970/1567/1464 994/1568/1465 971/1569/1466
f 971/1569/1466 994/1568/1465 995/1570/1467
f 971/1569/1466 995/1570/1467 972/1571/1468
f 972/1571/1468 995/1570/1467 996/1572/1469
f 972/1571/1468 996/1572/1469 973/1573/1470
f 973/1573/1470 996/1572/1469 997/1574/1471
f 973/1573/1470 997/1574/1471 974/1575/1472
f 974/1575/1472 997/1574/1471 998/1576/1473
f 974/1575/1472 998/1576/1473 975/1577/1474
f 975/1577/1474 998/1576/1473 999/1578/1475
f 975/1577/1474 999/1578/1475 976/1579/1476
f 976/1579/1476 999/1578/1475 1000/1580/1477
f 976/1579/1476 1000/1580/1477 977/1581/1478
f 977/1581/1478 1000/1580/1477 1001/1582/1479
f 977/1581/1478 1001/1582/1479 978/1583/1480
f 978/1583/1480 1001/1582/1479 1002/1584/1481
f 978/1583/1480 1002/1584/1481 979/1585/1482
f 979/1585/1482 1002/1584/1481 1003/1586/1483
f 979/1585/1482 1003/1586/1483 980/1587/1484
f 980/1587/1484 1003/1586/1483 1004/1588/1485
f 980/1587/1484 1004/1588/1485 981/1589/1486
f 981/1589/1486 1004/1588/1485 1005/1590/1487
f 981/1589/1486 1005/1590/1487 982/1591/1488
f 982/1591/1488 1005/1590/1487 1006/1592/1489
f 982/1591/1488 1006/1592/1489 983/1593/1490
f 983/1593/1490 1006/1592/1489 1007/1594/1491
f 983/1593/1490 1007/1594/1491 984/1595/1492
f 984/1595/1492 1007/1594/1491 1008/1596/1493
f 984/1595/1492 1008/1596/1493 985/1597/1494
f 985/1597/1494 1008/1596/1493 916/1598/1447
f 890/1599/1495 961/1600/1496 889/1551/1448
f 889/1551/1448 961/1600/1496 1009/1601/1497
f 889/1551/1448 1009/1601/1497 962/1552/1449
f 962/1552/1449 1009/1601/1497 1010/1602/1498
f 962/1552/1449 1010/1602/1498 1053/1603/1499
f 1053/1603/1499 1010/1602/1498 1011/1604/1500
f 1053/1603/1499 1011/1604/1500 1052/1605/1501
f 1052/1605/1501 1011/1604/1500 1012/1606/1502
f 1052/1605/1501 1012/1606/1502 1051/1607/1503
f 1051/1607/1503 1012/1606/1502 1013/1608/1504
f 1051/1607/1503 1013/1608/1504 1050/1609/1505
f 1050/1609/1505 1013/1608/1504 1014/1610/1506
f 1050/1609/1505 1014/1610/1506 1049/1611/1507
f 1049/1611/1507 1014/1610/1506 1015/1612/1508
f 1049/1611/1507 1015/1612/1508 1048/1613/1509
f 1048/1613/1509 1015/1612/1508 1016/1614/1510
f 1048/1613/1509 1016/1614/1510 1047/1615/1511
f 1047/1615/1511 1016/1614/1510 1017/1616/1512
f 1047/1615/1511 1017/1616/1512 1046/1617/1513
f 1046/1617/1513 1017/1616/1512 1018/1618/1514
f 1046/1617/1513 1018/1618/1514 1045/1619/1515
f 1045/1619/1515 1018/1618/1514 1019/1620/1516
f 1045/1619/1515 1019/1620/1516 1044/1621/1517
f 1044/1621/1517 1019/1620/1516 1020/1622/1518
f 1044/1621/1517 1020/1622/1518 1043/1623/1519
f 1043/1623/1519 1020/1622/1518 1021/1624/1520
f 1043/1623/1519 1021/1624/1520 1042/1625/1521
f 1042/1625/1521 1021/1624/1520 1022/1626/1522
f 1042/1625/1521 1022/1626/1522 1041/1627/1523
f 1041/1627/1523 1022/1626/1522 1023/1628/1524
f 1041/1627/1523 1023/1628/1524 1040/1629/1525
f 1040/1629/1525 1023/1628/1524 1024/1630/1526
f 1040/1629/1525 1024/1630/1526 1039/1631/1527
f 1039/1631/1527 1024/1630/1526 1025/1632/1528
f 1039/1631/1527 1025/1632/1528 1038/1633/1529
f 1038/1633/1529 1025/1632/1528 1026/1634/1530
f 1038/1633/1529 1026/1634/1530 1037/1635/1531
f 1037/1635/1531 1026/1634/1530 1027/1636/1532
f 1037/1635/1531 1027/1636/1532 1036/1637/1533
f 1036/1637/1533 1027/1636/1532 1028/1638/1534
f 1036/1637/1533 1028/1638/1534 1035/1639/1535
f 1035/1639/1535 1028/1638/1534 1029/1640/1536
f 1035/1639/1535 1029/1640/1536 1034/1641/1537
f 1034/1641/1537 1029/1640/1536 1030/1642/1538
f 1034/1641/1537 1030/1642/1538 1033/1643/1539
f 1033/1643/1539 1030/1642/1538 1031/1644/1540
f 1033/1643/1539 1031/1644/1540 1032/1645/1541
f 1032/1645/1541 1031/1644/1540 916/1646/1447
f 961/1600/1496 890/1599/1495 960/1647/1542
f 960/1647/1542 890/1599/1495 891/1648/1543
f 960/1647/1542 891/1648/1543 1142/1649/1544
f 1142/1649/1544 891/1648/1543 959/1650/1545
f 1142/1649/1544 959/1650/1545 1098/1651/1546
f 1098/1651/1546 959/1650/1545 1187/1652/1547
f 1098/1651/1546 1187/1652/1547 1186/1653/1548
f 1186/1653/1548 1187/1652/1547 1145/1654/1549
f 1186/1653/1548 1145/1654/1549 1146/1655/1550
f 1146/1655/1550 1145/1654/1549 1192/1656/1551
f 1146/1655/1550 1192/1656/1551 1193/1657/1552
f 1193/1657/1552 1192/1656/1551 1253/1658/1553
f 1193/1657/1552 1253/1658/1553 1252/1659/1554
f 1252/1659/1554 1253/1658/1553 1217/1660/1555
f 1252/1659/1554 1217/1660/1555 1218/1661/1556
f 1218/1661/1556 1217/1660/1555 1296/1662/1557
f 1218/1661/1556 1296/1662/1557 1295/1663/1558
f 1295/1663/1558 1296/1662/1557 1264/1664/1559
f 1295/1663/1558 1264/1664/1559 1265/1665/1560
f 1265/1665/1560 1264/1664/1559 1338/1666/1561
f 1265/1665/1560 1338/1666/1561 1337/1667/1562
f 1337/1667/1562 1338/1666/1561 1310/1668/1563
f 1337/1667/1562 1310/1668/1563 1311/1669/1564
f 1311/1669/1564 1310/1668/1563 1380/1670/1565
f 1311/1669/1564 1380/1670/1565 1379/1671/1566
f 1379/1671/1566 1380/1670/1565 1356/1672/1567
f 1379/1671/1566 1356/1672/1567 1357/1673/1568
f 1357/1673/1568 1356/1672/1567 1424/1674/1569
f 1357/1673/1568 1424/1674/1569 1423/1675/1570
f 1423/1675/1570 1424/1674/1569 1404/1676/1571
f 1423/1675/1570 1404/1676/1571 1405/1677/1572
f 1405/1677/1572 1404/1676/1571 1451/1678/1573
f 1405/1677/1572 1451/1678/1573 1452/1679/1574
f 1452/1679/1574 1451/1678/1573 1490/1680/1575
f 1452/1679/1574 1490/1680/1575 1489/1681/1576
f 1489/1681/1576 1490/1680/1575 1476/1682/1577
f 1489/1681/1576 1476/1682/1577 1477/1683/1578
f 1477/1683/1578 1476/1682/1577 1532/1684/1579
f 1477/1683/1578 1532/1684/1579 1531/1685/1580
f 1531/1685/1580 1532/1684/1579 1522/1686/1581
f 1531/1685/1580 1522/1686/1581 1523/1687/1582
f 1523/1687/1582 1522/1686/1581 1574/1688/1583
f 1523/1687/1582 1574/1688/1583 1573/1689/1584
f 1573/1689/1584 1574/1688/1583 1568/1690/1585
f 1573/1689/1584 1568/1690/1585 1569/1691/1586
f 1569/1691/1586 1568/1690/1585 1617/1692/1587
f 1569/1691/1586 1617/1692/1587 1616/1693/1588
f 1616/1693/1588 1617/1692/1587 1615/1694/1589
f 1616/1693/1588 1615/1694/1589 916/1695/1447
f 891/1648/1543 892/1696/1590 959/1650/1545
f 959/1650/1545 892/1696/1590 1188/1697/1591
f 959/1650/1545 1188/1697/1591 1187/1652/1547
f 1187/1652/1547 1188/1697/1591 1144/1698/1592
f 1187/1652/1547 1144/1698/1592 1145/1654/1549
f 1145/1654/1549 1144/1698/1592 1191/1699/1593
f 1145/1654/1549 1191/1699/1593 1192/1656/1551
f 1192/1656/1551 1191/1699/1593 1254/1700/1594
f 1192/1656/1551 1254/1700/1594 1253/1658/1553
f 1253/1658/1553 1254/1700/1594 1216/1701/1595
f 1253/1658/1553 1216/1701/1595 1217/1660/1555
f 1217/1660/1555 1216/1701/1595 1297/1702/1596
f 1217/1660/1555 1297/1702/1596 1296/1662/1557
f 1296/1662/1557 1297/1702/1596 1263/1703/1597
f 1296/1662/1557 1263/1703/1597 1264/1664/1559
f 1264/1664/1559 1263/1703/1597 1339/1704/1598
f 1264/1664/1559 1339/1704/1598 1338/1666/1561
f 1338/1666/1561 1339/1704/1598 1309/1705/1599
f 1338/1666/1561 1309/1705/1599 1310/1668/1563
f 1310/1668/1563 1309/1705/1599 1381/1706/1600
f 1310/1668/1563 1381/1706/1600 1380/1670/1565
f 1380/1670/1565 1381/1706/1600 1355/1707/1601
f 1380/1670/1565 1355/1707/1601 1356/1672/1567
f 1356/1672/1567 1355/1707/1601 1425/1708/1602
f 1356/1672/1567 1425/1708/1602 1424/1674/1569
f 1424/1674/1569 1425/1708/1602 1403/1709/1603
f 1424/1674/1569 1403/1709/1603 1404/1676/1571
f 1404/1676/1571 1403/1709/1603 1450/1710/1604
f 1404/1676/1571 1450/1710/1604 1451/1678/1573
f 1451/1678/1573 1450/1710/1604 1491/1711/1605
f 1451/1678/1573 1491/1711/1605 1490/1680/1575
f 1490/1680/1575 1491/1711/1605 1475/1712/1606
f 1490/1680/1575 1475/1712/1606 1476/1682/1577
f 1476/1682/1577 1475/1712/1606 1533/1713/1607
f 1476/1682/1577 1533/1713/1607 1532/1684/1579
f 1532/1684/1579 1533/1713/1607 1521/1714/1608
f 1532/1684/1579 1521/1714/1608 1522/1686/1581
f 1522/1686/1581 1521/1714/1608 1575/1715/1609
f 1522/1686/1581 1575/1715/1609 1574/1688/1583
f 1574/1688/1583 1575/1715/1609 1567/1716/1610
f 1574/1688/1583 1567/1716/1610 1568/1690/1585
f 1568/1690/1585 1567/1716/1610 1618/1717/1611
f 1568/1690/1585 1618/1717/1611 1617/1692/1587
f 1617/1692/1587 1618/1717/1611 1614/1718/1612
f 1617/1692/1587 1614/1718/1612 1615/1694/1589
f 1615/1694/1589 1614/1718/1612 1662/1719/1613
f 1615/1694/1589 1662/1719/1613 916/1720/1447
f 1188/1697/1591 892/1696/1590 1143/1721/1614
f 1143/1721/1614 892/1696/1590 893/1722/1615
f 1143/1721/1614 893/1722/1615 1189/1723/1616
f 1189/1723/1616 893/1722/1615 958/1724/1617
f 1189/1723/1616 958/1724/1617 1256/1725/1618
f 1256/1725/1618 958/1724/1617 1213/1726/1619
f 1256/1725/1618 1213/1726/1619 1214/1727/1620
f 1214/1727/1620 1213/1726/1619 1300/1728/1621
f 1214/1727/1620 1300/1728/1621 1299/1729/1622
f 1299/1729/1622 1300/1728/1621 1260/1730/1623
f 1299/1729/1622 1260/1730/1623 1261/1731/1624
f 1261/1731/1624 1260/1730/1623 1342/1732/1625
f 1261/1731/1624 1342/1732/1625 1341/1733/1626
f 1341/1733/1626 1342/1732/1625 1306/1734/1627
f 1341/1733/1626 1306/1734/1627 1307/1735/1628
f 1307/1735/1628 1306/1734/1627 1384/1736/1629
f 1307/1735/1628 1384/1736/1629 1383/1737/1630
f 1383/1737/1630 1384/1736/1629 1352/1738/1631
f 1383/1737/1630 1352/1738/1631 1353/1739/1632
f 1353/1739/1632 1352/1738/1631 1428/1740/1633
f 1353/1739/1632 1428/1740/1633 1427/1741/1634
f 1427/1741/1634 1428/1740/1633 1400/1742/1635
f 1427/1741/1634 1400/1742/1635 1401/1743/1636
f 1401/1743/1636 1400/1742/1635 1447/1744/1637
f 1401/1743/1636 1447/1744/1637 1448/1745/1638
f 1448/1745/1638 1447/1744/1637 1494/1746/1639
f 1448/1745/1638 1494/1746/1639 1493/1747/1640
f 1493/1747/1640 1494/1746/1639 1472/1748/1641
f 1493/1747/1640 1472/1748/1641 1473/1749/1642
f 1473/1749/1642 1472/1748/1641 1536/1750/1643
f 1473/1749/1642 1536/1750/1643 1535/1751/1644
f 1535/1751/1644 1536/1750/1643 1518/1752/1645
f 1535/1751/1644 1518/1752/1645 1519/1753/1646
f 1519/1753/1646 1518/1752/1645 1578/1754/1647
f 1519/1753/1646 1578/1754/1647 1577/1755/1648
f 1577/1755/1648 1578/1754/1647 1564/1756/1649
f 1577/1755/1648 1564/1756/1649 1565/1757/1650
f 1565/1757/1650 1564/1756/1649 1621/1758/1651
f 1565/1757/1650 1621/1758/1651 1620/1759/1652
f 1620/1759/1652 1621/1758/1651 1611/1760/1653
f 1620/1759/1652 1611/1760/1653 1612/1761/1654
f 1612/1761/1654 1611/1760/1653 1665/1762/1655
f 1612/1761/1654 1665/1762/1655 1664/1763/1656
f 1664/1763/1656 1665/1762/1655 1659/1764/1657
f 1664/1763/1656 1659/1764/1657 1660/1765/1658
f 1660/1765/1658 1659/1764/1657 1706/1766/1659
f 1660/1765/1658 1706/1766/1659 1707/1767/1660
f 1707/1767/1660 1706/1766/1659 1731/1768/1661
f 1707/1767/1660 1731/1768/1661 916/1769/1447
f 893/1722/1615 894/1770/1662 958/1724/1617
f 958/1724/1617 894/1770/1662 1212/1771/1663
f 958/1724/1617 1212/1771/1663 1213/1726/1619
f 1213/1726/1619 1212/1771/1663 1301/1772/1664
f 1213/1726/1619 1301/1772/1664 1300/1728/1621
f 1300/1728/1621 1301/1772/1664 1259/1773/1665
f 1300/1728/1621 1259/1773/1665 1260/1730/1623
f 1260/1730/1623 1259/1773/1665 1343/1774/1666
f 1260/1730/1623 1343/1774/1666 1342/1732/1625
f 1342/1732/1625 1343/1774/1666 1305/1775/1667
f 1342/1732/1625 1305/1775/1667 1306/1734/1627
f 1306/1734/1627 1305/1775/1667 1385/1776/1668
f 1306/1734/1627 1385/1776/1668 1384/1736/1629
f 1384/1736/1629 1385/1776/1668 1351/1777/1669
f 1384/1736/1629 1351/1777/1669 1352/1738/1631
f 1352/1738/1631 1351/1777/1669 1429/1778/1670
f 1352/1738/1631 1429/1778/1670 1428/1740/1633
f 1428/1740/1633 1429/1778/1670 1399/1779/1671
f 1428/1740/1633 1399/1779/1671 1400/1742/1635
f 1400/1742/1635 1399/1779/1671 1446/1780/1672
f 1400/1742/1635 1446/1780/1672 1447/1744/1637
f 1447/1744/1637 1446/1780/1672 1495/1781/1673
f 1447/1744/1637 1495/1781/1673 1494/1746/1639
f 1494/1746/1639 1495/1781/1673 1471/1782/1674
f 1494/1746/1639 1471/1782/1674 1472/1748/1641
f 1472/1748/1641 1471/1782/1674 1537/1783/1675
f 1472/1748/1641 1537/1783/1675 1536/1750/1643
f 1536/1750/1643 1537/1783/1675 1517/1784/1676
f 1536/1750/1643 1517/1784/1676 1518/1752/1645
f 1518/1752/1645 1517/1784/1676 1579/1785/1677
f 1518/1752/1645 1579/1785/1677 1578/1754/1647
f 1578/1754/1647 1579/1785/1677 1563/1786/1678
f 1578/1754/1647 1563/1786/1678 1564/1756/1649
f 1564/1756/1649 1563/1786/1678 1622/1787/1679
f 1564/1756/1649 1622/1787/1679 1621/1758/1651
f 1621/1758/1651 1622/1787/1679 1610/1788/1680
f 1621/1758/1651 1610/1788/1680 1611/1760/1653
f 1611/1760/1653 1610/1788/1680 1666/1789/1681
f 1611/1760/1653 1666/1789/1681 1665/1762/1655
f 1665/1762/1655 1666/1789/1681 1658/1790/1682
f 1665/1762/1655 1658/1790/1682 1659/1764/1657
f 1659/1764/1657 1658/1790/1682 1705/1791/1683
f 1659/1764/1657 1705/1791/1683 1706/1766/1659
f 1706/1766/1659 1705/1791/1683 1732/1792/1684
f 1706/1766/1659 1732/1792/1684 1731/1768/1661
f 1731/1768/1661 1732/1792/1684 1730/1793/1685
f 1731/1768/1661 1730/1793/1685 916/1794/1447
f 1212/1771/1663 894/1770/1662 957/1795/1686
f 957/1795/1686 894/1770/1662 895/1796/1687
f 957/1795/1686 895/1796/1687 1257/1797/1688
f 1257/1797/1688 895/1796/1687 956/1798/1689
f 1257/1797/1688 956/1798/1689 1345/1799/1690
f 1345/1799/1690 956/1798/1689 1302/1800/1691
f 1345/1799/1690 1302/1800/1691 1303/1801/1692
f 1303/1801/1692 1302/1800/1691 1388/1802/1693
f 1303/1801/1692 1388/1802/1693 1387/1803/1694
f 1387/1803/1694 1388/1802/1693 1348/1804/1695
f 1387/1803/1694 1348/1804/1695 1349/1805/1696
f 1349/1805/1696 1348/1804/1695 1432/1806/1697
f 1349/1805/1696 1432/1806/1697 1431/1807/1698
f 1431/1807/1698 1432/1806/1697 1396/1808/1699
f 1431/1807/1698 1396/1808/1699 1397/1809/1700
f 1397/1809/1700 1396/1808/1699 1443/1810/1701
f 1397/1809/1700 1443/1810/1701 1444/1811/1702
f 1444/1811/1702 1443/1810/1701 1498/1812/1703
f 1444/1811/1702 1498/1812/1703 1497/1813/1704
f 1497/1813/1704 1498/1812/1703 1468/1814/1705
f 1497/1813/1704 1468/1814/1705 1469/1815/1706
f 1469/1815/1706 1468/1814/1705 1540/1816/1707
f 1469/1815/1706 1540/1816/1707 1539/1817/1708
f 1539/1817/1708 1540/1816/1707 1514/1818/1709
f 1539/1817/1708 1514/1818/1709 1515/1819/1710
f 1515/1819/1710 1514/1818/1709 1582/1820/1711
f 1515/1819/1710 1582/1820/1711 1581/1821/1712
f 1581/1821/1712 1582/1820/1711 1560/1822/1713
f 1581/1821/1712 1560/1822/1713 1561/1823/1714
f 1561/1823/1714 1560/1822/1713 1625/1824/1715
f 1561/1823/1714 1625/1824/1715 1624/1825/1716
f 1624/1825/1716 1625/1824/1715 1607/1826/1717
f 1624/1825/1716 1607/1826/1717 1608/1827/1718
f 1608/1827/1718 1607/1826/1717 1669/1828/1719
f 1608/1827/1718 1669/1828/1719 1668/1829/1720
f 1668/1829/1720 1669/1828/1719 1655/1830/1721
f 1668/1829/1720 1655/1830/1721 1656/1831/1722
f 1656/1831/1722 1655/1830/1721 1702/1832/1723
f 1656/1831/1722 1702/1832/1723 1703/1833/1724
f 1703/1833/1724 1702/1832/1723 1735/1834/1725
f 1703/1833/1724 1735/1834/1725 1734/1835/1726
f 1734/1835/1726 1735/1834/1725 1727/1836/1727
f 1734/1835/1726 1727/1836/1727 1728/1837/1728
f 1728/1837/1728 1727/1836/1727 1777/1838/1729
f 1728/1837/1728 1777/1838/1729 1776/1839/1730
f 1776/1839/1730 1777/1838/1729 1773/1840/1731
f 1776/1839/1730 1773/1840/1731 1774/1841/1732
f 1774/1841/1732 1773/1840/1731 1819/1842/1733
f 1774/1841/1732 1819/1842/1733 916/1843/1447
f 895/1796/1687 896/1844/1734 956/1798/1689
f 956/1798/1689 896/1844/1734 955/1845/1735
f 956/1798/1689 955/1845/1735 1302/1800/1691
f 1302/1800/1691 955/1845/1735 1389/1846/1736
f 1302/1800/1691 1389/1846/1736 1388/1802/1693
f 1388/1802/1693 1389/1846/1736 1347/1847/1737
f 1388/1802/1693 1347/1847/1737 1348/1804/1695
f 1348/1804/1695 1347/1847/1737 1433/1848/1738
f 1348/1804/1695 1433/1848/1738 1432/1806/1697
f 1432/1806/1697 1433/1848/1738 1395/1849/1739
f 1432/1806/1697 1395/1849/1739 1396/1808/1699
f 1396/1808/1699 1395/1849/1739 1442/1850/1740
f 1396/1808/1699 1442/1850/1740 1443/1810/1701
f 1443/1810/1701 1442/1850/1740 1499/1851/1741
f 1443/1810/1701 1499/1851/1741 1498/1812/1703
f 1498/1812/1703 1499/1851/1741 1467/1852/1742
f 1498/1812/1703 1467/1852/1742 1468/1814/1705
f 1468/1814/1705 1467/1852/1742 1541/1853/1743
f 1468/1814/1705 1541/1853/1743 1540/1816/1707
f 1540/1816/1707 1541/1853/1743 1513/1854/1744
f 1540/1816/1707 1513/1854/1744 1514/1818/1709
f 1514/1818/1709 1513/1854/1744 1583/1855/1745
f 1514/1818/1709 1583/1855/1745 1582/1820/1711
f 1582/1820/1711 1583/1855/1745 1559/1856/1746
f 1582/1820/1711 1559/1856/1746 1560/1822/1713
f 1560/1822/1713 1559/1856/1746 1626/1857/1747
f 1560/1822/1713 1626/1857/1747 1625/1824/1715
f 1625/1824/1715 1626/1857/1747 1606/1858/1748
f 1625/1824/1715 1606/1858/1748 1607/1826/1717
f 1607/1826/1717 1606/1858/1748 1670/1859/1749
f 1607/1826/1717 1670/1859/1749 1669/1828/1719
f 1669/1828/1719 1670/1859/1749 1654/1860/1750
f 1669/1828/1719 1654/1860/1750 1655/1830/1721
f 1655/1830/1721 1654/1860/1750 1701/1861/1751
f 1655/1830/1721 1701/1861/1751 1702/1832/1723
f 1702/1832/1723 1701/1861/1751 1736/1862/1752
f 1702/1832/1723 1736/1862/1752 1735/1834/1725
f 1735/1834/1725 1736/1862/1752 1726/1863/1753
f 1735/1834/1725 1726/1863/1753 1727/1836/1727
f 1727/1836/1727 1726/1863/1753 1778/1864/1754
f 1727/1836/1727 1778/1864/1754 1777/1838/1729
f 1777/1838/1729 1778/1864/1754 1772/1865/1755
f 1777/1838/1729 1772/1865/1755 1773/1840/1731
f 1773/1840/1731 1772/1865/1755 1820/1866/1756
f 1773/1840/1731 1820/1866/1756 1819/1842/1733
f 1819/1842/1733 1820/1866/1756 1818/1867/1757
f 1819/1842/1733 1818/1867/1757 916/1868/1447
f 896/1844/1734 897/1869/1758 955/1845/1735
f 955/1845/1735 897/1869/1758 1390/1870/1759
f 955/1845/1735 1390/1870/1759 1389/1846/1736
f 1389/1846/1736 1390/1870/1759 1346/1871/1760
f 1389/1846/1736 1346/1871/1760 1347/1847/1737
f 1347/1847/1737 1346/1871/1760 1434/1872/1761
f 1347/1847/1737 1434/1872/1761 1433/1848/1738
f 1433/1848/1738 1434/1872/1761 1394/1873/1762
f 1433/1848/1738 1394/1873/1762 1395/1849/1739
f 1395/1849/1739 1394/1873/1762 1441/1874/1763
f 1395/1849/1739 1441/1874/1763 1442/1850/1740
f 1442/1850/1740 1441/1874/1763 1500/1875/1764
f 1442/1850/1740 1500/1875/1764 1499/1851/1741
f 1499/1851/1741 1500/1875/1764 1466/1876/1765
f 1499/1851/1741 1466/1876/1765 1467/1852/1742
f 1467/1852/1742 1466/1876/1765 1542/1877/1766
f 1467/1852/1742 1542/1877/1766 1541/1853/1743
f 1541/1853/1743 1542/1877/1766 1512/1878/1767
f 1541/1853/1743 1512/1878/1767 1513/1854/1744
f 1513/1854/1744 1512/1878/1767 1584/1879/1768
f 1513/1854/1744 1584/1879/1768 1583/1855/1745
f 1583/1855/1745 1584/1879/1768 1558/1880/1769
f 1583/1855/1745 1558/1880/1769 1559/1856/1746
f 1559/1856/1746 1558/1880/1769 1627/1881/1770
f 1559/1856/1746 1627/1881/1770 1626/1857/1747
f 1626/1857/1747 1627/1881/1770 1605/1882/1771
f 1626/1857/1747 1605/1882/1771 1606/1858/1748
f 1606/1858/1748 1605/1882/1771 1671/1883/1772
f 1606/1858/1748 1671/1883/1772 1670/1859/1749
f 1670/1859/1749 1671/1883/1772 1653/1884/1773
f 1670/1859/1749 1653/1884/1773 1654/1860/1750
f 1654/1860/1750 1653/1884/1773 1700/1885/1774
f 1654/1860/1750 1700/1885/1774 1701/1861/1751
f 1701/1861/1751 1700/1885/1774 1737/1886/1775
f 1701/1861/1751 1737/1886/1775 1736/1862/1752
f 1736/1862/1752 1737/1886/1775 1725/1887/1776
f 1736/1862/1752 1725/1887/1776 1726/1863/1753
f 1726/1863/1753 1725/1887/1776 1779/1888/1777
f 1726/1863/1753 1779/1888/1777 1778/1864/1754
f 1778/1864/1754 1779/1888/1777 1771/1889/1778
f 1778/1864/1754 1771/1889/1778 1772/1865/1755
f 1772/1865/1755 1771/1889/1778 1821/1890/1779
f 1772/1865/1755 1821/1890/1779 1820/1866/1756
f 1820/1866/1756 1821/1890/1779 1817/1891/1780
f 1820/1866/1756 1817/1891/1780 1818/1867/1757
f 1818/1867/1757 1817/1891/1780 1864/1892/1781
f 1818/1867/1757 1864/1892/1781 916/1893/1447
f 1390/1870/1759 897/1869/1758 954/1894/1782
f 954/1894/1782 897/1869/1758 898/1895/1783
f 954/1894/1782 898/1895/1783 1436/1896/1784
f 1436/1896/1784 898/1895/1783 1391/1897/1785
f 1436/1896/1784 1391/1897/1785 1392/1898/1786
f 1392/1898/1786 1391/1897/1785 1438/1899/1787
f 1392/1898/1786 1438/1899/1787 1439/1900/1788
f 1439/1900/1788 1438/1899/1787 1503/1901/1789
f 1439/1900/1788 1503/1901/1789 1502/1902/1790
f 1502/1902/1790 1503/1901/1789 1463/1903/1791
f 1502/1902/1790 1463/1903/1791 1464/1904/1792
f 1464/1904/1792 1463/1903/1791 1545/1905/1793
f 1464/1904/1792 1545/1905/1793 1544/1906/1794
f 1544/1906/1794 1545/1905/1793 1509/1907/1795
f 1544/1906/1794 1509/1907/1795 1510/1908/1796
f 1510/1908/1796 1509/1907/1795 1587/1909/1797
f 1510/1908/1796 1587/1909/1797 1586/1910/1798
f 1586/1910/1798 1587/1909/1797 1555/1911/1799
f 1586/1910/1798 1555/1911/1799 1556/1912/1800
f 1556/1912/1800 1555/1911/1799 1630/1913/1801
f 1556/1912/1800 1630/1913/1801 1629/1914/1802
f 1629/1914/1802 1630/1913/1801 1602/1915/1803
f 1629/1914/1802 1602/1915/1803 1603/1916/1804
f 1603/1916/1804 1602/1915/1803 1674/1917/1805
f 1603/1916/1804 1674/1917/1805 1673/1918/1806
f 1673/1918/1806 1674/1917/1805 1650/1919/1807
f 1673/1918/1806 1650/1919/1807 1651/1920/1808
f 1651/1920/1808 1650/1919/1807 1697/1921/1809
f 1651/1920/1808 1697/1921/1809 1698/1922/1810
f 1698/1922/1810 1697/1921/1809 1740/1923/1811
f 1698/1922/1810 1740/1923/1811 1739/1924/1812
f 1739/1924/1812 1740/1923/1811 1722/1925/1813
f 1739/1924/1812 1722/1925/1813 1723/1926/1814
f 1723/1926/1814 1722/1925/1813 1782/1927/1815
f 1723/1926/1814 1782/1927/1815 1781/1928/1816
f 1781/1928/1816 1782/1927/1815 1768/1929/1817
f 1781/1928/1816 1768/1929/1817 1769/1930/1818
f 1769/1930/1818 1768/1929/1817 1824/1931/1819
f 1769/1930/1818 1824/1931/1819 1823/1932/1820
f 1823/1932/1820 1824/1931/1819 1814/1933/1821
f 1823/1932/1820 1814/1933/1821 1815/1934/1822
f 1815/1934/1822 1814/1933/1821 1867/1935/1823
f 1815/1934/1822 1867/1935/1823 1866/1936/1824
f 1866/1936/1824 1867/1935/1823 1861/1937/1825
f 1866/1936/1824 1861/1937/1825 1862/1938/1826
f 1862/1938/1826 1861/1937/1825 1911/1939/1827
f 1862/1938/1826 1911/1939/1827 1910/1940/1828
f 1910/1940/1828 1911/1939/1827 1909/1941/1829
f 1910/1940/1828 1909/1941/1829 916/1942/1447
f 898/1895/1783 899/1943/1830 1391/1897/1785
f 1391/1897/1785 899/1943/1830 1437/1944/1831
f 1391/1897/1785 1437/1944/1831 1438/1899/1787
f 1438/1899/1787 1437/1944/1831 1504/1945/1832
f 1438/1899/1787 1504/1945/1832 1503/1901/1789
f 1503/1901/1789 1504/1945/1832 1462/1946/1833
f 1503/1901/1789 1462/1946/1833 1463/1903/1791
f 1463/1903/1791 1462/1946/1833 1546/1947/1834
f 1463/1903/1791 1546/1947/1834 1545/1905/1793
f 1545/1905/1793 1546/1947/1834 1508/1948/1835
f 1545/1905/1793 1508/1948/1835 1509/1907/1795
f 1509/1907/1795 1508/1948/1835 1588/1949/1836
f 1509/1907/1795 1588/1949/1836 1587/1909/1797
f 1587/1909/1797 1588/1949/1836 1554/1950/1837
f 1587/1909/1797 1554/1950/1837 1555/1911/1799
f 1555/1911/1799 1554/1950/1837 1631/1951/1838
f 1555/1911/1799 1631/1951/1838 1630/1913/1801
f 1630/1913/1801 1631/1951/1838 1601/1952/1839
f 1630/1913/1801 1601/1952/1839 1602/1915/1803
f 1602/1915/1803 1601/1952/1839 1675/1953/1840
f 1602/1915/1803 1675/1953/1840 1674/1917/1805
f 1674/1917/1805 1675/1953/1840 1649/1954/1841
f 1674/1917/1805 1649/1954/1841 1650/1919/1807
f 1650/1919/1807 1649/1954/1841 1696/1955/1842
f 1650/1919/1807 1696/1955/1842 1697/1921/1809
f 1697/1921/1809 1696/1955/1842 1741/1956/1843
f 1697/1921/1809 1741/1956/1843 1740/1923/1811
f 1740/1923/1811 1741/1956/1843 1721/1957/1844
f 1740/1923/1811 1721/1957/1844 1722/1925/1813
f 1722/1925/1813 1721/1957/1844 1783/1958/1845
f 1722/1925/1813 1783/1958/1845 1782/1927/1815
f 1782/1927/1815 1783/1958/1845 1767/1959/1846
f 1782/1927/1815 1767/1959/1846 1768/1929/1817
f 1768/1929/1817 1767/1959/1846 1825/1960/1847
f 1768/1929/1817 1825/1960/1847 1824/1931/1819
f 1824/1931/1819 1825/1960/1847 1813/1961/1848
f 1824/1931/1819 1813/1961/1848 1814/1933/1821
f 1814/1933/1821 1813/1961/1848 1868/1962/1849
f 1814/1933/1821 1868/1962/1849 1867/1935/1823
f 1867/1935/1823 1868/1962/1849 1860/1963/1850
f 1867/1935/1823 1860/1963/1850 1861/1937/1825
f 1861/1937/1825 1860/1963/1850 1912/1964/1851
f 1861/1937/1825 1912/1964/1851 1911/1939/1827
f 1911/1939/1827 1912/1964/1851 1908/1965/1852
f 1911/1939/1827 1908/1965/1852 1909/1941/1829
f 1909/1941/1829 1908/1965/1852 1955/1966/1853
f 1909/1941/1829 1955/1966/1853 916/1967/1447
f 1437/1944/1831 899/1943/1830 953/1968/1854
f 953/1968/1854 899/1943/1830 900/1969/1855
f 953/1968/1854 900/1969/1855 1460/1970/1856
f 1460/1970/1856 900/1969/1855 952/1971/1857
f 1460/1970/1856 952/1971/1857 1548/1972/1858
f 1548/1972/1858 952/1971/1857 1505/1973/1859
f 1548/1972/1858 1505/1973/1859 1506/1974/1860
f 1506/1974/1860 1505/1973/1859 1591/1975/1861
f 1506/1974/1860 1591/1975/1861 1590/1976/1862
f 1590/1976/1862 1591/1975/1861 1551/1977/1863
f 1590/1976/1862 1551/1977/1863 1552/1978/1864
f 1552/1978/1864 1551/1977/1863 1634/1979/1865
f 1552/1978/1864 1634/1979/1865 1633/1980/1866
f 1633/1980/1866 1634/1979/1865 1598/1981/1867
f 1633/1980/1866 1598/1981/1867 1599/1982/1868
f 1599/1982/1868 1598/1981/1867 1678/1983/1869
f 1599/1982/1868 1678/1983/1869 1677/1984/1870
f 1677/1984/1870 1678/1983/1869 1646/1985/1871
f 1677/1984/1870 1646/1985/1871 1647/1986/1872
f 1647/1986/1872 1646/1985/1871 1693/1987/1873
f 1647/1986/1872 1693/1987/1873 1694/1988/1874
f 1694/1988/1874 1693/1987/1873 1744/1989/1875
f 1694/1988/1874 1744/1989/1875 1743/1990/1876
f 1743/1990/1876 1744/1989/1875 1718/1991/1877
f 1743/1990/1876 1718/1991/1877 1719/1992/1878
f 1719/1992/1878 1718/1991/1877 1786/1993/1879
f 1719/1992/1878 1786/1993/1879 1785/1994/1880
f 1785/1994/1880 1786/1993/1879 1764/1995/1881
f 1785/1994/1880 1764/1995/1881 1765/1996/1882
f 1765/1996/1882 1764/1995/1881 1828/1997/1883
f 1765/1996/1882 1828/1997/1883 1827/1998/1884
f 1827/1998/1884 1828/1997/1883 1810/1999/1885
f 1827/1998/1884 1810/1999/1885 1811/2000/1886
f 1811/2000/1886 1810/1999/1885 1871/2001/1887
f 1811/2000/1886 1871/2001/1887 1870/2002/1888
f 1870/2002/1888 1871/2001/1887 1857/2003/1889
f 1870/2002/1888 1857/2003/1889 1858/2004/1890
f 1858/2004/1890 1857/2003/1889 1915/2005/1891
f 1858/2004/1890 1915/2005/1891 1914/2006/1892
f 1914/2006/1892 1915/2005/1891 1905/2007/1893
f 1914/2006/1892 1905/2007/1893 1906/2008/1894
f 1906/2008/1894 1905/2007/1893 1952/2009/1895
f 1906/2008/1894 1952/2009/1895 1953/2010/1896
f 1953/2010/1896 1952/2009/1895 1981/2011/1897
f 1953/2010/1896 1981/2011/1897 1980/2012/1898
f 1980/2012/1898 1981/2011/1897 1977/2013/1899
f 1980/2012/1898 1977/2013/1899 1978/2014/1900
f 1978/2014/1900 1977/2013/1899 2023/2015/1901
f 1978/2014/1900 2023/2015/1901 916/2016/1447
f 900/1969/1855 901/2017/1902 952/1971/1857
f 952/1971/1857 901/2017/1902 951/2018/1903
f 952/1971/1857 951/2018/1903 1505/1973/1859
f 1505/1973/1859 951/2018/1903 1592/2019/1904
f 1505/1973/1859 1592/2019/1904 1591/1975/1861
f 1591/1975/1861 1592/2019/1904 1550/2020/1905
f 1591/1975/1861 1550/2020/1905 1551/1977/1863
f 1551/1977/1863 1550/2020/1905 1635/2021/1906
f 1551/1977/1863 1635/2021/1906 1634/1979/1865
f 1634/1979/1865 1635/2021/1906 1597/2022/1907
f 1634/1979/1865 1597/2022/1907 1598/1981/1867
f 1598/1981/1867 1597/2022/1907 1679/2023/1908
f 1598/1981/1867 1679/2023/1908 1678/1983/1869
f 1678/1983/1869 1679/2023/1908 1645/2024/1909
f 1678/1983/1869 1645/2024/1909 1646/1985/1871
f 1646/1985/1871 1645/2024/1909 1692/2025/1910
f 1646/1985/1871 1692/2025/1910 1693/1987/1873
f 1693/1987/1873 1692/2025/1910 1745/2026/1911
f 1693/1987/1873 1745/2026/1911 1744/1989/1875
f 1744/1989/1875 1745/2026/1911 1717/2027/1912
f 1744/1989/1875 1717/2027/1912 1718/1991/1877
f 1718/1991/1877 1717/2027/1912 1787/2028/1913
f 1718/1991/1877 1787/2028/1913 1786/1993/1879
f 1786/1993/1879 1787/2028/1913 1763/2029/1914
f 1786/1993/1879 1763/2029/1914 1764/1995/1881
f 1764/1995/1881 1763/2029/1914 1829/2030/1915
f 1764/1995/1881 1829/2030/1915 1828/1997/1883
f 1828/1997/1883 1829/2030/1915 1809/2031/1916
f 1828/1997/1883 1809/2031/1916 1810/1999/1885
f 1810/1999/1885 1809/2031/1916 1872/2032/1917
f 1810/1999/1885 1872/2032/1917 1871/2001/1887
f 1871/2001/1887 1872/2032/1917 1856/2033/1918
f 1871/2001/1887 1856/2033/1918 1857/2003/1889
f 1857/2003/1889 1856/2033/1918 1916/2034/1919
f 1857/2003/1889 1916/2034/1919 1915/2005/1891
f 1915/2005/1891 1916/2034/1919 1904/2035/1920
f 1915/2005/1891 1904/2035/1920 1905/2007/1893
f 1905/2007/1893 1904/2035/1920 1951/2036/1921
f 1905/2007/1893 1951/2036/1921 1952/2009/1895
f 1952/2009/1895 1951/2036/1921 1982/2037/1922
f 1952/2009/1895 1982/2037/1922 1981/2011/1897
f 1981/2011/1897 1982/2037/1922 1976/2038/1923
f 1981/2011/1897 1976/2038/1923 1977/2013/1899
f 1977/2013/1899 1976/2038/1923 2024/2039/1924
f 1977/2013/1899 2024/2039/1924 2023/2015/1901
f 2023/2015/1901 2024/2039/1924 2022/2040/1925
f 2023/2015/1901 2022/2040/1925 916/2041/1447
f 901/2017/1902 902/2042/1926 951/2018/1903
f 951/2018/1903 902/2042/1926 1593/2043/1927
f 951/2018/1903 1593/2043/1927 1592/2019/1904
f 1592/2019/1904 1593/2043/1927 1549/2044/1928
f 1592/2019/1904 1549/2044/1928 1550/2020/1905
f 1550/2020/1905 1549/2044/1928 1636/2045/1929
f 1550/2020/1905 1636/2045/1929 1635/2021/1906
f 1635/2021/1906 1636/2045/1929 1596/2046/1930
f 1635/2021/1906 1596/2046/1930 1597/2022/1907
f 1597/2022/1907 1596/2046/1930 1680/2047/1931
f 1597/2022/1907 1680/2047/1931 1679/2023/1908
f 1679/2023/1908 1680/2047/1931 1644/2048/1932
f 1679/2023/1908 1644/2048/1932 1645/2024/1909
f 1645/2024/1909 1644/2048/1932 1691/2049/1933
f 1645/2024/1909 1691/2049/1933 1692/2025/1910
f 1692/2025/1910 1691/2049/1933 1746/2050/1934
f 1692/2025/1910 1746/2050/1934 1745/2026/1911
f 1745/2026/1911 1746/2050/1934 1716/2051/1935
f 1745/2026/1911 1716/2051/1935 1717/2027/1912
f 1717/2027/1912 1716/2051/1935 1788/2052/1936
f 1717/2027/1912 1788/2052/1936 1787/2028/1913
f 1787/2028/1913 1788/2052/1936 1762/2053/1937
f 1787/2028/1913 1762/2053/1937 1763/2029/1914
f 1763/2029/1914 1762/2053/1937 1830/2054/1938
f 1763/2029/1914 1830/2054/1938 1829/2030/1915
f 1829/2030/1915 1830/2054/1938 1808/2055/1939
f 1829/2030/1915 1808/2055/1939 1809/2031/1916
f 1809/2031/1916 1808/2055/1939 1873/2056/1940
f 1809/2031/1916 1873/2056/1940 1872/2032/1917
f 1872/2032/1917 1873/2056/1940 1855/2057/1941
f 1872/2032/1917 1855/2057/1941 1856/2033/1918
f 1856/2033/1918 1855/2057/1941 1917/2058/1942
f 1856/2033/1918 1917/2058/1942 1916/2034/1919
f 1916/2034/1919 1917/2058/1942 1903/2059/1943
f 1916/2034/1919 1903/2059/1943 1904/2035/1920
f 1904/2035/1920 1903/2059/1943 1950/2060/1944
f 1904/2035/1920 1950/2060/1944 1951/2036/1921
f 1951/2036/1921 1950/2060/1944 1983/2061/1945
f 1951/2036/1921 1983/2061/1945 1982/2037/1922
f 1982/2037/1922 1983/2061/1945 1975/2062/1946
f 1982/2037/1922 1975/2062/1946 1976/2038/1923
f 1976/2038/1923 1975/2062/1946 2025/2063/1947
f 1976/2038/1923 2025/2063/1947 2024/2039/1924
f 2024/2039/1924 2025/2063/1947 2021/2064/1948
f 2024/2039/1924 2021/2064/1948 2022/2040/1925
f 2022/2040/1925 2021/2064/1948 2067/2065/1949
f 2022/2040/1925 2067/2065/1949 916/2066/1447
f 1593/2043/1927 902/2042/1926 950/2067/1950
f 950/2067/1950 902/2042/1926 903/2068/1951
f 950/2067/1950 903/2068/1951 1638/2069/1952
f 1638/2069/1952 903/2068/1951 949/2070/1953
f 1638/2069/1952 949/2070/1953 1594/2071/1954
f 1594/2071/1954 949/2070/1953 1683/2072/1955
f 1594/2071/1954 1683/2072/1955 1682/2073/1956
f 1682/2073/1956 1683/2072/1955 1641/2074/1957
f 1682/2073/1956 1641/2074/1957 1642/2075/1958
f 1642/2075/1958 1641/2074/1957 1688/2076/1959
f 1642/2075/1958 1688/2076/1959 1689/2077/1960
f 1689/2077/1960 1688/2076/1959 1749/2078/1961
f 1689/2077/1960 1749/2078/1961 1748/2079/1962
f 1748/2079/1962 1749/2078/1961 1713/2080/1963
f 1748/2079/1962 1713/2080/1963 1714/2081/1964
f 1714/2081/1964 1713/2080/1963 1791/2082/1965
f 1714/2081/1964 1791/2082/1965 1790/2083/1966
f 1790/2083/1966 1791/2082/1965 1759/2084/1967
f 1790/2083/1966 1759/2084/1967 1760/2085/1968
f 1760/2085/1968 1759/2084/1967 1833/2086/1969
f 1760/2085/1968 1833/2086/1969 1832/2087/1970
f 1832/2087/1970 1833/2086/1969 1805/2088/1971
f 1832/2087/1970 1805/2088/1971 1806/2089/1972
f 1806/2089/1972 1805/2088/1971 1876/2090/1973
f 1806/2089/1972 1876/2090/1973 1875/2091/1974
f 1875/2091/1974 1876/2090/1973 1852/2092/1975
f 1875/2091/1974 1852/2092/1975 1853/2093/1976
f 1853/2093/1976 1852/2092/1975 1920/2094/1977
f 1853/2093/1976 1920/2094/1977 1919/2095/1978
f 1919/2095/1978 1920/2094/1977 1900/2096/1979
f 1919/2095/1978 1900/2096/1979 1901/2097/1980
f 1901/2097/1980 1900/2096/1979 1947/2098/1981
f 1901/2097/1980 1947/2098/1981 1948/2099/1982
f 1948/2099/1982 1947/2098/1981 1986/2100/1983
f 1948/2099/1982 1986/2100/1983 1985/2101/1984
f 1985/2101/1984 1986/2100/1983 1972/2102/1985
f 1985/2101/1984 1972/2102/1985 1973/2103/1986
f 1973/2103/1986 1972/2102/1985 2028/2104/1987
f 1973/2103/1986 2028/2104/1987 2027/2105/1988
f 2027/2105/1988 2028/2104/1987 2018/2106/1989
f 2027/2105/1988 2018/2106/1989 2019/2107/1990
f 2019/2107/1990 2018/2106/1989 2070/2108/1991
f 2019/2107/1990 2070/2108/1991 2069/2109/1992
f 2069/2109/1992 2070/2108/1991 2064/2110/1993
f 2069/2109/1992 2064/2110/1993 2065/2111/1994
f 2065/2111/1994 2064/2110/1993 2114/2112/1995
f 2065/2111/1994 2114/2112/1995 2113/2113/1996
f 2113/2113/1996 2114/2112/1995 2112/1549/1446
f 2113/2113/1996 2112/1549/1446 916/2114/1447
f 903/2068/1951 904/2115/1997 949/2070/1953
f 949/2070/1953 904/2115/1997 1684/2116/1998
f 949/2070/1953 1684/2116/1998 1683/2072/1955
f 1683/2072/1955 1684/2116/1998 1640/2117/1999
f 1683/2072/1955 1640/2117/1999 1641/2074/1957
f 1641/2074/1957 1640/2117/1999 1687/2118/2000
f 1641/2074/1957 1687/2118/2000 1688/2076/1959
f 1688/2076/1959 1687/2118/2000 1750/2119/2001
f 1688/2076/1959 1750/2119/2001 1749/2078/1961
f 1749/2078/1961 1750/2119/2001 1712/2120/2002
f 1749/2078/1961 1712/2120/2002 1713/2080/1963
f 1713/2080/1963 1712/2120/2002 1792/2121/2003
f 1713/2080/1963 1792/2121/2003 1791/2082/1965
f 1791/2082/1965 1792/2121/2003 1758/2122/2004
f 1791/2082/1965 1758/2122/2004 1759/2084/1967
f 1759/2084/1967 1758/2122/2004 1834/2123/2005
f 1759/2084/1967 1834/2123/2005 1833/2086/1969
f 1833/2086/1969 1834/2123/2005 1804/2124/2006
f 1833/2086/1969 1804/2124/2006 1805/2088/1971
f 1805/2088/1971 1804/2124/2006 1877/2125/2007
f 1805/2088/1971 1877/2125/2007 1876/2090/1973
f 1876/2090/1973 1877/2125/2007 1851/2126/2008
f 1876/2090/1973 1851/2126/2008 1852/2092/1975
f 1852/2092/1975 1851/2126/2008 1921/2127/2009
f 1852/2092/1975 1921/2127/2009 1920/2094/1977
f 1920/2094/1977 1921/2127/2009 1899/2128/2010
f 1920/2094/1977 1899/2128/2010 1900/2096/1979
f 1900/2096/1979 1899/2128/2010 1946/2129/2011
f 1900/2096/1979 1946/2129/2011 1947/2098/1981
f 1947/2098/1981 1946/2129/2011 1987/2130/2012
f 1947/2098/1981 1987/2130/2012 1986/2100/1983
f 1986/2100/1983 1987/2130/2012 1971/2131/2013
f 1986/2100/1983 1971/2131/2013 1972/2102/1985
f 1972/2102/1985 1971/2131/2013 2029/2132/2014
f 1972/2102/1985 2029/2132/2014 2028/2104/1987
f 2028/2104/1987 2029/2132/2014 2017/2133/2015
f 2028/2104/1987 2017/2133/2015 2018/2106/1989
f 2018/2106/1989 2017/2133/2015 2071/2134/2016
f 2018/2106/1989 2071/2134/2016 2070/2108/1991
f 2070/2108/1991 2071/2134/2016 2063/2135/2017
f 2070/2108/1991 2063/2135/2017 2064/2110/1993
f 2064/2110/1993 2063/2135/2017 2115/2136/2018
f 2064/2110/1993 2115/2136/2018 2114/2112/1995
f 2114/2112/1995 2115/2136/2018 2111/1547/1444
f 2114/2112/1995 2111/1547/1444 2112/1549/1446
f 1684/2116/1998 904/2115/1997 1639/2137/2019
f 1639/2137/2019 904/2115/1997 905/2138/2020
f 1639/2137/2019 905/2138/2020 1685/2139/2021
f 1685/2139/2021 905/2138/2020 948/2140/2022
f 1685/2139/2021 948/2140/2022 1752/2141/2023
f 1752/2141/2023 948/2140/2022 1709/2142/2024
f 1752/2141/2023 1709/2142/2024 1710/2143/2025
f 1710/2143/2025 1709/2142/2024 1795/2144/2026
f 1710/2143/2025 1795/2144/2026 1794/2145/2027
f 1794/2145/2027 1795/2144/2026 1755/2146/2028
f 1794/2145/2027 1755/2146/2028 1756/2147/2029
f 1756/2147/2029 1755/2146/2028 1837/2148/2030
f 1756/2147/2029 1837/2148/2030 1836/2149/2031
f 1836/2149/2031 1837/2148/2030 1801/2150/2032
f 1836/2149/2031 1801/2150/2032 1802/2151/2033
f 1802/2151/2033 1801/2150/2032 1880/2152/2034
f 1802/2151/2033 1880/2152/2034 1879/2153/2035
f 1879/2153/2035 1880/2152/2034 1848/2154/2036
f 1879/2153/2035 1848/2154/2036 1849/2155/2037
f 1849/2155/2037 1848/2154/2036 1924/2156/2038
f 1849/2155/2037 1924/2156/2038 1923/2157/2039
f 1923/2157/2039 1924/2156/2038 1896/2158/2040
f 1923/2157/2039 1896/2158/2040 1897/2159/2041
f 1897/2159/2041 1896/2158/2040 1943/2160/2042
f 1897/2159/2041 1943/2160/2042 1944/2161/2043
f 1944/2161/2043 1943/2160/2042 1990/2162/2044
f 1944/2161/2043 1990/2162/2044 1989/2163/2045
f 1989/2163/2045 1990/2162/2044 1968/2164/2046
f 1989/2163/2045 1968/2164/2046 1969/2165/2047
f 1969/2165/2047 1968/2164/2046 2032/2166/2048
f 1969/2165/2047 2032/2166/2048 2031/2167/2049
f 2031/2167/2049 2032/2166/2048 2014/2168/2050
f 2031/2167/2049 2014/2168/2050 2015/2169/2051
f 2015/2169/2051 2014/2168/2050 2074/2170/2052
f 2015/2169/2051 2074/2170/2052 2073/2171/2053
f 2073/2171/2053 2074/2170/2052 2060/2172/2054
f 2073/2171/2053 2060/2172/2054 2061/2173/2055
f 2061/2173/2055 2060/2172/2054 2118/2174/2056
f 2061/2173/2055 2118/2174/2056 2117/2175/2057
f 2117/2175/2057 2118/2174/2056 2108/1541/1438
f 2117/2175/2057 2108/1541/1438 2109/1543/1440
f 905/2138/2020 906/2176/2058 948/2140/2022
f 948/2140/2022 906/2176/2058 1708/2177/2059
f 948/2140/2022 1708/2177/2059 1709/2142/2024
f 1709/2142/2024 1708/2177/2059 1796/2178/2060
f 1709/2142/2024 1796/2178/2060 1795/2144/2026
f 1795/2144/2026 1796/2178/2060 1754/2179/2061
f 1795/2144/2026 1754/2179/2061 1755/2146/2028
f 1755/2146/2028 1754/2179/2061 1838/2180/2062
f 1755/2146/2028 1838/2180/2062 1837/2148/2030
f 1837/2148/2030 1838/2180/2062 1800/2181/2063
f 1837/2148/2030 1800/2181/2063 1801/2150/2032
f 1801/2150/2032 1800/2181/2063 1881/2182/2064
f 1801/2150/2032 1881/2182/2064 1880/2152/2034
f 1880/2152/2034 1881/2182/2064 1847/2183/2065
f 1880/2152/2034 1847/2183/2065 1848/2154/2036
f 1848/2154/2036 1847/2183/2065 1925/2184/2066
f 1848/2154/2036 1925/2184/2066 1924/2156/2038
f 1924/2156/2038 1925/2184/2066 1895/2185/2067
f 1924/2156/2038 1895/2185/2067 1896/2158/2040
f 1896/2158/2040 1895/2185/2067 1942/2186/2068
f 1896/2158/2040 1942/2186/2068 1943/2160/2042
f 1943/2160/2042 1942/2186/2068 1991/2187/2069
f 1943/2160/2042 1991/2187/2069 1990/2162/2044
f 1990/2162/2044 1991/2187/2069 1967/2188/2070
f 1990/2162/2044 1967/2188/2070 1968/2164/2046
f 1968/2164/2046 1967/2188/2070 2033/2189/2071
f 1968/2164/2046 2033/2189/2071 2032/2166/2048
f 2032/2166/2048 2033/2189/2071 2013/2190/2072
f 2032/2166/2048 2013/2190/2072 2014/2168/2050
f 2014/2168/2050 2013/2190/2072 2075/2191/2073
f 2014/2168/2050 2075/2191/2073 2074/2170/2052
f 2074/2170/2052 2075/2191/2073 2059/2192/2074
f 2074/2170/2052 2059/2192/2074 2060/2172/2054
f 2060/2172/2054 2059/2192/2074 2119/2193/2075
f 2060/2172/2054 2119/2193/2075 2118/2174/2056
f 2118/2174/2056 2119/2193/2075 2107/1539/1436
f 2118/2174/2056 2107/1539/1436 2108/1541/1438
f 1708/2177/2059 906/2176/2058 947/2194/2076
f 947/2194/2076 906/2176/2058 907/2195/2077
f 947/2194/2076 907/2195/2077 946/2196/2078
f 946/2196/2078 907/2195/2077 908/2197/2079
f 946/2196/2078 908/2197/2079 1841/2198/2080
f 1841/2198/2080 908/2197/2079 945/2199/2081
f 1841/2198/2080 945/2199/2081 1797/2200/2082
f 1797/2200/2082 945/2199/2081 1885/2201/2083
f 1797/2200/2082 1885/2201/2083 1884/2202/2084
f 1884/2202/2084 1885/2201/2083 1843/2203/2085
f 1884/2202/2084 1843/2203/2085 1844/2204/2086
f 1844/2204/2086 1843/2203/2085 1929/2205/2087
f 1844/2204/2086 1929/2205/2087 1928/2206/2088
f 1928/2206/2088 1929/2205/2087 1891/2207/2089
f 1928/2206/2088 1891/2207/2089 1892/2208/2090
f 1892/2208/2090 1891/2207/2089 1938/2209/2091
f 1892/2208/2090 1938/2209/2091 1939/2210/2092
f 1939/2210/2092 1938/2209/2091 1995/2211/2093
f 1939/2210/2092 1995/2211/2093 1994/2212/2094
f 1994/2212/2094 1995/2211/2093 1963/2213/2095
f 1994/2212/2094 1963/2213/2095 1964/2214/2096
f 1964/2214/2096 1963/2213/2095 2037/2215/2097
f 1964/2214/2096 2037/2215/2097 2036/2216/2098
f 2036/2216/2098 2037/2215/2097 2009/2217/2099
f 2036/2216/2098 2009/2217/2099 2010/2218/2100
f 2010/2218/2100 2009/2217/2099 2079/2219/2101
f 2010/2218/2100 2079/2219/2101 2078/2220/2102
f 2078/2220/2102 2079/2219/2101 2055/2221/2103
f 2078/2220/2102 2055/2221/2103 2056/2222/2104
f 2056/2222/2104 2055/2221/2103 2123/2223/2105
f 2056/2222/2104 2123/2223/2105 2122/2224/2106
f 2122/2224/2106 2123/2223/2105 2103/1531/1428
f 2122/2224/2106 2103/1531/1428 2104/1533/1430
f 908/2197/2079 909/2225/2107 945/2199/2081
f 945/2199/2081 909/2225/2107 1886/2226/2108
f 945/2199/2081 1886/2226/2108 1885/2201/2083
f 1885/2201/2083 1886/2226/2108 1842/2227/2109
f 1885/2201/2083 1842/2227/2109 1843/2203/2085
f 1843/2203/2085 1842/2227/2109 1930/2228/2110
f 1843/2203/2085 1930/2228/2110 1929/2205/2087
f 1929/2205/2087 1930/2228/2110 1890/2229/2111
f 1929/2205/2087 1890/2229/2111 1891/2207/2089
f 1891/2207/2089 1890/2229/2111 1937/2230/2112
f 1891/2207/2089 1937/2230/2112 1938/2209/2091
f 1938/2209/2091 1937/2230/2112 1996/2231/2113
f 1938/2209/2091 1996/2231/2113 1995/2211/2093
f 1995/2211/2093 1996/2231/2113 1962/2232/2114
f 1995/2211/2093 1962/2232/2114 1963/2213/2095
f 1963/2213/2095 1962/2232/2114 2038/2233/2115
f 1963/2213/2095 2038/2233/2115 2037/2215/2097
f 2037/2215/2097 2038/2233/2115 2008/2234/2116
f 2037/2215/2097 2008/2234/2116 2009/2217/2099
f 2009/2217/2099 2008/2234/2116 2080/2235/2117
f 2009/2217/2099 2080/2235/2117 2079/2219/2101
f 2079/2219/2101 2080/2235/2117 2054/2236/2118
f 2079/2219/2101 2054/2236/2118 2055/2221/2103
f 2055/2221/2103 2054/2236/2118 2124/2237/2119
f 2055/2221/2103 2124/2237/2119 2123/2223/2105
f 2123/2223/2105 2124/2237/2119 2102/1529/1426
f 2123/2223/2105 2102/1529/1426 2103/1531/1428
f 1886/2226/2108 909/2225/2107 944/2238/2120
f 944/2238/2120 909/2225/2107 910/2239/2121
f 944/2238/2120 910/2239/2121 1932/2240/2122
f 1932/2240/2122 910/2239/2121 1887/2241/2123
f 1932/2240/2122 1887/2241/2123 1888/2242/2124
f 1888/2242/2124 1887/2241/2123 1934/2243/2125
f 1888/2242/2124 1934/2243/2125 1935/2244/2126
f 1935/2244/2126 1934/2243/2125 1999/2245/2127
f 1935/2244/2126 1999/2245/2127 1998/2246/2128
f 1998/2246/2128 1999/2245/2127 1959/2247/2129
f 1998/2246/2128 1959/2247/2129 1960/2248/2130
f 1960/2248/2130 1959/2247/2129 2041/2249/2131
f 1960/2248/2130 2041/2249/2131 2040/2250/2132
f 2040/2250/2132 2041/2249/2131 2005/2251/2133
f 2040/2250/2132 2005/2251/2133 2006/2252/2134
f 2006/2252/2134 2005/2251/2133 2083/2253/2135
f 2006/2252/2134 2083/2253/2135 2082/2254/2136
f 2082/2254/2136 2083/2253/2135 2051/2255/2137
f 2082/2254/2136 2051/2255/2137 2052/2256/2138
f 2052/2256/2138 2051/2255/2137 2127/2257/2139
f 2052/2256/2138 2127/2257/2139 2126/2258/2140
f 2126/2258/2140 2127/2257/2139 2099/1523/1420
f 2126/2258/2140 2099/1523/1420 2100/1525/1422
f 910/2239/2121 911/2259/2141 1887/2241/2123
f 1887/2241/2123 911/2259/2141 1933/2260/2142
f 1887/2241/2123 1933/2260/2142 1934/2243/2125
f 1934/2243/2125 1933/2260/2142 2000/2261/2143
f 1934/2243/2125 2000/2261/2143 1999/2245/2127
f 1999/2245/2127 2000/2261/2143 1958/2262/2144
f 1999/2245/2127 1958/2262/2144 1959/2247/2129
f 1959/2247/2129 1958/2262/2144 2042/2263/2145
f 1959/2247/2129 2042/2263/2145 2041/2249/2131
f 2041/2249/2131 2042/2263/2145 2004/2264/2146
f 2041/2249/2131 2004/2264/2146 2005/2251/2133
f 2005/2251/2133 2004/2264/2146 2084/2265/2147
f 2005/2251/2133 2084/2265/2147 2083/2253/2135
f 2083/2253/2135 2084/2265/2147 2050/2266/2148
f 2083/2253/2135 2050/2266/2148 2051/2255/2137
f 2051/2255/2137 2050/2266/2148 2128/2267/2149
f 2051/2255/2137 2128/2267/2149 2127/2257/2139
f 2127/2257/2139 2128/2267/2149 2098/1521/1418
f 2127/2257/2139 2098/1521/1418 2099/1523/1420
f 1933/2260/2142 911/2259/2141 943/2268/2150
f 943/2268/2150 911/2259/2141 912/2269/2151
f 943/2268/2150 912/2269/2151 1956/2270/2152
f 1956/2270/2152 912/2269/2151 942/2271/2153
f 1956/2270/2152 942/2271/2153 2044/2272/2154
f 2044/2272/2154 942/2271/2153 2001/2273/2155
f 2044/2272/2154 2001/2273/2155 2002/2274/2156
f 2002/2274/2156 2001/2273/2155 2087/2275/2157
f 2002/2274/2156 2087/2275/2157 2086/2276/2158
f 2086/2276/2158 2087/2275/2157 2047/2277/2159
f 2086/2276/2158 2047/2277/2159 2048/2278/2160
f 2048/2278/2160 2047/2277/2159 2131/2279/2161
f 2048/2278/2160 2131/2279/2161 2130/2280/2162
f 2130/2280/2162 2131/2279/2161 2095/1515/1412
f 2130/2280/2162 2095/1515/1412 2096/1517/1414
f 912/2269/2151 913/2281/2163 942/2271/2153
f 942/2271/2153 913/2281/2163 941/2282/2164
f 942/2271/2153 941/2282/2164 2001/2273/2155
f 2001/2273/2155 941/2282/2164 2088/2283/2165
f 2001/2273/2155 2088/2283/2165 2087/2275/2157
f 2087/2275/2157 2088/2283/2165 2046/2284/2166
f 2087/2275/2157 2046/2284/2166 2047/2277/2159
f 2047/2277/2159 2046/2284/2166 2132/2285/2167
f 2047/2277/2159 2132/2285/2167 2131/2279/2161
f 2131/2279/2161 2132/2285/2167 2094/1513/1410
f 2131/2279/2161 2094/1513/1410 2095/1515/1412
f 913/2281/2163 914/2286/2168 941/2282/2164
f 941/2282/2164 914/2286/2168 2089/2287/2169
f 941/2282/2164 2089/2287/2169 2088/2283/2165
f 2088/2283/2165 2089/2287/2169 2045/2288/2170
f 2088/2283/2165 2045/2288/2170 2046/2284/2166
f 2046/2284/2166 2045/2288/2170 2133/2289/2171
f 2046/2284/2166 2133/2289/2171 2132/2285/2167
f 2132/2285/2167 2133/2289/2171 2093/1511/1408
f 2132/2285/2167 2093/1511/1408 2094/1513/1410
f 2089/2287/2169 914/2286/2168 940/2290/2172
f 940/2290/2172 914/2286/2168 915/2291/2173
f 940/2290/2172 915/2291/2173 2135/2292/2174
f 2135/2292/2174 915/2291/2173 2090/1505/1402
f 2135/2292/2174 2090/1505/1402 2091/1507/1404
f 915/2291/2173 887/1503/1400 2090/1505/1402
f 985/1597/1494 916/2293/1447 939/2294/1445
f 2113/2113/1996 916/2295/1447 2066/2296/2175
f 2066/2296/2175 916/2297/1447 2067/2065/1949
f 1978/2014/1900 916/2298/1447 1979/2299/2176
f 1979/2299/2176 916/2300/1447 1955/1966/1853
f 1910/1940/1828 916/2301/1447 1863/2302/2177
f 1863/2302/2177 916/2303/1447 1864/1892/1781
f 1774/1841/1732 916/2304/1447 1775/2305/2178
f 1707/1767/1660 916/2306/1447 1661/2307/2179
f 1661/2307/2179 916/2308/1447 1662/1719/1613
f 1616/1693/1588 916/2309/1447 1570/2310/2180
f 1570/2310/2180 916/2311/1447 1571/2312/2181
f 1571/2312/2181 916/2313/1447 1526/2314/2182
f 1526/2314/2182 916/2315/1447 1527/2316/2183
f 1527/2316/2183 916/2317/1447 1482/2318/2184
f 1482/2318/2184 916/2319/1447 1483/2320/2185
f 1483/2320/2185 916/2321/1447 1459/2322/2186
f 1459/2322/2186 916/2323/1447 1413/2324/2187
f 1413/2324/2187 916/2325/1447 1414/2326/2188
f 1414/2326/2188 916/2327/1447 1367/2328/2189
f 1367/2328/2189 916/2329/1447 1368/2330/2190
f 1323/2331/2191 916/2332/1447 1324/2333/2192
f 1324/2333/2192 916/2334/1447 1279/2335/2193
f 1279/2335/2193 916/2336/1447 1280/2337/2194
f 1280/2337/2194 916/2338/1447 1234/2339/2195
f 1234/2339/2195 916/2340/1447 1235/2341/2196
f 1235/2341/2196 916/2342/1447 1211/2343/2197
f 1211/2343/2197 916/2344/1447 1165/2345/2198
f 1165/2345/2198 916/2346/1447 1166/2347/2199
f 1166/2347/2199 916/2348/1447 1119/2349/2200
f 1119/2349/2200 916/2350/1447 1120/2351/2201
f 1120/2351/2201 916/2352/1447 1075/2353/2202
f 1075/2353/2202 916/2354/1447 1076/2355/2203
f 1076/2355/2203 916/2356/1447 1031/1644/1540
f 1032/1645/1541 916/2357/1447 1008/1596/1493
f 963/1500/1399 964/1555/1452 917/1502/1401
f 917/1502/1401 964/1555/1452 918/2358/1403
f 964/1555/1452 965/1557/1454 918/2358/1403
f 918/2358/1403 965/1557/1454 919/2359/1405
f 965/1557/1454 966/1559/1456 919/2359/1405
f 919/2359/1405 966/1559/1456 920/2360/1407
f 966/1559/1456 967/1561/1458 920/2360/1407
f 920/2360/1407 967/1561/1458 921/2361/1409
f 967/1561/1458 968/1563/1460 921/2361/1409
f 921/2361/1409 968/1563/1460 922/2362/1411
f 968/1563/1460 969/1565/1462 922/2362/1411
f 922/2362/1411 969/1565/1462 923/2363/1413
f 969/1565/1462 970/1567/1464 923/2363/1413
f 923/2363/1413 970/1567/1464 924/2364/1415
f 970/1567/1464 971/1569/1466 924/2364/1415
f 924/2364/1415 971/1569/1466 925/2365/1417
f 971/1569/1466 972/1571/1468 925/2365/1417
f 925/2365/1417 972/1571/1468 926/2366/1419
f 972/1571/1468 973/1573/1470 926/2366/1419
f 926/2366/1419 973/1573/1470 927/2367/1421
f 973/1573/1470 974/1575/1472 927/2367/1421
f 927/2367/1421 974/1575/1472 928/2368/1423
f 974/1575/1472 975/1577/1474 928/2368/1423
f 928/2368/1423 975/1577/1474 929/2369/1425
f 975/1577/1474 976/1579/1476 929/2369/1425
f 929/2369/1425 976/1579/1476 930/2370/1427
f 976/1579/1476 977/1581/1478 930/2370/1427
f 930/2370/1427 977/1581/1478 931/2371/1429
f 977/1581/1478 978/1583/1480 931/2371/1429
f 931/2371/1429 978/1583/1480 932/2372/1431
f 978/1583/1480 979/1585/1482 932/2372/1431
f 932/2372/1431 979/1585/1482 933/2373/1433
f 979/1585/1482 980/1587/1484 933/2373/1433
f 933/2373/1433 980/1587/1484 934/2374/1435
f 980/1587/1484 981/1589/1486 934/2374/1435
f 934/2374/1435 981/1589/1486 935/2375/1437
f 981/1589/1486 982/1591/1488 935/2375/1437
f 935/2375/1437 982/1591/1488 936/2376/1439
f 982/1591/1488 983/1593/1490 936/2376/1439
f 936/2376/1439 983/1593/1490 937/2377/1441
f 985/1597/1494 939/2294/1445 938/2378/1443
f 983/1593/1490 984/1595/1492 937/2377/1441
f 937/2377/1441 984/1595/1492 938/2378/1443
f 984/1595/1492 985/1597/1494 938/2378/1443
f 1775/2305/2178 916/2379/1447 1730/1793/1685
f 1368/2330/2190 916/2380/1447 1323/2331/2191
f 962/1552/1449 1053/1603/1499 986/1553/1450
f 986/1553/1450 1053/1603/1499 987/1554/1451
f 1053/1603/1499 1052/1605/1501 987/1554/1451
f 987/1554/1451 1052/1605/1501 988/1556/1453
f 1052/1605/1501 1051/1607/1503 988/1556/1453
f 988/1556/1453 1051/1607/1503 989/1558/1455
f 1051/1607/1503 1050/1609/1505 989/1558/1455
f 989/1558/1455 1050/1609/1505 990/1560/1457
f 1050/1609/1505 1049/1611/1507 990/1560/1457
f 990/1560/1457 1049/1611/1507 991/1562/1459
f 1049/1611/1507 1048/1613/1509 991/1562/1459
f 991/1562/1459 1048/1613/1509 992/1564/1461
f 1048/1613/1509 1047/1615/1511 992/1564/1461
f 992/1564/1461 1047/1615/1511 993/1566/1463
f 1047/1615/1511 1046/1617/1513 993/1566/1463
f 993/1566/1463 1046/1617/1513 994/1568/1465
f 1046/1617/1513 1045/1619/1515 994/1568/1465
f 994/1568/1465 1045/1619/1515 995/1570/1467
f 1045/1619/1515 1044/1621/1517 995/1570/1467
f 995/1570/1467 1044/1621/1517 996/1572/1469
f 1044/1621/1517 1043/1623/1519 996/1572/1469
f 996/1572/1469 1043/1623/1519 997/1574/1471
f 1043/1623/1519 1042/1625/1521 997/1574/1471
f 997/1574/1471 1042/1625/1521 998/1576/1473
f 1042/1625/1521 1041/1627/1523 998/1576/1473
f 998/1576/1473 1041/1627/1523 999/1578/1475
f 1041/1627/1523 1040/1629/1525 999/1578/1475
f 999/1578/1475 1040/1629/1525 1000/1580/1477
f 1040/1629/1525 1039/1631/1527 1000/1580/1477
f 1000/1580/1477 1039/1631/1527 1001/1582/1479
f 1039/1631/1527 1038/1633/1529 1001/1582/1479
f 1001/1582/1479 1038/1633/1529 1002/1584/1481
f 1038/1633/1529 1037/1635/1531 1002/1584/1481
f 1002/1584/1481 1037/1635/1531 1003/1586/1483
f 1037/1635/1531 1036/1637/1533 1003/1586/1483
f 1003/1586/1483 1036/1637/1533 1004/1588/1485
f 1036/1637/1533 1035/1639/1535 1004/1588/1485
f 1004/1588/1485 1035/1639/1535 1005/1590/1487
f 1035/1639/1535 1034/1641/1537 1005/1590/1487
f 1005/1590/1487 1034/1641/1537 1006/1592/1489
f 1032/1645/1541 1008/1596/1493 1007/1594/1491
f 1034/1641/1537 1033/1643/1539 1006/1592/1489
f 1006/1592/1489 1033/1643/1539 1007/1594/1491
f 1033/1643/1539 1032/1645/1541 1007/1594/1491
f 1010/1602/1498 1009/1601/1497 1097/2381/2204
f 1097/2381/2204 1009/1601/1497 961/1600/1496
f 1097/2381/2204 961/1600/1496 1054/2382/2205
f 1054/2382/2205 961/1600/1496 960/1647/1542
f 1054/2382/2205 960/1647/1542 1141/2383/2206
f 1141/2383/2206 960/1647/1542 1142/1649/1544
f 1141/2383/2206 1142/1649/1544 1098/1651/1546
f 1011/1604/1500 1010/1602/1498 1096/2384/2207
f 1096/2384/2207 1010/1602/1498 1097/2381/2204
f 1096/2384/2207 1097/2381/2204 1055/2385/2208
f 1055/2385/2208 1097/2381/2204 1054/2382/2205
f 1055/2385/2208 1054/2382/2205 1140/2386/2209
f 1140/2386/2209 1054/2382/2205 1141/2383/2206
f 1140/2386/2209 1141/2383/2206 1099/2387/2210
f 1099/2387/2210 1141/2383/2206 1098/1651/1546
f 1099/2387/2210 1098/1651/1546 1186/1653/1548
f 1012/1606/1502 1011/1604/1500 1095/2388/2211
f 1095/2388/2211 1011/1604/1500 1096/2384/2207
f 1095/2388/2211 1096/2384/2207 1056/2389/2212
f 1056/2389/2212 1096/2384/2207 1055/2385/2208
f 1056/2389/2212 1055/2385/2208 1139/2390/2213
f 1139/2390/2213 1055/2385/2208 1140/2386/2209
f 1139/2390/2213 1140/2386/2209 1100/2391/2214
f 1100/2391/2214 1140/2386/2209 1099/2387/2210
f 1100/2391/2214 1099/2387/2210 1185/2392/2215
f 1185/2392/2215 1099/2387/2210 1186/1653/1548
f 1185/2392/2215 1186/1653/1548 1146/1655/1550
f 1013/1608/1504 1012/1606/1502 1094/2393/2216
f 1094/2393/2216 1012/1606/1502 1095/2388/2211
f 1094/2393/2216 1095/2388/2211 1057/2394/2217
f 1057/2394/2217 1095/2388/2211 1056/2389/2212
f 1057/2394/2217 1056/2389/2212 1138/2395/2218
f 1138/2395/2218 1056/2389/2212 1139/2390/2213
f 1138/2395/2218 1139/2390/2213 1101/2396/2219
f 1101/2396/2219 1139/2390/2213 1100/2391/2214
f 1101/2396/2219 1100/2391/2214 1184/2397/2220
f 1184/2397/2220 1100/2391/2214 1185/2392/2215
f 1184/2397/2220 1185/2392/2215 1147/2398/2221
f 1147/2398/2221 1185/2392/2215 1146/1655/1550
f 1147/2398/2221 1146/1655/1550 1193/1657/1552
f 1014/1610/1506 1013/1608/1504 1093/2399/2222
f 1093/2399/2222 1013/1608/1504 1094/2393/2216
f 1093/2399/2222 1094/2393/2216 1058/2400/2223
f 1058/2400/2223 1094/2393/2216 1057/2394/2217
f 1058/2400/2223 1057/2394/2217 1137/2401/2224
f 1137/2401/2224 1057/2394/2217 1138/2395/2218
f 1137/2401/2224 1138/2395/2218 1102/2402/2225
f 1102/2402/2225 1138/2395/2218 1101/2396/2219
f 1102/2402/2225 1101/2396/2219 1183/2403/2226
f 1183/2403/2226 1101/2396/2219 1184/2397/2220
f 1183/2403/2226 1184/2397/2220 1148/2404/2227
f 1148/2404/2227 1184/2397/2220 1147/2398/2221
f 1148/2404/2227 1147/2398/2221 1194/2405/2228
f 1194/2405/2228 1147/2398/2221 1193/1657/1552
f 1194/2405/2228 1193/1657/1552 1252/1659/1554
f 1015/1612/1508 1014/1610/1506 1092/2406/2229
f 1092/2406/2229 1014/1610/1506 1093/2399/2222
f 1092/2406/2229 1093/2399/2222 1059/2407/2230
f 1059/2407/2230 1093/2399/2222 1058/2400/2223
f 1059/2407/2230 1058/2400/2223 1136/2408/2231
f 1136/2408/2231 1058/2400/2223 1137/2401/2224
f 1136/2408/2231 1137/2401/2224 1103/2409/2232
f 1103/2409/2232 1137/2401/2224 1102/2402/2225
f 1103/2409/2232 1102/2402/2225 1182/2410/2233
f 1182/2410/2233 1102/2402/2225 1183/2403/2226
f 1182/2410/2233 1183/2403/2226 1149/2411/2234
f 1149/2411/2234 1183/2403/2226 1148/2404/2227
f 1149/2411/2234 1148/2404/2227 1195/2412/2235
f 1195/2412/2235 1148/2404/2227 1194/2405/2228
f 1195/2412/2235 1194/2405/2228 1251/2413/2236
f 1251/2413/2236 1194/2405/2228 1252/1659/1554
f 1251/2413/2236 1252/1659/1554 1218/1661/1556
f 1016/1614/1510 1015/1612/1508 1091/2414/2237
f 1091/2414/2237 1015/1612/1508 1092/2406/2229
f 1091/2414/2237 1092/2406/2229 1060/2415/2238
f 1060/2415/2238 1092/2406/2229 1059/2407/2230
f 1060/2415/2238 1059/2407/2230 1135/2416/2239
f 1135/2416/2239 1059/2407/2230 1136/2408/2231
f 1135/2416/2239 1136/2408/2231 1104/2417/2240
f 1104/2417/2240 1136/2408/2231 1103/2409/2232
f 1104/2417/2240 1103/2409/2232 1181/2418/2241
f 1181/2418/2241 1103/2409/2232 1182/2410/2233
f 1181/2418/2241 1182/2410/2233 1150/2419/2242
f 1150/2419/2242 1182/2410/2233 1149/2411/2234
f 1150/2419/2242 1149/2411/2234 1196/2420/2243
f 1196/2420/2243 1149/2411/2234 1195/2412/2235
f 1196/2420/2243 1195/2412/2235 1250/2421/2244
f 1250/2421/2244 1195/2412/2235 1251/2413/2236
f 1250/2421/2244 1251/2413/2236 1219/2422/2245
f 1219/2422/2245 1251/2413/2236 1218/1661/1556
f 1219/2422/2245 1218/1661/1556 1295/1663/1558
f 1017/1616/1512 1016/1614/1510 1090/2423/2246
f 1090/2423/2246 1016/1614/1510 1091/2414/2237
f 1090/2423/2246 1091/2414/2237 1061/2424/2247
f 1061/2424/2247 1091/2414/2237 1060/2415/2238
f 1061/2424/2247 1060/2415/2238 1134/2425/2248
f 1134/2425/2248 1060/2415/2238 1135/2416/2239
f 1134/2425/2248 1135/2416/2239 1105/2426/2249
f 1105/2426/2249 1135/2416/2239 1104/2417/2240
f 1105/2426/2249 1104/2417/2240 1180/2427/2250
f 1180/2427/2250 1104/2417/2240 1181/2418/2241
f 1180/2427/2250 1181/2418/2241 1151/2428/2251
f 1151/2428/2251 1181/2418/2241 1150/2419/2242
f 1151/2428/2251 1150/2419/2242 1197/2429/2252
f 1197/2429/2252 1150/2419/2242 1196/2420/2243
f 1197/2429/2252 1196/2420/2243 1249/2430/2253
f 1249/2430/2253 1196/2420/2243 1250/2421/2244
f 1249/2430/2253 1250/2421/2244 1220/2431/2254
f 1220/2431/2254 1250/2421/2244 1219/2422/2245
f 1220/2431/2254 1219/2422/2245 1294/2432/2255
f 1294/2432/2255 1219/2422/2245 1295/1663/1558
f 1294/2432/2255 1295/1663/1558 1265/1665/1560
f 1018/1618/1514 1017/1616/1512 1089/2433/2256
f 1089/2433/2256 1017/1616/1512 1090/2423/2246
f 1089/2433/2256 1090/2423/2246 1062/2434/2257
f 1062/2434/2257 1090/2423/2246 1061/2424/2247
f 1062/2434/2257 1061/2424/2247 1133/2435/2258
f 1133/2435/2258 1061/2424/2247 1134/2425/2248
f 1133/2435/2258 1134/2425/2248 1106/2436/2259
f 1106/2436/2259 1134/2425/2248 1105/2426/2249
f 1106/2436/2259 1105/2426/2249 1179/2437/2260
f 1179/2437/2260 1105/2426/2249 1180/2427/2250
f 1179/2437/2260 1180/2427/2250 1152/2438/2261
f 1152/2438/2261 1180/2427/2250 1151/2428/2251
f 1152/2438/2261 1151/2428/2251 1198/2439/2262
f 1198/2439/2262 1151/2428/2251 1197/2429/2252
f 1198/2439/2262 1197/2429/2252 1248/2440/2263
f 1248/2440/2263 1197/2429/2252 1249/2430/2253
f 1248/2440/2263 1249/2430/2253 1221/2441/2264
f 1221/2441/2264 1249/2430/2253 1220/2431/2254
f 1221/2441/2264 1220/2431/2254 1293/2442/2265
f 1293/2442/2265 1220/2431/2254 1294/2432/2255
f 1293/2442/2265 1294/2432/2255 1266/2443/2266
f 1266/2443/2266 1294/2432/2255 1265/1665/1560
f 1266/2443/2266 1265/1665/1560 1337/1667/1562
f 1019/1620/1516 1018/1618/1514 1088/2444/2267
f 1088/2444/2267 1018/1618/1514 1089/2433/2256
f 1088/2444/2267 1089/2433/2256 1063/2445/2268
f 1063/2445/2268 1089/2433/2256 1062/2434/2257
f 1063/2445/2268 1062/2434/2257 1132/2446/2269
f 1132/2446/2269 1062/2434/2257 1133/2435/2258
f 1132/2446/2269 1133/2435/2258 1107/2447/2270
f 1107/2447/2270 1133/2435/2258 1106/2436/2259
f 1107/2447/2270 1106/2436/2259 1178/2448/2271
f 1178/2448/2271 1106/2436/2259 1179/2437/2260
f 1178/2448/2271 1179/2437/2260 1153/2449/2272
f 1153/2449/2272 1179/2437/2260 1152/2438/2261
f 1153/2449/2272 1152/2438/2261 1199/2450/2273
f 1199/2450/2273 1152/2438/2261 1198/2439/2262
f 1199/2450/2273 1198/2439/2262 1247/2451/2274
f 1247/2451/2274 1198/2439/2262 1248/2440/2263
f 1247/2451/2274 1248/2440/2263 1222/2452/2275
f 1222/2452/2275 1248/2440/2263 1221/2441/2264
f 1222/2452/2275 1221/2441/2264 1292/2453/2276
f 1292/2453/2276 1221/2441/2264 1293/2442/2265
f 1292/2453/2276 1293/2442/2265 1267/2454/2277
f 1267/2454/2277 1293/2442/2265 1266/2443/2266
f 1267/2454/2277 1266/2443/2266 1336/2455/2278
f 1336/2455/2278 1266/2443/2266 1337/1667/1562
f 1336/2455/2278 1337/1667/1562 1311/1669/1564
f 1020/1622/1518 1019/1620/1516 1087/2456/2279
f 1087/2456/2279 1019/1620/1516 1088/2444/2267
f 1087/2456/2279 1088/2444/2267 1064/2457/2280
f 1064/2457/2280 1088/2444/2267 1063/2445/2268
f 1064/2457/2280 1063/2445/2268 1131/2458/2281
f 1131/2458/2281 1063/2445/2268 1132/2446/2269
f 1131/2458/2281 1132/2446/2269 1108/2459/2282
f 1108/2459/2282 1132/2446/2269 1107/2447/2270
f 1108/2459/2282 1107/2447/2270 1177/2460/2283
f 1177/2460/2283 1107/2447/2270 1178/2448/2271
f 1177/2460/2283 1178/2448/2271 1154/2461/2284
f 1154/2461/2284 1178/2448/2271 1153/2449/2272
f 1154/2461/2284 1153/2449/2272 1200/2462/2285
f 1200/2462/2285 1153/2449/2272 1199/2450/2273
f 1200/2462/2285 1199/2450/2273 1246/2463/2286
f 1246/2463/2286 1199/2450/2273 1247/2451/2274
f 1246/2463/2286 1247/2451/2274 1223/2464/2287
f 1223/2464/2287 1247/2451/2274 1222/2452/2275
f 1223/2464/2287 1222/2452/2275 1291/2465/2288
f 1291/2465/2288 1222/2452/2275 1292/2453/2276
f 1291/2465/2288 1292/2453/2276 1268/2466/2289
f 1268/2466/2289 1292/2453/2276 1267/2454/2277
f 1268/2466/2289 1267/2454/2277 1335/2467/2290
f 1335/2467/2290 1267/2454/2277 1336/2455/2278
f 1335/2467/2290 1336/2455/2278 1312/2468/2291
f 1312/2468/2291 1336/2455/2278 1311/1669/1564
f 1312/2468/2291 1311/1669/1564 1379/1671/1566
f 1021/1624/1520 1020/1622/1518 1086/2469/2292
f 1086/2469/2292 1020/1622/1518 1087/2456/2279
f 1086/2469/2292 1087/2456/2279 1065/2470/2293
f 1065/2470/2293 1087/2456/2279 1064/2457/2280
f 1065/2470/2293 1064/2457/2280 1130/2471/2294
f 1130/2471/2294 1064/2457/2280 1131/2458/2281
f 1130/2471/2294 1131/2458/2281 1109/2472/2295
f 1109/2472/2295 1131/2458/2281 1108/2459/2282
f 1109/2472/2295 1108/2459/2282 1176/2473/2296
f 1176/2473/2296 1108/2459/2282 1177/2460/2283
f 1176/2473/2296 1177/2460/2283 1155/2474/2297
f 1155/2474/2297 1177/2460/2283 1154/2461/2284
f 1155/2474/2297 1154/2461/2284 1201/2475/2298
f 1201/2475/2298 1154/2461/2284 1200/2462/2285
f 1201/2475/2298 1200/2462/2285 1245/2476/2299
f 1245/2476/2299 1200/2462/2285 1246/2463/2286
f 1245/2476/2299 1246/2463/2286 1224/2477/2300
f 1224/2477/2300 1246/2463/2286 1223/2464/2287
f 1224/2477/2300 1223/2464/2287 1290/2478/2301
f 1290/2478/2301 1223/2464/2287 1291/2465/2288
f 1290/2478/2301 1291/2465/2288 1269/2479/2302
f 1269/2479/2302 1291/2465/2288 1268/2466/2289
f 1269/2479/2302 1268/2466/2289 1334/2480/2303
f 1334/2480/2303 1268/2466/2289 1335/2467/2290
f 1334/2480/2303 1335/2467/2290 1313/2481/2304
f 1313/2481/2304 1335/2467/2290 1312/2468/2291
f 1313/2481/2304 1312/2468/2291 1378/2482/2305
f 1378/2482/2305 1312/2468/2291 1379/1671/1566
f 1378/2482/2305 1379/1671/1566 1357/1673/1568
f 1022/1626/1522 1021/1624/1520 1085/2483/2306
f 1085/2483/2306 1021/1624/1520 1086/2469/2292
f 1085/2483/2306 1086/2469/2292 1066/2484/2307
f 1066/2484/2307 1086/2469/2292 1065/2470/2293
f 1066/2484/2307 1065/2470/2293 1129/2485/2308
f 1129/2485/2308 1065/2470/2293 1130/2471/2294
f 1129/2485/2308 1130/2471/2294 1110/2486/2309
f 1110/2486/2309 1130/2471/2294 1109/2472/2295
f 1110/2486/2309 1109/2472/2295 1175/2487/2310
f 1175/2487/2310 1109/2472/2295 1176/2473/2296
f 1175/2487/2310 1176/2473/2296 1156/2488/2311
f 1156/2488/2311 1176/2473/2296 1155/2474/2297
f 1156/2488/2311 1155/2474/2297 1202/2489/2312
f 1202/2489/2312 1155/2474/2297 1201/2475/2298
f 1202/2489/2312 1201/2475/2298 1244/2490/2313
f 1244/2490/2313 1201/2475/2298 1245/2476/2299
f 1244/2490/2313 1245/2476/2299 1225/2491/2314
f 1225/2491/2314 1245/2476/2299 1224/2477/2300
f 1225/2491/2314 1224/2477/2300 1289/2492/2315
f 1289/2492/2315 1224/2477/2300 1290/2478/2301
f 1289/2492/2315 1290/2478/2301 1270/2493/2316
f 1270/2493/2316 1290/2478/2301 1269/2479/2302
f 1270/2493/2316 1269/2479/2302 1333/2494/2317
f 1333/2494/2317 1269/2479/2302 1334/2480/2303
f 1333/2494/2317 1334/2480/2303 1314/2495/2318
f 1314/2495/2318 1334/2480/2303 1313/2481/2304
f 1314/2495/2318 1313/2481/2304 1377/2496/2319
f 1377/2496/2319 1313/2481/2304 1378/2482/2305
f 1377/2496/2319 1378/2482/2305 1358/2497/2320
f 1358/2497/2320 1378/2482/2305 1357/1673/1568
f 1358/2497/2320 1357/1673/1568 1423/1675/1570
f 1023/1628/1524 1022/1626/1522 1084/2498/2321
f 1084/2498/2321 1022/1626/1522 1085/2483/2306
f 1084/2498/2321 1085/2483/2306 1067/2499/2322
f 1067/2499/2322 1085/2483/2306 1066/2484/2307
f 1067/2499/2322 1066/2484/2307 1128/2500/2323
f 1128/2500/2323 1066/2484/2307 1129/2485/2308
f 1128/2500/2323 1129/2485/2308 1111/2501/2324
f 1111/2501/2324 1129/2485/2308 1110/2486/2309
f 1111/2501/2324 1110/2486/2309 1174/2502/2325
f 1174/2502/2325 1110/2486/2309 1175/2487/2310
f 1174/2502/2325 1175/2487/2310 1157/2503/2326
f 1157/2503/2326 1175/2487/2310 1156/2488/2311
f 1157/2503/2326 1156/2488/2311 1203/2504/2327
f 1203/2504/2327 1156/2488/2311 1202/2489/2312
f 1203/2504/2327 1202/2489/2312 1243/2505/2328
f 1243/2505/2328 1202/2489/2312 1244/2490/2313
f 1243/2505/2328 1244/2490/2313 1226/2506/2329
f 1226/2506/2329 1244/2490/2313 1225/2491/2314
f 1226/2506/2329 1225/2491/2314 1288/2507/2330
f 1288/2507/2330 1225/2491/2314 1289/2492/2315
f 1288/2507/2330 1289/2492/2315 1271/2508/2331
f 1271/2508/2331 1289/2492/2315 1270/2493/2316
f 1271/2508/2331 1270/2493/2316 1332/2509/2332
f 1332/2509/2332 1270/2493/2316 1333/2494/2317
f 1332/2509/2332 1333/2494/2317 1315/2510/2333
f 1315/2510/2333 1333/2494/2317 1314/2495/2318
f 1315/2510/2333 1314/2495/2318 1376/2511/2334
f 1376/2511/2334 1314/2495/2318 1377/2496/2319
f 1376/2511/2334 1377/2496/2319 1359/2512/2335
f 1359/2512/2335 1377/2496/2319 1358/2497/2320
f 1359/2512/2335 1358/2497/2320 1422/2513/2336
f 1422/2513/2336 1358/2497/2320 1423/1675/1570
f 1422/2513/2336 1423/1675/1570 1405/1677/1572
f 1024/1630/1526 1023/1628/1524 1083/2514/2337
f 1083/2514/2337 1023/1628/1524 1084/2498/2321
f 1083/2514/2337 1084/2498/2321 1068/2515/2338
f 1068/2515/2338 1084/2498/2321 1067/2499/2322
f 1068/2515/2338 1067/2499/2322 1127/2516/2339
f 1127/2516/2339 1067/2499/2322 1128/2500/2323
f 1127/2516/2339 1128/2500/2323 1112/2517/2340
f 1112/2517/2340 1128/2500/2323 1111/2501/2324
f 1112/2517/2340 1111/2501/2324 1173/2518/2341
f 1173/2518/2341 1111/2501/2324 1174/2502/2325
f 1173/2518/2341 1174/2502/2325 1158/2519/2342
f 1158/2519/2342 1174/2502/2325 1157/2503/2326
f 1158/2519/2342 1157/2503/2326 1204/2520/2343
f 1204/2520/2343 1157/2503/2326 1203/2504/2327
f 1204/2520/2343 1203/2504/2327 1242/2521/2344
f 1242/2521/2344 1203/2504/2327 1243/2505/2328
f 1242/2521/2344 1243/2505/2328 1227/2522/2345
f 1227/2522/2345 1243/2505/2328 1226/2506/2329
f 1227/2522/2345 1226/2506/2329 1287/2523/2346
f 1287/2523/2346 1226/2506/2329 1288/2507/2330
f 1287/2523/2346 1288/2507/2330 1272/2524/2347
f 1272/2524/2347 1288/2507/2330 1271/2508/2331
f 1272/2524/2347 1271/2508/2331 1331/2525/2348
f 1331/2525/2348 1271/2508/2331 1332/2509/2332
f 1331/2525/2348 1332/2509/2332 1316/2526/2349
f 1316/2526/2349 1332/2509/2332 1315/2510/2333
f 1316/2526/2349 1315/2510/2333 1375/2527/2350
f 1375/2527/2350 1315/2510/2333 1376/2511/2334
f 1375/2527/2350 1376/2511/2334 1360/2528/2351
f 1360/2528/2351 1376/2511/2334 1359/2512/2335
f 1360/2528/2351 1359/2512/2335 1421/2529/2352
f 1421/2529/2352 1359/2512/2335 1422/2513/2336
f 1421/2529/2352 1422/2513/2336 1406/2530/2353
f 1406/2530/2353 1422/2513/2336 1405/1677/1572
f 1406/2530/2353 1405/1677/1572 1452/1679/1574
f 1025/1632/1528 1024/1630/1526 1082/2531/2354
f 1082/2531/2354 1024/1630/1526 1083/2514/2337
f 1082/2531/2354 1083/2514/2337 1069/2532/2355
f 1069/2532/2355 1083/2514/2337 1068/2515/2338
f 1069/2532/2355 1068/2515/2338 1126/2533/2356
f 1126/2533/2356 1068/2515/2338 1127/2516/2339
f 1126/2533/2356 1127/2516/2339 1113/2534/2357
f 1113/2534/2357 1127/2516/2339 1112/2517/2340
f 1113/2534/2357 1112/2517/2340 1172/2535/2358
f 1172/2535/2358 1112/2517/2340 1173/2518/2341
f 1172/2535/2358 1173/2518/2341 1159/2536/2359
f 1159/2536/2359 1173/2518/2341 1158/2519/2342
f 1159/2536/2359 1158/2519/2342 1205/2537/2360
f 1205/2537/2360 1158/2519/2342 1204/2520/2343
f 1205/2537/2360 1204/2520/2343 1241/2538/2361
f 1241/2538/2361 1204/2520/2343 1242/2521/2344
f 1241/2538/2361 1242/2521/2344 1228/2539/2362
f 1228/2539/2362 1242/2521/2344 1227/2522/2345
f 1228/2539/2362 1227/2522/2345 1286/2540/2363
f 1286/2540/2363 1227/2522/2345 1287/2523/2346
f 1286/2540/2363 1287/2523/2346 1273/2541/2364
f 1273/2541/2364 1287/2523/2346 1272/2524/2347
f 1273/2541/2364 1272/2524/2347 1330/2542/2365
f 1330/2542/2365 1272/2524/2347 1331/2525/2348
f 1330/2542/2365 1331/2525/2348 1317/2543/2366
f 1317/2543/2366 1331/2525/2348 1316/2526/2349
f 1317/2543/2366 1316/2526/2349 1374/2544/2367
f 1374/2544/2367 1316/2526/2349 1375/2527/2350
f 1374/2544/2367 1375/2527/2350 1361/2545/2368
f 1361/2545/2368 1375/2527/2350 1360/2528/2351
f 1361/2545/2368 1360/2528/2351 1420/2546/2369
f 1420/2546/2369 1360/2528/2351 1421/2529/2352
f 1420/2546/2369 1421/2529/2352 1407/2547/2370
f 1407/2547/2370 1421/2529/2352 1406/2530/2353
f 1407/2547/2370 1406/2530/2353 1453/2548/2371
f 1453/2548/2371 1406/2530/2353 1452/1679/1574
f 1453/2548/2371 1452/1679/1574 1489/1681/1576
f 1026/1634/1530 1025/1632/1528 1081/2549/2372
f 1081/2549/2372 1025/1632/1528 1082/2531/2354
f 1081/2549/2372 1082/2531/2354 1070/2550/2373
f 1070/2550/2373 1082/2531/2354 1069/2532/2355
f 1070/2550/2373 1069/2532/2355 1125/2551/2374
f 1125/2551/2374 1069/2532/2355 1126/2533/2356
f 1125/2551/2374 1126/2533/2356 1114/2552/2375
f 1114/2552/2375 1126/2533/2356 1113/2534/2357
f 1114/2552/2375 1113/2534/2357 1171/2553/2376
f 1171/2553/2376 1113/2534/2357 1172/2535/2358
f 1171/2553/2376 1172/2535/2358 1160/2554/2377
f 1160/2554/2377 1172/2535/2358 1159/2536/2359
f 1160/2554/2377 1159/2536/2359 1206/2555/2378
f 1206/2555/2378 1159/2536/2359 1205/2537/2360
f 1206/2555/2378 1205/2537/2360 1240/2556/2379
f 1240/2556/2379 1205/2537/2360 1241/2538/2361
f 1240/2556/2379 1241/2538/2361 1229/2557/2380
f 1229/2557/2380 1241/2538/2361 1228/2539/2362
f 1229/2557/2380 1228/2539/2362 1285/2558/2381
f 1285/2558/2381 1228/2539/2362 1286/2540/2363
f 1285/2558/2381 1286/2540/2363 1274/2559/2382
f 1274/2559/2382 1286/2540/2363 1273/2541/2364
f 1274/2559/2382 1273/2541/2364 1329/2560/2383
f 1329/2560/2383 1273/2541/2364 1330/2542/2365
f 1329/2560/2383 1330/2542/2365 1318/2561/2384
f 1318/2561/2384 1330/2542/2365 1317/2543/2366
f 1318/2561/2384 1317/2543/2366 1373/2562/2385
f 1373/2562/2385 1317/2543/2366 1374/2544/2367
f 1373/2562/2385 1374/2544/2367 1362/2563/2386
f 1362/2563/2386 1374/2544/2367 1361/2545/2368
f 1362/2563/2386 1361/2545/2368 1419/2564/2387
f 1419/2564/2387 1361/2545/2368 1420/2546/2369
f 1419/2564/2387 1420/2546/2369 1408/2565/2388
f 1408/2565/2388 1420/2546/2369 1407/2547/2370
f 1408/2565/2388 1407/2547/2370 1454/2566/2389
f 1454/2566/2389 1407/2547/2370 1453/2548/2371
f 1454/2566/2389 1453/2548/2371 1488/2567/2390
f 1488/2567/2390 1453/2548/2371 1489/1681/1576
f 1488/2567/2390 1489/1681/1576 1477/1683/1578
f 1027/1636/1532 1026/1634/1530 1080/2568/2391
f 1080/2568/2391 1026/1634/1530 1081/2549/2372
f 1080/2568/2391 1081/2549/2372 1071/2569/2392
f 1071/2569/2392 1081/2549/2372 1070/2550/2373
f 1071/2569/2392 1070/2550/2373 1124/2570/2393
f 1124/2570/2393 1070/2550/2373 1125/2551/2374
f 1124/2570/2393 1125/2551/2374 1115/2571/2394
f 1115/2571/2394 1125/2551/2374 1114/2552/2375
f 1115/2571/2394 1114/2552/2375 1170/2572/2395
f 1170/2572/2395 1114/2552/2375 1171/2553/2376
f 1170/2572/2395 1171/2553/2376 1161/2573/2396
f 1161/2573/2396 1171/2553/2376 1160/2554/2377
f 1161/2573/2396 1160/2554/2377 1207/2574/2397
f 1207/2574/2397 1160/2554/2377 1206/2555/2378
f 1207/2574/2397 1206/2555/2378 1239/2575/2398
f 1239/2575/2398 1206/2555/2378 1240/2556/2379
f 1239/2575/2398 1240/2556/2379 1230/2576/2399
f 1230/2576/2399 1240/2556/2379 1229/2557/2380
f 1230/2576/2399 1229/2557/2380 1284/2577/2400
f 1284/2577/2400 1229/2557/2380 1285/2558/2381
f 1284/2577/2400 1285/2558/2381 1275/2578/2401
f 1275/2578/2401 1285/2558/2381 1274/2559/2382
f 1275/2578/2401 1274/2559/2382 1328/2579/2402
f 1328/2579/2402 1274/2559/2382 1329/2560/2383
f 1328/2579/2402 1329/2560/2383 1319/2580/2403
f 1319/2580/2403 1329/2560/2383 1318/2561/2384
f 1319/2580/2403 1318/2561/2384 1372/2581/2404
f 1372/2581/2404 1318/2561/2384 1373/2562/2385
f 1372/2581/2404 1373/2562/2385 1363/2582/2405
f 1363/2582/2405 1373/2562/2385 1362/2563/2386
f 1363/2582/2405 1362/2563/2386 1418/2583/2406
f 1418/2583/2406 1362/2563/2386 1419/2564/2387
f 1418/2583/2406 1419/2564/2387 1409/2584/2407
f 1409/2584/2407 1419/2564/2387 1408/2565/2388
f 1409/2584/2407 1408/2565/2388 1455/2585/2408
f 1455/2585/2408 1408/2565/2388 1454/2566/2389
f 1455/2585/2408 1454/2566/2389 1487/2586/2409
f 1487/2586/2409 1454/2566/2389 1488/2567/2390
f 1487/2586/2409 1488/2567/2390 1478/2587/2410
f 1478/2587/2410 1488/2567/2390 1477/1683/1578
f 1478/2587/2410 1477/1683/1578 1531/1685/1580
f 1028/1638/1534 1027/1636/1532 1079/2588/2411
f 1079/2588/2411 1027/1636/1532 1080/2568/2391
f 1079/2588/2411 1080/2568/2391 1072/2589/2412
f 1072/2589/2412 1080/2568/2391 1071/2569/2392
f 1072/2589/2412 1071/2569/2392 1123/2590/2413
f 1123/2590/2413 1071/2569/2392 1124/2570/2393
f 1123/2590/2413 1124/2570/2393 1116/2591/2414
f 1116/2591/2414 1124/2570/2393 1115/2571/2394
f 1116/2591/2414 1115/2571/2394 1169/2592/2415
f 1169/2592/2415 1115/2571/2394 1170/2572/2395
f 1169/2592/2415 1170/2572/2395 1162/2593/2416
f 1162/2593/2416 1170/2572/2395 1161/2573/2396
f 1162/2593/2416 1161/2573/2396 1208/2594/2417
f 1208/2594/2417 1161/2573/2396 1207/2574/2397
f 1208/2594/2417 1207/2574/2397 1238/2595/2418
f 1238/2595/2418 1207/2574/2397 1239/2575/2398
f 1238/2595/2418 1239/2575/2398 1231/2596/2419
f 1231/2596/2419 1239/2575/2398 1230/2576/2399
f 1231/2596/2419 1230/2576/2399 1283/2597/2420
f 1283/2597/2420 1230/2576/2399 1284/2577/2400
f 1283/2597/2420 1284/2577/2400 1276/2598/2421
f 1276/2598/2421 1284/2577/2400 1275/2578/2401
f 1276/2598/2421 1275/2578/2401 1327/2599/2422
f 1327/2599/2422 1275/2578/2401 1328/2579/2402
f 1327/2599/2422 1328/2579/2402 1320/2600/2423
f 1320/2600/2423 1328/2579/2402 1319/2580/2403
f 1320/2600/2423 1319/2580/2403 1371/2601/2424
f 1371/2601/2424 1319/2580/2403 1372/2581/2404
f 1371/2601/2424 1372/2581/2404 1364/2602/2425
f 1364/2602/2425 1372/2581/2404 1363/2582/2405
f 1364/2602/2425 1363/2582/2405 1417/2603/2426
f 1417/2603/2426 1363/2582/2405 1418/2583/2406
f 1417/2603/2426 1418/2583/2406 1410/2604/2427
f 1410/2604/2427 1418/2583/2406 1409/2584/2407
f 1410/2604/2427 1409/2584/2407 1456/2605/2428
f 1456/2605/2428 1409/2584/2407 1455/2585/2408
f 1456/2605/2428 1455/2585/2408 1486/2606/2429
f 1486/2606/2429 1455/2585/2408 1487/2586/2409
f 1486/2606/2429 1487/2586/2409 1479/2607/2430
f 1479/2607/2430 1487/2586/2409 1478/2587/2410
f 1479/2607/2430 1478/2587/2410 1530/2608/2431
f 1530/2608/2431 1478/2587/2410 1531/1685/1580
f 1530/2608/2431 1531/1685/1580 1523/1687/1582
f 1029/1640/1536 1028/1638/1534 1078/2609/2432
f 1078/2609/2432 1028/1638/1534 1079/2588/2411
f 1078/2609/2432 1079/2588/2411 1073/2610/2433
f 1073/2610/2433 1079/2588/2411 1072/2589/2412
f 1073/2610/2433 1072/2589/2412 1122/2611/2434
f 1122/2611/2434 1072/2589/2412 1123/2590/2413
f 1122/2611/2434 1123/2590/2413 1117/2612/2435
f 1117/2612/2435 1123/2590/2413 1116/2591/2414
f 1117/2612/2435 1116/2591/2414 1168/2613/2436
f 1168/2613/2436 1116/2591/2414 1169/2592/2415
f 1168/2613/2436 1169/2592/2415 1163/2614/2437
f 1163/2614/2437 1169/2592/2415 1162/2593/2416
f 1163/2614/2437 1162/2593/2416 1209/2615/2438
f 1209/2615/2438 1162/2593/2416 1208/2594/2417
f 1209/2615/2438 1208/2594/2417 1237/2616/2439
f 1237/2616/2439 1208/2594/2417 1238/2595/2418
f 1237/2616/2439 1238/2595/2418 1232/2617/2440
f 1232/2617/2440 1238/2595/2418 1231/2596/2419
f 1232/2617/2440 1231/2596/2419 1282/2618/2441
f 1282/2618/2441 1231/2596/2419 1283/2597/2420
f 1282/2618/2441 1283/2597/2420 1277/2619/2442
f 1277/2619/2442 1283/2597/2420 1276/2598/2421
f 1277/2619/2442 1276/2598/2421 1326/2620/2443
f 1326/2620/2443 1276/2598/2421 1327/2599/2422
f 1326/2620/2443 1327/2599/2422 1321/2621/2444
f 1321/2621/2444 1327/2599/2422 1320/2600/2423
f 1321/2621/2444 1320/2600/2423 1370/2622/2445
f 1370/2622/2445 1320/2600/2423 1371/2601/2424
f 1370/2622/2445 1371/2601/2424 1365/2623/2446
f 1365/2623/2446 1371/2601/2424 1364/2602/2425
f 1365/2623/2446 1364/2602/2425 1416/2624/2447
f 1416/2624/2447 1364/2602/2425 1417/2603/2426
f 1416/2624/2447 1417/2603/2426 1411/2625/2448
f 1411/2625/2448 1417/2603/2426 1410/2604/2427
f 1411/2625/2448 1410/2604/2427 1457/2626/2449
f 1457/2626/2449 1410/2604/2427 1456/2605/2428
f 1457/2626/2449 1456/2605/2428 1485/2627/2450
f 1485/2627/2450 1456/2605/2428 1486/2606/2429
f 1485/2627/2450 1486/2606/2429 1480/2628/2451
f 1480/2628/2451 1486/2606/2429 1479/2607/2430
f 1480/2628/2451 1479/2607/2430 1529/2629/2452
f 1529/2629/2452 1479/2607/2430 1530/2608/2431
f 1529/2629/2452 1530/2608/2431 1524/2630/2453
f 1524/2630/2453 1530/2608/2431 1523/1687/1582
f 1524/2630/2453 1523/1687/1582 1573/1689/1584
f 1076/2355/2203 1031/1644/1540 1030/1642/1538
f 1030/1642/1538 1029/1640/1536 1077/2631/2454
f 1077/2631/2454 1029/1640/1536 1078/2609/2432
f 1077/2631/2454 1078/2609/2432 1074/2632/2455
f 1074/2632/2455 1078/2609/2432 1073/2610/2433
f 1074/2632/2455 1073/2610/2433 1121/2633/2456
f 1121/2633/2456 1073/2610/2433 1122/2611/2434
f 1121/2633/2456 1122/2611/2434 1118/2634/2457
f 1118/2634/2457 1122/2611/2434 1117/2612/2435
f 1118/2634/2457 1117/2612/2435 1167/2635/2458
f 1167/2635/2458 1117/2612/2435 1168/2613/2436
f 1167/2635/2458 1168/2613/2436 1164/2636/2459
f 1164/2636/2459 1168/2613/2436 1163/2614/2437
f 1164/2636/2459 1163/2614/2437 1210/2637/2460
f 1210/2637/2460 1163/2614/2437 1209/2615/2438
f 1210/2637/2460 1209/2615/2438 1236/2638/2461
f 1236/2638/2461 1209/2615/2438 1237/2616/2439
f 1236/2638/2461 1237/2616/2439 1233/2639/2462
f 1233/2639/2462 1237/2616/2439 1232/2617/2440
f 1233/2639/2462 1232/2617/2440 1281/2640/2463
f 1281/2640/2463 1232/2617/2440 1282/2618/2441
f 1281/2640/2463 1282/2618/2441 1278/2641/2464
f 1278/2641/2464 1282/2618/2441 1277/2619/2442
f 1278/2641/2464 1277/2619/2442 1325/2642/2465
f 1325/2642/2465 1277/2619/2442 1326/2620/2443
f 1325/2642/2465 1326/2620/2443 1322/2643/2466
f 1322/2643/2466 1326/2620/2443 1321/2621/2444
f 1322/2643/2466 1321/2621/2444 1369/2644/2467
f 1369/2644/2467 1321/2621/2444 1370/2622/2445
f 1369/2644/2467 1370/2622/2445 1366/2645/2468
f 1366/2645/2468 1370/2622/2445 1365/2623/2446
f 1366/2645/2468 1365/2623/2446 1415/2646/2469
f 1415/2646/2469 1365/2623/2446 1416/2624/2447
f 1415/2646/2469 1416/2624/2447 1412/2647/2470
f 1412/2647/2470 1416/2624/2447 1411/2625/2448
f 1412/2647/2470 1411/2625/2448 1458/2648/2471
f 1458/2648/2471 1411/2625/2448 1457/2626/2449
f 1458/2648/2471 1457/2626/2449 1484/2649/2472
f 1484/2649/2472 1457/2626/2449 1485/2627/2450
f 1484/2649/2472 1485/2627/2450 1481/2650/2473
f 1481/2650/2473 1485/2627/2450 1480/2628/2451
f 1481/2650/2473 1480/2628/2451 1528/2651/2474
f 1528/2651/2474 1480/2628/2451 1529/2629/2452
f 1528/2651/2474 1529/2629/2452 1525/2652/2475
f 1525/2652/2475 1529/2629/2452 1524/2630/2453
f 1525/2652/2475 1524/2630/2453 1572/2653/2476
f 1572/2653/2476 1524/2630/2453 1573/1689/1584
f 1572/2653/2476 1573/1689/1584 1569/1691/1586
f 1074/2632/2455 1075/2353/2202 1077/2631/2454
f 1077/2631/2454 1075/2353/2202 1076/2355/2203
f 1077/2631/2454 1076/2355/2203 1030/1642/1538
f 1075/2353/2202 1074/2632/2455 1120/2351/2201
f 1120/2351/2201 1074/2632/2455 1121/2633/2456
f 1120/2351/2201 1121/2633/2456 1119/2349/2200
f 1119/2349/2200 1121/2633/2456 1118/2634/2457
f 1119/2349/2200 1118/2634/2457 1166/2347/2199
f 1166/2347/2199 1118/2634/2457 1167/2635/2458
f 1166/2347/2199 1167/2635/2458 1165/2345/2198
f 1165/2345/2198 1167/2635/2458 1164/2636/2459
f 1165/2345/2198 1164/2636/2459 1211/2343/2197
f 1211/2343/2197 1164/2636/2459 1210/2637/2460
f 1211/2343/2197 1210/2637/2460 1235/2341/2196
f 1235/2341/2196 1210/2637/2460 1236/2638/2461
f 1235/2341/2196 1236/2638/2461 1234/2339/2195
f 1234/2339/2195 1236/2638/2461 1233/2639/2462
f 1234/2339/2195 1233/2639/2462 1280/2337/2194
f 1280/2337/2194 1233/2639/2462 1281/2640/2463
f 1280/2337/2194 1281/2640/2463 1279/2335/2193
f 1279/2335/2193 1281/2640/2463 1278/2641/2464
f 1279/2335/2193 1278/2641/2464 1324/2333/2192
f 1324/2333/2192 1278/2641/2464 1325/2642/2465
f 1324/2333/2192 1325/2642/2465 1323/2331/2191
f 1323/2331/2191 1325/2642/2465 1322/2643/2466
f 1323/2331/2191 1322/2643/2466 1368/2330/2190
f 1368/2330/2190 1322/2643/2466 1369/2644/2467
f 1368/2330/2190 1369/2644/2467 1367/2328/2189
f 1367/2328/2189 1369/2644/2467 1366/2645/2468
f 1367/2328/2189 1366/2645/2468 1414/2326/2188
f 1414/2326/2188 1366/2645/2468 1415/2646/2469
f 1414/2326/2188 1415/2646/2469 1413/2324/2187
f 1413/2324/2187 1415/2646/2469 1412/2647/2470
f 1413/2324/2187 1412/2647/2470 1459/2322/2186
f 1459/2322/2186 1412/2647/2470 1458/2648/2471
f 1459/2322/2186 1458/2648/2471 1483/2320/2185
f 1483/2320/2185 1458/2648/2471 1484/2649/2472
f 1483/2320/2185 1484/2649/2472 1482/2318/2184
f 1482/2318/2184 1484/2649/2472 1481/2650/2473
f 1482/2318/2184 1481/2650/2473 1527/2316/2183
f 1527/2316/2183 1481/2650/2473 1528/2651/2474
f 1527/2316/2183 1528/2651/2474 1526/2314/2182
f 1526/2314/2182 1528/2651/2474 1525/2652/2475
f 1526/2314/2182 1525/2652/2475 1571/2312/2181
f 1571/2312/2181 1525/2652/2475 1572/2653/2476
f 1571/2312/2181 1572/2653/2476 1570/2310/2180
f 1570/2310/2180 1572/2653/2476 1569/1691/1586
f 1570/2310/2180 1569/1691/1586 1616/1693/1588
f 1188/1697/1591 1143/1721/1614 1144/1698/1592
f 1144/1698/1592 1143/1721/1614 1190/2654/2477
f 1144/1698/1592 1190/2654/2477 1191/1699/1593
f 1191/1699/1593 1190/2654/2477 1255/2655/2478
f 1191/1699/1593 1255/2655/2478 1254/1700/1594
f 1254/1700/1594 1255/2655/2478 1215/2656/2479
f 1254/1700/1594 1215/2656/2479 1216/1701/1595
f 1216/1701/1595 1215/2656/2479 1298/2657/2480
f 1216/1701/1595 1298/2657/2480 1297/1702/1596
f 1297/1702/1596 1298/2657/2480 1262/2658/2481
f 1297/1702/1596 1262/2658/2481 1263/1703/1597
f 1263/1703/1597 1262/2658/2481 1340/2659/2482
f 1263/1703/1597 1340/2659/2482 1339/1704/1598
f 1339/1704/1598 1340/2659/2482 1308/2660/2483
f 1339/1704/1598 1308/2660/2483 1309/1705/1599
f 1309/1705/1599 1308/2660/2483 1382/2661/2484
f 1309/1705/1599 1382/2661/2484 1381/1706/1600
f 1381/1706/1600 1382/2661/2484 1354/2662/2485
f 1381/1706/1600 1354/2662/2485 1355/1707/1601
f 1355/1707/1601 1354/2662/2485 1426/2663/2486
f 1355/1707/1601 1426/2663/2486 1425/1708/1602
f 1425/1708/1602 1426/2663/2486 1402/2664/2487
f 1425/1708/1602 1402/2664/2487 1403/1709/1603
f 1403/1709/1603 1402/2664/2487 1449/2665/2488
f 1403/1709/1603 1449/2665/2488 1450/1710/1604
f 1450/1710/1604 1449/2665/2488 1492/2666/2489
f 1450/1710/1604 1492/2666/2489 1491/1711/1605
f 1491/1711/1605 1492/2666/2489 1474/2667/2490
f 1491/1711/1605 1474/2667/2490 1475/1712/1606
f 1475/1712/1606 1474/2667/2490 1534/2668/2491
f 1475/1712/1606 1534/2668/2491 1533/1713/1607
f 1533/1713/1607 1534/2668/2491 1520/2669/2492
f 1533/1713/1607 1520/2669/2492 1521/1714/1608
f 1521/1714/1608 1520/2669/2492 1576/2670/2493
f 1521/1714/1608 1576/2670/2493 1575/1715/1609
f 1575/1715/1609 1576/2670/2493 1566/2671/2494
f 1575/1715/1609 1566/2671/2494 1567/1716/1610
f 1567/1716/1610 1566/2671/2494 1619/2672/2495
f 1567/1716/1610 1619/2672/2495 1618/1717/1611
f 1618/1717/1611 1619/2672/2495 1613/2673/2496
f 1618/1717/1611 1613/2673/2496 1614/1718/1612
f 1614/1718/1612 1613/2673/2496 1663/2674/2497
f 1614/1718/1612 1663/2674/2497 1662/1719/1613
f 1662/1719/1613 1663/2674/2497 1661/2307/2179
f 1143/1721/1614 1189/1723/1616 1190/2654/2477
f 1190/2654/2477 1189/1723/1616 1256/1725/1618
f 1190/2654/2477 1256/1725/1618 1255/2655/2478
f 1255/2655/2478 1256/1725/1618 1214/1727/1620
f 1255/2655/2478 1214/1727/1620 1215/2656/2479
f 1215/2656/2479 1214/1727/1620 1299/1729/1622
f 1215/2656/2479 1299/1729/1622 1298/2657/2480
f 1298/2657/2480 1299/1729/1622 1261/1731/1624
f 1298/2657/2480 1261/1731/1624 1262/2658/2481
f 1262/2658/2481 1261/1731/1624 1341/1733/1626
f 1262/2658/2481 1341/1733/1626 1340/2659/2482
f 1340/2659/2482 1341/1733/1626 1307/1735/1628
f 1340/2659/2482 1307/1735/1628 1308/2660/2483
f 1308/2660/2483 1307/1735/1628 1383/1737/1630
f 1308/2660/2483 1383/1737/1630 1382/2661/2484
f 1382/2661/2484 1383/1737/1630 1353/1739/1632
f 1382/2661/2484 1353/1739/1632 1354/2662/2485
f 1354/2662/2485 1353/1739/1632 1427/1741/1634
f 1354/2662/2485 1427/1741/1634 1426/2663/2486
f 1426/2663/2486 1427/1741/1634 1401/1743/1636
f 1426/2663/2486 1401/1743/1636 1402/2664/2487
f 1402/2664/2487 1401/1743/1636 1448/1745/1638
f 1402/2664/2487 1448/1745/1638 1449/2665/2488
f 1449/2665/2488 1448/1745/1638 1493/1747/1640
f 1449/2665/2488 1493/1747/1640 1492/2666/2489
f 1492/2666/2489 1493/1747/1640 1473/1749/1642
f 1492/2666/2489 1473/1749/1642 1474/2667/2490
f 1474/2667/2490 1473/1749/1642 1535/1751/1644
f 1474/2667/2490 1535/1751/1644 1534/2668/2491
f 1534/2668/2491 1535/1751/1644 1519/1753/1646
f 1534/2668/2491 1519/1753/1646 1520/2669/2492
f 1520/2669/2492 1519/1753/1646 1577/1755/1648
f 1520/2669/2492 1577/1755/1648 1576/2670/2493
f 1576/2670/2493 1577/1755/1648 1565/1757/1650
f 1576/2670/2493 1565/1757/1650 1566/2671/2494
f 1566/2671/2494 1565/1757/1650 1620/1759/1652
f 1566/2671/2494 1620/1759/1652 1619/2672/2495
f 1619/2672/2495 1620/1759/1652 1612/1761/1654
f 1619/2672/2495 1612/1761/1654 1613/2673/2496
f 1613/2673/2496 1612/1761/1654 1664/1763/1656
f 1613/2673/2496 1664/1763/1656 1663/2674/2497
f 1663/2674/2497 1664/1763/1656 1660/1765/1658
f 1663/2674/2497 1660/1765/1658 1661/2307/2179
f 1661/2307/2179 1660/1765/1658 1707/1767/1660
f 1257/1797/1688 1258/2675/2498 957/1795/1686
f 957/1795/1686 1258/2675/2498 1301/1772/1664
f 957/1795/1686 1301/1772/1664 1212/1771/1663
f 1301/1772/1664 1258/2675/2498 1259/1773/1665
f 1259/1773/1665 1258/2675/2498 1344/2676/2499
f 1259/1773/1665 1344/2676/2499 1343/1774/1666
f 1343/1774/1666 1344/2676/2499 1304/2677/2500
f 1343/1774/1666 1304/2677/2500 1305/1775/1667
f 1305/1775/1667 1304/2677/2500 1386/2678/2501
f 1305/1775/1667 1386/2678/2501 1385/1776/1668
f 1385/1776/1668 1386/2678/2501 1350/2679/2502
f 1385/1776/1668 1350/2679/2502 1351/1777/1669
f 1351/1777/1669 1350/2679/2502 1430/2680/2503
f 1351/1777/1669 1430/2680/2503 1429/1778/1670
f 1429/1778/1670 1430/2680/2503 1398/2681/2504
f 1429/1778/1670 1398/2681/2504 1399/1779/1671
f 1399/1779/1671 1398/2681/2504 1445/2682/2505
f 1399/1779/1671 1445/2682/2505 1446/1780/1672
f 1446/1780/1672 1445/2682/2505 1496/2683/2506
f 1446/1780/1672 1496/2683/2506 1495/1781/1673
f 1495/1781/1673 1496/2683/2506 1470/2684/2507
f 1495/1781/1673 1470/2684/2507 1471/1782/1674
f 1471/1782/1674 1470/2684/2507 1538/2685/2508
f 1471/1782/1674 1538/2685/2508 1537/1783/1675
f 1537/1783/1675 1538/2685/2508 1516/2686/2509
f 1537/1783/1675 1516/2686/2509 1517/1784/1676
f 1517/1784/1676 1516/2686/2509 1580/2687/2510
f 1517/1784/1676 1580/2687/2510 1579/1785/1677
f 1579/1785/1677 1580/2687/2510 1562/2688/2511
f 1579/1785/1677 1562/2688/2511 1563/1786/1678
f 1563/1786/1678 1562/2688/2511 1623/2689/2512
f 1563/1786/1678 1623/2689/2512 1622/1787/1679
f 1622/1787/1679 1623/2689/2512 1609/2690/2513
f 1622/1787/1679 1609/2690/2513 1610/1788/1680
f 1610/1788/1680 1609/2690/2513 1667/2691/2514
f 1610/1788/1680 1667/2691/2514 1666/1789/1681
f 1666/1789/1681 1667/2691/2514 1657/2692/2515
f 1666/1789/1681 1657/2692/2515 1658/1790/1682
f 1658/1790/1682 1657/2692/2515 1704/2693/2516
f 1658/1790/1682 1704/2693/2516 1705/1791/1683
f 1705/1791/1683 1704/2693/2516 1733/2694/2517
f 1705/1791/1683 1733/2694/2517 1732/1792/1684
f 1732/1792/1684 1733/2694/2517 1729/2695/2518
f 1732/1792/1684 1729/2695/2518 1730/1793/1685
f 1730/1793/1685 1729/2695/2518 1775/2305/2178
f 1344/2676/2499 1258/2675/2498 1345/1799/1690
f 1345/1799/1690 1258/2675/2498 1257/1797/1688
f 1344/2676/2499 1345/1799/1690 1303/1801/1692
f 1344/2676/2499 1303/1801/1692 1304/2677/2500
f 1304/2677/2500 1303/1801/1692 1387/1803/1694
f 1304/2677/2500 1387/1803/1694 1386/2678/2501
f 1386/2678/2501 1387/1803/1694 1349/1805/1696
f 1386/2678/2501 1349/1805/1696 1350/2679/2502
f 1350/2679/2502 1349/1805/1696 1431/1807/1698
f 1350/2679/2502 1431/1807/1698 1430/2680/2503
f 1430/2680/2503 1431/1807/1698 1397/1809/1700
f 1430/2680/2503 1397/1809/1700 1398/2681/2504
f 1398/2681/2504 1397/1809/1700 1444/1811/1702
f 1398/2681/2504 1444/1811/1702 1445/2682/2505
f 1445/2682/2505 1444/1811/1702 1497/1813/1704
f 1445/2682/2505 1497/1813/1704 1496/2683/2506
f 1496/2683/2506 1497/1813/1704 1469/1815/1706
f 1496/2683/2506 1469/1815/1706 1470/2684/2507
f 1470/2684/2507 1469/1815/1706 1539/1817/1708
f 1470/2684/2507 1539/1817/1708 1538/2685/2508
f 1538/2685/2508 1539/1817/1708 1515/1819/1710
f 1538/2685/2508 1515/1819/1710 1516/2686/2509
f 1516/2686/2509 1515/1819/1710 1581/1821/1712
f 1516/2686/2509 1581/1821/1712 1580/2687/2510
f 1580/2687/2510 1581/1821/1712 1561/1823/1714
f 1580/2687/2510 1561/1823/1714 1562/2688/2511
f 1562/2688/2511 1561/1823/1714 1624/1825/1716
f 1562/2688/2511 1624/1825/1716 1623/2689/2512
f 1623/2689/2512 1624/1825/1716 1608/1827/1718
f 1623/2689/2512 1608/1827/1718 1609/2690/2513
f 1609/2690/2513 1608/1827/1718 1668/1829/1720
f 1609/2690/2513 1668/1829/1720 1667/2691/2514
f 1667/2691/2514 1668/1829/1720 1656/1831/1722
f 1667/2691/2514 1656/1831/1722 1657/2692/2515
f 1657/2692/2515 1656/1831/1722 1703/1833/1724
f 1657/2692/2515 1703/1833/1724 1704/2693/2516
f 1704/2693/2516 1703/1833/1724 1734/1835/1726
f 1704/2693/2516 1734/1835/1726 1733/2694/2517
f 1733/2694/2517 1734/1835/1726 1728/1837/1728
f 1733/2694/2517 1728/1837/1728 1729/2695/2518
f 1729/2695/2518 1728/1837/1728 1776/1839/1730
f 1729/2695/2518 1776/1839/1730 1775/2305/2178
f 1775/2305/2178 1776/1839/1730 1774/1841/1732
f 1390/1870/1759 954/1894/1782 1346/1871/1760
f 1346/1871/1760 954/1894/1782 1435/2696/2519
f 1346/1871/1760 1435/2696/2519 1434/1872/1761
f 1434/1872/1761 1435/2696/2519 1393/2697/2520
f 1434/1872/1761 1393/2697/2520 1394/1873/1762
f 1394/1873/1762 1393/2697/2520 1440/2698/2521
f 1394/1873/1762 1440/2698/2521 1441/1874/1763
f 1441/1874/1763 1440/2698/2521 1501/2699/2522
f 1441/1874/1763 1501/2699/2522 1500/1875/1764
f 1500/1875/1764 1501/2699/2522 1465/2700/2523
f 1500/1875/1764 1465/2700/2523 1466/1876/1765
f 1466/1876/1765 1465/2700/2523 1543/2701/2524
f 1466/1876/1765 1543/2701/2524 1542/1877/1766
f 1542/1877/1766 1543/2701/2524 1511/2702/2525
f 1542/1877/1766 1511/2702/2525 1512/1878/1767
f 1512/1878/1767 1511/2702/2525 1585/2703/2526
f 1512/1878/1767 1585/2703/2526 1584/1879/1768
f 1584/1879/1768 1585/2703/2526 1557/2704/2527
f 1584/1879/1768 1557/2704/2527 1558/1880/1769
f 1558/1880/1769 1557/2704/2527 1628/2705/2528
f 1558/1880/1769 1628/2705/2528 1627/1881/1770
f 1627/1881/1770 1628/2705/2528 1604/2706/2529
f 1627/1881/1770 1604/2706/2529 1605/1882/1771
f 1605/1882/1771 1604/2706/2529 1672/2707/2530
f 1605/1882/1771 1672/2707/2530 1671/1883/1772
f 1671/1883/1772 1672/2707/2530 1652/2708/2531
f 1671/1883/1772 1652/2708/2531 1653/1884/1773
f 1653/1884/1773 1652/2708/2531 1699/2709/2532
f 1653/1884/1773 1699/2709/2532 1700/1885/1774
f 1700/1885/1774 1699/2709/2532 1738/2710/2533
f 1700/1885/1774 1738/2710/2533 1737/1886/1775
f 1737/1886/1775 1738/2710/2533 1724/2711/2534
f 1737/1886/1775 1724/2711/2534 1725/1887/1776
f 1725/1887/1776 1724/2711/2534 1780/2712/2535
f 1725/1887/1776 1780/2712/2535 1779/1888/1777
f 1779/1888/1777 1780/2712/2535 1770/2713/2536
f 1779/1888/1777 1770/2713/2536 1771/1889/1778
f 1771/1889/1778 1770/2713/2536 1822/2714/2537
f 1771/1889/1778 1822/2714/2537 1821/1890/1779
f 1821/1890/1779 1822/2714/2537 1816/2715/2538
f 1821/1890/1779 1816/2715/2538 1817/1891/1780
f 1817/1891/1780 1816/2715/2538 1865/2716/2539
f 1817/1891/1780 1865/2716/2539 1864/1892/1781
f 1864/1892/1781 1865/2716/2539 1863/2302/2177
f 1436/1896/1784 1392/1898/1786 1435/2696/2519
f 1435/2696/2519 1392/1898/1786 1393/2697/2520
f 1440/2698/2521 1393/2697/2520 1439/1900/1788
f 1439/1900/1788 1393/2697/2520 1392/1898/1786
f 954/1894/1782 1436/1896/1784 1435/2696/2519
f 1501/2699/2522 1440/2698/2521 1502/1902/1790
f 1502/1902/1790 1440/2698/2521 1439/1900/1788
f 1460/1970/1856 1461/2717/2540 953/1968/1854
f 953/1968/1854 1461/2717/2540 1504/1945/1832
f 953/1968/1854 1504/1945/1832 1437/1944/1831
f 1504/1945/1832 1461/2717/2540 1462/1946/1833
f 1462/1946/1833 1461/2717/2540 1547/2718/2541
f 1462/1946/1833 1547/2718/2541 1546/1947/1834
f 1546/1947/1834 1547/2718/2541 1507/2719/2542
f 1546/1947/1834 1507/2719/2542 1508/1948/1835
f 1508/1948/1835 1507/2719/2542 1589/2720/2543
f 1508/1948/1835 1589/2720/2543 1588/1949/1836
f 1588/1949/1836 1589/2720/2543 1553/2721/2544
f 1588/1949/1836 1553/2721/2544 1554/1950/1837
f 1554/1950/1837 1553/2721/2544 1632/2722/2545
f 1554/1950/1837 1632/2722/2545 1631/1951/1838
f 1631/1951/1838 1632/2722/2545 1600/2723/2546
f 1631/1951/1838 1600/2723/2546 1601/1952/1839
f 1601/1952/1839 1600/2723/2546 1676/2724/2547
f 1601/1952/1839 1676/2724/2547 1675/1953/1840
f 1675/1953/1840 1676/2724/2547 1648/2725/2548
f 1675/1953/1840 1648/2725/2548 1649/1954/1841
f 1649/1954/1841 1648/2725/2548 1695/2726/2549
f 1649/1954/1841 1695/2726/2549 1696/1955/1842
f 1696/1955/1842 1695/2726/2549 1742/2727/2550
f 1696/1955/1842 1742/2727/2550 1741/1956/1843
f 1741/1956/1843 1742/2727/2550 1720/2728/2551
f 1741/1956/1843 1720/2728/2551 1721/1957/1844
f 1721/1957/1844 1720/2728/2551 1784/2729/2552
f 1721/1957/1844 1784/2729/2552 1783/1958/1845
f 1783/1958/1845 1784/2729/2552 1766/2730/2553
f 1783/1958/1845 1766/2730/2553 1767/1959/1846
f 1767/1959/1846 1766/2730/2553 1826/2731/2554
f 1767/1959/1846 1826/2731/2554 1825/1960/1847
f 1825/1960/1847 1826/2731/2554 1812/2732/2555
f 1825/1960/1847 1812/2732/2555 1813/1961/1848
f 1813/1961/1848 1812/2732/2555 1869/2733/2556
f 1813/1961/1848 1869/2733/2556 1868/1962/1849
f 1868/1962/1849 1869/2733/2556 1859/2734/2557
f 1868/1962/1849 1859/2734/2557 1860/1963/1850
f 1860/1963/1850 1859/2734/2557 1913/2735/2558
f 1860/1963/1850 1913/2735/2558 1912/1964/1851
f 1912/1964/1851 1913/2735/2558 1907/2736/2559
f 1912/1964/1851 1907/2736/2559 1908/1965/1852
f 1908/1965/1852 1907/2736/2559 1954/2737/2560
f 1908/1965/1852 1954/2737/2560 1955/1966/1853
f 1955/1966/1853 1954/2737/2560 1979/2299/2176
f 1547/2718/2541 1461/2717/2540 1548/1972/1858
f 1548/1972/1858 1461/2717/2540 1460/1970/1856
f 1501/2699/2522 1502/1902/1790 1464/1904/1792
f 1501/2699/2522 1464/1904/1792 1465/2700/2523
f 1465/2700/2523 1464/1904/1792 1544/1906/1794
f 1465/2700/2523 1544/1906/1794 1543/2701/2524
f 1543/2701/2524 1544/1906/1794 1510/1908/1796
f 1543/2701/2524 1510/1908/1796 1511/2702/2525
f 1511/2702/2525 1510/1908/1796 1586/1910/1798
f 1511/2702/2525 1586/1910/1798 1585/2703/2526
f 1585/2703/2526 1586/1910/1798 1556/1912/1800
f 1585/2703/2526 1556/1912/1800 1557/2704/2527
f 1557/2704/2527 1556/1912/1800 1629/1914/1802
f 1557/2704/2527 1629/1914/1802 1628/2705/2528
f 1628/2705/2528 1629/1914/1802 1603/1916/1804
f 1628/2705/2528 1603/1916/1804 1604/2706/2529
f 1604/2706/2529 1603/1916/1804 1673/1918/1806
f 1604/2706/2529 1673/1918/1806 1672/2707/2530
f 1672/2707/2530 1673/1918/1806 1651/1920/1808
f 1672/2707/2530 1651/1920/1808 1652/2708/2531
f 1652/2708/2531 1651/1920/1808 1698/1922/1810
f 1652/2708/2531 1698/1922/1810 1699/2709/2532
f 1699/2709/2532 1698/1922/1810 1739/1924/1812
f 1699/2709/2532 1739/1924/1812 1738/2710/2533
f 1738/2710/2533 1739/1924/1812 1723/1926/1814
f 1738/2710/2533 1723/1926/1814 1724/2711/2534
f 1724/2711/2534 1723/1926/1814 1781/1928/1816
f 1724/2711/2534 1781/1928/1816 1780/2712/2535
f 1780/2712/2535 1781/1928/1816 1769/1930/1818
f 1780/2712/2535 1769/1930/1818 1770/2713/2536
f 1770/2713/2536 1769/1930/1818 1823/1932/1820
f 1770/2713/2536 1823/1932/1820 1822/2714/2537
f 1822/2714/2537 1823/1932/1820 1815/1934/1822
f 1822/2714/2537 1815/1934/1822 1816/2715/2538
f 1816/2715/2538 1815/1934/1822 1866/1936/1824
f 1816/2715/2538 1866/1936/1824 1865/2716/2539
f 1865/2716/2539 1866/1936/1824 1862/1938/1826
f 1865/2716/2539 1862/1938/1826 1863/2302/2177
f 1863/2302/2177 1862/1938/1826 1910/1940/1828
f 1547/2718/2541 1548/1972/1858 1506/1974/1860
f 1547/2718/2541 1506/1974/1860 1507/2719/2542
f 1507/2719/2542 1506/1974/1860 1590/1976/1862
f 1507/2719/2542 1590/1976/1862 1589/2720/2543
f 1589/2720/2543 1590/1976/1862 1552/1978/1864
f 1589/2720/2543 1552/1978/1864 1553/2721/2544
f 1553/2721/2544 1552/1978/1864 1633/1980/1866
f 1553/2721/2544 1633/1980/1866 1632/2722/2545
f 1632/2722/2545 1633/1980/1866 1599/1982/1868
f 1632/2722/2545 1599/1982/1868 1600/2723/2546
f 1600/2723/2546 1599/1982/1868 1677/1984/1870
f 1600/2723/2546 1677/1984/1870 1676/2724/2547
f 1676/2724/2547 1677/1984/1870 1647/1986/1872
f 1676/2724/2547 1647/1986/1872 1648/2725/2548
f 1648/2725/2548 1647/1986/1872 1694/1988/1874
f 1648/2725/2548 1694/1988/1874 1695/2726/2549
f 1695/2726/2549 1694/1988/1874 1743/1990/1876
f 1695/2726/2549 1743/1990/1876 1742/2727/2550
f 1742/2727/2550 1743/1990/1876 1719/1992/1878
f 1742/2727/2550 1719/1992/1878 1720/2728/2551
f 1720/2728/2551 1719/1992/1878 1785/1994/1880
f 1720/2728/2551 1785/1994/1880 1784/2729/2552
f 1784/2729/2552 1785/1994/1880 1765/1996/1882
f 1784/2729/2552 1765/1996/1882 1766/2730/2553
f 1766/2730/2553 1765/1996/1882 1827/1998/1884
f 1766/2730/2553 1827/1998/1884 1826/2731/2554
f 1826/2731/2554 1827/1998/1884 1811/2000/1886
f 1826/2731/2554 1811/2000/1886 1812/2732/2555
f 1812/2732/2555 1811/2000/1886 1870/2002/1888
f 1812/2732/2555 1870/2002/1888 1869/2733/2556
f 1869/2733/2556 1870/2002/1888 1858/2004/1890
f 1869/2733/2556 1858/2004/1890 1859/2734/2557
f 1859/2734/2557 1858/2004/1890 1914/2006/1892
f 1859/2734/2557 1914/2006/1892 1913/2735/2558
f 1913/2735/2558 1914/2006/1892 1906/2008/1894
f 1913/2735/2558 1906/2008/1894 1907/2736/2559
f 1907/2736/2559 1906/2008/1894 1953/2010/1896
f 1907/2736/2559 1953/2010/1896 1954/2737/2560
f 1954/2737/2560 1953/2010/1896 1980/2012/1898
f 1954/2737/2560 1980/2012/1898 1979/2299/2176
f 1979/2299/2176 1980/2012/1898 1978/2014/1900
f 1593/2043/1927 950/2067/1950 1549/2044/1928
f 1549/2044/1928 950/2067/1950 1637/2738/2561
f 1549/2044/1928 1637/2738/2561 1636/2045/1929
f 1636/2045/1929 1637/2738/2561 1595/2739/2562
f 1636/2045/1929 1595/2739/2562 1596/2046/1930
f 1596/2046/1930 1595/2739/2562 1681/2740/2563
f 1596/2046/1930 1681/2740/2563 1680/2047/1931
f 1680/2047/1931 1681/2740/2563 1643/2741/2564
f 1680/2047/1931 1643/2741/2564 1644/2048/1932
f 1644/2048/1932 1643/2741/2564 1690/2742/2565
f 1644/2048/1932 1690/2742/2565 1691/2049/1933
f 1691/2049/1933 1690/2742/2565 1747/2743/2566
f 1691/2049/1933 1747/2743/2566 1746/2050/1934
f 1746/2050/1934 1747/2743/2566 1715/2744/2567
f 1746/2050/1934 1715/2744/2567 1716/2051/1935
f 1716/2051/1935 1715/2744/2567 1789/2745/2568
f 1716/2051/1935 1789/2745/2568 1788/2052/1936
f 1788/2052/1936 1789/2745/2568 1761/2746/2569
f 1788/2052/1936 1761/2746/2569 1762/2053/1937
f 1762/2053/1937 1761/2746/2569 1831/2747/2570
f 1762/2053/1937 1831/2747/2570 1830/2054/1938
f 1830/2054/1938 1831/2747/2570 1807/2748/2571
f 1830/2054/1938 1807/2748/2571 1808/2055/1939
f 1808/2055/1939 1807/2748/2571 1874/2749/2572
f 1808/2055/1939 1874/2749/2572 1873/2056/1940
f 1873/2056/1940 1874/2749/2572 1854/2750/2573
f 1873/2056/1940 1854/2750/2573 1855/2057/1941
f 1855/2057/1941 1854/2750/2573 1918/2751/2574
f 1855/2057/1941 1918/2751/2574 1917/2058/1942
f 1917/2058/1942 1918/2751/2574 1902/2752/2575
f 1917/2058/1942 1902/2752/2575 1903/2059/1943
f 1903/2059/1943 1902/2752/2575 1949/2753/2576
f 1903/2059/1943 1949/2753/2576 1950/2060/1944
f 1950/2060/1944 1949/2753/2576 1984/2754/2577
f 1950/2060/1944 1984/2754/2577 1983/2061/1945
f 1983/2061/1945 1984/2754/2577 1974/2755/2578
f 1983/2061/1945 1974/2755/2578 1975/2062/1946
f 1975/2062/1946 1974/2755/2578 2026/2756/2579
f 1975/2062/1946 2026/2756/2579 2025/2063/1947
f 2025/2063/1947 2026/2756/2579 2020/2757/2580
f 2025/2063/1947 2020/2757/2580 2021/2064/1948
f 2021/2064/1948 2020/2757/2580 2068/2758/2581
f 2021/2064/1948 2068/2758/2581 2067/2065/1949
f 2067/2065/1949 2068/2758/2581 2066/2296/2175
f 1638/2069/1952 1594/2071/1954 1637/2738/2561
f 1637/2738/2561 1594/2071/1954 1595/2739/2562
f 1681/2740/2563 1595/2739/2562 1682/2073/1956
f 1682/2073/1956 1595/2739/2562 1594/2071/1954
f 950/2067/1950 1638/2069/1952 1637/2738/2561
f 1684/2116/1998 1639/2137/2019 1640/2117/1999
f 1640/2117/1999 1639/2137/2019 1686/2759/2582
f 1640/2117/1999 1686/2759/2582 1687/2118/2000
f 1687/2118/2000 1686/2759/2582 1751/2760/2583
f 1687/2118/2000 1751/2760/2583 1750/2119/2001
f 1750/2119/2001 1751/2760/2583 1711/2761/2584
f 1750/2119/2001 1711/2761/2584 1712/2120/2002
f 1712/2120/2002 1711/2761/2584 1793/2762/2585
f 1712/2120/2002 1793/2762/2585 1792/2121/2003
f 1792/2121/2003 1793/2762/2585 1757/2763/2586
f 1792/2121/2003 1757/2763/2586 1758/2122/2004
f 1758/2122/2004 1757/2763/2586 1835/2764/2587
f 1758/2122/2004 1835/2764/2587 1834/2123/2005
f 1834/2123/2005 1835/2764/2587 1803/2765/2588
f 1834/2123/2005 1803/2765/2588 1804/2124/2006
f 1804/2124/2006 1803/2765/2588 1878/2766/2589
f 1804/2124/2006 1878/2766/2589 1877/2125/2007
f 1877/2125/2007 1878/2766/2589 1850/2767/2590
f 1877/2125/2007 1850/2767/2590 1851/2126/2008
f 1851/2126/2008 1850/2767/2590 1922/2768/2591
f 1851/2126/2008 1922/2768/2591 1921/2127/2009
f 1921/2127/2009 1922/2768/2591 1898/2769/2592
f 1921/2127/2009 1898/2769/2592 1899/2128/2010
f 1899/2128/2010 1898/2769/2592 1945/2770/2593
f 1899/2128/2010 1945/2770/2593 1946/2129/2011
f 1946/2129/2011 1945/2770/2593 1988/2771/2594
f 1946/2129/2011 1988/2771/2594 1987/2130/2012
f 1987/2130/2012 1988/2771/2594 1970/2772/2595
f 1987/2130/2012 1970/2772/2595 1971/2131/2013
f 1971/2131/2013 1970/2772/2595 2030/2773/2596
f 1971/2131/2013 2030/2773/2596 2029/2132/2014
f 2029/2132/2014 2030/2773/2596 2016/2774/2597
f 2029/2132/2014 2016/2774/2597 2017/2133/2015
f 2017/2133/2015 2016/2774/2597 2072/2775/2598
f 2017/2133/2015 2072/2775/2598 2071/2134/2016
f 2071/2134/2016 2072/2775/2598 2062/2776/2599
f 2071/2134/2016 2062/2776/2599 2063/2135/2017
f 2063/2135/2017 2062/2776/2599 2116/2777/2600
f 2063/2135/2017 2116/2777/2600 2115/2136/2018
f 2115/2136/2018 2116/2777/2600 2110/1545/1442
f 2115/2136/2018 2110/1545/1442 2111/1547/1444
f 1681/2740/2563 1682/2073/1956 1642/2075/1958
f 1681/2740/2563 1642/2075/1958 1643/2741/2564
f 1643/2741/2564 1642/2075/1958 1689/2077/1960
f 1643/2741/2564 1689/2077/1960 1690/2742/2565
f 1690/2742/2565 1689/2077/1960 1748/2079/1962
f 1690/2742/2565 1748/2079/1962 1747/2743/2566
f 1747/2743/2566 1748/2079/1962 1714/2081/1964
f 1747/2743/2566 1714/2081/1964 1715/2744/2567
f 1715/2744/2567 1714/2081/1964 1790/2083/1966
f 1715/2744/2567 1790/2083/1966 1789/2745/2568
f 1789/2745/2568 1790/2083/1966 1760/2085/1968
f 1789/2745/2568 1760/2085/1968 1761/2746/2569
f 1761/2746/2569 1760/2085/1968 1832/2087/1970
f 1761/2746/2569 1832/2087/1970 1831/2747/2570
f 1831/2747/2570 1832/2087/1970 1806/2089/1972
f 1831/2747/2570 1806/2089/1972 1807/2748/2571
f 1807/2748/2571 1806/2089/1972 1875/2091/1974
f 1807/2748/2571 1875/2091/1974 1874/2749/2572
f 1874/2749/2572 1875/2091/1974 1853/2093/1976
f 1874/2749/2572 1853/2093/1976 1854/2750/2573
f 1854/2750/2573 1853/2093/1976 1919/2095/1978
f 1854/2750/2573 1919/2095/1978 1918/2751/2574
f 1918/2751/2574 1919/2095/1978 1901/2097/1980
f 1918/2751/2574 1901/2097/1980 1902/2752/2575
f 1902/2752/2575 1901/2097/1980 1948/2099/1982
f 1902/2752/2575 1948/2099/1982 1949/2753/2576
f 1949/2753/2576 1948/2099/1982 1985/2101/1984
f 1949/2753/2576 1985/2101/1984 1984/2754/2577
f 1984/2754/2577 1985/2101/1984 1973/2103/1986
f 1984/2754/2577 1973/2103/1986 1974/2755/2578
f 1974/2755/2578 1973/2103/1986 2027/2105/1988
f 1974/2755/2578 2027/2105/1988 2026/2756/2579
f 2026/2756/2579 2027/2105/1988 2019/2107/1990
f 2026/2756/2579 2019/2107/1990 2020/2757/2580
f 2020/2757/2580 2019/2107/1990 2069/2109/1992
f 2020/2757/2580 2069/2109/1992 2068/2758/2581
f 2068/2758/2581 2069/2109/1992 2065/2111/1994
f 2068/2758/2581 2065/2111/1994 2066/2296/2175
f 2066/2296/2175 2065/2111/1994 2113/2113/1996
f 1639/2137/2019 1685/2139/2021 1686/2759/2582
f 1686/2759/2582 1685/2139/2021 1752/2141/2023
f 1686/2759/2582 1752/2141/2023 1751/2760/2583
f 1751/2760/2583 1752/2141/2023 1710/2143/2025
f 1751/2760/2583 1710/2143/2025 1711/2761/2584
f 1711/2761/2584 1710/2143/2025 1794/2145/2027
f 1711/2761/2584 1794/2145/2027 1793/2762/2585
f 1793/2762/2585 1794/2145/2027 1756/2147/2029
f 1793/2762/2585 1756/2147/2029 1757/2763/2586
f 1757/2763/2586 1756/2147/2029 1836/2149/2031
f 1757/2763/2586 1836/2149/2031 1835/2764/2587
f 1835/2764/2587 1836/2149/2031 1802/2151/2033
f 1835/2764/2587 1802/2151/2033 1803/2765/2588
f 1803/2765/2588 1802/2151/2033 1879/2153/2035
f 1803/2765/2588 1879/2153/2035 1878/2766/2589
f 1878/2766/2589 1879/2153/2035 1849/2155/2037
f 1878/2766/2589 1849/2155/2037 1850/2767/2590
f 1850/2767/2590 1849/2155/2037 1923/2157/2039
f 1850/2767/2590 1923/2157/2039 1922/2768/2591
f 1922/2768/2591 1923/2157/2039 1897/2159/2041
f 1922/2768/2591 1897/2159/2041 1898/2769/2592
f 1898/2769/2592 1897/2159/2041 1944/2161/2043
f 1898/2769/2592 1944/2161/2043 1945/2770/2593
f 1945/2770/2593 1944/2161/2043 1989/2163/2045
f 1945/2770/2593 1989/2163/2045 1988/2771/2594
f 1988/2771/2594 1989/2163/2045 1969/2165/2047
f 1988/2771/2594 1969/2165/2047 1970/2772/2595
f 1970/2772/2595 1969/2165/2047 2031/2167/2049
f 1970/2772/2595 2031/2167/2049 2030/2773/2596
f 2030/2773/2596 2031/2167/2049 2015/2169/2051
f 2030/2773/2596 2015/2169/2051 2016/2774/2597
f 2016/2774/2597 2015/2169/2051 2073/2171/2053
f 2016/2774/2597 2073/2171/2053 2072/2775/2598
f 2072/2775/2598 2073/2171/2053 2061/2173/2055
f 2072/2775/2598 2061/2173/2055 2062/2776/2599
f 2062/2776/2599 2061/2173/2055 2117/2175/2057
f 2062/2776/2599 2117/2175/2057 2116/2777/2600
f 2116/2777/2600 2117/2175/2057 2109/1543/1440
f 2116/2777/2600 2109/1543/1440 2110/1545/1442
f 946/2196/2078 1753/2778/2601 947/2194/2076
f 947/2194/2076 1753/2778/2601 1796/2178/2060
f 947/2194/2076 1796/2178/2060 1708/2177/2059
f 1796/2178/2060 1753/2778/2601 1754/2179/2061
f 1754/2179/2061 1753/2778/2601 1839/2779/2602
f 1754/2179/2061 1839/2779/2602 1838/2180/2062
f 1838/2180/2062 1839/2779/2602 1799/2780/2603
f 1838/2180/2062 1799/2780/2603 1800/2181/2063
f 1800/2181/2063 1799/2780/2603 1882/2781/2604
f 1800/2181/2063 1882/2781/2604 1881/2182/2064
f 1881/2182/2064 1882/2781/2604 1846/2782/2605
f 1881/2182/2064 1846/2782/2605 1847/2183/2065
f 1847/2183/2065 1846/2782/2605 1926/2783/2606
f 1847/2183/2065 1926/2783/2606 1925/2184/2066
f 1925/2184/2066 1926/2783/2606 1894/2784/2607
f 1925/2184/2066 1894/2784/2607 1895/2185/2067
f 1895/2185/2067 1894/2784/2607 1941/2785/2608
f 1895/2185/2067 1941/2785/2608 1942/2186/2068
f 1942/2186/2068 1941/2785/2608 1992/2786/2609
f 1942/2186/2068 1992/2786/2609 1991/2187/2069
f 1991/2187/2069 1992/2786/2609 1966/2787/2610
f 1991/2187/2069 1966/2787/2610 1967/2188/2070
f 1967/2188/2070 1966/2787/2610 2034/2788/2611
f 1967/2188/2070 2034/2788/2611 2033/2189/2071
f 2033/2189/2071 2034/2788/2611 2012/2789/2612
f 2033/2189/2071 2012/2789/2612 2013/2190/2072
f 2013/2190/2072 2012/2789/2612 2076/2790/2613
f 2013/2190/2072 2076/2790/2613 2075/2191/2073
f 2075/2191/2073 2076/2790/2613 2058/2791/2614
f 2075/2191/2073 2058/2791/2614 2059/2192/2074
f 2059/2192/2074 2058/2791/2614 2120/2792/2615
f 2059/2192/2074 2120/2792/2615 2119/2193/2075
f 2119/2193/2075 2120/2792/2615 2106/1537/1434
f 2119/2193/2075 2106/1537/1434 2107/1539/1436
f 1753/2778/2601 946/2196/2078 1840/2793/2616
f 1840/2793/2616 946/2196/2078 1841/2198/2080
f 1840/2793/2616 1841/2198/2080 1797/2200/2082
f 1797/2200/2082 1798/2794/2617 1840/2793/2616
f 1840/2793/2616 1798/2794/2617 1839/2779/2602
f 1840/2793/2616 1839/2779/2602 1753/2778/2601
f 1839/2779/2602 1798/2794/2617 1799/2780/2603
f 1799/2780/2603 1798/2794/2617 1883/2795/2618
f 1799/2780/2603 1883/2795/2618 1882/2781/2604
f 1882/2781/2604 1883/2795/2618 1845/2796/2619
f 1882/2781/2604 1845/2796/2619 1846/2782/2605
f 1846/2782/2605 1845/2796/2619 1927/2797/2620
f 1846/2782/2605 1927/2797/2620 1926/2783/2606
f 1926/2783/2606 1927/2797/2620 1893/2798/2621
f 1926/2783/2606 1893/2798/2621 1894/2784/2607
f 1894/2784/2607 1893/2798/2621 1940/2799/2622
f 1894/2784/2607 1940/2799/2622 1941/2785/2608
f 1941/2785/2608 1940/2799/2622 1993/2800/2623
f 1941/2785/2608 1993/2800/2623 1992/2786/2609
f 1992/2786/2609 1993/2800/2623 1965/2801/2624
f 1992/2786/2609 1965/2801/2624 1966/2787/2610
f 1966/2787/2610 1965/2801/2624 2035/2802/2625
f 1966/2787/2610 2035/2802/2625 2034/2788/2611
f 2034/2788/2611 2035/2802/2625 2011/2803/2626
f 2034/2788/2611 2011/2803/2626 2012/2789/2612
f 2012/2789/2612 2011/2803/2626 2077/2804/2627
f 2012/2789/2612 2077/2804/2627 2076/2790/2613
f 2076/2790/2613 2077/2804/2627 2057/2805/2628
f 2076/2790/2613 2057/2805/2628 2058/2791/2614
f 2058/2791/2614 2057/2805/2628 2121/2806/2629
f 2058/2791/2614 2121/2806/2629 2120/2792/2615
f 2120/2792/2615 2121/2806/2629 2105/1535/1432
f 2120/2792/2615 2105/1535/1432 2106/1537/1434
f 1883/2795/2618 1798/2794/2617 1884/2202/2084
f 1884/2202/2084 1798/2794/2617 1797/2200/2082
f 1886/2226/2108 944/2238/2120 1842/2227/2109
f 1842/2227/2109 944/2238/2120 1931/2807/2630
f 1842/2227/2109 1931/2807/2630 1930/2228/2110
f 1930/2228/2110 1931/2807/2630 1889/2808/2631
f 1930/2228/2110 1889/2808/2631 1890/2229/2111
f 1890/2229/2111 1889/2808/2631 1936/2809/2632
f 1890/2229/2111 1936/2809/2632 1937/2230/2112
f 1937/2230/2112 1936/2809/2632 1997/2810/2633
f 1937/2230/2112 1997/2810/2633 1996/2231/2113
f 1996/2231/2113 1997/2810/2633 1961/2811/2634
f 1996/2231/2113 1961/2811/2634 1962/2232/2114
f 1962/2232/2114 1961/2811/2634 2039/2812/2635
f 1962/2232/2114 2039/2812/2635 2038/2233/2115
f 2038/2233/2115 2039/2812/2635 2007/2813/2636
f 2038/2233/2115 2007/2813/2636 2008/2234/2116
f 2008/2234/2116 2007/2813/2636 2081/2814/2637
f 2008/2234/2116 2081/2814/2637 2080/2235/2117
f 2080/2235/2117 2081/2814/2637 2053/2815/2638
f 2080/2235/2117 2053/2815/2638 2054/2236/2118
f 2054/2236/2118 2053/2815/2638 2125/2816/2639
f 2054/2236/2118 2125/2816/2639 2124/2237/2119
f 2124/2237/2119 2125/2816/2639 2101/1527/1424
f 2124/2237/2119 2101/1527/1424 2102/1529/1426
f 1883/2795/2618 1884/2202/2084 1844/2204/2086
f 1883/2795/2618 1844/2204/2086 1845/2796/2619
f 1845/2796/2619 1844/2204/2086 1928/2206/2088
f 1845/2796/2619 1928/2206/2088 1927/2797/2620
f 1927/2797/2620 1928/2206/2088 1892/2208/2090
f 1927/2797/2620 1892/2208/2090 1893/2798/2621
f 1893/2798/2621 1892/2208/2090 1939/2210/2092
f 1893/2798/2621 1939/2210/2092 1940/2799/2622
f 1940/2799/2622 1939/2210/2092 1994/2212/2094
f 1940/2799/2622 1994/2212/2094 1993/2800/2623
f 1993/2800/2623 1994/2212/2094 1964/2214/2096
f 1993/2800/2623 1964/2214/2096 1965/2801/2624
f 1965/2801/2624 1964/2214/2096 2036/2216/2098
f 1965/2801/2624 2036/2216/2098 2035/2802/2625
f 2035/2802/2625 2036/2216/2098 2010/2218/2100
f 2035/2802/2625 2010/2218/2100 2011/2803/2626
f 2011/2803/2626 2010/2218/2100 2078/2220/2102
f 2011/2803/2626 2078/2220/2102 2077/2804/2627
f 2077/2804/2627 2078/2220/2102 2056/2222/2104
f 2077/2804/2627 2056/2222/2104 2057/2805/2628
f 2057/2805/2628 2056/2222/2104 2122/2224/2106
f 2057/2805/2628 2122/2224/2106 2121/2806/2629
f 2121/2806/2629 2122/2224/2106 2104/1533/1430
f 2121/2806/2629 2104/1533/1430 2105/1535/1432
f 1932/2240/2122 1888/2242/2124 1931/2807/2630
f 1931/2807/2630 1888/2242/2124 1889/2808/2631
f 1936/2809/2632 1889/2808/2631 1935/2244/2126
f 1935/2244/2126 1889/2808/2631 1888/2242/2124
f 944/2238/2120 1932/2240/2122 1931/2807/2630
f 1997/2810/2633 1936/2809/2632 1998/2246/2128
f 1998/2246/2128 1936/2809/2632 1935/2244/2126
f 1956/2270/2152 1957/2817/2640 943/2268/2150
f 943/2268/2150 1957/2817/2640 2000/2261/2143
f 943/2268/2150 2000/2261/2143 1933/2260/2142
f 2000/2261/2143 1957/2817/2640 1958/2262/2144
f 1958/2262/2144 1957/2817/2640 2043/2818/2641
f 1958/2262/2144 2043/2818/2641 2042/2263/2145
f 2042/2263/2145 2043/2818/2641 2003/2819/2642
f 2042/2263/2145 2003/2819/2642 2004/2264/2146
f 2004/2264/2146 2003/2819/2642 2085/2820/2643
f 2004/2264/2146 2085/2820/2643 2084/2265/2147
f 2084/2265/2147 2085/2820/2643 2049/2821/2644
f 2084/2265/2147 2049/2821/2644 2050/2266/2148
f 2050/2266/2148 2049/2821/2644 2129/2822/2645
f 2050/2266/2148 2129/2822/2645 2128/2267/2149
f 2128/2267/2149 2129/2822/2645 2097/1519/1416
f 2128/2267/2149 2097/1519/1416 2098/1521/1418
f 2043/2818/2641 1957/2817/2640 2044/2272/2154
f 2044/2272/2154 1957/2817/2640 1956/2270/2152
f 1997/2810/2633 1998/2246/2128 1960/2248/2130
f 1997/2810/2633 1960/2248/2130 1961/2811/2634
f 1961/2811/2634 1960/2248/2130 2040/2250/2132
f 1961/2811/2634 2040/2250/2132 2039/2812/2635
f 2039/2812/2635 2040/2250/2132 2006/2252/2134
f 2039/2812/2635 2006/2252/2134 2007/2813/2636
f 2007/2813/2636 2006/2252/2134 2082/2254/2136
f 2007/2813/2636 2082/2254/2136 2081/2814/2637
f 2081/2814/2637 2082/2254/2136 2052/2256/2138
f 2081/2814/2637 2052/2256/2138 2053/2815/2638
f 2053/2815/2638 2052/2256/2138 2126/2258/2140
f 2053/2815/2638 2126/2258/2140 2125/2816/2639
f 2125/2816/2639 2126/2258/2140 2100/1525/1422
f 2125/2816/2639 2100/1525/1422 2101/1527/1424
f 2043/2818/2641 2044/2272/2154 2002/2274/2156
f 2043/2818/2641 2002/2274/2156 2003/2819/2642
f 2003/2819/2642 2002/2274/2156 2086/2276/2158
f 2003/2819/2642 2086/2276/2158 2085/2820/2643
f 2085/2820/2643 2086/2276/2158 2048/2278/2160
f 2085/2820/2643 2048/2278/2160 2049/2821/2644
f 2049/2821/2644 2048/2278/2160 2130/2280/2162
f 2049/2821/2644 2130/2280/2162 2129/2822/2645
f 2129/2822/2645 2130/2280/2162 2096/1517/1414
f 2129/2822/2645 2096/1517/1414 2097/1519/1416
f 2089/2287/2169 940/2290/2172 2045/2288/2170
f 2045/2288/2170 940/2290/2172 2134/2823/2646
f 2045/2288/2170 2134/2823/2646 2133/2289/2171
f 2133/2289/2171 2134/2823/2646 2092/1509/1406
f 2133/2289/2171 2092/1509/1406 2093/1511/1408
f 2135/2292/2174 2091/1507/1404 2134/2823/2646
f 2134/2823/2646 2091/1507/1404 2092/1509/1406
f 940/2290/2172 2135/2292/2174 2134/2823/2646
f 915/2824/2647 2166/2825/2648 887/2826/2649
f 887/2826/2649 2166/2825/2648 2165/2827/2650
f 887/2828/2649 2165/2829/2650 888/2830/2651
f 888/2830/2651 2165/2829/2650 2193/2831/2652
f 888/2830/2651 2193/2831/2652 889/2832/2653
f 889/2832/2653 2193/2831/2652 2192/2833/2654
f 889/2832/2653 2192/2833/2654 890/2834/2655
f 890/2834/2655 2192/2833/2654 2191/2835/2656
f 890/2834/2655 2191/2835/2656 891/2836/2657
f 891/2836/2657 2191/2835/2656 2190/2837/2658
f 891/2836/2657 2190/2837/2658 892/2838/2659
f 892/2838/2659 2190/2837/2658 2189/2839/2660
f 892/2838/2659 2189/2839/2660 893/2840/2661
f 893/2840/2661 2189/2839/2660 2188/2841/2662
f 893/2840/2661 2188/2841/2662 894/2842/2663
f 894/2842/2663 2188/2841/2662 2187/2843/2664
f 894/2842/2663 2187/2843/2664 895/2844/2665
f 895/2844/2665 2187/2843/2664 2186/2845/2666
f 895/2844/2665 2186/2845/2666 896/2846/2667
f 896/2846/2667 2186/2845/2666 2185/2847/2668
f 896/2846/2667 2185/2847/2668 897/2848/2669
f 897/2848/2669 2185/2847/2668 2184/2849/2670
f 897/2848/2669 2184/2849/2670 898/2850/2671
f 898/2850/2671 2184/2849/2670 2183/2851/2672
f 898/2850/2671 2183/2851/2672 899/2852/2673
f 899/2852/2673 2183/2851/2672 2182/2853/2674
f 899/2852/2673 2182/2853/2674 900/2854/2675
f 900/2854/2675 2182/2853/2674 2181/2855/2676
f 900/2854/2675 2181/2855/2676 901/2856/2677
f 901/2856/2677 2181/2855/2676 2180/2857/2678
f 901/2856/2677 2180/2857/2678 902/2858/2679
f 902/2858/2679 2180/2857/2678 2179/2859/2680
f 902/2858/2679 2179/2859/2680 903/2860/2681
f 903/2860/2681 2179/2859/2680 2178/2861/2682
f 903/2860/2681 2178/2861/2682 904/2862/2683
f 904/2862/2683 2178/2861/2682 2177/2863/2684
f 904/2862/2683 2177/2863/2684 905/2864/2685
f 905/2864/2685 2177/2863/2684 2176/2865/2686
f 905/2864/2685 2176/2865/2686 906/2866/2687
f 906/2866/2687 2176/2865/2686 2175/2867/2688
f 906/2866/2687 2175/2867/2688 907/2868/2689
f 907/2868/2689 2175/2867/2688 2174/2869/2690
f 907/2868/2689 2174/2869/2690 908/2870/2691
f 908/2870/2691 2174/2869/2690 2173/2871/2692
f 908/2870/2691 2173/2871/2692 909/2872/2693
f 909/2872/2693 2173/2871/2692 2172/2873/2694
f 909/2872/2693 2172/2873/2694 910/2874/2695
f 910/2874/2695 2172/2873/2694 2171/2875/2696
f 910/2874/2695 2171/2875/2696 911/2876/2697
f 911/2876/2697 2171/2875/2696 2170/2877/2698
f 911/2876/2697 2170/2877/2698 912/2878/2699
f 912/2878/2699 2170/2877/2698 2169/2879/2700
f 912/2878/2699 2169/2879/2700 913/2880/2701
f 913/2880/2701 2169/2879/2700 2168/2881/2702
f 913/2880/2701 2168/2881/2702 914/2882/2703
f 914/2882/2703 2168/2881/2702 2167/2883/2704
f 914/2882/2703 2167/2883/2704 915/2824/2647
f 915/2824/2647 2167/2883/2704 2166/2825/2648
f 2137/2884/2705 2193/2831/2652 2136/2885/2706
f 2136/2885/2706 2193/2831/2652 2165/2829/2650
f 2136/2886/2706 2165/2827/2650 2164/2887/2707
f 2164/2887/2707 2165/2827/2650 2166/2825/2648
f 2164/2887/2707 2166/2825/2648 2163/2888/2708
f 2163/2888/2708 2166/2825/2648 2167/2883/2704
f 2163/2888/2708 2167/2883/2704 2162/2889/2709
f 2162/2889/2709 2167/2883/2704 2168/2881/2702
f 2162/2889/2709 2168/2881/2702 2161/2890/2710
f 2161/2890/2710 2168/2881/2702 2169/2879/2700
f 2161/2890/2710 2169/2879/2700 2160/2891/2711
f 2160/2891/2711 2169/2879/2700 2170/2877/2698
f 2160/2891/2711 2170/2877/2698 2159/2892/2712
f 2159/2892/2712 2170/2877/2698 2171/2875/2696
f 2159/2892/2712 2171/2875/2696 2158/2893/2713
f 2158/2893/2713 2171/2875/2696 2172/2873/2694
f 2158/2893/2713 2172/2873/2694 2157/2894/2714
f 2157/2894/2714 2172/2873/2694 2173/2871/2692
f 2157/2894/2714 2173/2871/2692 2156/2895/2715
f 2156/2895/2715 2173/2871/2692 2174/2869/2690
f 2156/2895/2715 2174/2869/2690 2155/2896/2716
f 2155/2896/2716 2174/2869/2690 2175/2867/2688
f 2155/2896/2716 2175/2867/2688 2154/2897/2717
f 2154/2897/2717 2175/2867/2688 2176/2865/2686
f 2154/2897/2717 2176/2865/2686 2153/2898/2718
f 2153/2898/2718 2176/2865/2686 2177/2863/2684
f 2153/2898/2718 2177/2863/2684 2152/2899/2719
f 2152/2899/2719 2177/2863/2684 2178/2861/2682
f 2152/2899/2719 2178/2861/2682 2151/2900/2720
f 2151/2900/2720 2178/2861/2682 2179/2859/2680
f 2151/2900/2720 2179/2859/2680 2150/2901/2721
f 2150/2901/2721 2179/2859/2680 2180/2857/2678
f 2150/2901/2721 2180/2857/2678 2149/2902/2722
f 2149/2902/2722 2180/2857/2678 2181/2855/2676
f 2149/2902/2722 2181/2855/2676 2148/2903/2723
f 2148/2903/2723 2181/2855/2676 2182/2853/2674
f 2148/2903/2723 2182/2853/2674 2147/2904/2724
f 2147/2904/2724 2182/2853/2674 2183/2851/2672
f 2147/2904/2724 2183/2851/2672 2146/2905/2725
f 2146/2905/2725 2183/2851/2672 2184/2849/2670
f 2146/2905/2725 2184/2849/2670 2145/2906/2726
f 2145/2906/2726 2184/2849/2670 2185/2847/2668
f 2145/2906/2726 2185/2847/2668 2144/2907/2727
f 2144/2907/2727 2185/2847/2668 2186/2845/2666
f 2144/2907/2727 2186/2845/2666 2143/2908/2728
f 2143/2908/2728 2186/2845/2666 2187/2843/2664
f 2143/2908/2728 2187/2843/2664 2142/2909/2729
f 2142/2909/2729 2187/2843/2664 2188/2841/2662
f 2142/2909/2729 2188/2841/2662 2141/2910/2730
f 2141/2910/2730 2188/2841/2662 2189/2839/2660
f 2141/2910/2730 2189/2839/2660 2140/2911/2731
f 2140/2911/2731 2189/2839/2660 2190/2837/2658
f 2140/2911/2731 2190/2837/2658 2139/2912/2732
f 2139/2912/2732 2190/2837/2658 2191/2835/2656
f 2139/2912/2732 2191/2835/2656 2138/2913/2733
f 2138/2913/2733 2191/2835/2656 2192/2833/2654
f 2138/2913/2733 2192/2833/2654 2137/2884/2705
f 2137/2884/2705 2192/2833/2654 2193/2831/2652
f 2137/2914/2734 2136/2915/2735 2155/2916/2736
f 2155/2916/2736 2136/2915/2735 2164/2917/2737
f 2155/2916/2736 2164/2917/2737 2163/2918/2738
f 2163/2918/2738 2162/2919/2739 2155/2916/2736
f 2155/2916/2736 2162/2919/2739 2161/2920/2740
f 2155/2916/2736 2161/2920/2740 2160/2921/2741
f 2155/2916/2736 2160/2921/2741 2156/2922/2742
f 2156/2922/2742 2160/2921/2741 2159/2923/2743
f 2156/2922/2742 2159/2923/2743 2157/2924/2744
f 2157/2924/2744 2159/2923/2743 2158/2925/2745
f 2154/2926/2746 2146/2927/2747 2155/2916/2736
f 2155/2916/2736 2146/2927/2747 2145/2928/2748
f 2155/2916/2736 2145/2928/2748 2144/2929/2749
f 2146/2927/2747 2154/2926/2746 2147/2930/2750
f 2147/2930/2750 2154/2926/2746 2153/2931/2751
f 2147/2930/2750 2153/2931/2751 2148/2932/2752
f 2148/2932/2752 2153/2931/2751 2152/2933/2753
f 2148/2932/2752 2152/2933/2753 2149/2934/2754
f 2149/2934/2754 2152/2933/2753 2151/2935/2755
f 2149/2934/2754 2151/2935/2755 2150/2936/2756
f 2144/2929/2749 2143/2937/2757 2155/2916/2736
f 2155/2916/2736 2143/2937/2757 2142/2938/2758
f 2155/2916/2736 2142/2938/2758 2141/2939/2759
f 2141/2939/2759 2140/2940/2760 2155/2916/2736
f 2155/2916/2736 2140/2940/2760 2139/2941/2761
f 2155/2916/2736 2139/2941/2761 2138/2942/2762
f 2138/2942/2762 2137/2914/2734 2155/2916/2736
# 2193 vertices
# 2942 texture params
# 2762 normals
# 4386 facets

# 3 groups
