# Blender 4.0.1
# www.blender.org
mtllib bicep.mtl
o arm_assembly_v7
v -1.600000 1.765000 -0.139788
v -1.600000 1.730859 -0.136426
v -1.600000 1.698030 -0.126467
v -1.600000 1.667775 -0.110295
v -1.600000 1.641256 -0.088532
v -1.600000 1.619493 -0.062013
v -1.600000 1.603321 -0.031758
v -1.600000 1.593363 0.001071
v -1.600000 1.590000 0.035212
v -1.600000 1.593363 0.069353
v -1.600000 1.603321 0.102182
v -1.600000 1.619493 0.132437
v -1.600000 1.641256 0.158956
v -1.600000 1.667775 0.180719
v -1.600000 1.698030 0.196891
v -1.600000 1.730859 0.206849
v -1.600000 1.765000 0.210212
v -1.600000 1.799141 0.206849
v -1.600000 1.831970 0.196891
v -1.600000 1.862225 0.180719
v -1.600000 1.888744 0.158956
v -1.600000 1.910507 0.132437
v -1.600000 1.926679 0.102182
v -1.600000 1.936637 0.069353
v -1.600000 1.940000 0.035212
v -1.600000 1.936637 0.001071
v -1.600000 1.926679 -0.031758
v -1.600000 1.910507 -0.062013
v -1.600000 1.888744 -0.088532
v -1.600000 1.862225 -0.110295
v -1.600000 1.831970 -0.126467
v -1.600000 1.799141 -0.136426
v -1.551450 1.765000 -0.091238
v -1.551450 1.794161 -0.087830
v -1.551450 1.821751 -0.077788
v -1.551450 1.846280 -0.061654
v -1.551450 1.866429 -0.040299
v -1.551450 1.881109 -0.014872
v -1.551450 1.889529 0.013254
v -1.551450 1.891236 0.042564
v -1.551450 1.886138 0.071478
v -1.551450 1.874509 0.098437
v -1.551450 1.856976 0.121987
v -1.551450 1.834485 0.140859
v -1.551450 1.808248 0.154036
v -1.551450 1.779680 0.160807
v -1.551450 1.750320 0.160807
v -1.551450 1.721752 0.154036
v -1.551450 1.695515 0.140859
v -1.551450 1.673024 0.121987
v -1.551450 1.655491 0.098437
v -1.551450 1.643862 0.071478
v -1.551450 1.638764 0.042564
v -1.551450 1.640471 0.013254
v -1.551450 1.648892 -0.014872
v -1.551450 1.663572 -0.040299
v -1.551450 1.683720 -0.061654
v -1.551450 1.708249 -0.077788
v -1.551450 1.735839 -0.087830
v -0.200000 1.765000 -0.091238
v -0.200000 1.794161 -0.087830
v -0.200000 1.821751 -0.077788
v -0.200000 1.846280 -0.061654
v -0.200000 1.866429 -0.040299
v -0.200000 1.881109 -0.014872
v -0.200000 1.889529 0.013254
v -0.200000 1.891236 0.042564
v -0.200000 1.886138 0.071478
v -0.200000 1.874509 0.098437
v -0.200000 1.856976 0.121987
v -0.200000 1.834485 0.140859
v -0.200000 1.808248 0.154036
v -0.200000 1.779680 0.160807
v -0.200000 1.750320 0.160807
v -0.200000 1.721752 0.154036
v -0.200000 1.695515 0.140859
v -0.200000 1.673024 0.121987
v -0.200000 1.655491 0.098437
v -0.200000 1.643862 0.071478
v -0.200000 1.638764 0.042564
v -0.200000 1.640471 0.013254
v -0.200000 1.648892 -0.014872
v -0.200000 1.663572 -0.040299
v -0.200000 1.683720 -0.061654
v -0.200000 1.708249 -0.077788
v -0.200000 1.735839 -0.087830
v -1.100967 1.765000 0.161662
v -0.650483 1.765000 0.161662
v -1.100967 1.750320 -0.090383
v -0.650483 1.750320 -0.090383
v -0.650483 1.779680 -0.090383
v -1.100967 1.779680 -0.090383
v -1.100967 1.721752 -0.083612
v -0.650483 1.721752 -0.083612
v -1.100967 1.695515 -0.070436
v -0.650483 1.695515 -0.070436
v -1.100967 1.673024 -0.051563
v -0.650483 1.673024 -0.051563
v -1.100967 1.655491 -0.028013
v -0.650483 1.655491 -0.028013
v -1.100967 1.643862 -0.001054
v -0.650483 1.643862 -0.001054
v -1.100967 1.638764 0.027859
v -0.650483 1.638764 0.027859
v -1.100967 1.640471 0.057170
v -0.650483 1.640471 0.057170
v -1.100967 1.648892 0.085296
v -0.650483 1.648892 0.085296
v -1.100967 1.663572 0.110723
v -0.650483 1.663572 0.110723
v -1.100967 1.683720 0.132078
v -0.650483 1.683720 0.132078
v -1.100967 1.708249 0.148212
v -0.650483 1.708249 0.148212
v -1.100967 1.735839 0.158253
v -0.650483 1.735839 0.158253
v -1.100967 1.794161 0.158253
v -0.650483 1.794161 0.158253
v -1.100967 1.821751 0.148212
v -0.650483 1.821751 0.148212
v -1.100967 1.846280 0.132078
v -0.650483 1.846280 0.132078
v -1.100967 1.866429 0.110723
v -0.650483 1.866429 0.110723
v -1.100967 1.881109 0.085296
v -0.650483 1.881109 0.085296
v -1.100967 1.889529 0.057170
v -0.650483 1.889529 0.057170
v -1.100967 1.891236 0.027859
v -0.650483 1.891236 0.027859
v -1.100967 1.886138 -0.001054
v -0.650483 1.886138 -0.001054
v -1.100967 1.874509 -0.028013
v -0.650483 1.874509 -0.028013
v -1.100967 1.856976 -0.051563
v -0.650483 1.856976 -0.051563
v -1.100967 1.834485 -0.070436
v -0.650483 1.834485 -0.070436
v -1.100967 1.808248 -0.083612
v -0.650483 1.808248 -0.083612
v 5.161150 1.330000 0.035212
v 5.157852 1.330000 0.067651
v 5.148090 1.330000 0.098762
v 5.132266 1.330000 0.127272
v 5.111027 1.330000 0.152012
v 5.085243 1.330000 0.171971
v 5.055968 1.330000 0.186331
v 5.024403 1.330000 0.194504
v 4.991838 1.330000 0.196155
v 4.959608 1.330000 0.191218
v 4.929031 1.330000 0.179893
v 4.901359 1.330000 0.162646
v 4.877726 1.330000 0.140181
v 4.859099 1.330000 0.113418
v 4.846241 1.330000 0.083454
v 4.839677 1.330000 0.051515
v 4.839677 1.330000 0.018909
v 4.846241 1.330000 -0.013030
v 4.859099 1.330000 -0.042995
v 4.877726 1.330000 -0.069757
v 4.901359 1.330000 -0.092222
v 4.929031 1.330000 -0.109469
v 4.959608 1.330000 -0.120794
v 4.991838 1.330000 -0.125731
v 5.024403 1.330000 -0.124080
v 5.055968 1.330000 -0.115907
v 5.085243 1.330000 -0.101547
v 5.111027 1.330000 -0.081588
v 5.132266 1.330000 -0.056848
v 5.148090 1.330000 -0.028339
v 5.157852 1.330000 0.002773
v 5.126450 1.364700 0.035212
v 5.123042 1.364700 0.006051
v 5.113000 1.364700 -0.021539
v 5.096866 1.364700 -0.046069
v 5.075511 1.364700 -0.066216
v 5.050085 1.364700 -0.080897
v 5.021958 1.364700 -0.089317
v 4.992648 1.364700 -0.091024
v 4.963734 1.364700 -0.085926
v 4.936775 1.364700 -0.074297
v 4.913225 1.364700 -0.056764
v 4.894353 1.364700 -0.034274
v 4.881176 1.364700 -0.008037
v 4.874405 1.364700 0.020532
v 4.874405 1.364700 0.049892
v 4.881176 1.364700 0.078460
v 4.894353 1.364700 0.104697
v 4.913225 1.364700 0.127188
v 4.936775 1.364700 0.144721
v 4.963734 1.364700 0.156350
v 4.992648 1.364700 0.161448
v 5.021958 1.364700 0.159741
v 5.050085 1.364700 0.151320
v 5.075511 1.364700 0.136640
v 5.096866 1.364700 0.116492
v 5.113000 1.364700 0.091963
v 5.123042 1.364700 0.064373
v 4.873550 2.200000 0.035212
v 4.876958 2.200000 0.064373
v 4.887001 2.200000 0.091963
v 4.903134 2.200000 0.116492
v 4.924489 2.200000 0.136640
v 4.949916 2.200000 0.151320
v 4.978042 2.200000 0.159741
v 5.007352 2.200000 0.161448
v 5.036266 2.200000 0.156350
v 5.063225 2.200000 0.144721
v 5.086775 2.200000 0.127188
v 5.105648 2.200000 0.104697
v 5.118824 2.200000 0.078460
v 5.125595 2.200000 0.049892
v 5.125595 2.200000 0.020532
v 5.118824 2.200000 -0.008037
v 5.105648 2.200000 -0.034274
v 5.086775 2.200000 -0.056764
v 5.063225 2.200000 -0.074297
v 5.036266 2.200000 -0.085926
v 5.007352 2.200000 -0.091024
v 4.978042 2.200000 -0.089317
v 4.949916 2.200000 -0.080897
v 4.924489 2.200000 -0.066217
v 4.903134 2.200000 -0.046069
v 4.887001 2.200000 -0.021539
v 4.876958 2.200000 0.006051
v 4.873550 1.782350 0.035212
v 5.125595 1.782350 0.049892
v 5.125595 1.782350 0.020532
v 5.118824 1.782350 0.078460
v 5.105648 1.782350 0.104697
v 5.086775 1.782350 0.127188
v 5.063225 1.782350 0.144721
v 5.036266 1.782350 0.156350
v 5.007352 1.782350 0.161448
v 4.978042 1.782350 0.159741
v 4.949916 1.782350 0.151320
v 4.924489 1.782350 0.136640
v 4.903134 1.782350 0.116492
v 4.887001 1.782350 0.091963
v 4.876958 1.782350 0.064373
v 4.876958 1.782350 0.006051
v 4.887001 1.782350 -0.021539
v 4.903134 1.782350 -0.046069
v 4.924489 1.782350 -0.066217
v 4.949916 1.782350 -0.080897
v 4.978042 1.782350 -0.089317
v 5.007352 1.782350 -0.091024
v 5.036266 1.782350 -0.085926
v 5.063225 1.782350 -0.074297
v 5.086775 1.782350 -0.056764
v 5.105648 1.782350 -0.034274
v 5.118824 1.782350 -0.008037
v -0.200000 2.200000 0.193405
v -0.200000 2.200000 -0.122981
v -0.171333 2.200000 -0.153653
v -0.138022 2.200000 -0.179206
v -0.100970 2.200000 -0.198946
v -0.061180 2.200000 -0.212340
v -0.019733 2.200000 -0.219023
v 0.022250 2.200000 -0.218816
v 0.063629 2.200000 -0.211722
v 0.103284 2.200000 -0.197935
v 0.140139 2.200000 -0.177828
v 0.173195 2.200000 -0.151947
v 0.201557 2.200000 -0.120992
v 0.224455 2.200000 -0.085804
v 0.241270 2.200000 -0.047335
v 0.251544 2.200000 -0.006629
v 0.255000 2.200000 0.035212
v 0.251544 2.200000 0.077052
v 0.241270 2.200000 0.117759
v 0.224455 2.200000 0.156228
v 0.201557 2.200000 0.191416
v 0.173195 2.200000 0.222371
v 0.140139 2.200000 0.248252
v 0.103284 2.200000 0.268359
v 0.063629 2.200000 0.282146
v 0.022250 2.200000 0.289239
v -0.019733 2.200000 0.289447
v -0.061180 2.200000 0.282764
v -0.100970 2.200000 0.269370
v -0.138022 2.200000 0.249630
v -0.171333 2.200000 0.224077
v -1.600000 2.200000 -0.564788
v -1.600000 2.200000 0.635212
v 0.000000 2.200000 0.635212
v 5.000000 2.200000 0.535212
v 5.058046 2.200000 0.531831
v 5.115308 2.200000 0.521734
v 5.171010 2.200000 0.505058
v 5.224400 2.200000 0.482028
v 5.274755 2.200000 0.452956
v 5.321394 2.200000 0.418234
v 5.363687 2.200000 0.378333
v 5.401062 2.200000 0.333791
v 5.433013 2.200000 0.285212
v 5.459108 2.200000 0.233252
v 5.478995 2.200000 0.178614
v 5.492404 2.200000 0.122036
v 5.499155 2.200000 0.064284
v 5.499155 2.200000 0.006139
v 5.492404 2.200000 -0.051612
v 5.478995 2.200000 -0.108190
v 5.459108 2.200000 -0.162828
v 5.433013 2.200000 -0.214788
v 5.401062 2.200000 -0.263367
v 5.363687 2.200000 -0.307909
v 5.321394 2.200000 -0.347810
v 5.274755 2.200000 -0.382532
v 5.224400 2.200000 -0.411604
v 5.171010 2.200000 -0.434634
v 5.115308 2.200000 -0.451311
v 5.058046 2.200000 -0.461407
v 5.000000 2.200000 -0.464788
v 0.000000 2.200000 -0.564788
v -0.200000 1.380000 -0.122981
v -0.171333 1.380000 -0.153653
v -0.138022 1.380000 -0.179206
v -0.100970 1.380000 -0.198946
v -0.061180 1.380000 -0.212340
v -0.019733 1.380000 -0.219023
v 0.022250 1.380000 -0.218815
v 0.063629 1.380000 -0.211722
v 0.103284 1.380000 -0.197935
v 0.140139 1.380000 -0.177828
v 0.173195 1.380000 -0.151947
v 0.201557 1.380000 -0.120992
v 0.224455 1.380000 -0.085804
v 0.241270 1.380000 -0.047335
v 0.251544 1.380000 -0.006629
v 0.255000 1.380000 0.035212
v 0.251544 1.380000 0.077052
v 0.241270 1.380000 0.117759
v 0.224455 1.380000 0.156228
v 0.201557 1.380000 0.191416
v 0.173195 1.380000 0.222371
v 0.140139 1.380000 0.248252
v 0.103284 1.380000 0.268359
v 0.063629 1.380000 0.282146
v 0.022250 1.380000 0.289239
v -0.019733 1.380000 0.289447
v -0.061180 1.380000 0.282764
v -0.100970 1.380000 0.269370
v -0.138022 1.380000 0.249630
v -0.171333 1.380000 0.224077
v -0.200000 1.380000 0.193405
v -1.600000 1.330000 0.635212
v 0.000000 1.330000 0.635212
v 5.000000 1.330000 0.535212
v 5.058046 1.330000 0.531831
v 5.115308 1.330000 0.521734
v 5.171010 1.330000 0.505058
v 5.224400 1.330000 0.482028
v 5.274755 1.330000 0.452956
v 5.321394 1.330000 0.418234
v 5.363687 1.330000 0.378333
v 5.401062 1.330000 0.333791
v 5.433013 1.330000 0.285212
v 5.459108 1.330000 0.233252
v 5.478995 1.330000 0.178614
v 5.492404 1.330000 0.122036
v 5.499155 1.330000 0.064284
v 5.499155 1.330000 0.006139
v 5.492404 1.330000 -0.051612
v 5.478995 1.330000 -0.108190
v 5.459108 1.330000 -0.162828
v 5.433013 1.330000 -0.214788
v 5.401062 1.330000 -0.263367
v 5.363687 1.330000 -0.307909
v 5.321394 1.330000 -0.347810
v 5.274755 1.330000 -0.382532
v 5.224400 1.330000 -0.411604
v 5.171010 1.330000 -0.434634
v 5.115308 1.330000 -0.451310
v 5.058046 1.330000 -0.461407
v 5.000000 1.330000 -0.464788
v 0.000000 1.330000 -0.564788
v -1.600000 1.330000 -0.564788
v -0.250000 1.330000 -0.139502
v -0.221311 1.330000 -0.174661
v -0.187722 1.330000 -0.205174
v -0.149979 1.330000 -0.230365
v -0.108915 1.330000 -0.249678
v -0.065440 1.330000 -0.262685
v -0.020517 1.330000 -0.269097
v 0.024860 1.330000 -0.268773
v 0.069687 1.330000 -0.261720
v 0.112972 1.330000 -0.248094
v 0.153756 1.330000 -0.228197
v 0.191136 1.330000 -0.202469
v 0.224285 1.330000 -0.171479
v 0.252469 1.330000 -0.135915
v 0.275065 1.330000 -0.096562
v 0.291572 1.330000 -0.054292
v 0.301624 1.330000 -0.010041
v 0.305000 1.330000 0.035212
v 0.301624 1.330000 0.080465
v 0.291572 1.330000 0.124716
v 0.275065 1.330000 0.166986
v 0.252469 1.330000 0.206339
v 0.224285 1.330000 0.241903
v 0.191136 1.330000 0.272893
v 0.153756 1.330000 0.298621
v 0.112972 1.330000 0.318518
v 0.069687 1.330000 0.332144
v 0.024860 1.330000 0.339197
v -0.020517 1.330000 0.339521
v -0.065440 1.330000 0.333109
v -0.108915 1.330000 0.320102
v -0.149979 1.330000 0.300789
v -0.187722 1.330000 0.275598
v -0.221311 1.330000 0.245085
v -0.250000 1.330000 0.209926
v -0.024615 1.618650 0.035212
v -0.024615 1.622072 0.003751
v -0.024615 1.632176 -0.026239
v -0.024615 1.648492 -0.053355
v -0.024615 1.670255 -0.076331
v -0.024615 1.696448 -0.094090
v -0.024615 1.725847 -0.105804
v -0.024615 1.757077 -0.110923
v -0.024615 1.788677 -0.109210
v -0.024615 1.819170 -0.100744
v -0.024615 1.847130 -0.085920
v -0.024615 1.871249 -0.065433
v -0.024615 1.890401 -0.040239
v -0.024615 1.903689 -0.011518
v -0.024615 1.910492 0.019389
v -0.024615 1.910492 0.051035
v -0.024615 1.903689 0.081942
v -0.024615 1.890401 0.110663
v -0.024615 1.871249 0.135857
v -0.024615 1.847130 0.156344
v -0.024615 1.819170 0.171168
v -0.024615 1.788677 0.179634
v -0.024615 1.757077 0.181347
v -0.024615 1.725847 0.176227
v -0.024615 1.696448 0.164514
v -0.024615 1.670255 0.146754
v -0.024615 1.648492 0.123779
v -0.024615 1.632176 0.096663
v -0.024615 1.622072 0.066673
v 0.000000 1.884328 0.035212
v 0.000000 1.880860 0.006655
v 0.000000 1.870659 -0.020242
v 0.000000 1.854318 -0.043917
v 0.000000 1.832786 -0.062993
v 0.000000 1.807314 -0.076361
v 0.000000 1.779383 -0.083246
v 0.000000 1.750617 -0.083246
v 0.000000 1.722686 -0.076361
v 0.000000 1.697214 -0.062993
v 0.000000 1.675682 -0.043917
v 0.000000 1.659341 -0.020242
v 0.000000 1.649140 0.006655
v 0.000000 1.645672 0.035212
v 0.000000 1.649140 0.063769
v 0.000000 1.659341 0.090666
v 0.000000 1.675682 0.114341
v 0.000000 1.697214 0.133417
v 0.000000 1.722686 0.146785
v 0.000000 1.750617 0.153669
v 0.000000 1.779383 0.153669
v 0.000000 1.807314 0.146785
v 0.000000 1.832786 0.133417
v 0.000000 1.854318 0.114341
v 0.000000 1.870659 0.090666
v 0.000000 1.880860 0.063769
v -1.900000 2.010000 0.035212
v -1.900000 2.006659 0.075538
v -1.900000 1.996725 0.114763
v -1.900000 1.980471 0.151819
v -1.900000 1.958339 0.185694
v -1.900000 1.930934 0.215464
v -1.900000 1.899002 0.240318
v -1.900000 1.863415 0.259576
v -1.900000 1.825144 0.272715
v -1.900000 1.785232 0.279375
v -1.900000 1.744768 0.279375
v -1.900000 1.704856 0.272715
v -1.900000 1.666585 0.259576
v -1.900000 1.630998 0.240318
v -1.900000 1.599066 0.215464
v -1.900000 1.571661 0.185694
v -1.900000 1.549529 0.151819
v -1.900000 1.533275 0.114763
v -1.900000 1.523342 0.075538
v -1.900000 1.520000 0.035212
v -1.900000 1.523342 -0.005114
v -1.900000 1.533275 -0.044339
v -1.900000 1.549529 -0.081395
v -1.900000 1.571661 -0.115270
v -1.900000 1.599066 -0.145040
v -1.900000 1.630998 -0.169894
v -1.900000 1.666585 -0.189153
v -1.900000 1.704856 -0.202291
v -1.900000 1.744768 -0.208951
v -1.900000 1.785232 -0.208951
v -1.900000 1.825144 -0.202291
v -1.900000 1.863415 -0.189153
v -1.900000 1.899002 -0.169894
v -1.900000 1.930934 -0.145040
v -1.900000 1.958339 -0.115270
v -1.900000 1.980471 -0.081395
v -1.900000 1.996725 -0.044339
v -1.900000 2.006659 -0.005114
v -1.870000 2.040000 0.035212
v -1.870000 2.036614 -0.007808
v -1.870000 2.026541 -0.049768
v -1.870000 2.010027 -0.089635
v -1.870000 1.987480 -0.126429
v -1.870000 1.959454 -0.159242
v -1.870000 1.926641 -0.187268
v -1.870000 1.889847 -0.209815
v -1.870000 1.849980 -0.226329
v -1.870000 1.808020 -0.236402
v -1.870000 1.765000 -0.239788
v -1.870000 1.721980 -0.236402
v -1.870000 1.680020 -0.226329
v -1.870000 1.640153 -0.209815
v -1.870000 1.603359 -0.187268
v -1.870000 1.570546 -0.159242
v -1.870000 1.542520 -0.126429
v -1.870000 1.519973 -0.089635
v -1.870000 1.503459 -0.049768
v -1.870000 1.493386 -0.007808
v -1.870000 1.490000 0.035212
v -1.870000 1.493386 0.078231
v -1.870000 1.503459 0.120192
v -1.870000 1.519973 0.160059
v -1.870000 1.542520 0.196853
v -1.870000 1.570546 0.229666
v -1.870000 1.603359 0.257692
v -1.870000 1.640153 0.280239
v -1.870000 1.680020 0.296752
v -1.870000 1.721980 0.306826
v -1.870000 1.765000 0.310212
v -1.870000 1.808020 0.306826
v -1.870000 1.849980 0.296752
v -1.870000 1.889847 0.280239
v -1.870000 1.926641 0.257692
v -1.870000 1.959454 0.229666
v -1.870000 1.987480 0.196853
v -1.870000 2.010027 0.160059
v -1.870000 2.026541 0.120192
v -1.870000 2.036614 0.078231
v -1.898978 1.512235 0.035212
v -1.895981 1.505000 0.035212
v -1.891213 1.498787 0.035212
v -1.885000 1.494019 0.035212
v -1.877765 1.491022 0.035212
v -1.898978 2.014653 0.074753
v -1.895981 2.021799 0.075885
v -1.891213 2.027936 0.076857
v -1.885000 2.032645 0.077603
v -1.877765 2.035605 0.078071
v -1.877765 2.038978 0.035212
v -1.885000 2.035981 0.035212
v -1.891213 2.031213 0.035212
v -1.895981 2.025000 0.035212
v -1.898978 2.017765 0.035212
v -1.898978 2.005394 0.113320
v -1.895981 2.012275 0.115556
v -1.891213 2.018184 0.117476
v -1.885000 2.022718 0.118950
v -1.877765 2.025568 0.119876
v -1.898978 1.990215 0.149965
v -1.895981 1.996662 0.153249
v -1.891213 2.002198 0.156070
v -1.885000 2.006446 0.158235
v -1.877765 2.009116 0.159595
v -1.898978 1.969491 0.183783
v -1.895981 1.975345 0.188036
v -1.891213 1.980371 0.191688
v -1.885000 1.984228 0.194490
v -1.877765 1.986653 0.196252
v -1.898978 1.943732 0.213943
v -1.895981 1.948848 0.219060
v -1.891213 1.953241 0.223453
v -1.885000 1.956612 0.226824
v -1.877765 1.958732 0.228943
v -1.898978 1.913571 0.239703
v -1.895981 1.917824 0.245556
v -1.891213 1.921476 0.250583
v -1.885000 1.924278 0.254440
v -1.877765 1.926040 0.256865
v -1.898978 1.879753 0.260427
v -1.895981 1.883038 0.266874
v -1.891213 1.885858 0.272410
v -1.885000 1.888023 0.276658
v -1.877765 1.889383 0.279328
v -1.898978 1.843109 0.275605
v -1.895981 1.845344 0.282487
v -1.891213 1.847265 0.288396
v -1.885000 1.848738 0.292930
v -1.877765 1.849664 0.295780
v -1.898978 1.804541 0.284865
v -1.895981 1.805673 0.292011
v -1.891213 1.806645 0.298148
v -1.885000 1.807391 0.302856
v -1.877765 1.807860 0.305817
v -1.898978 1.765000 0.287976
v -1.895981 1.765000 0.295212
v -1.891213 1.765000 0.301425
v -1.885000 1.765000 0.306193
v -1.877765 1.765000 0.309190
v -1.898978 1.725459 0.284865
v -1.895981 1.724327 0.292011
v -1.891213 1.723355 0.298148
v -1.885000 1.722609 0.302856
v -1.877765 1.722140 0.305817
v -1.898978 1.686892 0.275605
v -1.895981 1.684656 0.282487
v -1.891213 1.682736 0.288396
v -1.885000 1.681262 0.292930
v -1.877765 1.680336 0.295780
v -1.898978 1.650247 0.260427
v -1.895981 1.646963 0.266874
v -1.891213 1.644142 0.272410
v -1.885000 1.641977 0.276658
v -1.877765 1.640617 0.279328
v -1.898978 1.616429 0.239703
v -1.895981 1.612176 0.245556
v -1.891213 1.608524 0.250583
v -1.885000 1.605721 0.254440
v -1.877765 1.603960 0.256865
v -1.898978 1.586269 0.213943
v -1.895981 1.581152 0.219060
v -1.891213 1.576759 0.223453
v -1.885000 1.573388 0.226824
v -1.877765 1.571268 0.228943
v -1.898978 1.560509 0.183783
v -1.895981 1.554656 0.188036
v -1.891213 1.549629 0.191688
v -1.885000 1.545772 0.194490
v -1.877765 1.543347 0.196252
v -1.898978 1.539785 0.149965
v -1.895981 1.533338 0.153249
v -1.891213 1.527802 0.156070
v -1.885000 1.523554 0.158235
v -1.877765 1.520884 0.159595
v -1.898978 1.524607 0.113320
v -1.895981 1.517725 0.115556
v -1.891213 1.511816 0.117476
v -1.885000 1.507282 0.118950
v -1.877765 1.504432 0.119876
v -1.898978 1.515347 0.074753
v -1.895981 1.508201 0.075885
v -1.891213 1.502064 0.076857
v -1.885000 1.497355 0.077603
v -1.877765 1.494395 0.078071
v -1.898978 1.515347 -0.004329
v -1.895981 1.508201 -0.005461
v -1.891213 1.502064 -0.006433
v -1.885000 1.497355 -0.007179
v -1.877765 1.494395 -0.007648
v -1.898978 1.524607 -0.042897
v -1.895981 1.517725 -0.045133
v -1.891213 1.511816 -0.047053
v -1.885000 1.507282 -0.048526
v -1.877765 1.504432 -0.049452
v -1.898978 1.539785 -0.079541
v -1.895981 1.533338 -0.082826
v -1.891213 1.527802 -0.085646
v -1.885000 1.523554 -0.087811
v -1.877765 1.520884 -0.089171
v -1.898978 1.560509 -0.113359
v -1.895981 1.554656 -0.117612
v -1.891213 1.549629 -0.121264
v -1.885000 1.545772 -0.124067
v -1.877765 1.543347 -0.125828
v -1.898978 1.586269 -0.143520
v -1.895981 1.581152 -0.148636
v -1.891213 1.576759 -0.153029
v -1.885000 1.573388 -0.156400
v -1.877765 1.571268 -0.158520
v -1.898978 1.616429 -0.169279
v -1.895981 1.612176 -0.175133
v -1.891213 1.608524 -0.180159
v -1.885000 1.605721 -0.184016
v -1.877765 1.603960 -0.186441
v -1.898978 1.650247 -0.190003
v -1.895981 1.646963 -0.196450
v -1.891213 1.644142 -0.201986
v -1.885000 1.641977 -0.206234
v -1.877765 1.640617 -0.208904
v -1.898978 1.686892 -0.205181
v -1.895981 1.684656 -0.212063
v -1.891213 1.682736 -0.217972
v -1.885000 1.681262 -0.222506
v -1.877765 1.680336 -0.225356
v -1.898978 1.725459 -0.214441
v -1.895981 1.724327 -0.221587
v -1.891213 1.723355 -0.227724
v -1.885000 1.722609 -0.232433
v -1.877765 1.722140 -0.235393
v -1.898978 1.765000 -0.217553
v -1.895981 1.765000 -0.224788
v -1.891213 1.765000 -0.231001
v -1.885000 1.765000 -0.235769
v -1.877765 1.765000 -0.238766
v -1.898978 1.804541 -0.214441
v -1.895981 1.805673 -0.221587
v -1.891213 1.806645 -0.227724
v -1.885000 1.807391 -0.232433
v -1.877765 1.807860 -0.235393
v -1.898978 1.843109 -0.205181
v -1.895981 1.845344 -0.212063
v -1.891213 1.847265 -0.217972
v -1.885000 1.848738 -0.222506
v -1.877765 1.849664 -0.225356
v -1.898978 1.879753 -0.190003
v -1.895981 1.883038 -0.196450
v -1.891213 1.885858 -0.201986
v -1.885000 1.888023 -0.206234
v -1.877765 1.889383 -0.208904
v -1.898978 1.913571 -0.169279
v -1.895981 1.917824 -0.175133
v -1.891213 1.921476 -0.180159
v -1.885000 1.924278 -0.184016
v -1.877765 1.926040 -0.186441
v -1.898978 1.943732 -0.143520
v -1.895981 1.948848 -0.148636
v -1.891213 1.953241 -0.153029
v -1.885000 1.956612 -0.156400
v -1.877765 1.958732 -0.158520
v -1.898978 1.969491 -0.113359
v -1.895981 1.975345 -0.117612
v -1.891213 1.980371 -0.121264
v -1.885000 1.984228 -0.124067
v -1.877765 1.986653 -0.125828
v -1.898978 1.990215 -0.079541
v -1.895981 1.996662 -0.082826
v -1.891213 2.002198 -0.085646
v -1.885000 2.006446 -0.087811
v -1.877765 2.009116 -0.089171
v -1.898978 2.005394 -0.042897
v -1.895981 2.012275 -0.045133
v -1.891213 2.018184 -0.047053
v -1.885000 2.022718 -0.048526
v -1.877765 2.025568 -0.049452
v -1.898978 2.014653 -0.004329
v -1.895981 2.021799 -0.005461
v -1.891213 2.027936 -0.006433
v -1.885000 2.032645 -0.007179
v -1.877765 2.035605 -0.007648
v -1.900000 1.640000 -0.036957
v -1.900000 1.765000 -0.109126
v -1.900000 1.890000 -0.036957
v -1.900000 1.890000 0.107381
v -1.900000 1.765000 0.179549
v -1.900000 1.640000 0.107381
v -1.600000 2.040000 0.035212
v -1.600000 2.036614 -0.007808
v -1.600000 2.026541 -0.049768
v -1.600000 2.010027 -0.089635
v -1.600000 1.987480 -0.126429
v -1.600000 1.959454 -0.159242
v -1.600000 1.926641 -0.187268
v -1.600000 1.889847 -0.209815
v -1.600000 1.849980 -0.226329
v -1.600000 1.808020 -0.236402
v -1.600000 1.765000 -0.239788
v -1.600000 1.721980 -0.236402
v -1.600000 1.680020 -0.226329
v -1.600000 1.640153 -0.209815
v -1.600000 1.603359 -0.187268
v -1.600000 1.570546 -0.159242
v -1.600000 1.542520 -0.126429
v -1.600000 1.519973 -0.089635
v -1.600000 1.503459 -0.049768
v -1.600000 1.493386 -0.007808
v -1.600000 1.490000 0.035212
v -1.600000 1.493386 0.078231
v -1.600000 1.503459 0.120192
v -1.600000 1.519973 0.160059
v -1.600000 1.542520 0.196853
v -1.600000 1.570546 0.229666
v -1.600000 1.603359 0.257692
v -1.600000 1.640153 0.280239
v -1.600000 1.680020 0.296752
v -1.600000 1.721980 0.306826
v -1.600000 1.765000 0.310212
v -1.600000 1.808020 0.306826
v -1.600000 1.849980 0.296752
v -1.600000 1.889847 0.280239
v -1.600000 1.926641 0.257692
v -1.600000 1.959454 0.229666
v -1.600000 1.987480 0.196853
v -1.600000 2.010027 0.160059
v -1.600000 2.026541 0.120192
v -1.600000 2.036614 0.078231
v -1.759064 1.765000 0.035212
v -1.770000 1.765000 -0.109126
v -1.770000 1.640000 -0.036957
v -1.770000 1.640000 0.107381
v -1.770000 1.765000 0.179549
v -1.770000 1.890000 0.107381
v -1.770000 1.890000 -0.036957
v -1.600000 1.618650 0.035212
v -1.600000 1.622072 0.003751
v -1.600000 1.632176 -0.026239
v -1.600000 1.648492 -0.053355
v -1.600000 1.670255 -0.076331
v -1.600000 1.696448 -0.094090
v -1.600000 1.725847 -0.105804
v -1.600000 1.757077 -0.110923
v -1.600000 1.788677 -0.109210
v -1.600000 1.819170 -0.100744
v -1.600000 1.847130 -0.085920
v -1.600000 1.871249 -0.065433
v -1.600000 1.890401 -0.040239
v -1.600000 1.903689 -0.011518
v -1.600000 1.910492 0.019389
v -1.600000 1.910492 0.051035
v -1.600000 1.903689 0.081942
v -1.600000 1.890401 0.110663
v -1.600000 1.871249 0.135857
v -1.600000 1.847130 0.156344
v -1.600000 1.819170 0.171168
v -1.600000 1.788677 0.179634
v -1.600000 1.757077 0.181347
v -1.600000 1.725847 0.176227
v -1.600000 1.696448 0.164514
v -1.600000 1.670255 0.146754
v -1.600000 1.648492 0.123779
v -1.600000 1.632176 0.096663
v -1.600000 1.622072 0.066673
v -0.549743 1.618650 0.035212
v -1.074872 1.618650 0.035212
v -0.549743 1.622072 0.066673
v -1.074872 1.622072 0.066673
v -0.549743 1.632176 0.096663
v -1.074872 1.632176 0.096663
v -0.549743 1.648492 0.123779
v -1.074872 1.648492 0.123779
v -0.549743 1.670255 0.146754
v -1.074872 1.670255 0.146754
v -0.549743 1.696448 0.164514
v -1.074872 1.696448 0.164514
v -0.549743 1.725847 0.176227
v -1.074872 1.725847 0.176227
v -0.549743 1.757077 0.181347
v -1.074872 1.757077 0.181347
v -0.549743 1.788677 0.179634
v -1.074872 1.788677 0.179634
v -0.549743 1.819170 0.171168
v -1.074872 1.819170 0.171168
v -0.549743 1.847130 0.156344
v -1.074872 1.847130 0.156344
v -0.549743 1.871249 0.135857
v -1.074872 1.871249 0.135857
v -0.549743 1.890401 0.110663
v -1.074872 1.890401 0.110663
v -0.549743 1.903689 0.081942
v -1.074872 1.903689 0.081942
v -0.549743 1.910492 0.051035
v -1.074872 1.910492 0.051035
v -0.549743 1.910492 0.019389
v -1.074872 1.910492 0.019389
v -0.549743 1.903689 -0.011518
v -1.074872 1.903689 -0.011518
v -0.549743 1.890401 -0.040239
v -1.074872 1.890401 -0.040239
v -0.549743 1.871249 -0.065433
v -1.074872 1.871249 -0.065433
v -0.549743 1.847130 -0.085920
v -1.074872 1.847130 -0.085920
v -0.549743 1.819170 -0.100744
v -1.074872 1.819170 -0.100744
v -0.549743 1.788677 -0.109210
v -1.074872 1.788677 -0.109210
v -0.549743 1.757077 -0.110923
v -1.074872 1.757077 -0.110923
v -0.549743 1.725847 -0.105804
v -1.074872 1.725847 -0.105804
v -0.549743 1.696448 -0.094090
v -1.074872 1.696448 -0.094090
v -0.549743 1.670255 -0.076331
v -1.074872 1.670255 -0.076331
v -0.549743 1.648492 -0.053355
v -1.074872 1.648492 -0.053355
v -0.549743 1.632176 -0.026239
v -1.074872 1.632176 -0.026239
v -0.549743 1.622072 0.003751
v -1.074872 1.622072 0.003751
v 4.853650 0.978102 0.035212
v 4.857072 0.978102 0.003751
v 4.867177 0.978102 -0.026239
v 4.883492 0.978102 -0.053355
v 4.905255 0.978102 -0.076330
v 4.931448 0.978102 -0.094090
v 4.960847 0.978102 -0.105804
v 4.992077 0.978102 -0.110923
v 5.023677 0.978102 -0.109210
v 5.054170 0.978102 -0.100744
v 5.082130 0.978102 -0.085920
v 5.106249 0.978102 -0.065433
v 5.125401 0.978102 -0.040239
v 5.138689 0.978102 -0.011518
v 5.145492 0.978102 0.019389
v 5.145492 0.978102 0.051035
v 5.138689 0.978102 0.081942
v 5.125401 0.978102 0.110663
v 5.106249 0.978102 0.135857
v 5.082130 0.978102 0.156344
v 5.054170 0.978102 0.171168
v 5.023677 0.978102 0.179634
v 4.992077 0.978102 0.181347
v 4.960847 0.978102 0.176228
v 4.931448 0.978102 0.164514
v 4.905255 0.978102 0.146754
v 4.883492 0.978102 0.123779
v 4.867177 0.978102 0.096663
v 4.857072 0.978102 0.066673
v 5.000000 0.000000 0.035212
v 4.798143 0.957443 0.035212
v 4.745469 0.930365 0.035212
v 4.696366 0.897249 0.035212
v 4.651524 0.858558 0.035212
v 4.611570 0.814837 0.035212
v 4.577068 0.766698 0.035212
v 4.548499 0.714817 0.035212
v 4.526265 0.659923 0.035212
v 4.510679 0.602784 0.035212
v 4.501958 0.544203 0.035212
v 4.500225 0.485001 0.035212
v 4.505505 0.426010 0.035212
v 4.517723 0.368058 0.035212
v 4.536708 0.311956 0.035212
v 4.562193 0.258494 0.035212
v 4.593822 0.208419 0.035212
v 4.631150 0.162436 0.035212
v 4.673653 0.121189 0.035212
v 4.720735 0.085258 0.035212
v 4.771736 0.055146 0.035212
v 4.825939 0.031276 0.035212
v 4.882585 0.013982 0.035212
v 4.940877 0.003508 0.035212
v 4.810776 0.957443 0.105499
v 4.832579 0.957443 0.147979
v 4.847091 0.957443 0.166988
v 4.882322 0.957443 0.199218
v 4.970197 0.957443 0.234856
v 5.017924 0.957443 0.236271
v 5.064649 0.957443 0.226436
v 5.086812 0.957443 0.217448
v 5.127187 0.957443 0.191958
v 5.184728 0.957443 0.116585
v 5.198674 0.957443 0.070918
v 5.201502 0.957443 0.023254
v 5.198674 0.957443 -0.000494
v 5.184728 0.957443 -0.046161
v 5.127187 0.957443 -0.121534
v 5.086812 0.957443 -0.147024
v 5.064649 0.957443 -0.156012
v 5.017924 0.957443 -0.165847
v 4.970197 0.957443 -0.164432
v 4.882322 0.957443 -0.128794
v 4.847091 0.957443 -0.096564
v 4.832579 0.957443 -0.077555
v 4.810776 0.957443 -0.035075
v 4.799560 0.957443 0.011338
v 4.747256 0.930365 0.005108
v 4.698497 0.897249 -0.000700
v 4.653970 0.858558 -0.006003
v 4.614297 0.814837 -0.010729
v 4.580036 0.766698 -0.014810
v 4.551668 0.714817 -0.018188
v 4.529590 0.659923 -0.020818
v 4.514113 0.602784 -0.022662
v 4.505454 0.544203 -0.023693
v 4.503733 0.485001 -0.023898
v 4.508976 0.426010 -0.023274
v 4.521108 0.368058 -0.021828
v 4.539960 0.311956 -0.019583
v 4.565267 0.258494 -0.016569
v 4.596673 0.208419 -0.012828
v 4.633739 0.162436 -0.008413
v 4.675943 0.121189 -0.003386
v 4.722695 0.085258 0.002182
v 4.773338 0.055146 0.008214
v 4.827160 0.031275 0.014625
v 4.883409 0.013982 0.021325
v 4.941292 0.003508 0.028219
v 4.803791 0.957443 -0.012201
v 4.752590 0.930365 -0.024574
v 4.704861 0.897249 -0.036107
v 4.661273 0.858558 -0.046640
v 4.622438 0.814837 -0.056025
v 4.588900 0.766698 -0.064129
v 4.561131 0.714817 -0.070839
v 4.539519 0.659923 -0.076062
v 4.524368 0.602784 -0.079723
v 4.515892 0.544203 -0.081771
v 4.514207 0.485001 -0.082178
v 4.519340 0.426010 -0.080938
v 4.531216 0.368058 -0.078068
v 4.549669 0.311956 -0.073609
v 4.574442 0.258494 -0.067623
v 4.605186 0.208419 -0.060194
v 4.641469 0.162436 -0.051426
v 4.682783 0.121189 -0.041442
v 4.728548 0.085258 -0.030384
v 4.778121 0.055146 -0.018404
v 4.830808 0.031275 -0.005673
v 4.885870 0.013982 0.007633
v 4.942532 0.003508 0.021325
v 4.820417 0.957443 -0.056962
v 4.773555 0.930365 -0.081014
v 4.729870 0.897249 -0.103436
v 4.689975 0.858558 -0.123913
v 4.654431 0.814837 -0.142156
v 4.623735 0.766698 -0.157911
v 4.598319 0.714817 -0.170957
v 4.578538 0.659923 -0.181109
v 4.564672 0.602784 -0.188226
v 4.556913 0.544203 -0.192209
v 4.555372 0.485001 -0.193000
v 4.560069 0.426010 -0.190589
v 4.570939 0.368058 -0.185010
v 4.587829 0.311956 -0.176341
v 4.610502 0.258493 -0.164703
v 4.638641 0.208419 -0.150261
v 4.671850 0.162436 -0.133216
v 4.709663 0.121189 -0.113808
v 4.751550 0.085258 -0.092309
v 4.796923 0.055146 -0.069020
v 4.845145 0.031275 -0.044270
v 4.895540 0.013982 -0.018403
v 4.947401 0.003508 0.008215
v 4.944577 0.003508 0.014625
v 4.889932 0.013982 -0.005672
v 4.836832 0.031275 -0.025396
v 4.786020 0.055146 -0.044270
v 4.738212 0.085258 -0.062029
v 4.694076 0.121189 -0.078423
v 4.654233 0.162436 -0.093222
v 4.619241 0.208419 -0.106220
v 4.589592 0.258494 -0.117233
v 4.565701 0.311956 -0.126107
v 4.547904 0.368058 -0.132718
v 4.536451 0.426010 -0.136972
v 4.531501 0.485001 -0.138810
v 4.533125 0.544203 -0.138207
v 4.541301 0.602784 -0.135171
v 4.555912 0.659923 -0.129743
v 4.576754 0.714817 -0.122001
v 4.603535 0.766698 -0.112054
v 4.635879 0.814837 -0.100040
v 4.673331 0.858558 -0.086128
v 4.715368 0.897249 -0.070514
v 4.761398 0.930365 -0.053416
v 4.807190 0.930365 -0.130951
v 4.769994 0.897249 -0.163007
v 4.736025 0.858558 -0.192281
v 4.705760 0.814837 -0.218363
v 4.679624 0.766698 -0.240888
v 4.657983 0.714817 -0.259538
v 4.641140 0.659923 -0.274053
v 4.629333 0.602784 -0.284228
v 4.622728 0.544203 -0.289921
v 4.621415 0.485001 -0.291052
v 4.625414 0.426010 -0.287605
v 4.634670 0.368058 -0.279629
v 4.649051 0.311956 -0.267235
v 4.668357 0.258493 -0.250598
v 4.692316 0.208419 -0.229950
v 4.720592 0.162436 -0.205582
v 4.752788 0.121189 -0.177835
v 4.788454 0.085258 -0.147099
v 4.827087 0.055146 -0.113804
v 4.868146 0.031275 -0.078419
v 4.911056 0.013982 -0.041440
v 4.955214 0.003508 -0.003385
v 4.950963 0.003508 0.002183
v 4.902615 0.013982 -0.030382
v 4.855632 0.031275 -0.062027
v 4.810676 0.055146 -0.092307
v 4.768376 0.085258 -0.120799
v 4.729326 0.121189 -0.147101
v 4.694074 0.162436 -0.170845
v 4.663114 0.208419 -0.191698
v 4.636881 0.258493 -0.209367
v 4.615743 0.311956 -0.223605
v 4.599997 0.368058 -0.234211
v 4.589863 0.426010 -0.241036
v 4.585484 0.485001 -0.243986
v 4.586921 0.544203 -0.243018
v 4.594154 0.602784 -0.238146
v 4.607082 0.659923 -0.229438
v 4.625522 0.714817 -0.217018
v 4.649217 0.766698 -0.201058
v 4.677835 0.814837 -0.181783
v 4.710971 0.858558 -0.159463
v 4.748165 0.897249 -0.134412
v 4.788890 0.930365 -0.106981
v 4.851614 0.930365 -0.171591
v 4.822988 0.897249 -0.211487
v 4.796845 0.858558 -0.247921
v 4.773553 0.814837 -0.280382
v 4.753439 0.766698 -0.308415
v 4.736784 0.714817 -0.331627
v 4.723823 0.659922 -0.349691
v 4.714736 0.602784 -0.362355
v 4.709651 0.544203 -0.369441
v 4.708642 0.485001 -0.370849
v 4.711720 0.426010 -0.366559
v 4.718843 0.368058 -0.356632
v 4.729910 0.311956 -0.341207
v 4.744768 0.258493 -0.320500
v 4.763206 0.208419 -0.294802
v 4.784968 0.162436 -0.264474
v 4.809746 0.121189 -0.229941
v 4.837194 0.085258 -0.191687
v 4.866926 0.055146 -0.150250
v 4.898526 0.031275 -0.106211
v 4.931549 0.013982 -0.060187
v 4.965533 0.003508 -0.012824
v 4.960093 0.003508 -0.008411
v 4.920746 0.013982 -0.051421
v 4.882512 0.031275 -0.093216
v 4.845925 0.055146 -0.133209
v 4.811501 0.085258 -0.170839
v 4.779721 0.121189 -0.205578
v 4.751032 0.162436 -0.236938
v 4.725837 0.208419 -0.264480
v 4.704488 0.258493 -0.287816
v 4.687286 0.311956 -0.306620
v 4.674471 0.368058 -0.320628
v 4.666224 0.426010 -0.329643
v 4.662660 0.485001 -0.333539
v 4.663830 0.544203 -0.332260
v 4.669716 0.602784 -0.325826
v 4.680237 0.659923 -0.314325
v 4.695244 0.714817 -0.297921
v 4.714528 0.766698 -0.276842
v 4.737817 0.814837 -0.251384
v 4.764784 0.858558 -0.221906
v 4.795053 0.897249 -0.188819
v 4.828196 0.930365 -0.152589
v 4.863750 0.957443 -0.113725
v 4.924137 0.957443 -0.151846
v 4.904340 0.930365 -0.200659
v 4.885886 0.897249 -0.246162
v 4.869033 0.858558 -0.287718
v 4.854017 0.814837 -0.324742
v 4.841051 0.766698 -0.356715
v 4.830314 0.714817 -0.383190
v 4.821958 0.659922 -0.403793
v 4.816100 0.602784 -0.418237
v 4.812822 0.544203 -0.426319
v 4.812171 0.485001 -0.427924
v 4.814155 0.426010 -0.423032
v 4.818747 0.368058 -0.411709
v 4.825882 0.311956 -0.394116
v 4.835460 0.258493 -0.370499
v 4.847347 0.208419 -0.341189
v 4.861376 0.162436 -0.306598
v 4.877350 0.121189 -0.267211
v 4.895044 0.085258 -0.223580
v 4.914212 0.055146 -0.176319
v 4.934583 0.031275 -0.126089
v 4.955872 0.013982 -0.073596
v 4.977780 0.003508 -0.019576
v 4.971456 0.003508 -0.016564
v 4.943313 0.013982 -0.067613
v 4.915965 0.031275 -0.117220
v 4.889796 0.055146 -0.164687
v 4.865173 0.085258 -0.209350
v 4.842442 0.121189 -0.250582
v 4.821922 0.162436 -0.287803
v 4.803901 0.208419 -0.320492
v 4.788630 0.258493 -0.348191
v 4.776327 0.311956 -0.370509
v 4.767160 0.368058 -0.387135
v 4.761262 0.426010 -0.397835
v 4.758712 0.485001 -0.402458
v 4.759549 0.544203 -0.400941
v 4.763759 0.602784 -0.393304
v 4.771285 0.659922 -0.379654
v 4.782019 0.714817 -0.360183
v 4.795812 0.766698 -0.335165
v 4.812469 0.814837 -0.304949
v 4.831758 0.858558 -0.269961
v 4.853408 0.897249 -0.230691
v 4.877115 0.930365 -0.187690
v 4.902545 0.957443 -0.141561
v 4.946794 0.957443 -0.159506
v 4.932909 0.930365 -0.210318
v 4.919966 0.897249 -0.257684
v 4.908146 0.858558 -0.300941
v 4.897615 0.814837 -0.339481
v 4.888521 0.766698 -0.372764
v 4.880991 0.714817 -0.400322
v 4.875130 0.659922 -0.421770
v 4.871021 0.602784 -0.436805
v 4.868722 0.544203 -0.445217
v 4.868266 0.485001 -0.446889
v 4.869658 0.426010 -0.441796
v 4.872878 0.368058 -0.430010
v 4.877882 0.311956 -0.411696
v 4.884600 0.258493 -0.387112
v 4.892937 0.208419 -0.356602
v 4.902776 0.162436 -0.320594
v 4.913979 0.121189 -0.279594
v 4.926389 0.085258 -0.234177
v 4.939832 0.055146 -0.184980
v 4.954120 0.031275 -0.132694
v 4.969051 0.013982 -0.078051
v 4.984416 0.003508 -0.021820
v 4.994018 0.957443 -0.166556
v 4.992458 0.930365 -0.219207
v 4.991003 0.897249 -0.268289
v 4.989674 0.858558 -0.313112
v 4.988490 0.814837 -0.353047
v 4.987467 0.766698 -0.387535
v 4.986620 0.714817 -0.416091
v 4.985961 0.659922 -0.438315
v 4.985500 0.602784 -0.453895
v 4.985241 0.544203 -0.462612
v 4.985190 0.485001 -0.464344
v 4.985347 0.426010 -0.459066
v 4.985709 0.368058 -0.446853
v 4.986271 0.311956 -0.427877
v 4.987026 0.258493 -0.402402
v 4.987964 0.208419 -0.370788
v 4.989070 0.162436 -0.333476
v 4.990329 0.121189 -0.290992
v 4.991724 0.085258 -0.243931
v 4.993236 0.055146 -0.192952
v 4.994842 0.031275 -0.138773
v 4.996521 0.013982 -0.082152
v 4.998248 0.003508 -0.023885
v 4.991271 0.003508 -0.023263
v 4.982664 0.013982 -0.080917
v 4.974300 0.031275 -0.136942
v 4.966298 0.055146 -0.190551
v 4.958767 0.085258 -0.240993
v 4.951816 0.121189 -0.287559
v 4.945541 0.162436 -0.329596
v 4.940029 0.208419 -0.366514
v 4.935359 0.258493 -0.397796
v 4.931596 0.311956 -0.423002
v 4.928793 0.368058 -0.441779
v 4.926990 0.426010 -0.453864
v 4.926210 0.485001 -0.459086
v 4.926466 0.544203 -0.457372
v 4.927753 0.602784 -0.448747
v 4.930055 0.659922 -0.433331
v 4.933338 0.714817 -0.411341
v 4.937555 0.766698 -0.383085
v 4.942650 0.814837 -0.348961
v 4.948549 0.858558 -0.309445
v 4.955170 0.897249 -0.265094
v 4.962420 0.930365 -0.216529
v 5.041578 0.957443 -0.162316
v 5.052428 0.930365 -0.213861
v 5.062542 0.897249 -0.261911
v 5.071779 0.858558 -0.305792
v 5.080009 0.814837 -0.344888
v 5.087115 0.766698 -0.378651
v 5.093000 0.714817 -0.406608
v 5.097579 0.659922 -0.428364
v 5.100790 0.602784 -0.443617
v 5.102586 0.544203 -0.452151
v 5.102943 0.485001 -0.453846
v 5.101856 0.426010 -0.448680
v 5.099339 0.368058 -0.436723
v 5.095428 0.311956 -0.418146
v 5.090179 0.258493 -0.393206
v 5.083664 0.208419 -0.362256
v 5.075975 0.162436 -0.325729
v 5.067221 0.121189 -0.284137
v 5.057523 0.085258 -0.238065
v 5.047018 0.055146 -0.188158
v 5.035853 0.031275 -0.135117
v 5.024185 0.013982 -0.079686
v 5.012178 0.003508 -0.022643
v 5.005250 0.003508 -0.023677
v 5.010426 0.013982 -0.081740
v 5.015456 0.031275 -0.138162
v 5.020269 0.055146 -0.192151
v 5.024797 0.085258 -0.242950
v 5.028978 0.121189 -0.289846
v 5.032753 0.162436 -0.332181
v 5.036067 0.208419 -0.369362
v 5.038876 0.258493 -0.400865
v 5.041139 0.311956 -0.426250
v 5.042824 0.368058 -0.445160
v 5.043909 0.426010 -0.457330
v 5.044378 0.485001 -0.462589
v 5.044224 0.544203 -0.460863
v 5.043450 0.602784 -0.452177
v 5.042066 0.659922 -0.436652
v 5.040092 0.714817 -0.414506
v 5.037555 0.766698 -0.386050
v 5.034491 0.814837 -0.351683
v 5.030943 0.858558 -0.311888
v 5.026962 0.897249 -0.267223
v 5.022602 0.930365 -0.218314
v 5.109465 0.930365 -0.194578
v 5.130582 0.897249 -0.238908
v 5.149868 0.858558 -0.279392
v 5.167050 0.814837 -0.315461
v 5.181889 0.766698 -0.346611
v 5.194175 0.714817 -0.372402
v 5.203737 0.659922 -0.392475
v 5.210440 0.602784 -0.406546
v 5.214191 0.544203 -0.414420
v 5.214936 0.485001 -0.415984
v 5.212665 0.426010 -0.411217
v 5.207410 0.368058 -0.400187
v 5.199246 0.311956 -0.383047
v 5.188285 0.258493 -0.360039
v 5.174683 0.208419 -0.331485
v 5.158630 0.162436 -0.297785
v 5.140351 0.121189 -0.259414
v 5.120102 0.085258 -0.216908
v 5.098169 0.055146 -0.170865
v 5.074858 0.031275 -0.121930
v 5.050497 0.013982 -0.070791
v 5.025426 0.003508 -0.018164
v 5.018935 0.003508 -0.020796
v 5.037605 0.013982 -0.076019
v 5.055747 0.031275 -0.129681
v 5.073106 0.055146 -0.181029
v 5.089440 0.085258 -0.229343
v 5.104519 0.121189 -0.273945
v 5.118132 0.162436 -0.314210
v 5.130086 0.208419 -0.349571
v 5.140216 0.258493 -0.379534
v 5.148378 0.311956 -0.403677
v 5.154459 0.368058 -0.421662
v 5.158372 0.426010 -0.433236
v 5.160063 0.485001 -0.438238
v 5.159508 0.544203 -0.436597
v 5.156715 0.602784 -0.428335
v 5.151723 0.659922 -0.413570
v 5.144602 0.714817 -0.392507
v 5.135453 0.766698 -0.365443
v 5.124403 0.814837 -0.332758
v 5.111607 0.858558 -0.294909
v 5.097245 0.897249 -0.252428
v 5.081519 0.930365 -0.205912
v 5.160377 0.930365 -0.162437
v 5.191316 0.897249 -0.200567
v 5.219571 0.858558 -0.235388
v 5.244745 0.814837 -0.266413
v 5.266485 0.766698 -0.293205
v 5.284486 0.714817 -0.315390
v 5.298495 0.659922 -0.332654
v 5.308316 0.602784 -0.344758
v 5.313810 0.544203 -0.351530
v 5.314902 0.485001 -0.352875
v 5.311575 0.426010 -0.348775
v 5.303877 0.368058 -0.339288
v 5.291915 0.311956 -0.324545
v 5.275857 0.258493 -0.304755
v 5.255928 0.208419 -0.280195
v 5.232408 0.162436 -0.251209
v 5.205627 0.121189 -0.218204
v 5.175962 0.085258 -0.181644
v 5.143827 0.055146 -0.142041
v 5.109674 0.031275 -0.099951
v 5.073982 0.013982 -0.055964
v 5.037252 0.003508 -0.010698
v 5.031561 0.003508 -0.014782
v 5.062679 0.013982 -0.064074
v 5.092918 0.031275 -0.111974
v 5.121853 0.055146 -0.157808
v 5.149078 0.085258 -0.200934
v 5.174212 0.121189 -0.240746
v 5.196901 0.162436 -0.276686
v 5.216827 0.208419 -0.308251
v 5.233711 0.258493 -0.334995
v 5.247316 0.311956 -0.356546
v 5.257451 0.368058 -0.372600
v 5.263973 0.426010 -0.382931
v 5.266792 0.485001 -0.387396
v 5.265867 0.544203 -0.385931
v 5.261211 0.602784 -0.378556
v 5.252891 0.659922 -0.365376
v 5.241022 0.714817 -0.346576
v 5.225771 0.766698 -0.322418
v 5.207353 0.814837 -0.293243
v 5.186025 0.858558 -0.259458
v 5.162087 0.897249 -0.221540
v 5.135875 0.930365 -0.180018
v 5.107756 0.957443 -0.135477
v 5.160447 0.957443 -0.087275
v 5.202315 0.930365 -0.119237
v 5.241345 0.897249 -0.149033
v 5.276989 0.858558 -0.176244
v 5.308745 0.814837 -0.200487
v 5.336170 0.766698 -0.221424
v 5.358878 0.714817 -0.238759
v 5.376550 0.659923 -0.252250
v 5.388939 0.602784 -0.261708
v 5.395871 0.544203 -0.267000
v 5.397249 0.485001 -0.268052
v 5.393052 0.426010 -0.264848
v 5.383340 0.368058 -0.257434
v 5.368250 0.311956 -0.245914
v 5.347992 0.258493 -0.230449
v 5.322853 0.208419 -0.211257
v 5.293182 0.162436 -0.188606
v 5.259399 0.121189 -0.162816
v 5.221975 0.085258 -0.134246
v 5.181437 0.055146 -0.103299
v 5.138353 0.031275 -0.070408
v 5.093328 0.013982 -0.036036
v 5.046994 0.003508 -0.000664
v 5.042421 0.003508 -0.005970
v 5.084247 0.013982 -0.046574
v 5.124890 0.031275 -0.086031
v 5.163782 0.055146 -0.123786
v 5.200375 0.085258 -0.159311
v 5.234157 0.121189 -0.192106
v 5.264653 0.162436 -0.221711
v 5.291436 0.208419 -0.247712
v 5.314129 0.258493 -0.269743
v 5.332416 0.311956 -0.287495
v 5.346037 0.368058 -0.300719
v 5.354804 0.426010 -0.309229
v 5.358593 0.485001 -0.312907
v 5.357349 0.544203 -0.311700
v 5.351092 0.602784 -0.305625
v 5.339908 0.659923 -0.294769
v 5.323956 0.714817 -0.279282
v 5.303457 0.766698 -0.259382
v 5.278701 0.814837 -0.235349
v 5.250034 0.858558 -0.207520
v 5.217860 0.897249 -0.176285
v 5.182628 0.930365 -0.142082
v 5.144834 0.957443 -0.105391
v 5.173808 0.957443 -0.067438
v 5.219162 0.930365 -0.094225
v 5.261442 0.897249 -0.119195
v 5.300054 0.858558 -0.141999
v 5.334455 0.814837 -0.162317
v 5.364164 0.766698 -0.179862
v 5.388762 0.714817 -0.194390
v 5.407907 0.659923 -0.205697
v 5.421327 0.602784 -0.213623
v 5.428836 0.544203 -0.218058
v 5.430328 0.485001 -0.218939
v 5.425782 0.426010 -0.216254
v 5.415262 0.368058 -0.210041
v 5.398915 0.311956 -0.200386
v 5.376971 0.258493 -0.187426
v 5.349737 0.208419 -0.171342
v 5.317596 0.162436 -0.152360
v 5.281000 0.121189 -0.130746
v 5.240459 0.085258 -0.106803
v 5.196546 0.055146 -0.080868
v 5.149875 0.031275 -0.053304
v 5.101100 0.013982 -0.024498
v 5.050907 0.003508 0.005146
v 5.193056 0.957443 -0.023742
v 5.243434 0.930365 -0.039125
v 5.290396 0.897249 -0.053466
v 5.333283 0.858558 -0.066563
v 5.371495 0.814837 -0.078232
v 5.404493 0.766698 -0.088308
v 5.431817 0.714817 -0.096652
v 5.453081 0.659923 -0.103145
v 5.467988 0.602784 -0.107698
v 5.476328 0.544203 -0.110245
v 5.477985 0.485001 -0.110751
v 5.472936 0.426010 -0.109209
v 5.461250 0.368058 -0.105640
v 5.443093 0.311956 -0.100096
v 5.418719 0.258494 -0.092652
v 5.388469 0.208419 -0.083415
v 5.352769 0.162436 -0.072513
v 5.312119 0.121189 -0.060100
v 5.267089 0.085258 -0.046349
v 5.218313 0.055146 -0.031454
v 5.166473 0.031275 -0.015624
v 5.112297 0.013982 0.000920
v 5.056545 0.003508 0.017945
v 5.054106 0.003508 0.011378
v 5.107452 0.013982 -0.012121
v 5.159292 0.031275 -0.034956
v 5.208896 0.055146 -0.056807
v 5.255569 0.085258 -0.077366
v 5.298656 0.121189 -0.096346
v 5.337552 0.162436 -0.113480
v 5.371712 0.208419 -0.128528
v 5.400657 0.258494 -0.141278
v 5.423980 0.311956 -0.151552
v 5.441354 0.368058 -0.159205
v 5.452535 0.426010 -0.164131
v 5.457367 0.485001 -0.166259
v 5.455781 0.544203 -0.165561
v 5.447801 0.602784 -0.162045
v 5.433537 0.659923 -0.155762
v 5.413189 0.714817 -0.146799
v 5.387045 0.766698 -0.135282
v 5.355470 0.814837 -0.121373
v 5.318907 0.858558 -0.105267
v 5.277870 0.897249 -0.087190
v 5.232933 0.930365 -0.067395
v 5.254084 0.930365 0.020133
v 5.303101 0.897249 0.017225
v 5.347865 0.858558 0.014568
v 5.387748 0.814837 0.012201
v 5.422190 0.766698 0.010157
v 5.450708 0.714817 0.008465
v 5.472903 0.659923 0.007148
v 5.488462 0.602784 0.006224
v 5.497168 0.544203 0.005708
v 5.498897 0.485001 0.005605
v 5.493627 0.426010 0.005918
v 5.481430 0.368058 0.006642
v 5.462479 0.311956 0.007766
v 5.437038 0.258494 0.009276
v 5.405465 0.208419 0.011150
v 5.368203 0.162436 0.013361
v 5.325775 0.121189 0.015879
v 5.278775 0.085258 0.018668
v 5.227864 0.055146 0.021689
v 5.173756 0.031276 0.024900
v 5.117210 0.013982 0.028256
v 5.059019 0.003508 0.031710
v 5.058190 0.003508 0.024754
v 5.115564 0.013982 0.014442
v 5.171317 0.031275 0.004422
v 5.224665 0.055146 -0.005166
v 5.274862 0.085258 -0.014187
v 5.321201 0.121189 -0.022516
v 5.363034 0.162436 -0.030034
v 5.399773 0.208419 -0.036637
v 5.430902 0.258494 -0.042232
v 5.455986 0.311956 -0.046740
v 5.474672 0.368058 -0.050098
v 5.486698 0.426010 -0.052259
v 5.491894 0.485001 -0.053193
v 5.490189 0.544203 -0.052887
v 5.481605 0.602784 -0.051344
v 5.466264 0.659923 -0.048587
v 5.444381 0.714817 -0.044654
v 5.416263 0.766698 -0.039601
v 5.382305 0.814837 -0.033497
v 5.342981 0.858558 -0.026430
v 5.298846 0.897249 -0.018498
v 5.250517 0.930365 -0.009812
v 5.250517 0.930365 0.080236
v 5.298846 0.897249 0.088922
v 5.342981 0.858558 0.096854
v 5.382305 0.814837 0.103921
v 5.416263 0.766698 0.110025
v 5.444381 0.714817 0.115078
v 5.466264 0.659923 0.119011
v 5.481605 0.602784 0.121768
v 5.490189 0.544203 0.123311
v 5.491894 0.485001 0.123617
v 5.486698 0.426010 0.122683
v 5.474672 0.368058 0.120522
v 5.455986 0.311956 0.117164
v 5.430902 0.258494 0.112656
v 5.399773 0.208419 0.107061
v 5.363034 0.162436 0.100458
v 5.321201 0.121190 0.092940
v 5.274862 0.085258 0.084611
v 5.224665 0.055146 0.075590
v 5.171317 0.031276 0.066002
v 5.115564 0.013982 0.055982
v 5.058190 0.003508 0.045670
v 5.059019 0.003508 0.038715
v 5.117210 0.013982 0.042168
v 5.173756 0.031276 0.045524
v 5.227864 0.055146 0.048735
v 5.278775 0.085258 0.051756
v 5.325775 0.121189 0.054545
v 5.368203 0.162436 0.057063
v 5.405465 0.208419 0.059274
v 5.437038 0.258494 0.061148
v 5.462479 0.311956 0.062658
v 5.481430 0.368058 0.063782
v 5.493627 0.426010 0.064506
v 5.498897 0.485001 0.064819
v 5.497168 0.544203 0.064716
v 5.488462 0.602784 0.064200
v 5.472903 0.659923 0.063276
v 5.450708 0.714817 0.061959
v 5.422190 0.766698 0.060267
v 5.387748 0.814837 0.058223
v 5.347865 0.858558 0.055856
v 5.303101 0.897249 0.053199
v 5.254084 0.930365 0.050291
v 5.201502 0.957443 0.047170
v 5.232933 0.930365 0.137819
v 5.277870 0.897249 0.157614
v 5.318907 0.858558 0.175691
v 5.355470 0.814837 0.191797
v 5.387045 0.766698 0.205706
v 5.413189 0.714817 0.217223
v 5.433537 0.659923 0.226186
v 5.447801 0.602784 0.232469
v 5.455781 0.544203 0.235985
v 5.457367 0.485001 0.236683
v 5.452535 0.426010 0.234555
v 5.441354 0.368058 0.229629
v 5.423980 0.311956 0.221976
v 5.400657 0.258494 0.211702
v 5.371712 0.208419 0.198952
v 5.337552 0.162436 0.183904
v 5.298656 0.121190 0.166770
v 5.255569 0.085258 0.147790
v 5.208896 0.055146 0.127231
v 5.159292 0.031276 0.105380
v 5.107452 0.013982 0.082545
v 5.054106 0.003508 0.059046
v 5.056545 0.003508 0.052479
v 5.112297 0.013982 0.069504
v 5.166473 0.031276 0.086048
v 5.218313 0.055146 0.101878
v 5.267089 0.085258 0.116773
v 5.312119 0.121190 0.130524
v 5.352769 0.162436 0.142937
v 5.388469 0.208419 0.153839
v 5.418719 0.258494 0.163076
v 5.443093 0.311956 0.170520
v 5.461250 0.368058 0.176064
v 5.472936 0.426010 0.179633
v 5.477985 0.485001 0.181175
v 5.476328 0.544203 0.180669
v 5.467988 0.602784 0.178122
v 5.453081 0.659923 0.173569
v 5.431817 0.714817 0.167076
v 5.404493 0.766698 0.158732
v 5.371495 0.814837 0.148656
v 5.333283 0.858558 0.136987
v 5.290396 0.897249 0.123890
v 5.243434 0.930365 0.109549
v 5.193056 0.957443 0.094166
v 5.160447 0.957443 0.157699
v 5.202315 0.930365 0.189661
v 5.241345 0.897249 0.219457
v 5.276989 0.858558 0.246668
v 5.308745 0.814837 0.270911
v 5.336170 0.766698 0.291848
v 5.358878 0.714817 0.309183
v 5.376550 0.659923 0.322674
v 5.388939 0.602784 0.332132
v 5.395871 0.544203 0.337424
v 5.397249 0.485001 0.338476
v 5.393052 0.426010 0.335272
v 5.383340 0.368058 0.327858
v 5.368250 0.311956 0.316338
v 5.347992 0.258494 0.300873
v 5.322853 0.208419 0.281681
v 5.293182 0.162436 0.259030
v 5.259399 0.121190 0.233240
v 5.221975 0.085258 0.204670
v 5.181437 0.055146 0.173723
v 5.138353 0.031276 0.140832
v 5.093328 0.013982 0.106460
v 5.046994 0.003508 0.071088
v 5.050907 0.003508 0.065278
v 5.101100 0.013982 0.094922
v 5.149875 0.031276 0.123728
v 5.196546 0.055146 0.151292
v 5.240459 0.085258 0.177227
v 5.281000 0.121190 0.201170
v 5.317596 0.162436 0.222784
v 5.349737 0.208419 0.241766
v 5.376971 0.258494 0.257850
v 5.398915 0.311956 0.270810
v 5.415262 0.368058 0.280465
v 5.425782 0.426010 0.286678
v 5.430328 0.485001 0.289363
v 5.428836 0.544203 0.288482
v 5.421327 0.602784 0.284047
v 5.407907 0.659923 0.276121
v 5.388762 0.714817 0.264814
v 5.364164 0.766698 0.250286
v 5.334455 0.814837 0.232741
v 5.300054 0.858558 0.212423
v 5.261442 0.897249 0.189619
v 5.219162 0.930365 0.164649
v 5.173808 0.957443 0.137862
v 5.144834 0.957443 0.175815
v 5.182628 0.930365 0.212506
v 5.217860 0.897249 0.246709
v 5.250034 0.858558 0.277944
v 5.278701 0.814837 0.305773
v 5.303457 0.766698 0.329806
v 5.323956 0.714818 0.349706
v 5.339908 0.659923 0.365193
v 5.351092 0.602784 0.376049
v 5.357349 0.544203 0.382124
v 5.358593 0.485001 0.383331
v 5.354804 0.426010 0.379653
v 5.346037 0.368058 0.371143
v 5.332416 0.311956 0.357919
v 5.314129 0.258494 0.340167
v 5.291436 0.208419 0.318136
v 5.264653 0.162436 0.292135
v 5.234157 0.121190 0.262530
v 5.200375 0.085258 0.229735
v 5.163782 0.055146 0.194210
v 5.124890 0.031276 0.156455
v 5.084247 0.013982 0.116998
v 5.042421 0.003508 0.076394
v 5.107756 0.957443 0.205901
v 5.135875 0.930365 0.250442
v 5.162087 0.897249 0.291964
v 5.186025 0.858558 0.329882
v 5.207353 0.814837 0.363667
v 5.225771 0.766698 0.392842
v 5.241022 0.714818 0.417000
v 5.252891 0.659923 0.435800
v 5.261211 0.602784 0.448980
v 5.265867 0.544203 0.456355
v 5.266792 0.485001 0.457820
v 5.263973 0.426010 0.453355
v 5.257451 0.368058 0.443024
v 5.247316 0.311956 0.426970
v 5.233711 0.258494 0.405419
v 5.216827 0.208419 0.378675
v 5.196901 0.162436 0.347110
v 5.174212 0.121190 0.311170
v 5.149078 0.085258 0.271358
v 5.121853 0.055146 0.228232
v 5.092918 0.031276 0.182398
v 5.062679 0.013982 0.134498
v 5.031561 0.003508 0.085206
v 5.037252 0.003508 0.081122
v 5.073982 0.013982 0.126388
v 5.109674 0.031276 0.170375
v 5.143827 0.055146 0.212465
v 5.175962 0.085258 0.252068
v 5.205627 0.121190 0.288629
v 5.232408 0.162436 0.321633
v 5.255928 0.208419 0.350619
v 5.275857 0.258494 0.375179
v 5.291915 0.311956 0.394969
v 5.303877 0.368058 0.409712
v 5.311575 0.426010 0.419199
v 5.314902 0.485001 0.423299
v 5.313810 0.544203 0.421954
v 5.308316 0.602784 0.415182
v 5.298495 0.659923 0.403078
v 5.284486 0.714818 0.385814
v 5.266485 0.766698 0.363629
v 5.244745 0.814837 0.336837
v 5.219571 0.858558 0.305812
v 5.191316 0.897249 0.270991
v 5.160377 0.930365 0.232861
v 5.081519 0.930365 0.276336
v 5.097245 0.897249 0.322852
v 5.111607 0.858558 0.365333
v 5.124403 0.814837 0.403182
v 5.135453 0.766698 0.435867
v 5.144602 0.714818 0.462931
v 5.151723 0.659923 0.483994
v 5.156715 0.602784 0.498759
v 5.159508 0.544203 0.507021
v 5.160063 0.485001 0.508662
v 5.158372 0.426010 0.503660
v 5.154459 0.368058 0.492086
v 5.148378 0.311956 0.474101
v 5.140216 0.258494 0.449958
v 5.130086 0.208419 0.419995
v 5.118132 0.162436 0.384634
v 5.104519 0.121190 0.344370
v 5.089440 0.085258 0.299767
v 5.073106 0.055146 0.251453
v 5.055747 0.031276 0.200105
v 5.037605 0.013982 0.146443
v 5.018935 0.003508 0.091220
v 5.025426 0.003508 0.088588
v 5.050497 0.013982 0.141215
v 5.074858 0.031276 0.192354
v 5.098169 0.055146 0.241289
v 5.120102 0.085258 0.287332
v 5.140351 0.121190 0.329838
v 5.158630 0.162436 0.368209
v 5.174683 0.208419 0.401909
v 5.188285 0.258494 0.430463
v 5.199246 0.311956 0.453471
v 5.207410 0.368058 0.470611
v 5.212665 0.426010 0.481641
v 5.214936 0.485001 0.486408
v 5.214191 0.544203 0.484844
v 5.210440 0.602784 0.476970
v 5.203737 0.659923 0.462899
v 5.194175 0.714818 0.442826
v 5.181889 0.766698 0.417035
v 5.167050 0.814837 0.385885
v 5.149868 0.858558 0.349816
v 5.130582 0.897249 0.309332
v 5.109465 0.930365 0.265002
v 5.022602 0.930365 0.288738
v 5.026962 0.897249 0.337647
v 5.030943 0.858558 0.382312
v 5.034491 0.814837 0.422107
v 5.037555 0.766698 0.456474
v 5.040092 0.714818 0.484930
v 5.042066 0.659923 0.507076
v 5.043450 0.602784 0.522601
v 5.044224 0.544203 0.531287
v 5.044378 0.485001 0.533013
v 5.043909 0.426010 0.527754
v 5.042824 0.368058 0.515584
v 5.041139 0.311956 0.496674
v 5.038876 0.258494 0.471289
v 5.036067 0.208419 0.439786
v 5.032753 0.162436 0.402606
v 5.028978 0.121190 0.360270
v 5.024797 0.085258 0.313374
v 5.020269 0.055146 0.262575
v 5.015456 0.031276 0.208586
v 5.010426 0.013982 0.152164
v 5.005250 0.003508 0.094101
v 5.012178 0.003508 0.093067
v 5.024185 0.013982 0.150110
v 5.035853 0.031276 0.205541
v 5.047018 0.055146 0.258582
v 5.057523 0.085258 0.308489
v 5.067221 0.121190 0.354561
v 5.075975 0.162436 0.396153
v 5.083664 0.208419 0.432680
v 5.090179 0.258494 0.463630
v 5.095428 0.311956 0.488570
v 5.099339 0.368058 0.507147
v 5.101856 0.426010 0.519104
v 5.102943 0.485001 0.524270
v 5.102586 0.544203 0.522575
v 5.100790 0.602784 0.514041
v 5.097579 0.659923 0.498788
v 5.093000 0.714818 0.477032
v 5.087115 0.766698 0.449075
v 5.080009 0.814837 0.415312
v 5.071779 0.858558 0.376216
v 5.062542 0.897249 0.332335
v 5.052428 0.930365 0.284285
v 5.041578 0.957443 0.232740
v 4.962420 0.930365 0.286953
v 4.955170 0.897249 0.335518
v 4.948549 0.858558 0.379869
v 4.942650 0.814837 0.419385
v 4.937555 0.766698 0.453509
v 4.933338 0.714818 0.481765
v 4.930055 0.659923 0.503755
v 4.927753 0.602784 0.519171
v 4.926466 0.544203 0.527796
v 4.926210 0.485001 0.529510
v 4.926990 0.426010 0.524288
v 4.928793 0.368058 0.512203
v 4.931596 0.311956 0.493427
v 4.935359 0.258494 0.468220
v 4.940029 0.208419 0.436938
v 4.945541 0.162436 0.400020
v 4.951816 0.121190 0.357983
v 4.958767 0.085258 0.311417
v 4.966298 0.055146 0.260975
v 4.974300 0.031276 0.207366
v 4.982664 0.013982 0.151341
v 4.991271 0.003508 0.093687
v 4.998248 0.003508 0.094309
v 4.996521 0.013982 0.152576
v 4.994842 0.031276 0.209197
v 4.993236 0.055146 0.263377
v 4.991724 0.085258 0.314355
v 4.990329 0.121190 0.361416
v 4.989070 0.162436 0.403900
v 4.987964 0.208419 0.441212
v 4.987026 0.258494 0.472826
v 4.986271 0.311956 0.498301
v 4.985709 0.368058 0.517277
v 4.985347 0.426010 0.529490
v 4.985190 0.485001 0.534768
v 4.985241 0.544203 0.533036
v 4.985500 0.602784 0.524319
v 4.985961 0.659923 0.508739
v 4.986620 0.714818 0.486515
v 4.987467 0.766698 0.457959
v 4.988490 0.814837 0.423471
v 4.989674 0.858558 0.383536
v 4.991003 0.897249 0.338713
v 4.992458 0.930365 0.289631
v 4.994018 0.957443 0.236980
v 4.924137 0.957443 0.222270
v 4.904340 0.930365 0.271083
v 4.885886 0.897249 0.316586
v 4.869033 0.858558 0.358142
v 4.854017 0.814837 0.395166
v 4.841051 0.766698 0.427139
v 4.830314 0.714818 0.453614
v 4.821958 0.659923 0.474217
v 4.816100 0.602784 0.488661
v 4.812822 0.544203 0.496743
v 4.812171 0.485001 0.498348
v 4.814155 0.426010 0.493456
v 4.818747 0.368058 0.482133
v 4.825882 0.311956 0.464540
v 4.835460 0.258494 0.440923
v 4.847347 0.208419 0.411613
v 4.861376 0.162436 0.377022
v 4.877350 0.121190 0.337635
v 4.895044 0.085258 0.294004
v 4.914212 0.055146 0.246743
v 4.934583 0.031276 0.196513
v 4.955872 0.013982 0.144020
v 4.977780 0.003508 0.090000
v 4.984416 0.003508 0.092244
v 4.969051 0.013982 0.148476
v 4.954120 0.031276 0.203118
v 4.939832 0.055146 0.255404
v 4.926389 0.085258 0.304601
v 4.913979 0.121190 0.350018
v 4.902776 0.162436 0.391018
v 4.892937 0.208419 0.427026
v 4.884600 0.258494 0.457536
v 4.877882 0.311956 0.482120
v 4.872878 0.368058 0.500434
v 4.869658 0.426010 0.512220
v 4.868266 0.485001 0.517313
v 4.868722 0.544203 0.515641
v 4.871021 0.602784 0.507229
v 4.875130 0.659923 0.492194
v 4.880991 0.714818 0.470746
v 4.888521 0.766698 0.443188
v 4.897615 0.814837 0.409905
v 4.908146 0.858558 0.371365
v 4.919966 0.897249 0.328108
v 4.932909 0.930365 0.280742
v 4.946794 0.957443 0.229930
v 4.902545 0.957443 0.211985
v 4.877115 0.930365 0.258114
v 4.853408 0.897249 0.301115
v 4.831758 0.858558 0.340385
v 4.812469 0.814837 0.375373
v 4.795812 0.766698 0.405589
v 4.782019 0.714818 0.430607
v 4.771285 0.659923 0.450078
v 4.763759 0.602784 0.463728
v 4.759549 0.544203 0.471365
v 4.758712 0.485001 0.472882
v 4.761262 0.426010 0.468259
v 4.767160 0.368058 0.457559
v 4.776327 0.311956 0.440933
v 4.788630 0.258494 0.418615
v 4.803901 0.208419 0.390916
v 4.821922 0.162436 0.358227
v 4.842442 0.121190 0.321006
v 4.865173 0.085258 0.279774
v 4.889796 0.055146 0.235112
v 4.915965 0.031276 0.187644
v 4.943313 0.013982 0.138037
v 4.971456 0.003508 0.086988
v 4.863750 0.957443 0.184149
v 4.828196 0.930365 0.223013
v 4.795053 0.897249 0.259243
v 4.764784 0.858558 0.292330
v 4.737817 0.814837 0.321808
v 4.714528 0.766698 0.347266
v 4.695244 0.714818 0.368345
v 4.680237 0.659923 0.384749
v 4.669716 0.602784 0.396250
v 4.663830 0.544203 0.402684
v 4.662660 0.485001 0.403963
v 4.666224 0.426010 0.400067
v 4.674471 0.368058 0.391052
v 4.687286 0.311956 0.377044
v 4.704488 0.258494 0.358240
v 4.725837 0.208419 0.334904
v 4.751032 0.162436 0.307362
v 4.779721 0.121190 0.276002
v 4.811501 0.085258 0.241263
v 4.845925 0.055146 0.203633
v 4.882512 0.031276 0.163640
v 4.920746 0.013982 0.121845
v 4.960093 0.003508 0.078835
v 4.965533 0.003508 0.083248
v 4.931549 0.013982 0.130611
v 4.898526 0.031276 0.176635
v 4.866926 0.055146 0.220674
v 4.837194 0.085258 0.262111
v 4.809746 0.121190 0.300365
v 4.784968 0.162436 0.334898
v 4.763206 0.208419 0.365226
v 4.744768 0.258494 0.390924
v 4.729910 0.311956 0.411631
v 4.718843 0.368058 0.427056
v 4.711720 0.426010 0.436983
v 4.708642 0.485001 0.441273
v 4.709651 0.544203 0.439865
v 4.714736 0.602784 0.432779
v 4.723823 0.659923 0.420115
v 4.736784 0.714818 0.402051
v 4.753439 0.766698 0.378839
v 4.773553 0.814837 0.350806
v 4.796845 0.858558 0.318345
v 4.822988 0.897249 0.281911
v 4.851614 0.930365 0.242015
v 4.788890 0.930365 0.177405
v 4.748165 0.897249 0.204836
v 4.710971 0.858558 0.229887
v 4.677835 0.814837 0.252207
v 4.649217 0.766698 0.271482
v 4.625522 0.714817 0.287442
v 4.607082 0.659923 0.299862
v 4.594154 0.602784 0.308570
v 4.586921 0.544203 0.313442
v 4.585484 0.485001 0.314410
v 4.589863 0.426010 0.311460
v 4.599997 0.368058 0.304635
v 4.615743 0.311956 0.294029
v 4.636881 0.258494 0.279791
v 4.663114 0.208419 0.262122
v 4.694074 0.162436 0.241269
v 4.729326 0.121190 0.217525
v 4.768376 0.085258 0.191223
v 4.810676 0.055146 0.162731
v 4.855632 0.031276 0.132451
v 4.902615 0.013982 0.100806
v 4.950963 0.003508 0.068241
v 4.955214 0.003508 0.073809
v 4.911056 0.013982 0.111864
v 4.868146 0.031276 0.148843
v 4.827087 0.055146 0.184228
v 4.788454 0.085258 0.217523
v 4.752788 0.121190 0.248259
v 4.720592 0.162436 0.276006
v 4.692316 0.208419 0.300374
v 4.668357 0.258494 0.321022
v 4.649051 0.311956 0.337659
v 4.634670 0.368058 0.350053
v 4.625414 0.426010 0.358029
v 4.621415 0.485001 0.361476
v 4.622728 0.544203 0.360345
v 4.629333 0.602784 0.354652
v 4.641140 0.659923 0.344477
v 4.657983 0.714818 0.329962
v 4.679624 0.766698 0.311312
v 4.705760 0.814837 0.288787
v 4.736025 0.858558 0.262705
v 4.769994 0.897249 0.233431
v 4.807190 0.930365 0.201375
v 4.761398 0.930365 0.123840
v 4.715368 0.897249 0.140938
v 4.673331 0.858558 0.156552
v 4.635879 0.814837 0.170464
v 4.603535 0.766698 0.182478
v 4.576754 0.714817 0.192425
v 4.555912 0.659923 0.200167
v 4.541301 0.602784 0.205595
v 4.533125 0.544203 0.208631
v 4.531501 0.485001 0.209234
v 4.536451 0.426010 0.207396
v 4.547904 0.368058 0.203142
v 4.565701 0.311956 0.196531
v 4.589592 0.258494 0.187657
v 4.619241 0.208419 0.176644
v 4.654233 0.162436 0.163646
v 4.694076 0.121190 0.148847
v 4.738212 0.085258 0.132453
v 4.786020 0.055146 0.114694
v 4.836832 0.031276 0.095821
v 4.889932 0.013982 0.076096
v 4.944577 0.003508 0.055799
v 4.947401 0.003508 0.062209
v 4.895540 0.013982 0.088828
v 4.845145 0.031276 0.114694
v 4.796923 0.055146 0.139444
v 4.751550 0.085258 0.162733
v 4.709663 0.121190 0.184232
v 4.671850 0.162436 0.203640
v 4.638641 0.208419 0.220685
v 4.610502 0.258494 0.235127
v 4.587829 0.311956 0.246765
v 4.570939 0.368058 0.255434
v 4.560069 0.426010 0.261013
v 4.555372 0.485001 0.263424
v 4.556913 0.544203 0.262633
v 4.564672 0.602784 0.258651
v 4.578538 0.659923 0.251533
v 4.598319 0.714817 0.241381
v 4.623735 0.766698 0.228335
v 4.654431 0.814837 0.212580
v 4.689975 0.858558 0.194337
v 4.729870 0.897249 0.173860
v 4.773555 0.930365 0.151438
v 4.820417 0.957443 0.127386
v 4.799560 0.957443 0.059086
v 4.747256 0.930365 0.065316
v 4.698497 0.897249 0.071124
v 4.653970 0.858558 0.076427
v 4.614297 0.814837 0.081153
v 4.580036 0.766698 0.085234
v 4.551668 0.714817 0.088612
v 4.529590 0.659923 0.091242
v 4.514113 0.602784 0.093086
v 4.505454 0.544203 0.094117
v 4.503733 0.485001 0.094322
v 4.508976 0.426010 0.093698
v 4.521108 0.368058 0.092252
v 4.539960 0.311956 0.090007
v 4.565267 0.258494 0.086993
v 4.596673 0.208419 0.083252
v 4.633739 0.162436 0.078837
v 4.675943 0.121189 0.073810
v 4.722695 0.085258 0.068242
v 4.773338 0.055146 0.062210
v 4.827160 0.031276 0.055799
v 4.883409 0.013982 0.049099
v 4.941292 0.003508 0.042205
v 4.942532 0.003508 0.049099
v 4.885870 0.013982 0.062791
v 4.830808 0.031276 0.076097
v 4.778121 0.055146 0.088828
v 4.728548 0.085258 0.100808
v 4.682783 0.121190 0.111866
v 4.641469 0.162436 0.121850
v 4.605186 0.208419 0.130618
v 4.574442 0.258494 0.138047
v 4.549669 0.311956 0.144033
v 4.531216 0.368058 0.148492
v 4.519340 0.426010 0.151362
v 4.514207 0.485001 0.152602
v 4.515892 0.544203 0.152195
v 4.524368 0.602784 0.150147
v 4.539519 0.659923 0.146486
v 4.561131 0.714817 0.141263
v 4.588900 0.766698 0.134553
v 4.622438 0.814837 0.126449
v 4.661273 0.858558 0.117064
v 4.704861 0.897249 0.106531
v 4.752590 0.930365 0.094998
v 4.803791 0.957443 0.082625
v 4.853650 2.200000 0.035212
v 4.857072 2.200000 0.003751
v 4.867177 2.200000 -0.026239
v 4.883492 2.200000 -0.053355
v 4.905255 2.200000 -0.076331
v 4.931448 2.200000 -0.094090
v 4.960847 2.200000 -0.105804
v 4.992077 2.200000 -0.110923
v 5.023677 2.200000 -0.109210
v 5.054170 2.200000 -0.100744
v 5.082130 2.200000 -0.085920
v 5.106249 2.200000 -0.065433
v 5.125401 2.200000 -0.040239
v 5.138689 2.200000 -0.011518
v 5.145492 2.200000 0.019389
v 5.145492 2.200000 0.051035
v 5.138689 2.200000 0.081942
v 5.125401 2.200000 0.110663
v 5.106249 2.200000 0.135857
v 5.082130 2.200000 0.156344
v 5.054170 2.200000 0.171168
v 5.023677 2.200000 0.179634
v 4.992077 2.200000 0.181347
v 4.960847 2.200000 0.176227
v 4.931448 2.200000 0.164514
v 4.905255 2.200000 0.146754
v 4.883492 2.200000 0.123779
v 4.867177 2.200000 0.096663
v 4.857072 2.200000 0.066673
v 4.853650 1.589051 0.035212
v 4.857072 1.589051 0.066673
v 4.867177 1.589051 0.096663
v 4.883492 1.589051 0.123779
v 4.905255 1.589051 0.146754
v 4.931448 1.589051 0.164514
v 4.960847 1.589051 0.176227
v 4.992077 1.589051 0.181347
v 5.023677 1.589051 0.179634
v 5.054170 1.589051 0.171168
v 5.082130 1.589051 0.156344
v 5.106249 1.589051 0.135857
v 5.125401 1.589051 0.110663
v 5.138689 1.589051 0.081942
v 5.145492 1.589051 0.051035
v 5.145492 1.589051 0.019389
v 5.138689 1.589051 -0.011518
v 5.125401 1.589051 -0.040239
v 5.106249 1.589051 -0.065433
v 5.082130 1.589051 -0.085920
v 5.054170 1.589051 -0.100744
v 5.023677 1.589051 -0.109210
v 4.992077 1.589051 -0.110923
v 4.960847 1.589051 -0.105804
v 4.931448 1.589051 -0.094090
v 4.905255 1.589051 -0.076331
v 4.883492 1.589051 -0.053355
v 4.867177 1.589051 -0.026239
v 4.857072 1.589051 0.003751
vn -0.7071 -0.1379 0.6935
vn -0.7071 -0.0000 0.7071
vn -0.7071 0.1379 0.6935
vn -0.7071 0.1380 0.6935
vn -0.7069 0.1631 0.6883
vn -0.7071 0.1631 0.6880
vn -0.7071 0.2706 0.6533
vn -0.7071 0.3174 0.6319
vn -0.7071 0.3928 0.5879
vn -0.7071 0.3173 0.6319
vn -0.7071 0.4545 0.5417
vn -0.7071 0.3929 0.5879
vn -0.7071 0.5000 0.5000
vn -0.7071 0.5672 0.4222
vn -0.7071 0.5672 0.4223
vn -0.7071 0.5879 0.3928
vn -0.7071 0.5879 0.3929
vn -0.7071 0.6493 0.2800
vn -0.7071 0.6493 0.2801
vn -0.7071 0.6533 0.2706
vn -0.7071 0.6935 0.1380
vn -0.7071 0.6935 0.1379
vn -0.7071 0.6964 0.1228
vn -0.7071 0.7071 -0.0000
vn -0.7071 0.7059 -0.0411
vn -0.7071 0.6935 -0.1379
vn -0.7071 0.6774 -0.2028
vn -0.7071 0.6533 -0.2706
vn -0.7071 0.6124 -0.3536
vn -0.7071 0.5879 -0.3928
vn -0.7071 0.6124 -0.3535
vn -0.7071 0.5879 -0.3929
vn -0.7071 0.5143 -0.4853
vn -0.7071 0.5143 -0.4852
vn -0.7071 0.5880 -0.3928
vn -0.7071 0.5000 -0.5000
vn -0.7071 0.3885 -0.5908
vn -0.7071 0.3929 -0.5879
vn -0.7071 0.3886 -0.5908
vn -0.7071 0.2706 -0.6533
vn -0.7076 0.2417 -0.6641
vn -0.7071 0.2418 -0.6645
vn -0.7071 0.1379 -0.6935
vn -0.7071 0.1380 -0.6935
vn -0.7071 0.0821 -0.7023
vn -0.7071 -0.0000 -0.7071
vn -0.7071 -0.0821 -0.7023
vn -0.7071 -0.1380 -0.6935
vn -0.7071 -0.2418 -0.6645
vn -0.7071 -0.2419 -0.6645
vn -0.7071 -0.1379 -0.6935
vn -0.7071 -0.2706 -0.6533
vn -0.7076 -0.3883 -0.5904
vn -0.7071 -0.3886 -0.5908
vn -0.7071 -0.3929 -0.5879
vn -0.7071 -0.5000 -0.5000
vn -0.7071 -0.5143 -0.4853
vn -0.7071 -0.5143 -0.4852
vn -0.7071 -0.5879 -0.3928
vn -0.7071 -0.5879 -0.3929
vn -0.7071 -0.6124 -0.3536
vn -0.7071 -0.6533 -0.2706
vn -0.7071 -0.6774 -0.2028
vn -0.7071 -0.6935 -0.1379
vn -0.7071 -0.6935 -0.1380
vn -0.7071 -0.7059 -0.0411
vn -0.7071 -0.7071 -0.0000
vn -0.7071 -0.6964 0.1228
vn -0.7071 -0.6935 0.1379
vn -0.7071 -0.6493 0.2801
vn -0.7071 -0.6493 0.2800
vn -0.7071 -0.6935 0.1380
vn -0.7071 -0.6533 0.2706
vn -0.7071 -0.5880 0.3928
vn -0.7071 -0.5879 0.3928
vn -0.7071 -0.5672 0.4222
vn -0.7071 -0.5000 0.5000
vn -0.7071 -0.5672 0.4223
vn -0.7071 -0.4545 0.5417
vn -0.7071 -0.3929 0.5879
vn -0.7071 -0.3173 0.6319
vn -0.7071 -0.3174 0.6319
vn -0.7071 -0.3928 0.5879
vn -0.7071 -0.2706 0.6533
vn -0.7071 -0.1631 0.6880
vn -0.7071 -0.1631 0.6881
vn -0.7071 -0.1380 0.6935
vn -0.7071 -0.1630 0.6881
vn -0.7069 -0.0000 0.7074
vn -0.0000 0.2306 0.9730
vn -0.0000 0.1161 0.9932
vn -0.0000 -0.0000 1.0000
vn -0.0000 -0.1161 0.9932
vn -0.0000 -0.2306 0.9730
vn -0.0000 -0.3420 0.9397
vn -0.0000 -0.4488 0.8936
vn -0.0000 -0.5495 0.8355
vn -0.0000 -0.6428 0.7660
vn 0.0001 -0.6428 0.7660
vn -0.0000 -0.7274 0.6863
vn -0.0000 -0.6428 0.7661
vn -0.0000 -0.7274 0.6862
vn -0.0000 -0.8021 0.5972
vn -0.0000 -0.8660 0.5000
vn -0.0000 -0.8021 0.5971
vn -0.0000 -0.9182 0.3961
vn -0.0000 -0.9580 0.2868
vn -0.0000 -0.9848 0.1736
vn 0.0001 -0.9848 0.1737
vn -0.0000 -0.9983 0.0582
vn -0.0000 -0.9983 0.0581
vn -0.0000 -0.9983 -0.0582
vn -0.0000 -0.9983 -0.0581
vn -0.0000 -0.9848 -0.1736
vn -0.0000 -0.9580 -0.2868
vn -0.0000 -0.9182 -0.3961
vn -0.0000 -0.8660 -0.5000
vn -0.0000 -0.8021 -0.5971
vn -0.0000 -0.8021 -0.5972
vn -0.0000 -0.7274 -0.6863
vn -0.0000 -0.7274 -0.6862
vn -0.0000 -0.6428 -0.7661
vn -0.0000 -0.6428 -0.7660
vn -0.0000 -0.5495 -0.8355
vn -0.0000 -0.4488 -0.8936
vn -0.0000 -0.3420 -0.9397
vn -0.0000 -0.2306 -0.9730
vn 0.0001 -0.2306 -0.9730
vn -0.0000 -0.1161 -0.9932
vn -0.0000 -0.0000 -1.0000
vn -0.0000 0.1161 -0.9932
vn -0.0000 0.2306 -0.9730
vn 0.0001 0.2306 -0.9730
vn -0.0000 0.3420 -0.9397
vn -0.0000 0.4488 -0.8936
vn -0.0000 0.5495 -0.8355
vn -0.0000 0.6428 -0.7660
vn -0.0000 0.7274 -0.6862
vn -0.0000 0.6428 -0.7661
vn -0.0000 0.8021 -0.5972
vn -0.0000 0.7274 -0.6863
vn -0.0000 0.8660 -0.5000
vn -0.0000 0.8021 -0.5971
vn -0.0000 0.9182 -0.3961
vn -0.0000 0.9580 -0.2868
vn -0.0000 0.9848 -0.1736
vn -0.0001 0.9848 -0.1737
vn -0.0000 0.9983 -0.0582
vn -0.0000 0.9983 -0.0581
vn -0.0000 0.9983 0.0582
vn -0.0000 0.9983 0.0581
vn -0.0000 0.9848 0.1736
vn 0.0001 0.9848 0.1737
vn -0.0000 0.9580 0.2868
vn 0.0001 0.9580 0.2868
vn -0.0000 0.9182 0.3961
vn -0.0000 0.8660 0.5000
vn -0.0000 0.8021 0.5971
vn -0.0000 0.8021 0.5972
vn -0.0000 0.7274 0.6863
vn -0.0000 0.7274 0.6862
vn -0.0000 0.6428 0.7661
vn 0.0001 0.6428 0.7660
vn -0.0000 0.5495 0.8355
vn -0.0000 0.6428 0.7660
vn -0.0000 0.4488 0.8936
vn -0.0000 0.3420 0.9397
vn -0.0001 0.2306 -0.9730
vn -0.0001 -0.2306 -0.9730
vn 0.0001 -0.9848 -0.1736
vn -0.0000 -0.9848 -0.1737
vn -0.0000 -0.9848 0.1737
vn -0.0001 -0.9848 0.1736
vn -0.0000 0.9848 -0.1737
vn -0.6926 -0.7071 0.1423
vn -0.6926 -0.7071 -0.1423
vn -0.6879 -0.7073 -0.1630
vn -0.6880 -0.7071 -0.1631
vn -0.6498 -0.7071 -0.2789
vn -0.6319 -0.7071 -0.3174
vn -0.6319 -0.7071 -0.3173
vn -0.5804 -0.7071 -0.4039
vn -0.5804 -0.7071 -0.4040
vn -0.5417 -0.7071 -0.4545
vn -0.4872 -0.7071 -0.5125
vn -0.4223 -0.7071 -0.5672
vn -0.4222 -0.7071 -0.5672
vn -0.3740 -0.7071 -0.6001
vn -0.2801 -0.7071 -0.6493
vn -0.2456 -0.7071 -0.6631
vn -0.2800 -0.7071 -0.6493
vn -0.1228 -0.7071 -0.6964
vn -0.1071 -0.7071 -0.6989
vn -0.1071 -0.7071 -0.6990
vn 0.0411 -0.7071 -0.7059
vn 0.0358 -0.7071 -0.7062
vn 0.1773 -0.7071 -0.6845
vn 0.1772 -0.7071 -0.6845
vn 0.2028 -0.7071 -0.6774
vn 0.3114 -0.7071 -0.6348
vn 0.3536 -0.7071 -0.6124
vn 0.4328 -0.7071 -0.5592
vn 0.4852 -0.7071 -0.5143
vn 0.4853 -0.7071 -0.5143
vn 0.5365 -0.7071 -0.4606
vn 0.5908 -0.7071 -0.3886
vn 0.5908 -0.7071 -0.3885
vn 0.6183 -0.7071 -0.3431
vn 0.6645 -0.7071 -0.2419
vn 0.6747 -0.7071 -0.2117
vn 0.6645 -0.7071 -0.2418
vn 0.7023 -0.7071 -0.0821
vn 0.7035 -0.7071 -0.0716
vn 0.7035 -0.7071 -0.0715
vn 0.7035 -0.7071 0.0715
vn 0.7023 -0.7071 0.0821
vn 0.7035 -0.7071 0.0716
vn 0.6747 -0.7071 0.2117
vn 0.6645 -0.7071 0.2418
vn 0.6645 -0.7071 0.2419
vn 0.6183 -0.7071 0.3431
vn 0.5908 -0.7071 0.3886
vn 0.6183 -0.7071 0.3432
vn 0.5365 -0.7071 0.4606
vn 0.5908 -0.7071 0.3885
vn 0.4852 -0.7071 0.5143
vn 0.4853 -0.7071 0.5143
vn 0.4328 -0.7071 0.5592
vn 0.3536 -0.7071 0.6124
vn 0.3114 -0.7071 0.6348
vn 0.3535 -0.7071 0.6124
vn 0.2028 -0.7071 0.6774
vn 0.1772 -0.7071 0.6845
vn 0.0411 -0.7071 0.7059
vn 0.1773 -0.7071 0.6845
vn 0.0358 -0.7071 0.7062
vn -0.1071 -0.7071 0.6989
vn -0.1228 -0.7071 0.6964
vn -0.1071 -0.7071 0.6990
vn -0.2456 -0.7071 0.6631
vn -0.2800 -0.7071 0.6493
vn -0.2801 -0.7071 0.6493
vn -0.3740 -0.7071 0.6001
vn -0.4222 -0.7071 0.5672
vn -0.4872 -0.7071 0.5125
vn -0.4223 -0.7071 0.5672
vn -0.5417 -0.7071 0.4545
vn -0.5804 -0.7071 0.4039
vn -0.5804 -0.7071 0.4040
vn -0.6319 -0.7071 0.3174
vn -0.6319 -0.7071 0.3173
vn -0.6498 -0.7071 0.2789
vn -0.6880 -0.7071 0.1631
vn -0.6881 -0.7071 0.1631
vn -0.7069 -0.7073 -0.0000
vn -0.9730 -0.0000 -0.2306
vn -0.9932 -0.0000 -0.1161
vn -1.0000 -0.0000 -0.0000
vn -0.9932 -0.0000 0.1161
vn -0.9730 -0.0000 0.2306
vn -0.9397 -0.0000 0.3420
vn -0.8936 -0.0000 0.4488
vn -0.8355 -0.0000 0.5495
vn -0.7660 -0.0000 0.6428
vn -0.6862 -0.0000 0.7274
vn -0.5971 -0.0000 0.8021
vn -0.5972 -0.0000 0.8021
vn -0.5000 -0.0000 0.8660
vn -0.3961 -0.0000 0.9182
vn -0.2868 -0.0000 0.9580
vn -0.1736 -0.0000 0.9848
vn -0.0581 -0.0000 0.9983
vn -0.1737 -0.0000 0.9848
vn 0.0581 -0.0000 0.9983
vn 0.1737 -0.0000 0.9848
vn 0.1736 -0.0000 0.9848
vn 0.2868 -0.0000 0.9580
vn 0.3961 -0.0000 0.9182
vn 0.5000 -0.0000 0.8660
vn 0.5972 -0.0000 0.8021
vn 0.6862 -0.0000 0.7274
vn 0.5971 -0.0000 0.8021
vn 0.7660 -0.0000 0.6428
vn 0.8355 -0.0000 0.5495
vn 0.8936 -0.0000 0.4488
vn 0.9397 -0.0000 0.3420
vn 0.9730 -0.0000 0.2306
vn 0.9932 -0.0000 0.1161
vn 1.0000 -0.0000 -0.0000
vn 0.9932 -0.0000 -0.1161
vn 0.9730 -0.0000 -0.2306
vn 0.9397 -0.0000 -0.3420
vn 0.8936 -0.0000 -0.4488
vn 0.8355 -0.0000 -0.5495
vn 0.7660 -0.0000 -0.6428
vn 0.6862 -0.0000 -0.7274
vn 0.5971 -0.0000 -0.8021
vn 0.5972 -0.0000 -0.8021
vn 0.5000 -0.0000 -0.8660
vn 0.3961 -0.0000 -0.9182
vn 0.2868 -0.0000 -0.9580
vn 0.1736 -0.0000 -0.9848
vn 0.1736 -0.0001 -0.9848
vn 0.0581 -0.0000 -0.9983
vn 0.1737 -0.0000 -0.9848
vn -0.0581 -0.0000 -0.9983
vn -0.1737 -0.0000 -0.9848
vn -0.1736 0.0001 -0.9848
vn -0.2868 -0.0000 -0.9580
vn -0.1736 -0.0000 -0.9848
vn -0.3961 -0.0000 -0.9182
vn -0.3961 -0.0001 -0.9182
vn -0.5000 -0.0000 -0.8660
vn -0.5972 -0.0000 -0.8021
vn -0.6862 -0.0000 -0.7274
vn -0.5971 -0.0000 -0.8021
vn -0.7660 -0.0000 -0.6428
vn -0.8355 -0.0000 -0.5495
vn -0.8936 -0.0000 -0.4488
vn -0.9397 -0.0000 -0.3420
vn 0.7661 -0.0000 0.6428
vn -0.0582 -0.0000 0.9983
vn -0.0582 -0.0000 -0.9983
vn 0.7661 -0.0000 -0.6428
vn -0.0000 1.0000 -0.0000
vn 0.7843 -0.0000 0.6204
vn 0.6719 -0.0000 0.7406
vn 0.6719 -0.0000 0.7407
vn 0.5413 -0.0000 0.8408
vn 0.5413 -0.0000 0.8409
vn 0.3960 -0.0000 0.9183
vn 0.2399 -0.0000 0.9708
vn 0.0774 -0.0000 0.9970
vn -0.0872 -0.0000 0.9962
vn -0.0873 -0.0000 0.9962
vn -0.2495 -0.0000 0.9684
vn -0.4050 -0.0000 0.9143
vn -0.5496 -0.0000 0.8355
vn -0.5496 -0.0000 0.8354
vn -0.6792 -0.0000 0.7340
vn -0.7904 -0.0000 0.6126
vn -0.8802 -0.0000 0.4746
vn -0.9462 -0.0000 0.3237
vn -0.9864 -0.0000 0.1641
vn -0.9864 -0.0000 -0.1641
vn -0.9462 -0.0000 -0.3237
vn -0.8802 -0.0000 -0.4746
vn -0.7904 -0.0000 -0.6126
vn -0.6792 -0.0000 -0.7340
vn -0.5496 -0.0000 -0.8354
vn -0.5496 -0.0000 -0.8355
vn -0.4050 -0.0000 -0.9143
vn -0.2495 -0.0000 -0.9684
vn -0.0873 -0.0000 -0.9962
vn -0.0872 -0.0000 -0.9962
vn 0.0774 -0.0000 -0.9970
vn 0.2399 -0.0000 -0.9708
vn 0.3960 -0.0000 -0.9183
vn 0.5413 -0.0000 -0.8409
vn 0.5413 -0.0000 -0.8408
vn 0.6719 -0.0000 -0.7407
vn 0.6719 -0.0000 -0.7406
vn 0.7843 -0.0000 -0.6204
vn 0.0200 -0.0000 0.9998
vn 0.1161 -0.0000 -0.9932
vn 0.2306 -0.0000 -0.9730
vn 0.3420 -0.0000 -0.9397
vn 0.4488 -0.0000 -0.8936
vn 0.5495 -0.0000 -0.8355
vn 0.6428 -0.0000 -0.7660
vn 0.6428 -0.0000 -0.7661
vn 0.7274 -0.0000 -0.6863
vn 0.8021 -0.0000 -0.5971
vn 0.8021 -0.0000 -0.5972
vn 0.8660 -0.0000 -0.5000
vn 0.9182 -0.0000 -0.3961
vn 0.9580 -0.0000 -0.2868
vn 0.9848 -0.0000 -0.1736
vn 0.9848 -0.0000 -0.1737
vn 0.9983 -0.0000 -0.0581
vn 0.9983 -0.0000 0.0581
vn 0.9848 -0.0000 0.1737
vn 0.9848 -0.0000 0.1736
vn 0.9580 -0.0000 0.2868
vn 0.9182 -0.0000 0.3961
vn 0.8660 -0.0000 0.5000
vn 0.8021 -0.0000 0.5972
vn 0.8021 -0.0000 0.5971
vn 0.7274 -0.0000 0.6863
vn 0.6428 -0.0000 0.7661
vn 0.6428 -0.0000 0.7660
vn 0.5495 -0.0000 0.8355
vn 0.4488 -0.0000 0.8936
vn 0.3420 -0.0000 0.9397
vn 0.2306 -0.0000 0.9730
vn 0.1161 -0.0000 0.9932
vn 0.0200 -0.0000 -0.9998
vn 0.5796 -0.7071 -0.4051
vn 0.5546 -0.7071 -0.4387
vn 0.5131 -0.7071 -0.4866
vn 0.4751 -0.7071 -0.5237
vn 0.4352 -0.7071 -0.5573
vn 0.3827 -0.7071 -0.5946
vn 0.3477 -0.7071 -0.6157
vn 0.2800 -0.7071 -0.6493
vn 0.2525 -0.7071 -0.6605
vn 0.1697 -0.7071 -0.6864
vn 0.1517 -0.7071 -0.6906
vn 0.0547 -0.7071 -0.7050
vn 0.0476 -0.7071 -0.7055
vn -0.0617 -0.7071 -0.7044
vn -0.0576 -0.7071 -0.7048
vn -0.0576 -0.7071 -0.7047
vn -0.1616 -0.7071 -0.6884
vn -0.1764 -0.7071 -0.6847
vn -0.1615 -0.7071 -0.6884
vn -0.1765 -0.7071 -0.6847
vn -0.2619 -0.7071 -0.6568
vn -0.2864 -0.7071 -0.6465
vn -0.3565 -0.7071 -0.6107
vn -0.3886 -0.7071 -0.5907
vn -0.4431 -0.7071 -0.5510
vn -0.3886 -0.7071 -0.5908
vn -0.4803 -0.7071 -0.5190
vn -0.5200 -0.7071 -0.4792
vn -0.5589 -0.7071 -0.4332
vn -0.5853 -0.7071 -0.3968
vn -0.5853 -0.7071 -0.3967
vn -0.5589 -0.7071 -0.4331
vn -0.6224 -0.7071 -0.3356
vn -0.6377 -0.7071 -0.3055
vn -0.6690 -0.7071 -0.2289
vn -0.6760 -0.7071 -0.2075
vn -0.6975 -0.7071 -0.1160
vn -0.6993 -0.7071 -0.1049
vn -0.6974 -0.7073 -0.1160
vn -0.6993 -0.7071 0.1049
vn -0.7070 -0.7073 -0.0000
vn -0.6975 -0.7071 0.1160
vn -0.6760 -0.7071 0.2075
vn -0.6690 -0.7071 0.2289
vn -0.6377 -0.7071 0.3055
vn -0.6224 -0.7071 0.3356
vn -0.6224 -0.7071 0.3355
vn -0.5853 -0.7071 0.3967
vn -0.5589 -0.7071 0.4331
vn -0.5853 -0.7071 0.3968
vn -0.5589 -0.7071 0.4332
vn -0.5200 -0.7071 0.4792
vn -0.4803 -0.7071 0.5190
vn -0.4431 -0.7071 0.5510
vn -0.3886 -0.7071 0.5908
vn -0.3886 -0.7071 0.5907
vn -0.3565 -0.7071 0.6107
vn -0.2864 -0.7071 0.6465
vn -0.2619 -0.7071 0.6568
vn -0.1764 -0.7071 0.6847
vn -0.1765 -0.7071 0.6847
vn -0.1615 -0.7071 0.6884
vn -0.1616 -0.7071 0.6884
vn -0.0617 -0.7071 0.7044
vn -0.0576 -0.7071 0.7047
vn -0.0576 -0.7071 0.7048
vn 0.0476 -0.7071 0.7055
vn 0.0547 -0.7071 0.7050
vn 0.1517 -0.7071 0.6906
vn 0.1697 -0.7071 0.6864
vn 0.2525 -0.7071 0.6605
vn 0.2800 -0.7071 0.6493
vn 0.3477 -0.7071 0.6157
vn 0.3827 -0.7071 0.5946
vn 0.4352 -0.7071 0.5573
vn 0.4751 -0.7071 0.5237
vn 0.5131 -0.7071 0.4866
vn 0.5546 -0.7071 0.4387
vn 0.5796 -0.7071 0.4051
vn 0.7071 -0.7071 -0.0000
vn -0.0000 -1.0000 -0.0000
vn 0.7393 -0.6577 0.1448
vn 0.7393 -0.6734 -0.0000
vn 0.7393 -0.6577 -0.1448
vn 0.7393 -0.6577 -0.1447
vn 0.7393 -0.6538 -0.1612
vn 0.7393 -0.6112 -0.2828
vn 0.7393 -0.6538 -0.1611
vn 0.7393 -0.6112 -0.2827
vn 0.7393 -0.5963 -0.3129
vn 0.7393 -0.5963 -0.3130
vn 0.7393 -0.5361 -0.4075
vn 0.7393 -0.5041 -0.4465
vn 0.7393 -0.5040 -0.4466
vn 0.7393 -0.5361 -0.4076
vn 0.7393 -0.4359 -0.5133
vn 0.7393 -0.5041 -0.4466
vn 0.7393 -0.3825 -0.5542
vn 0.7393 -0.3154 -0.5950
vn 0.7393 -0.3826 -0.5542
vn 0.7393 -0.2388 -0.6297
vn 0.7393 -0.2388 -0.6296
vn 0.7393 -0.1802 -0.6489
vn 0.7393 -0.1801 -0.6489
vn 0.7393 -0.0812 -0.6685
vn 0.7393 -0.0365 -0.6724
vn 0.7393 0.0812 -0.6685
vn 0.7393 0.1090 -0.6645
vn 0.7393 0.2388 -0.6296
vn 0.7393 0.2388 -0.6297
vn 0.7393 0.1089 -0.6645
vn 0.7393 0.2492 -0.6256
vn 0.7393 0.2493 -0.6256
vn 0.7393 0.3826 -0.5542
vn 0.7393 0.3825 -0.5542
vn 0.7393 0.3779 -0.5574
vn 0.7393 0.4889 -0.4631
vn 0.7393 0.5040 -0.4466
vn 0.7393 0.5041 -0.4465
vn 0.7393 0.5770 -0.3472
vn 0.7393 0.5963 -0.3130
vn 0.7393 0.5963 -0.3129
vn 0.7393 0.6382 -0.2150
vn 0.7393 0.6538 -0.1612
vn 0.7393 0.6695 -0.0728
vn 0.7393 0.6734 -0.0000
vn 0.7393 0.6695 0.0728
vn 0.7393 0.6538 0.1612
vn 0.7393 0.6382 0.2150
vn 0.7393 0.5963 0.3130
vn 0.7393 0.5963 0.3129
vn 0.7393 0.5770 0.3472
vn 0.7393 0.5041 0.4465
vn 0.7393 0.4889 0.4631
vn 0.7393 0.5040 0.4466
vn 0.7393 0.3825 0.5542
vn 0.7393 0.3779 0.5574
vn 0.7393 0.2493 0.6256
vn 0.7393 0.3826 0.5542
vn 0.7393 0.2388 0.6297
vn 0.7393 0.2492 0.6256
vn 0.7393 0.1089 0.6645
vn 0.7393 0.2388 0.6296
vn 0.7393 0.1090 0.6645
vn 0.7393 0.0812 0.6685
vn 0.7393 -0.0365 0.6724
vn 0.7393 -0.0812 0.6685
vn 0.7393 -0.1802 0.6489
vn 0.7393 -0.1801 0.6489
vn 0.7393 -0.2388 0.6297
vn 0.7393 -0.2388 0.6296
vn 0.7393 -0.3154 0.5950
vn 0.7393 -0.3826 0.5542
vn 0.7393 -0.3825 0.5542
vn 0.7393 -0.4359 0.5133
vn 0.7393 -0.5041 0.4466
vn 0.7393 -0.5040 0.4466
vn 0.7393 -0.5361 0.4076
vn 0.7393 -0.5041 0.4465
vn 0.7393 -0.5361 0.4075
vn 0.7393 -0.5963 0.3130
vn 0.7393 -0.6112 0.2828
vn 0.7393 -0.5963 0.3129
vn 0.7393 -0.6112 0.2827
vn 0.7393 -0.6538 0.1611
vn 0.7393 -0.6538 0.1612
vn 0.7393 -0.6577 0.1447
vn -0.9659 0.2556 0.0405
vn -0.9659 0.2588 -0.0000
vn -0.9659 0.2556 -0.0405
vn -0.8660 0.5000 -0.0000
vn -0.8660 0.4938 -0.0782
vn -0.7071 0.6984 -0.1106
vn -0.5000 0.8660 -0.0000
vn -0.5000 0.8554 -0.1355
vn -0.2588 0.9659 -0.0000
vn -0.2588 0.9540 -0.1511
vn -0.0000 0.9877 -0.1564
vn -0.9659 0.2461 0.0800
vn -0.9659 0.2462 0.0800
vn -0.9659 0.2306 0.1175
vn -0.9659 0.2094 0.1521
vn -0.9659 0.1830 0.1830
vn -0.9659 0.1521 0.2094
vn -0.9659 0.1175 0.2306
vn -0.9659 0.0800 0.2462
vn -0.9659 0.0800 0.2461
vn -0.9659 0.0405 0.2556
vn -0.9659 -0.0000 0.2588
vn -0.9659 -0.0405 0.2556
vn -0.9659 -0.0800 0.2462
vn -0.9659 -0.0800 0.2461
vn -0.9659 -0.1175 0.2306
vn -0.9659 -0.1521 0.2094
vn -0.9659 -0.1830 0.1830
vn -0.9659 -0.2094 0.1521
vn -0.9659 -0.2306 0.1175
vn -0.9659 -0.2461 0.0800
vn -0.9659 -0.2462 0.0800
vn -0.9659 -0.2556 0.0405
vn -0.9659 -0.2588 -0.0000
vn -0.9659 -0.2556 -0.0405
vn -0.8660 -0.4938 -0.0782
vn -0.8660 -0.4755 -0.1545
vn -0.7071 -0.6725 -0.2185
vn -0.7071 -0.6300 -0.3210
vn -0.7071 -0.6301 -0.3210
vn -0.5000 -0.7716 -0.3932
vn -0.5000 -0.7006 -0.5090
vn -0.2588 -0.7815 -0.5677
vn -0.2588 -0.7814 -0.5678
vn -0.2588 -0.6830 -0.6830
vn -0.0000 -0.7071 -0.7071
vn -0.0000 -0.5878 -0.8090
vn -0.2588 -0.5678 -0.7814
vn -0.2588 -0.5678 -0.7815
vn -0.0000 -0.4540 -0.8910
vn -0.2588 -0.4385 -0.8606
vn -0.0000 -0.3090 -0.9511
vn -0.2588 -0.2985 -0.9187
vn -0.2588 -0.2985 -0.9186
vn -0.0000 -0.1564 -0.9877
vn -0.2588 -0.1511 -0.9540
vn -0.2588 -0.0000 -0.9659
vn -0.0000 0.1564 -0.9877
vn -0.2588 0.1511 -0.9540
vn -0.0000 0.3090 -0.9511
vn -0.2588 0.2985 -0.9186
vn -0.0000 0.4540 -0.8910
vn -0.2588 0.4385 -0.8606
vn -0.0000 0.5878 -0.8090
vn -0.2588 0.4385 -0.8607
vn -0.2588 0.5678 -0.7814
vn -0.0000 0.7071 -0.7071
vn -0.2588 0.6830 -0.6830
vn -0.0000 0.8090 -0.5878
vn -0.2588 0.7814 -0.5678
vn -0.0000 0.8910 -0.4540
vn -0.2588 0.7815 -0.5677
vn -0.2588 0.8606 -0.4385
vn -0.0000 0.9511 -0.3090
vn -0.2588 0.9186 -0.2985
vn -0.9659 -0.2461 -0.0800
vn -0.8660 -0.4455 -0.2270
vn -0.7071 -0.5721 -0.4156
vn -0.7071 -0.5720 -0.4156
vn -0.5000 -0.6124 -0.6124
vn -0.9659 -0.2306 -0.1175
vn -0.9659 -0.2462 -0.0800
vn -0.8660 -0.4045 -0.2939
vn -0.5000 -0.5090 -0.7006
vn -0.9659 -0.2094 -0.1521
vn -0.8660 -0.3536 -0.3536
vn -0.8660 -0.3535 -0.3535
vn -0.7071 -0.4156 -0.5720
vn -0.7071 -0.4156 -0.5721
vn -0.5000 -0.3932 -0.7716
vn -0.9659 -0.1830 -0.1830
vn -0.8660 -0.3536 -0.3535
vn -0.8660 -0.2939 -0.4045
vn -0.7071 -0.3210 -0.6300
vn -0.5000 -0.2676 -0.8236
vn -0.9659 -0.1521 -0.2094
vn -0.8660 -0.2270 -0.4455
vn -0.7071 -0.2185 -0.6725
vn -0.5000 -0.1355 -0.8554
vn -0.9659 -0.1175 -0.2306
vn -0.8660 -0.1545 -0.4755
vn -0.7071 -0.1106 -0.6984
vn -0.5000 -0.1355 -0.8553
vn -0.9659 -0.0800 -0.2462
vn -0.9659 -0.0800 -0.2461
vn -0.8660 -0.0782 -0.4938
vn -0.5000 0.1355 -0.8554
vn -0.2588 0.2985 -0.9187
vn -0.9659 -0.0405 -0.2556
vn -0.8660 -0.0000 -0.5000
vn -0.7071 0.1106 -0.6984
vn -0.5000 0.2676 -0.8236
vn -0.5000 0.2676 -0.8237
vn -0.9659 -0.0000 -0.2588
vn -0.8660 0.0782 -0.4938
vn -0.7071 0.2185 -0.6725
vn -0.5000 0.3932 -0.7716
vn -0.2588 0.5678 -0.7815
vn -0.9659 0.0405 -0.2556
vn -0.8660 0.1545 -0.4755
vn -0.7071 0.3210 -0.6300
vn -0.5000 0.5090 -0.7006
vn -0.2588 0.5677 -0.7815
vn -0.9659 0.0800 -0.2462
vn -0.9659 0.0800 -0.2461
vn -0.8660 0.2270 -0.4455
vn -0.7071 0.4156 -0.5721
vn -0.7071 0.3210 -0.6301
vn -0.5000 0.5091 -0.7006
vn -0.5000 0.6124 -0.6124
vn -0.9659 0.1175 -0.2306
vn -0.8660 0.2939 -0.4045
vn -0.7071 0.4156 -0.5720
vn -0.5000 0.7006 -0.5090
vn -0.2588 0.8607 -0.4385
vn -0.9659 0.1521 -0.2094
vn -0.8660 0.3536 -0.3536
vn -0.8660 0.3535 -0.3535
vn -0.7071 0.5721 -0.4156
vn -0.5000 0.7716 -0.3932
vn -0.2588 0.9187 -0.2985
vn -0.9659 0.1830 -0.1830
vn -0.8660 0.4045 -0.2939
vn -0.8660 0.3535 -0.3536
vn -0.7071 0.6300 -0.3210
vn -0.5000 0.8236 -0.2676
vn -0.9659 0.2094 -0.1521
vn -0.8660 0.4455 -0.2270
vn -0.7071 0.6725 -0.2185
vn -0.9659 0.2306 -0.1175
vn -0.8660 0.4755 -0.1545
vn -0.9659 0.2462 -0.0800
vn -0.9659 0.2461 -0.0800
vn -0.9659 0.2557 -0.0405
vn -0.0000 -0.8090 -0.5878
vn -0.2588 -0.7815 -0.5678
vn -0.2588 -0.8606 -0.4385
vn -0.5000 -0.8236 -0.2676
vn -0.5000 -0.8237 -0.2676
vn -0.7071 -0.6984 -0.1106
vn -0.8660 -0.5000 -0.0000
vn -0.0000 -0.8910 -0.4540
vn -0.2588 -0.9186 -0.2985
vn -0.2588 -0.8607 -0.4385
vn -0.2588 -0.9187 -0.2985
vn -0.5000 -0.8554 -0.1355
vn -0.8660 -0.4938 0.0782
vn -0.8660 -0.4939 0.0782
vn -0.0000 -0.9511 -0.3090
vn -0.2588 -0.9540 -0.1511
vn -0.5000 -0.8660 -0.0000
vn -0.7071 -0.6984 0.1106
vn -0.8660 -0.4755 0.1545
vn -0.0000 -0.9877 -0.1564
vn -0.2588 -0.9659 -0.0000
vn -0.5000 -0.8554 0.1355
vn -0.7071 -0.6725 0.2185
vn -0.8660 -0.4455 0.2270
vn -0.2588 -0.9540 0.1511
vn -0.5000 -0.8236 0.2676
vn -0.5000 -0.8237 0.2676
vn -0.7071 -0.6301 0.3210
vn -0.7071 -0.6300 0.3210
vn -0.8660 -0.4045 0.2939
vn -0.0000 -0.9877 0.1564
vn -0.2588 -0.9187 0.2985
vn -0.2588 -0.9186 0.2985
vn -0.5000 -0.7716 0.3932
vn -0.7071 -0.5720 0.4156
vn -0.7071 -0.5721 0.4156
vn -0.8660 -0.3535 0.3536
vn -0.8660 -0.3536 0.3536
vn -0.8660 -0.3536 0.3535
vn -0.0000 -0.9511 0.3090
vn -0.2588 -0.8606 0.4385
vn -0.2588 -0.8607 0.4385
vn -0.5000 -0.7006 0.5090
vn -0.8660 -0.2939 0.4045
vn -0.0000 -0.8910 0.4540
vn -0.2588 -0.7814 0.5678
vn -0.5000 -0.6124 0.6124
vn -0.7071 -0.4156 0.5721
vn -0.7071 -0.4156 0.5720
vn -0.8660 -0.2270 0.4455
vn -0.0000 -0.8090 0.5878
vn -0.2588 -0.7815 0.5678
vn -0.2588 -0.6830 0.6830
vn -0.5000 -0.5090 0.7006
vn -0.7071 -0.3210 0.6300
vn -0.7071 -0.3210 0.6301
vn -0.8660 -0.1545 0.4755
vn -0.0000 -0.7071 0.7071
vn -0.2588 -0.5678 0.7814
vn -0.2588 -0.5678 0.7815
vn -0.5000 -0.3932 0.7716
vn -0.7071 -0.2185 0.6725
vn -0.8660 -0.0782 0.4938
vn -0.0000 -0.5878 0.8090
vn -0.2588 -0.5677 0.7815
vn -0.2588 -0.4385 0.8606
vn -0.5000 -0.2676 0.8236
vn -0.7071 -0.1106 0.6984
vn -0.8660 -0.0000 0.5000
vn -0.0000 -0.4540 0.8910
vn -0.2588 -0.4385 0.8607
vn -0.2588 -0.2985 0.9186
vn -0.5000 -0.2676 0.8237
vn -0.5000 -0.1355 0.8554
vn -0.8660 0.0782 0.4938
vn -0.0000 -0.3090 0.9511
vn -0.2588 -0.1511 0.9540
vn -0.2588 -0.2985 0.9187
vn -0.7071 0.1106 0.6984
vn -0.8660 0.1545 0.4755
vn -0.0000 -0.1564 0.9877
vn -0.2588 -0.0000 0.9659
vn -0.5000 0.1355 0.8554
vn -0.7071 0.2185 0.6725
vn -0.8660 0.2270 0.4455
vn -0.2588 0.1511 0.9540
vn -0.5000 0.2676 0.8236
vn -0.7071 0.3210 0.6300
vn -0.8660 0.2939 0.4045
vn -0.0000 0.1564 0.9877
vn -0.2588 0.2985 0.9187
vn -0.2588 0.2985 0.9186
vn -0.5000 0.3932 0.7716
vn -0.7071 0.4156 0.5721
vn -0.7071 0.4156 0.5720
vn -0.8660 0.3535 0.3535
vn -0.0000 0.3090 0.9511
vn -0.2588 0.4385 0.8606
vn -0.5000 0.5090 0.7006
vn -0.8660 0.4045 0.2939
vn -0.8660 0.3536 0.3536
vn -0.0000 0.4540 0.8910
vn -0.2588 0.5678 0.7815
vn -0.2588 0.5678 0.7814
vn -0.5000 0.6124 0.6124
vn -0.7071 0.5721 0.4156
vn -0.8660 0.4455 0.2270
vn -0.0000 0.5878 0.8090
vn -0.2588 0.6830 0.6830
vn -0.5000 0.7006 0.5091
vn -0.5000 0.7006 0.5090
vn -0.7071 0.6300 0.3210
vn -0.8660 0.4755 0.1545
vn -0.0000 0.7071 0.7071
vn -0.2588 0.7814 0.5678
vn -0.2588 0.7815 0.5677
vn -0.5000 0.7716 0.3932
vn -0.7071 0.6725 0.2185
vn -0.8660 0.4938 0.0782
vn -0.0000 0.8090 0.5878
vn -0.2588 0.8606 0.4385
vn -0.5000 0.8236 0.2676
vn -0.7071 0.6984 0.1106
vn -0.0000 0.8910 0.4540
vn -0.2588 0.9186 0.2985
vn -0.5000 0.8554 0.1355
vn -0.0000 0.9511 0.3090
vn -0.2588 0.9540 0.1511
vn -0.2588 0.9187 0.2985
vn -0.0000 0.9877 0.1564
vn -0.0000 0.9510 0.3090
vn -0.0000 0.1565 0.9877
vn -0.0000 -0.1565 0.9877
vn -0.0000 -0.9510 0.3090
vn -0.0000 -0.9510 -0.3090
vn -0.0000 -0.1565 -0.9877
vn -0.0000 0.1565 -0.9877
vn -0.0000 0.9510 -0.3090
vn -0.9962 0.0436 0.0755
vn -0.9962 0.0872 -0.0000
vn -0.9962 0.0436 -0.0755
vn -0.9962 -0.0436 -0.0755
vn -0.9962 -0.0872 -0.0000
vn -0.9962 -0.0436 0.0755
vn -0.0000 0.5000 0.8660
vn -0.0000 0.5000 -0.8660
vn -0.0000 -0.5000 -0.8660
vn -0.0000 -0.5000 0.8660
vn -0.0000 -0.9766 0.2150
vn -0.0000 -0.9766 -0.2150
vn -0.0000 -0.9076 -0.4199
vn -0.0000 -0.9766 -0.2149
vn -0.0000 -0.7961 -0.6052
vn -0.0000 -0.6474 -0.7622
vn -0.0000 -0.4684 -0.8835
vn -0.0000 -0.2675 -0.9636
vn -0.0000 -0.2675 -0.9635
vn -0.0000 -0.0541 -0.9985
vn -0.0000 0.1618 -0.9868
vn -0.0000 0.3701 -0.9290
vn -0.0000 0.5612 -0.8277
vn -0.0000 0.7260 -0.6877
vn -0.0000 0.8569 -0.5155
vn -0.0000 0.8569 -0.5156
vn -0.0000 0.9477 -0.3193
vn 0.0001 0.8569 -0.5156
vn -0.0000 0.9476 -0.3193
vn -0.0000 0.9941 -0.1081
vn -0.0000 0.9941 0.1081
vn -0.0000 0.9476 0.3193
vn -0.0000 0.9477 0.3193
vn -0.0000 0.8569 0.5156
vn -0.0000 0.7260 0.6877
vn -0.0000 0.8569 0.5155
vn -0.0000 0.5612 0.8277
vn -0.0000 0.3701 0.9290
vn -0.0000 0.1618 0.9868
vn -0.0000 -0.0541 0.9985
vn -0.0000 -0.2675 0.9635
vn -0.0000 -0.2675 0.9636
vn -0.0000 -0.4684 0.8835
vn -0.0000 -0.6474 0.7622
vn -0.0000 -0.7961 0.6052
vn -0.0000 -0.9076 0.4199
vn -0.0000 -0.9766 0.2149
vn -0.0001 -0.7961 0.6052
vn 0.0001 0.5612 0.8277
vn -0.0000 0.8568 0.5156
vn -0.0000 0.8568 -0.5156
vn -0.0001 0.7260 -0.6877
vn -0.2859 0.9562 -0.0629
vn -0.4009 0.9149 -0.0477
vn -0.2927 0.9562 -0.0000
vn -0.4037 0.9149 -0.0000
vn -0.4009 0.9149 0.0477
vn -0.5090 0.8607 -0.0000
vn -0.5055 0.8607 0.0602
vn -0.6073 0.7945 -0.0000
vn -0.6030 0.7945 0.0718
vn -0.6970 0.7171 -0.0000
vn -0.6921 0.7171 0.0824
vn -0.6920 0.7171 0.0824
vn -0.6969 0.7171 -0.0000
vn -0.7769 0.6297 -0.0000
vn -0.7714 0.6297 0.0919
vn -0.8459 0.5334 -0.0000
vn -0.8399 0.5334 0.1000
vn -0.9030 0.4296 -0.0000
vn -0.8967 0.4296 0.1068
vn -0.9030 0.4297 -0.0000
vn -0.9475 0.3199 -0.0000
vn -0.9475 0.3198 -0.0000
vn -0.9408 0.3199 0.1120
vn -0.9408 0.3199 0.1121
vn -0.9786 0.2056 -0.0000
vn -0.9408 0.3198 0.1120
vn -0.9718 0.2056 0.1158
vn -0.9961 0.0884 -0.0000
vn -0.9891 0.0884 0.1178
vn -0.9995 -0.0300 -0.0000
vn -0.9925 -0.0300 0.1182
vn -0.9890 -0.1480 -0.0000
vn -0.9821 -0.1480 0.1170
vn -0.9820 -0.1480 0.1170
vn -0.9646 -0.2639 -0.0000
vn -0.9578 -0.2639 0.1141
vn -0.9266 -0.3761 -0.0000
vn -0.9201 -0.3761 0.1096
vn -0.8756 -0.4830 -0.0000
vn -0.8695 -0.4830 0.1036
vn -0.8124 -0.5832 -0.0000
vn -0.8066 -0.5832 0.0961
vn -0.8067 -0.5832 0.0961
vn -0.7377 -0.6751 -0.0000
vn -0.7325 -0.6751 0.0873
vn -0.6527 -0.7576 -0.0000
vn -0.7325 -0.6751 0.0872
vn -0.6481 -0.7576 0.0772
vn -0.5585 -0.8295 -0.0000
vn -0.5546 -0.8295 0.0661
vn -0.4565 -0.8897 -0.0000
vn -0.4533 -0.8897 0.0540
vn -0.3481 -0.9374 -0.0000
vn -0.3481 -0.9375 -0.0000
vn -0.3457 -0.9375 0.0412
vn -0.3457 -0.9374 0.0412
vn -0.2348 -0.9720 -0.0000
vn -0.2332 -0.9720 0.0278
vn -0.1183 -0.9930 -0.0000
vn -0.1174 -0.9930 0.0140
vn -0.1182 -0.9930 -0.0000
vn -0.2657 0.9562 -0.1229
vn -0.3784 0.9149 -0.1406
vn -0.3785 0.9149 -0.1406
vn -0.3924 0.9149 -0.0948
vn -0.2858 0.9562 -0.0629
vn -0.4009 0.9149 -0.0478
vn -0.4948 0.8607 -0.1196
vn -0.5055 0.8607 -0.0602
vn -0.5903 0.7945 -0.1426
vn -0.6030 0.7945 -0.0718
vn -0.6775 0.7171 -0.1637
vn -0.6921 0.7171 -0.0824
vn -0.7551 0.6297 -0.1825
vn -0.6920 0.7171 -0.0824
vn -0.7714 0.6297 -0.0919
vn -0.8222 0.5334 -0.1987
vn -0.8399 0.5334 -0.1000
vn -0.8399 0.5334 -0.1001
vn -0.8777 0.4296 -0.2121
vn -0.8967 0.4296 -0.1068
vn -0.9210 0.3199 -0.2225
vn -0.9210 0.3198 -0.2226
vn -0.9408 0.3198 -0.1120
vn -0.9408 0.3199 -0.1120
vn -0.9210 0.3199 -0.2226
vn -0.9513 0.2056 -0.2299
vn -0.9718 0.2056 -0.1158
vn -0.9718 0.2056 -0.1157
vn -0.9682 0.0884 -0.2340
vn -0.9891 0.0884 -0.1178
vn -0.9716 -0.0300 -0.2348
vn -0.9925 -0.0300 -0.1182
vn -0.9613 -0.1480 -0.2323
vn -0.9820 -0.1480 -0.1170
vn -0.9376 -0.2639 -0.2266
vn -0.9376 -0.2639 -0.2265
vn -0.9578 -0.2639 -0.1141
vn -0.9007 -0.3761 -0.2176
vn -0.9201 -0.3761 -0.1096
vn -0.8511 -0.4830 -0.2057
vn -0.8695 -0.4830 -0.1036
vn -0.7896 -0.5832 -0.1908
vn -0.8066 -0.5832 -0.0961
vn -0.8067 -0.5832 -0.0961
vn -0.7171 -0.6751 -0.1733
vn -0.7325 -0.6751 -0.0872
vn -0.7325 -0.6751 -0.0873
vn -0.6344 -0.7576 -0.1533
vn -0.6481 -0.7576 -0.0772
vn -0.5429 -0.8295 -0.1312
vn -0.5546 -0.8295 -0.0661
vn -0.4437 -0.8897 -0.1072
vn -0.4438 -0.8897 -0.1072
vn -0.4533 -0.8897 -0.0540
vn -0.3384 -0.9375 -0.0818
vn -0.3384 -0.9374 -0.0818
vn -0.3457 -0.9374 -0.0412
vn -0.2282 -0.9720 -0.0552
vn -0.3457 -0.9375 -0.0412
vn -0.2332 -0.9720 -0.0278
vn -0.1150 -0.9930 -0.0278
vn -0.1174 -0.9930 -0.0140
vn -0.1149 -0.9930 -0.0278
vn -0.2330 0.9562 -0.1771
vn -0.3349 0.9149 -0.2255
vn -0.2656 0.9562 -0.1229
vn -0.3348 0.9149 -0.2255
vn -0.3592 0.9149 -0.1844
vn -0.3592 0.9149 -0.1843
vn -0.4529 0.8607 -0.2324
vn -0.4772 0.8607 -0.1773
vn -0.4529 0.8607 -0.2325
vn -0.5402 0.7945 -0.2773
vn -0.5403 0.7945 -0.2773
vn -0.5692 0.7945 -0.2115
vn -0.5693 0.7945 -0.2114
vn -0.6200 0.7171 -0.3183
vn -0.6201 0.7171 -0.3183
vn -0.6533 0.7171 -0.2427
vn -0.6911 0.6297 -0.3547
vn -0.7283 0.6297 -0.2705
vn -0.7282 0.6297 -0.2705
vn -0.7525 0.5334 -0.3862
vn -0.7525 0.5334 -0.3863
vn -0.7929 0.5334 -0.2945
vn -0.8034 0.4296 -0.4123
vn -0.8034 0.4297 -0.4123
vn -0.8465 0.4297 -0.3144
vn -0.8465 0.4296 -0.3144
vn -0.8429 0.3199 -0.4326
vn -0.8882 0.3199 -0.3299
vn -0.8707 0.2056 -0.4469
vn -0.9174 0.2056 -0.3408
vn -0.8862 0.0884 -0.4549
vn -0.8862 0.0884 -0.4548
vn -0.9337 0.0884 -0.3468
vn -0.9337 0.0884 -0.3469
vn -0.8893 -0.0300 -0.4564
vn -0.9338 0.0884 -0.3468
vn -0.9370 -0.0300 -0.3480
vn -0.9370 -0.0300 -0.3481
vn -0.8799 -0.1480 -0.4516
vn -0.9271 -0.1480 -0.3444
vn -0.8581 -0.2639 -0.4404
vn -0.9042 -0.2639 -0.3359
vn -0.9042 -0.2639 -0.3358
vn -0.8243 -0.3761 -0.4231
vn -0.8686 -0.3761 -0.3226
vn -0.7790 -0.4830 -0.3998
vn -0.8208 -0.4830 -0.3049
vn -0.7227 -0.5832 -0.3710
vn -0.7227 -0.5832 -0.3709
vn -0.7615 -0.5832 -0.2829
vn -0.6563 -0.6751 -0.3369
vn -0.6915 -0.6751 -0.2569
vn -0.6916 -0.6751 -0.2569
vn -0.5807 -0.7576 -0.2980
vn -0.6119 -0.7576 -0.2273
vn -0.6118 -0.7576 -0.2273
vn -0.4969 -0.8295 -0.2550
vn -0.5236 -0.8295 -0.1945
vn -0.4062 -0.8897 -0.2085
vn -0.4280 -0.8897 -0.1590
vn -0.3097 -0.9374 -0.1590
vn -0.3097 -0.9375 -0.1590
vn -0.3263 -0.9374 -0.1212
vn -0.2089 -0.9720 -0.1072
vn -0.2201 -0.9720 -0.0818
vn -0.2202 -0.9720 -0.0818
vn -0.1052 -0.9930 -0.0540
vn -0.1109 -0.9930 -0.0412
vn -0.1108 -0.9930 -0.0412
vn -0.3058 0.9149 -0.2635
vn -0.1895 0.9562 -0.2231
vn -0.3058 0.9149 -0.2636
vn -0.2725 0.9149 -0.2979
vn -0.2354 0.9149 -0.3280
vn -0.2968 0.8607 -0.4136
vn -0.2458 0.8607 -0.4458
vn -0.2932 0.7945 -0.5318
vn -0.2282 0.7945 -0.5628
vn -0.2282 0.7945 -0.5627
vn -0.2619 0.7171 -0.6459
vn -0.1837 0.7171 -0.6723
vn -0.2619 0.7171 -0.6458
vn -0.2048 0.6297 -0.7494
vn -0.1147 0.6297 -0.7684
vn -0.1147 0.6297 -0.7683
vn -0.1249 0.5334 -0.8366
vn -0.0251 0.5334 -0.8455
vn -0.0268 0.4296 -0.9026
vn -0.0267 0.4296 -0.9026
vn 0.0802 0.4296 -0.8994
vn 0.0841 0.3199 -0.9437
vn 0.1951 0.3199 -0.9272
vn 0.1952 0.3199 -0.9271
vn 0.2016 0.2056 -0.9577
vn 0.1951 0.3199 -0.9271
vn 0.3134 0.2056 -0.9271
vn 0.3190 0.0884 -0.9436
vn 0.4284 0.0884 -0.8993
vn 0.4299 -0.0300 -0.9024
vn 0.5336 -0.0300 -0.8452
vn 0.5280 -0.1480 -0.8363
vn 0.5279 -0.1480 -0.8363
vn 0.6232 -0.1480 -0.7680
vn 0.6078 -0.2639 -0.7490
vn 0.6921 -0.2639 -0.6719
vn 0.6077 -0.2639 -0.7490
vn 0.6648 -0.3761 -0.6454
vn 0.7365 -0.3761 -0.5622
vn 0.7365 -0.3761 -0.5623
vn 0.6960 -0.4830 -0.5313
vn 0.7539 -0.4830 -0.4453
vn 0.6995 -0.5832 -0.4131
vn 0.7434 -0.5832 -0.3275
vn 0.6751 -0.6751 -0.2974
vn 0.7055 -0.6751 -0.2155
vn 0.7055 -0.6751 -0.2154
vn 0.6243 -0.7576 -0.1906
vn 0.6424 -0.7576 -0.1155
vn 0.6242 -0.7576 -0.1906
vn 0.5497 -0.8295 -0.0988
vn 0.5575 -0.8295 -0.0331
vn 0.5576 -0.8295 -0.0331
vn 0.4557 -0.8897 -0.0270
vn 0.4557 -0.8897 -0.0271
vn 0.4557 -0.8897 0.0270
vn 0.4557 -0.8897 0.0271
vn 0.3475 -0.9375 0.0206
vn 0.3475 -0.9374 0.0206
vn 0.3426 -0.9375 0.0616
vn 0.3426 -0.9374 0.0616
vn 0.2311 -0.9720 0.0415
vn 0.2246 -0.9720 0.0686
vn 0.1131 -0.9930 0.0345
vn 0.1082 -0.9930 0.0477
vn -0.1371 0.9562 -0.2586
vn -0.1949 0.9149 -0.3536
vn -0.1913 0.8607 -0.4717
vn -0.1913 0.8607 -0.4718
vn -0.1601 0.7945 -0.5858
vn -0.1029 0.7171 -0.6893
vn -0.0230 0.6297 -0.7765
vn 0.0751 0.5334 -0.8425
vn 0.1860 0.4296 -0.8836
vn 0.0802 0.4297 -0.8994
vn 0.1860 0.4297 -0.8836
vn 0.3034 0.3199 -0.8976
vn 0.3035 0.3199 -0.8976
vn 0.3035 0.3198 -0.8976
vn 0.4209 0.2055 -0.8835
vn 0.4209 0.2056 -0.8835
vn 0.5317 0.0884 -0.8423
vn 0.6298 -0.0300 -0.7762
vn 0.7096 -0.1480 -0.6889
vn 0.7667 -0.2639 -0.5853
vn 0.7978 -0.3761 -0.4712
vn 0.7540 -0.4830 -0.4453
vn 0.8013 -0.4830 -0.3530
vn 0.7769 -0.5832 -0.2372
vn 0.7769 -0.5832 -0.2373
vn 0.7261 -0.6751 -0.1305
vn 0.6515 -0.7576 -0.0387
vn 0.5576 -0.8295 0.0331
vn 0.4493 -0.8897 0.0808
vn 0.3329 -0.9374 0.1017
vn 0.2149 -0.9720 0.0947
vn 0.1018 -0.9930 0.0601
vn -0.1949 0.9149 -0.3535
vn -0.1517 0.9149 -0.3741
vn -0.0783 0.9562 -0.2820
vn -0.1064 0.9149 -0.3894
vn -0.0596 0.9149 -0.3993
vn -0.0752 0.8607 -0.5035
vn -0.0151 0.8607 -0.5089
vn -0.0180 0.7945 -0.6070
vn -0.0151 0.8607 -0.5088
vn 0.0539 0.7945 -0.6049
vn 0.0619 0.7171 -0.6942
vn 0.1436 0.7171 -0.6820
vn 0.1600 0.6297 -0.7602
vn 0.2488 0.6297 -0.7359
vn 0.2709 0.5334 -0.8013
vn 0.3638 0.5334 -0.7636
vn 0.3638 0.5334 -0.7637
vn 0.3883 0.4296 -0.8152
vn 0.3884 0.4297 -0.8152
vn 0.4820 0.4296 -0.7636
vn 0.3883 0.4297 -0.8152
vn 0.5058 0.3199 -0.8012
vn 0.5970 0.3199 -0.7357
vn 0.6166 0.2056 -0.7599
vn 0.7022 0.2056 -0.6817
vn 0.7147 0.0884 -0.6938
vn 0.7918 0.0884 -0.6044
vn 0.7917 0.0884 -0.6044
vn 0.7945 -0.0300 -0.6065
vn 0.8606 -0.0300 -0.5083
vn 0.8516 -0.1480 -0.5029
vn 0.8607 -0.0300 -0.5083
vn 0.9051 -0.1480 -0.3987
vn 0.8827 -0.2639 -0.3888
vn 0.9225 -0.2639 -0.2817
vn 0.8862 -0.3761 -0.2706
vn 0.9120 -0.3761 -0.1639
vn 0.8618 -0.4830 -0.1549
vn 0.8741 -0.4830 -0.0519
vn 0.8109 -0.5832 -0.0481
vn 0.8109 -0.5832 0.0481
vn 0.7364 -0.6751 0.0437
vn 0.7261 -0.6751 0.1305
vn 0.6424 -0.7576 0.1155
vn 0.6243 -0.7576 0.1906
vn 0.6242 -0.7576 0.1906
vn 0.5342 -0.8295 0.1631
vn 0.5111 -0.8295 0.2252
vn 0.4178 -0.8897 0.1840
vn 0.3931 -0.8897 0.2322
vn 0.2997 -0.9375 0.1770
vn 0.2998 -0.9374 0.1770
vn 0.2767 -0.9374 0.2112
vn 0.1866 -0.9720 0.1425
vn 0.2767 -0.9375 0.2112
vn 0.1685 -0.9720 0.1636
vn 0.0848 -0.9930 0.0823
vn 0.0848 -0.9930 0.0824
vn 0.0745 -0.9930 0.0918
vn -0.0783 0.9562 -0.2821
vn -0.0159 0.9562 -0.2923
vn -0.0120 0.9149 -0.4035
vn -0.0120 0.9149 -0.4036
vn 0.0452 0.8607 -0.5070
vn 0.1251 0.7945 -0.5942
vn 0.2232 0.7171 -0.6602
vn 0.1435 0.7171 -0.6820
vn 0.2488 0.6297 -0.7360
vn 0.3341 0.6297 -0.7014
vn 0.3341 0.6297 -0.7013
vn 0.4515 0.5334 -0.7153
vn 0.4820 0.4297 -0.7636
vn 0.4516 0.5334 -0.7153
vn 0.5690 0.4296 -0.7012
vn 0.4821 0.4296 -0.7636
vn 0.6798 0.3199 -0.6600
vn 0.6798 0.3199 -0.6599
vn 0.6798 0.3198 -0.6600
vn 0.7779 0.2056 -0.5938
vn 0.8577 0.0884 -0.5066
vn 0.8577 0.0884 -0.5065
vn 0.9147 -0.0300 -0.4029
vn 0.9459 -0.1480 -0.2888
vn 0.9459 -0.1480 -0.2889
vn 0.9493 -0.2639 -0.1706
vn 0.9250 -0.3761 -0.0549
vn 0.8741 -0.4830 0.0519
vn 0.7995 -0.5832 0.1437
vn 0.7055 -0.6751 0.2154
vn 0.7055 -0.6751 0.2155
vn 0.5973 -0.7576 0.2631
vn 0.4809 -0.8295 0.2840
vn 0.3629 -0.8897 0.2770
vn 0.2498 -0.9375 0.2425
vn 0.2498 -0.9374 0.2425
vn 0.1480 -0.9720 0.1824
vn 0.1480 -0.9720 0.1823
vn 0.0631 -0.9930 0.1000
vn 0.0358 0.9149 -0.4021
vn 0.0359 0.9149 -0.4021
vn 0.0474 0.9562 -0.2888
vn 0.0473 0.9562 -0.2888
vn 0.0832 0.9149 -0.3951
vn 0.0832 0.9149 -0.3950
vn 0.0474 0.9562 -0.2889
vn 0.1293 0.9149 -0.3824
vn 0.0831 0.9149 -0.3950
vn 0.1630 0.8607 -0.4822
vn 0.1293 0.9149 -0.3825
vn 0.2189 0.8607 -0.4596
vn 0.1631 0.8607 -0.4823
vn 0.2611 0.7945 -0.5482
vn 0.2612 0.7945 -0.5482
vn 0.3242 0.7945 -0.5135
vn 0.3721 0.7171 -0.5893
vn 0.3720 0.7171 -0.5894
vn 0.4392 0.7171 -0.5412
vn 0.3720 0.7171 -0.5893
vn 0.4391 0.7171 -0.5412
vn 0.4895 0.6297 -0.6033
vn 0.5574 0.6297 -0.5411
vn 0.4895 0.6297 -0.6032
vn 0.6069 0.5334 -0.5892
vn 0.6723 0.5334 -0.5133
vn 0.7177 0.4297 -0.5479
vn 0.7178 0.4296 -0.5479
vn 0.6724 0.5334 -0.5133
vn 0.7775 0.4296 -0.4592
vn 0.8158 0.3199 -0.4818
vn 0.7775 0.4297 -0.4592
vn 0.8671 0.3199 -0.3820
vn 0.8671 0.3199 -0.3819
vn 0.8956 0.2056 -0.3945
vn 0.9360 0.2055 -0.2858
vn 0.9527 0.0884 -0.2909
vn 0.9360 0.2056 -0.2858
vn 0.9804 0.0884 -0.1762
vn 0.9838 -0.0300 -0.1768
vn 0.9978 -0.0300 -0.0592
vn 0.9873 -0.1480 -0.0586
vn 0.9873 -0.1480 0.0586
vn 0.9629 -0.2639 0.0571
vn 0.9493 -0.2639 0.1706
vn 0.9120 -0.3761 0.1639
vn 0.8862 -0.3761 0.2706
vn 0.8374 -0.4830 0.2557
vn 0.8013 -0.4830 0.3530
vn 0.7434 -0.5832 0.3275
vn 0.6995 -0.5832 0.4131
vn 0.6352 -0.6751 0.3751
vn 0.6352 -0.6751 0.3752
vn 0.5864 -0.6751 0.4476
vn 0.5188 -0.7576 0.3961
vn 0.4683 -0.7576 0.4546
vn 0.4008 -0.8295 0.3891
vn 0.4008 -0.8295 0.3890
vn 0.3519 -0.8295 0.4337
vn 0.4007 -0.8295 0.3890
vn 0.2876 -0.8897 0.3545
vn 0.2437 -0.8897 0.3860
vn 0.2877 -0.8897 0.3545
vn 0.1858 -0.9375 0.2944
vn 0.1858 -0.9374 0.2944
vn 0.1497 -0.9375 0.3143
vn 0.1497 -0.9374 0.3143
vn 0.1010 -0.9720 0.2120
vn 0.0752 -0.9720 0.2225
vn 0.0752 -0.9720 0.2224
vn 0.0379 -0.9930 0.1120
vn 0.0244 -0.9930 0.1157
vn 0.1083 0.9562 -0.2719
vn 0.1736 0.9149 -0.3645
vn 0.2717 0.8607 -0.4305
vn 0.2718 0.8607 -0.4304
vn 0.2718 0.8607 -0.4305
vn 0.3826 0.7945 -0.4716
vn 0.5001 0.7171 -0.4855
vn 0.5001 0.7171 -0.4854
vn 0.6175 0.6297 -0.4714
vn 0.7283 0.5334 -0.4302
vn 0.7283 0.5334 -0.4301
vn 0.8264 0.4296 -0.3640
vn 0.9062 0.3199 -0.2767
vn 0.9632 0.2056 -0.1731
vn 0.9943 0.0884 -0.0590
vn 0.9978 -0.0300 0.0592
vn 0.9734 -0.1480 0.1750
vn 0.9734 -0.1480 0.1749
vn 0.9494 -0.2639 0.1706
vn 0.9225 -0.2639 0.2817
vn 0.8480 -0.3761 0.3735
vn 0.8479 -0.3761 0.3735
vn 0.7539 -0.4830 0.4453
vn 0.6457 -0.5832 0.4929
vn 0.5293 -0.6751 0.5139
vn 0.5863 -0.6751 0.4476
vn 0.4683 -0.7576 0.4547
vn 0.5293 -0.6751 0.5138
vn 0.4113 -0.7576 0.5068
vn 0.2982 -0.8295 0.4723
vn 0.1963 -0.8897 0.4121
vn 0.1963 -0.8897 0.4122
vn 0.1115 -0.9374 0.3298
vn 0.0484 -0.9720 0.2298
vn 0.0105 -0.9930 0.1178
vn 0.1643 0.9562 -0.2423
vn 0.1736 0.9149 -0.3644
vn 0.2155 0.9149 -0.3414
vn 0.2717 0.8607 -0.4304
vn 0.3207 0.8607 -0.3953
vn 0.3826 0.7945 -0.4715
vn 0.3208 0.8607 -0.3953
vn 0.4357 0.7945 -0.4230
vn 0.5540 0.7171 -0.4229
vn 0.6689 0.6297 -0.3951
vn 0.7741 0.5334 -0.3410
vn 0.8636 0.4296 -0.2637
vn 0.9062 0.3198 -0.2767
vn 0.9325 0.3198 -0.1676
vn 0.9325 0.3199 -0.1676
vn 0.9769 0.2056 -0.0580
vn 0.9943 0.0884 0.0590
vn 0.9838 -0.0300 0.1768
vn 0.9459 -0.1480 0.2888
vn 0.8827 -0.2639 0.3888
vn 0.7978 -0.3761 0.4712
vn 0.6960 -0.4830 0.5313
vn 0.5829 -0.5832 0.5659
vn 0.5829 -0.5832 0.5658
vn 0.4648 -0.6751 0.5728
vn 0.4112 -0.7576 0.5068
vn 0.3484 -0.7576 0.5519
vn 0.2402 -0.8295 0.5042
vn 0.1462 -0.8897 0.4325
vn 0.1115 -0.9375 0.3298
vn 0.0717 -0.9374 0.3407
vn 0.0717 -0.9375 0.3406
vn 0.0208 -0.9720 0.2339
vn 0.0209 -0.9720 0.2339
vn -0.0035 -0.9930 0.1182
vn 0.2544 0.9149 -0.3135
vn 0.2125 0.9562 -0.2013
vn 0.2897 0.9149 -0.2812
vn 0.3209 0.9149 -0.2450
vn 0.4046 0.8607 -0.3089
vn 0.4383 0.8607 -0.2589
vn 0.5229 0.7945 -0.3088
vn 0.5557 0.7945 -0.2448
vn 0.6378 0.7171 -0.2810
vn 0.6666 0.7171 -0.2035
vn 0.7430 0.6297 -0.2269
vn 0.7646 0.6297 -0.1374
vn 0.8325 0.5334 -0.1496
vn 0.8444 0.5334 -0.0501
vn 0.9014 0.4297 -0.0535
vn 0.9014 0.4296 -0.0535
vn 0.9014 0.4296 0.0535
vn 0.9458 0.3199 0.0561
vn 0.9458 0.3198 0.0561
vn 0.9325 0.3198 0.1676
vn 0.9325 0.3199 0.1676
vn 0.9632 0.2056 0.1731
vn 0.9360 0.2056 0.2858
vn 0.9527 0.0884 0.2909
vn 0.9116 0.0884 0.4015
vn 0.9116 0.0884 0.4016
vn 0.9147 -0.0300 0.4029
vn 0.8607 -0.0300 0.5083
vn 0.9147 -0.0300 0.4030
vn 0.8516 -0.1480 0.5029
vn 0.8606 -0.0300 0.5083
vn 0.7861 -0.1480 0.6001
vn 0.7667 -0.2639 0.5853
vn 0.6921 -0.2639 0.6719
vn 0.6648 -0.3761 0.6454
vn 0.5838 -0.3761 0.7195
vn 0.5517 -0.4830 0.6799
vn 0.4674 -0.4830 0.7404
vn 0.4336 -0.5832 0.6869
vn 0.4337 -0.5832 0.6869
vn 0.3494 -0.5832 0.7334
vn 0.3173 -0.6751 0.6660
vn 0.2363 -0.6751 0.6988
vn 0.3172 -0.6751 0.6660
vn 0.2090 -0.7576 0.6183
vn 0.2363 -0.6751 0.6989
vn 0.1345 -0.7576 0.6387
vn 0.1344 -0.7576 0.6387
vn 0.1150 -0.8295 0.5466
vn 0.0496 -0.8295 0.5563
vn 0.1151 -0.8295 0.5465
vn 0.0405 -0.8897 0.4547
vn -0.0135 -0.8897 0.4563
vn -0.0103 -0.9374 0.3480
vn -0.0103 -0.9375 0.3480
vn -0.0514 -0.9375 0.3443
vn -0.0514 -0.9374 0.3443
vn -0.0347 -0.9720 0.2322
vn -0.0347 -0.9720 0.2323
vn -0.0619 -0.9720 0.2265
vn -0.0312 -0.9930 0.1140
vn -0.0312 -0.9930 0.1141
vn -0.0444 -0.9930 0.1096
vn 0.2508 0.9562 -0.1509
vn 0.3476 0.9149 -0.2053
vn 0.4659 0.8607 -0.2052
vn 0.5808 0.7945 -0.1774
vn 0.5808 0.7945 -0.1773
vn 0.6666 0.7171 -0.2036
vn 0.6860 0.7171 -0.1233
vn 0.7755 0.6297 -0.0460
vn 0.8444 0.5334 0.0501
vn 0.8888 0.4296 0.1597
vn 0.8888 0.4297 0.1597
vn 0.9062 0.3199 0.2767
vn 0.8956 0.2056 0.3945
vn 0.8577 0.0884 0.5065
vn 0.7945 -0.0300 0.6065
vn 0.7096 -0.1480 0.6889
vn 0.6078 -0.2639 0.7490
vn 0.4946 -0.3761 0.7835
vn 0.3766 -0.4830 0.7905
vn 0.2602 -0.5832 0.7696
vn 0.1520 -0.6751 0.7219
vn 0.1519 -0.6751 0.7219
vn 0.0580 -0.7576 0.6501
vn -0.0166 -0.8295 0.5583
vn -0.0165 -0.8295 0.5583
vn -0.0674 -0.8897 0.4515
vn -0.0918 -0.9374 0.3358
vn -0.0883 -0.9720 0.2176
vn -0.0571 -0.9930 0.1035
vn 0.3695 0.9149 -0.1627
vn 0.2774 0.9562 -0.0935
vn 0.3695 0.9149 -0.1628
vn 0.3861 0.9149 -0.1179
vn 0.3973 0.9149 -0.0714
vn 0.3974 0.9149 -0.0714
vn 0.5010 0.8607 -0.0901
vn 0.5010 0.8607 -0.0900
vn 0.5082 0.8607 -0.0302
vn 0.6062 0.7945 -0.0360
vn 0.6062 0.7945 0.0360
vn 0.6957 0.7171 0.0413
vn 0.6860 0.7171 0.1233
vn 0.7646 0.6297 0.1374
vn 0.7430 0.6297 0.2269
vn 0.8090 0.5334 0.2470
vn 0.7741 0.5334 0.3410
vn 0.8090 0.5334 0.2471
vn 0.8264 0.4296 0.3640
vn 0.7775 0.4296 0.4592
vn 0.8158 0.3199 0.4818
vn 0.7531 0.3199 0.5749
vn 0.8158 0.3198 0.4818
vn 0.7531 0.3198 0.5749
vn 0.7779 0.2056 0.5939
vn 0.7779 0.2056 0.5938
vn 0.7022 0.2056 0.6817
vn 0.7147 0.0884 0.6938
vn 0.6276 0.0884 0.7735
vn 0.6298 -0.0300 0.7762
vn 0.5336 -0.0300 0.8452
vn 0.5280 -0.1480 0.8363
vn 0.4253 -0.1480 0.8929
vn 0.5279 -0.1480 0.8363
vn 0.4148 -0.2639 0.8708
vn 0.3089 -0.2639 0.9138
vn 0.2967 -0.3761 0.8778
vn 0.2968 -0.3761 0.8778
vn 0.3089 -0.2639 0.9137
vn 0.1908 -0.3761 0.9067
vn 0.1909 -0.3761 0.9067
vn 0.1804 -0.4830 0.8568
vn 0.1803 -0.4830 0.8568
vn 0.0778 -0.4830 0.8722
vn 0.0777 -0.4830 0.8722
vn 0.0721 -0.5832 0.8091
vn -0.0241 -0.5832 0.8120
vn -0.0219 -0.6751 0.7374
vn -0.1089 -0.6751 0.7296
vn -0.0218 -0.6751 0.7374
vn -0.0964 -0.7576 0.6455
vn -0.1720 -0.7576 0.6296
vn -0.1472 -0.8295 0.5388
vn -0.2099 -0.8295 0.5176
vn -0.1716 -0.8897 0.4231
vn -0.2204 -0.8897 0.3998
vn -0.1681 -0.9374 0.3049
vn -0.1681 -0.9375 0.3049
vn -0.2029 -0.9375 0.2828
vn -0.2030 -0.9374 0.2828
vn -0.1369 -0.9720 0.1908
vn -0.2029 -0.9374 0.2828
vn -0.1585 -0.9720 0.1733
vn -0.0798 -0.9930 0.0873
vn -0.0798 -0.9930 0.0872
vn -0.0896 -0.9930 0.0772
vn 0.2910 0.9562 -0.0317
vn 0.2910 0.9562 -0.0316
vn 0.4030 0.9149 -0.0239
vn 0.5082 0.8607 0.0301
vn 0.5082 0.8607 0.0302
vn 0.5977 0.7945 0.1074
vn 0.6859 0.7171 0.1233
vn 0.6666 0.7171 0.2036
vn 0.6666 0.7171 0.2035
vn 0.7109 0.6297 0.3132
vn 0.7283 0.5334 0.4301
vn 0.7283 0.5334 0.4302
vn 0.7775 0.4297 0.4592
vn 0.7178 0.4296 0.5479
vn 0.7178 0.4297 0.5479
vn 0.6798 0.3199 0.6600
vn 0.6798 0.3199 0.6599
vn 0.6166 0.2056 0.7599
vn 0.5317 0.0884 0.8423
vn 0.4299 -0.0300 0.9024
vn 0.3168 -0.1480 0.9369
vn 0.3167 -0.1480 0.9369
vn 0.1987 -0.2639 0.9439
vn 0.0823 -0.3761 0.9229
vn -0.0259 -0.4830 0.8752
vn -0.0260 -0.4830 0.8752
vn -0.1199 -0.5832 0.8034
vn -0.1199 -0.5832 0.8035
vn -0.1944 -0.6751 0.7116
vn -0.1945 -0.6751 0.7116
vn -0.1721 -0.7576 0.6296
vn -0.2453 -0.7576 0.6049
vn -0.2453 -0.7576 0.6048
vn -0.2697 -0.8295 0.4891
vn -0.2661 -0.8897 0.3709
vn -0.2350 -0.9375 0.2569
vn -0.2350 -0.9374 0.2569
vn -0.1779 -0.9720 0.1533
vn -0.0981 -0.9930 0.0661
vn 0.2910 0.9562 0.0317
vn 0.4030 0.9149 0.0239
vn 0.5081 0.8607 0.0302
vn 0.5010 0.8607 0.0900
vn 0.5010 0.8607 0.0901
vn 0.5808 0.7945 0.1774
vn 0.5808 0.7945 0.1773
vn 0.6378 0.7171 0.2810
vn 0.7110 0.6297 0.3132
vn 0.6378 0.7171 0.2809
vn 0.6689 0.6297 0.3951
vn 0.6723 0.5334 0.5133
vn 0.6724 0.5334 0.5133
vn 0.7177 0.4297 0.5479
vn 0.6479 0.4297 0.6290
vn 0.6479 0.4296 0.6290
vn 0.5970 0.3199 0.7357
vn 0.5224 0.2056 0.8275
vn 0.6166 0.2056 0.7600
vn 0.4284 0.0884 0.8993
vn 0.3201 -0.0300 0.9469
vn 0.2037 -0.1480 0.9678
vn 0.0857 -0.2639 0.9607
vn 0.0856 -0.2639 0.9607
vn -0.0275 -0.3761 0.9262
vn -0.0274 -0.3761 0.9262
vn -0.1293 -0.4830 0.8660
vn -0.2141 -0.5832 0.7836
vn -0.2772 -0.6751 0.6836
vn -0.2773 -0.6751 0.6836
vn -0.3151 -0.7576 0.5716
vn -0.2696 -0.8295 0.4891
vn -0.3256 -0.8295 0.4538
vn -0.2662 -0.8897 0.3709
vn -0.3082 -0.8897 0.3369
vn -0.3082 -0.8897 0.3368
vn -0.2637 -0.9374 0.2273
vn -0.1948 -0.9720 0.1312
vn -0.0981 -0.9930 0.0660
vn -0.1052 -0.9930 0.0540
vn 0.2910 0.9562 0.0316
vn 0.3973 0.9149 0.0714
vn 0.2774 0.9562 0.0935
vn 0.3861 0.9149 0.1179
vn 0.3695 0.9149 0.1627
vn 0.4659 0.8607 0.2052
vn 0.3694 0.9149 0.1627
vn 0.4383 0.8607 0.2589
vn 0.5229 0.7945 0.3088
vn 0.4827 0.7945 0.3685
vn 0.5540 0.7171 0.4229
vn 0.5001 0.7171 0.4855
vn 0.5574 0.6297 0.5411
vn 0.4895 0.6297 0.6033
vn 0.5330 0.5334 0.6568
vn 0.4895 0.6297 0.6032
vn 0.4515 0.5334 0.7153
vn 0.4516 0.5334 0.7153
vn 0.4820 0.4297 0.7636
vn 0.3884 0.4297 0.8152
vn 0.3883 0.4297 0.8152
vn 0.4075 0.3199 0.8554
vn 0.3035 0.3198 0.8976
vn 0.4075 0.3198 0.8554
vn 0.3134 0.2056 0.9271
vn 0.3035 0.3199 0.8976
vn 0.2016 0.2056 0.9577
vn 0.2052 0.0884 0.9747
vn 0.0885 0.0884 0.9921
vn 0.0884 0.0884 0.9921
vn 0.0887 -0.0300 0.9956
vn 0.0888 -0.0300 0.9956
vn -0.0296 -0.0300 0.9991
vn -0.0293 -0.1480 0.9886
vn -0.1460 -0.1480 0.9781
vn -0.1460 -0.1480 0.9782
vn -0.1424 -0.2639 0.9540
vn -0.2542 -0.2639 0.9304
vn -0.2543 -0.2639 0.9304
vn -0.2442 -0.3761 0.8938
vn -0.2443 -0.3761 0.8938
vn -0.3482 -0.3761 0.8587
vn -0.3291 -0.4830 0.8114
vn -0.4227 -0.4830 0.7668
vn -0.3922 -0.5832 0.7114
vn -0.4736 -0.5832 0.6600
vn -0.4301 -0.6751 0.5994
vn -0.4979 -0.6751 0.5443
vn -0.4980 -0.6751 0.5443
vn -0.4406 -0.7576 0.4816
vn -0.4944 -0.7576 0.4261
vn -0.4231 -0.8295 0.3646
vn -0.4633 -0.8295 0.3120
vn -0.4632 -0.8295 0.3120
vn -0.3786 -0.8897 0.2550
vn -0.4061 -0.8897 0.2085
vn -0.4062 -0.8897 0.2085
vn -0.3097 -0.9375 0.1590
vn -0.3263 -0.9374 0.1212
vn -0.3097 -0.9374 0.1590
vn -0.2201 -0.9720 0.0818
vn -0.3263 -0.9375 0.1212
vn -0.2282 -0.9720 0.0552
vn -0.2202 -0.9720 0.0818
vn -0.1150 -0.9930 0.0278
vn -0.1149 -0.9930 0.0278
vn 0.2508 0.9562 0.1509
vn 0.3476 0.9149 0.2053
vn 0.3695 0.9149 0.1628
vn 0.4046 0.8607 0.3089
vn 0.4357 0.7945 0.4230
vn 0.5001 0.7171 0.4854
vn 0.4391 0.7171 0.5412
vn 0.4392 0.7171 0.5412
vn 0.4147 0.6297 0.6569
vn 0.3638 0.5334 0.7636
vn 0.3884 0.4296 0.8152
vn 0.3883 0.4296 0.8152
vn 0.2892 0.4296 0.8554
vn 0.2892 0.4297 0.8554
vn 0.1952 0.3199 0.9271
vn 0.1951 0.3199 0.9271
vn 0.0869 0.2056 0.9748
vn 0.0869 0.2055 0.9748
vn -0.0295 0.0884 0.9956
vn -0.1476 -0.0300 0.9886
vn -0.2607 -0.1480 0.9540
vn -0.2542 -0.2639 0.9305
vn -0.3625 -0.2639 0.8938
vn -0.3482 -0.3761 0.8586
vn -0.3625 -0.2639 0.8939
vn -0.4474 -0.3761 0.8114
vn -0.4473 -0.3761 0.8114
vn -0.5105 -0.4830 0.7114
vn -0.5483 -0.5832 0.5994
vn -0.5588 -0.6751 0.4816
vn -0.5413 -0.7576 0.3646
vn -0.4969 -0.8295 0.2550
vn -0.4280 -0.8897 0.1590
vn -0.3384 -0.9374 0.0818
vn -0.2283 -0.9720 0.0552
vn 0.3209 0.9149 0.2450
vn 0.2125 0.9562 0.2013
vn 0.2897 0.9149 0.2812
vn 0.2544 0.9149 0.3135
vn 0.3207 0.8607 0.3953
vn 0.2717 0.8607 0.4304
vn 0.2718 0.8607 0.4305
vn 0.3242 0.7945 0.5135
vn 0.2612 0.7945 0.5483
vn 0.2612 0.7945 0.5482
vn 0.2997 0.7171 0.6292
vn 0.2232 0.7171 0.6602
vn 0.2488 0.6297 0.7359
vn 0.1600 0.6297 0.7602
vn 0.1742 0.5334 0.8277
vn 0.0751 0.5334 0.8425
vn 0.0802 0.4296 0.8994
vn -0.0267 0.4296 0.9026
vn -0.0281 0.3199 0.9470
vn -0.0268 0.4296 0.9026
vn -0.1399 0.3199 0.9371
vn -0.0281 0.3198 0.9471
vn -0.1399 0.3198 0.9371
vn -0.1445 0.2056 0.9679
vn -0.2579 0.2056 0.9440
vn -0.2580 0.2056 0.9440
vn -0.2625 0.0884 0.9609
vn -0.2626 0.0884 0.9609
vn -0.3744 0.0884 0.9231
vn -0.3757 -0.0300 0.9263
vn -0.3756 -0.0300 0.9263
vn -0.4826 -0.0300 0.8753
vn -0.4775 -0.1480 0.8661
vn -0.5765 -0.1480 0.8036
vn -0.5766 -0.1480 0.8035
vn -0.5623 -0.2639 0.7837
vn -0.6511 -0.2639 0.7117
vn -0.6254 -0.3761 0.6836
vn -0.6254 -0.3761 0.6837
vn -0.7019 -0.3761 0.6049
vn -0.6633 -0.4830 0.5716
vn -0.7262 -0.4830 0.4892
vn -0.6738 -0.5832 0.4538
vn -0.7227 -0.5832 0.3709
vn -0.6563 -0.6751 0.3369
vn -0.6915 -0.6751 0.2569
vn -0.6916 -0.6751 0.2569
vn -0.6119 -0.7576 0.2273
vn -0.6344 -0.7576 0.1533
vn -0.6118 -0.7576 0.2273
vn -0.5429 -0.8295 0.1312
vn 0.1643 0.9562 0.2423
vn 0.2155 0.9149 0.3414
vn 0.2717 0.8607 0.4305
vn 0.2189 0.8607 0.4596
vn 0.1945 0.7945 0.5753
vn 0.2232 0.7171 0.6603
vn 0.1436 0.7171 0.6820
vn 0.0690 0.6297 0.7738
vn -0.0251 0.5334 0.8455
vn -0.1333 0.4296 0.8931
vn -0.2497 0.3199 0.9140
vn -0.2498 0.3199 0.9140
vn -0.3678 0.2056 0.9069
vn -0.3743 0.0884 0.9231
vn -0.4809 0.0884 0.8723
vn -0.5827 -0.0300 0.8121
vn -0.4826 -0.0300 0.8754
vn -0.6675 -0.1480 0.7297
vn -0.6676 -0.1480 0.7297
vn -0.7307 -0.2639 0.6297
vn -0.7685 -0.3761 0.5177
vn -0.7685 -0.3761 0.5176
vn -0.7790 -0.4830 0.3998
vn -0.7227 -0.5832 0.3710
vn -0.7615 -0.5832 0.2828
vn -0.7615 -0.5832 0.2829
vn -0.7171 -0.6751 0.1733
vn -0.7170 -0.6751 0.1733
vn 0.1736 0.9149 0.3645
vn 0.1643 0.9562 0.2422
vn 0.1083 0.9562 0.2719
vn 0.1293 0.9149 0.3824
vn 0.0474 0.9562 0.2889
vn 0.0474 0.9562 0.2888
vn 0.0832 0.9149 0.3950
vn 0.0832 0.9149 0.3951
vn 0.0473 0.9562 0.2888
vn 0.0358 0.9149 0.4021
vn 0.0359 0.9149 0.4021
vn 0.0452 0.8607 0.5071
vn -0.0151 0.8607 0.5089
vn 0.0452 0.8607 0.5070
vn -0.0151 0.8607 0.5088
vn -0.0180 0.7945 0.6070
vn -0.0896 0.7945 0.6006
vn -0.0897 0.7945 0.6006
vn -0.1029 0.7171 0.6893
vn -0.1837 0.7171 0.6723
vn -0.2048 0.6297 0.7494
vn -0.2920 0.6297 0.7199
vn -0.3179 0.5334 0.7839
vn -0.4084 0.5334 0.7408
vn -0.4360 0.4296 0.7908
vn -0.4360 0.4297 0.7908
vn -0.5264 0.4296 0.7337
vn -0.4359 0.4297 0.7908
vn -0.5523 0.3199 0.7698
vn -0.5524 0.3199 0.7698
vn -0.6395 0.3198 0.6991
vn -0.6395 0.3199 0.6991
vn -0.6606 0.2056 0.7221
vn -0.7413 0.2056 0.6389
vn -0.7545 0.0884 0.6503
vn -0.7546 0.0884 0.6503
vn -0.8261 0.0884 0.5565
vn -0.8262 0.0884 0.5565
vn -0.8290 -0.0300 0.5584
vn -0.8893 -0.0300 0.4564
vn -0.8799 -0.1480 0.4516
vn -0.9271 -0.1480 0.3444
vn -0.9042 -0.2639 0.3359
vn -0.9042 -0.2639 0.3358
vn -0.9376 -0.2639 0.2266
vn -0.9376 -0.2639 0.2265
vn -0.9007 -0.3761 0.2176
vn -0.0159 0.9562 0.2923
vn -0.0120 0.9149 0.4036
vn -0.0120 0.9149 0.4035
vn -0.0752 0.8607 0.5035
vn -0.0751 0.8607 0.5035
vn -0.1601 0.7945 0.5858
vn -0.2619 0.7171 0.6459
vn -0.3751 0.6297 0.6803
vn -0.4931 0.5334 0.6873
vn -0.4931 0.5334 0.6872
vn -0.6095 0.4296 0.6663
vn -0.5264 0.4297 0.7337
vn -0.6095 0.4297 0.6663
vn -0.7177 0.3199 0.6185
vn -0.7177 0.3198 0.6185
vn -0.8117 0.2056 0.5467
vn -0.8262 0.0884 0.5564
vn -0.8862 0.0884 0.4548
vn -0.9370 -0.0300 0.3480
vn -0.9370 -0.0300 0.3481
vn -0.9613 -0.1480 0.2323
vn -0.0596 0.9149 0.3993
vn -0.0783 0.9562 0.2820
vn -0.1064 0.9149 0.3894
vn -0.1517 0.9149 0.3741
vn -0.1913 0.8607 0.4717
vn -0.1913 0.8607 0.4718
vn -0.2458 0.8607 0.4458
vn -0.2932 0.7945 0.5318
vn -0.3540 0.7945 0.4934
vn -0.4063 0.7171 0.5663
vn -0.4704 0.7171 0.5142
vn -0.5244 0.6297 0.5732
vn -0.5885 0.6297 0.5072
vn -0.5885 0.6297 0.5071
vn -0.6407 0.5334 0.5522
vn -0.6408 0.5334 0.5522
vn -0.7016 0.5334 0.4725
vn -0.7016 0.5334 0.4726
vn -0.7489 0.4296 0.5045
vn -0.7490 0.4296 0.5045
vn -0.8034 0.4296 0.4123
vn -0.8429 0.3199 0.4327
vn -0.8429 0.3199 0.4326
vn -0.8882 0.3199 0.3299
vn -0.9174 0.2056 0.3408
vn -0.9513 0.2056 0.2299
vn -0.9682 0.0884 0.2340
vn -0.1371 0.9562 0.2586
vn -0.1949 0.9149 0.3535
vn -0.1949 0.9149 0.3536
vn -0.2968 0.8607 0.4136
vn -0.4099 0.7945 0.4481
vn -0.5280 0.7171 0.4550
vn -0.5279 0.7171 0.4550
vn -0.6443 0.6297 0.4340
vn -0.7525 0.5334 0.3863
vn -0.8034 0.4297 0.4123
vn -0.7525 0.5334 0.3862
vn -0.8465 0.4297 0.3144
vn -0.8465 0.4296 0.3144
vn -0.9210 0.3199 0.2226
vn -0.9210 0.3199 0.2225
vn -0.9718 0.2056 0.1157
vn -0.2354 0.9149 0.3280
vn -0.1895 0.9562 0.2231
vn -0.2725 0.9149 0.2979
vn -0.2725 0.9149 0.2978
vn -0.3058 0.9149 0.2636
vn -0.3856 0.8607 0.3323
vn -0.4222 0.8607 0.2844
vn -0.5037 0.7945 0.3392
vn -0.5402 0.7945 0.2773
vn -0.5037 0.7945 0.3393
vn -0.5403 0.7945 0.2773
vn -0.6201 0.7171 0.3182
vn -0.6201 0.7171 0.3183
vn -0.6533 0.7171 0.2427
vn -0.6200 0.7171 0.3183
vn -0.7283 0.6297 0.2705
vn -0.7551 0.6297 0.1825
vn -0.7282 0.6297 0.2705
vn -0.8222 0.5334 0.1987
vn -0.8399 0.5334 0.1001
vn -0.2330 0.9562 0.1771
vn -0.3058 0.9149 0.2635
vn -0.3348 0.9149 0.2255
vn -0.4529 0.8607 0.2325
vn -0.4529 0.8607 0.2324
vn -0.5692 0.7945 0.2115
vn -0.5693 0.7945 0.2114
vn -0.5693 0.7945 0.2115
vn -0.6775 0.7171 0.1637
vn -0.6774 0.7171 0.1637
vn -0.2656 0.9562 0.1229
vn -0.2657 0.9562 0.1229
vn -0.3591 0.9149 0.1843
vn -0.3349 0.9149 0.2255
vn -0.3592 0.9149 0.1844
vn -0.3592 0.9149 0.1843
vn -0.4772 0.8607 0.1773
vn -0.4772 0.8607 0.1772
vn -0.5903 0.7945 0.1426
vn -0.3785 0.9149 0.1406
vn -0.3784 0.9149 0.1406
vn -0.2859 0.9562 0.0629
vn -0.3924 0.9149 0.0948
vn -0.2858 0.9562 0.0629
vn -0.4009 0.9149 0.0478
vn -0.1108 -0.9930 0.0412
vn -0.0689 -0.9930 0.0961
vn -0.0175 -0.9930 0.1169
vn -0.0175 -0.9930 0.1170
vn 0.0508 -0.9930 0.1067
vn 0.0940 -0.9930 0.0717
vn 0.1164 -0.9930 0.0209
vn 0.1180 -0.9930 0.0070
vn 0.1180 -0.9930 -0.0070
vn 0.1164 -0.9930 -0.0209
vn 0.1131 -0.9930 -0.0345
vn 0.1082 -0.9930 -0.0477
vn 0.1018 -0.9930 -0.0601
vn 0.0940 -0.9930 -0.0717
vn 0.0848 -0.9930 -0.0824
vn 0.0745 -0.9930 -0.0918
vn 0.0631 -0.9930 -0.1000
vn 0.0508 -0.9930 -0.1067
vn 0.0379 -0.9930 -0.1120
vn 0.0244 -0.9930 -0.1157
vn 0.0105 -0.9930 -0.1178
vn -0.0035 -0.9930 -0.1182
vn -0.0175 -0.9930 -0.1169
vn -0.0312 -0.9930 -0.1141
vn -0.0312 -0.9930 -0.1140
vn -0.0444 -0.9930 -0.1096
vn -0.0571 -0.9930 -0.1035
vn -0.0689 -0.9930 -0.0961
vn -0.0798 -0.9930 -0.0872
vn -0.0896 -0.9930 -0.0772
vn -0.0981 -0.9930 -0.0661
vn -0.0981 -0.9930 -0.0660
vn -0.5091 0.8607 -0.0000
vn -0.8967 0.4297 -0.1068
vn -0.9408 0.3199 -0.1121
vn -0.9821 -0.1480 -0.1170
vn -0.9996 -0.0300 -0.0000
vn -0.8123 -0.5832 -0.0000
vn -0.4772 0.8607 -0.1772
vn -0.5693 0.7945 -0.2115
vn -0.6774 0.7171 -0.1637
vn -0.8777 0.4297 -0.2121
vn -0.8882 0.3198 -0.3299
vn -0.9210 0.3198 -0.2225
vn -0.7170 -0.6751 -0.1733
vn -0.2283 -0.9720 -0.0552
vn -0.4222 0.8607 -0.2844
vn -0.3856 0.8607 -0.3323
vn -0.3436 0.8607 -0.3756
vn -0.5037 0.7945 -0.3393
vn -0.5037 0.7945 -0.3392
vn -0.4600 0.7945 -0.3965
vn -0.4600 0.7945 -0.3964
vn -0.4099 0.7945 -0.4480
vn -0.4099 0.7945 -0.4481
vn -0.3540 0.7945 -0.4934
vn -0.6201 0.7171 -0.3182
vn -0.5781 0.7171 -0.3894
vn -0.5279 0.7171 -0.4550
vn -0.5280 0.7171 -0.4550
vn -0.4704 0.7171 -0.5142
vn -0.4063 0.7171 -0.5663
vn -0.3365 0.7171 -0.6104
vn -0.3365 0.7171 -0.6103
vn -0.6200 0.7171 -0.3182
vn -0.6443 0.6297 -0.4340
vn -0.6444 0.6297 -0.4340
vn -0.5781 0.7171 -0.3893
vn -0.5885 0.6297 -0.5072
vn -0.5244 0.6297 -0.5732
vn -0.4529 0.6297 -0.6312
vn -0.3751 0.6297 -0.6803
vn -0.2920 0.6297 -0.7199
vn -0.7016 0.5334 -0.4725
vn -0.6407 0.5334 -0.5522
vn -0.6408 0.5334 -0.5522
vn -0.5885 0.6297 -0.5071
vn -0.5709 0.5334 -0.6241
vn -0.4931 0.5334 -0.6873
vn -0.4931 0.5334 -0.6872
vn -0.4084 0.5334 -0.7408
vn -0.4084 0.5334 -0.7407
vn -0.3179 0.5334 -0.7839
vn -0.3179 0.5334 -0.7838
vn -0.2230 0.5334 -0.8160
vn -0.7490 0.4296 -0.5045
vn -0.6840 0.4296 -0.5895
vn -0.7016 0.5334 -0.4726
vn -0.6095 0.4296 -0.6663
vn -0.5264 0.4296 -0.7337
vn -0.4360 0.4296 -0.7908
vn -0.4360 0.4297 -0.7908
vn -0.3394 0.4296 -0.8368
vn -0.3394 0.4297 -0.8368
vn -0.2380 0.4296 -0.8711
vn -0.2229 0.5334 -0.8160
vn -0.1333 0.4296 -0.8931
vn -0.2230 0.5334 -0.8159
vn -0.0268 0.4297 -0.9026
vn -0.8034 0.4296 -0.4124
vn -0.7858 0.3199 -0.5293
vn -0.7490 0.4296 -0.5044
vn -0.7490 0.4297 -0.5044
vn -0.7177 0.3199 -0.6185
vn -0.7177 0.3198 -0.6185
vn -0.6395 0.3199 -0.6991
vn -0.5524 0.3199 -0.7698
vn -0.5264 0.4297 -0.7337
vn -0.5524 0.3198 -0.7698
vn -0.4574 0.3198 -0.8297
vn -0.4574 0.3199 -0.8297
vn -0.4359 0.4297 -0.7908
vn -0.4359 0.4296 -0.7908
vn -0.3561 0.3199 -0.8780
vn -0.2498 0.3199 -0.9140
vn -0.2497 0.3199 -0.9140
vn -0.2380 0.4297 -0.8711
vn -0.1399 0.3199 -0.9371
vn -0.1333 0.4297 -0.8931
vn -0.0281 0.3199 -0.9470
vn -0.8429 0.3198 -0.4327
vn -0.8117 0.2056 -0.5467
vn -0.7413 0.2056 -0.6389
vn -0.7858 0.3198 -0.5293
vn -0.6606 0.2056 -0.7221
vn -0.5705 0.2056 -0.7951
vn -0.5523 0.3199 -0.7698
vn -0.5523 0.3198 -0.7698
vn -0.4725 0.2056 -0.8570
vn -0.3678 0.2056 -0.9069
vn -0.3561 0.3198 -0.8780
vn -0.2580 0.2056 -0.9440
vn -0.2579 0.2056 -0.9440
vn -0.1445 0.2056 -0.9679
vn -0.1399 0.3198 -0.9371
vn -0.0290 0.2056 -0.9782
vn -0.0281 0.3198 -0.9471
vn 0.0869 0.2056 -0.9748
vn -0.8262 0.0884 -0.5564
vn -0.8262 0.0884 -0.5565
vn -0.8261 0.0884 -0.5565
vn -0.7546 0.0884 -0.6503
vn -0.7545 0.0884 -0.6503
vn -0.6723 0.0884 -0.7350
vn -0.6724 0.0884 -0.7349
vn -0.6723 0.0884 -0.7349
vn -0.5807 0.0884 -0.8093
vn -0.4809 0.0884 -0.8723
vn -0.3744 0.0884 -0.9231
vn -0.3743 0.0884 -0.9231
vn -0.2626 0.0884 -0.9609
vn -0.2625 0.0884 -0.9609
vn -0.1471 0.0884 -0.9852
vn -0.0295 0.0884 -0.9956
vn 0.0884 0.0884 -0.9921
vn 0.0885 0.0884 -0.9921
vn 0.2052 0.0884 -0.9747
vn -0.8290 -0.0300 -0.5584
vn -0.7572 -0.0300 -0.6525
vn -0.6747 -0.0300 -0.7375
vn -0.5827 -0.0300 -0.8121
vn -0.4826 -0.0300 -0.8753
vn -0.3756 -0.0300 -0.9263
vn -0.3757 -0.0300 -0.9263
vn -0.2635 -0.0300 -0.9642
vn -0.1476 -0.0300 -0.9886
vn -0.0296 -0.0300 -0.9991
vn 0.0888 -0.0300 -0.9956
vn 0.0887 -0.0300 -0.9956
vn 0.2059 -0.0300 -0.9781
vn 0.3201 -0.0300 -0.9469
vn -0.8203 -0.1480 -0.5525
vn -0.7492 -0.1480 -0.6456
vn -0.6675 -0.1480 -0.7297
vn -0.6676 -0.1480 -0.7297
vn -0.5765 -0.1480 -0.8035
vn -0.5766 -0.1480 -0.8035
vn -0.4775 -0.1480 -0.8661
vn -0.4826 -0.0300 -0.8754
vn -0.3717 -0.1480 -0.9165
vn -0.2607 -0.1480 -0.9540
vn -0.1460 -0.1480 -0.9782
vn -0.1460 -0.1480 -0.9781
vn -0.0293 -0.1480 -0.9886
vn 0.0878 -0.1480 -0.9851
vn 0.2037 -0.1480 -0.9678
vn 0.3167 -0.1480 -0.9369
vn 0.3168 -0.1480 -0.9369
vn 0.4253 -0.1480 -0.8929
vn -0.8581 -0.2639 -0.4405
vn -0.8000 -0.2639 -0.5388
vn -0.7307 -0.2639 -0.6297
vn -0.6511 -0.2639 -0.7117
vn -0.5623 -0.2639 -0.7837
vn -0.4657 -0.2639 -0.8447
vn -0.3625 -0.2639 -0.8938
vn -0.2543 -0.2639 -0.9304
vn -0.2542 -0.2639 -0.9304
vn -0.1424 -0.2639 -0.9540
vn -0.0286 -0.2639 -0.9641
vn 0.0856 -0.2639 -0.9607
vn 0.0857 -0.2639 -0.9607
vn 0.1987 -0.2639 -0.9439
vn 0.3089 -0.2639 -0.9138
vn 0.3089 -0.2639 -0.9137
vn 0.4148 -0.2639 -0.8708
vn 0.5149 -0.2639 -0.8156
vn -0.7685 -0.3761 -0.5176
vn -0.7019 -0.3761 -0.6049
vn -0.6254 -0.3761 -0.6837
vn -0.5402 -0.3761 -0.7528
vn -0.4473 -0.3761 -0.8114
vn -0.4474 -0.3761 -0.8114
vn -0.3482 -0.3761 -0.8587
vn -0.3482 -0.3761 -0.8586
vn -0.2442 -0.3761 -0.8938
vn -0.2443 -0.3761 -0.8938
vn -0.2542 -0.2639 -0.9305
vn -0.1368 -0.3761 -0.9164
vn -0.0275 -0.3761 -0.9262
vn -0.0274 -0.3761 -0.9262
vn 0.0823 -0.3761 -0.9229
vn 0.0856 -0.2639 -0.9608
vn 0.1909 -0.3761 -0.9067
vn 0.1908 -0.3761 -0.9067
vn 0.2968 -0.3761 -0.8778
vn 0.3985 -0.3761 -0.8365
vn 0.4946 -0.3761 -0.7835
vn 0.5838 -0.3761 -0.7195
vn -0.7262 -0.4830 -0.4892
vn -0.6633 -0.4830 -0.5716
vn -0.5910 -0.4830 -0.6461
vn -0.6254 -0.3761 -0.6836
vn -0.5105 -0.4830 -0.7114
vn -0.4227 -0.4830 -0.7668
vn -0.3291 -0.4830 -0.8114
vn -0.2308 -0.4830 -0.8447
vn -0.2308 -0.4830 -0.8446
vn -0.1293 -0.4830 -0.8660
vn -0.0260 -0.4830 -0.8752
vn -0.0259 -0.4830 -0.8752
vn 0.0777 -0.4830 -0.8722
vn 0.0778 -0.4830 -0.8722
vn 0.1804 -0.4830 -0.8568
vn 0.2804 -0.4830 -0.8295
vn 0.3766 -0.4830 -0.7905
vn 0.4674 -0.4830 -0.7404
vn 0.5517 -0.4830 -0.6799
vn 0.6283 -0.4830 -0.6099
vn -0.6738 -0.5832 -0.4538
vn -0.6154 -0.5832 -0.5303
vn -0.5483 -0.5832 -0.5994
vn -0.4736 -0.5832 -0.6600
vn -0.3922 -0.5832 -0.7114
vn -0.3053 -0.5832 -0.7528
vn -0.2141 -0.5832 -0.7836
vn -0.1199 -0.5832 -0.8034
vn -0.1199 -0.5832 -0.8035
vn -0.0241 -0.5832 -0.8120
vn 0.0721 -0.5832 -0.8091
vn 0.1673 -0.5832 -0.7949
vn 0.2602 -0.5832 -0.7696
vn 0.3494 -0.5832 -0.7334
vn 0.4337 -0.5832 -0.6869
vn 0.4336 -0.5832 -0.6869
vn 0.5119 -0.5832 -0.6308
vn 0.5118 -0.5832 -0.6308
vn 0.5829 -0.5831 -0.5659
vn 0.5829 -0.5832 -0.5658
vn 0.6457 -0.5832 -0.4929
vn -0.6119 -0.6751 -0.4121
vn -0.5588 -0.6751 -0.4816
vn -0.4979 -0.6751 -0.5443
vn -0.4301 -0.6751 -0.5994
vn -0.3562 -0.6751 -0.6460
vn -0.2773 -0.6751 -0.6836
vn -0.2772 -0.6751 -0.6836
vn -0.1945 -0.6751 -0.7116
vn -0.1089 -0.6751 -0.7296
vn -0.0219 -0.6751 -0.7374
vn -0.0218 -0.6751 -0.7374
vn 0.0655 -0.6751 -0.7348
vn 0.1519 -0.6751 -0.7219
vn 0.2363 -0.6751 -0.6988
vn 0.2363 -0.6751 -0.6989
vn 0.3173 -0.6751 -0.6660
vn 0.3938 -0.6751 -0.6238
vn 0.4648 -0.6751 -0.5728
vn 0.5293 -0.6751 -0.5138
vn 0.5293 -0.6751 -0.5139
vn 0.5864 -0.6751 -0.4477
vn 0.5864 -0.6751 -0.4476
vn 0.6352 -0.6751 -0.3752
vn 0.6352 -0.6751 -0.3751
vn -0.5413 -0.7576 -0.3646
vn -0.5414 -0.7576 -0.3646
vn -0.4944 -0.7576 -0.4261
vn -0.6118 -0.6751 -0.4121
vn -0.4405 -0.7576 -0.4816
vn -0.4406 -0.7576 -0.4816
vn -0.4980 -0.6751 -0.5443
vn -0.3805 -0.7576 -0.5303
vn -0.4300 -0.6751 -0.5994
vn -0.3151 -0.7576 -0.5716
vn -0.2453 -0.7576 -0.6049
vn -0.2453 -0.7576 -0.6048
vn -0.1720 -0.7576 -0.6296
vn -0.1944 -0.6751 -0.7116
vn -0.0964 -0.7576 -0.6455
vn -0.0964 -0.7576 -0.6456
vn -0.0193 -0.7576 -0.6524
vn 0.0579 -0.7576 -0.6501
vn 0.0580 -0.7576 -0.6501
vn 0.1344 -0.7576 -0.6387
vn 0.1520 -0.6751 -0.7219
vn 0.1345 -0.7576 -0.6387
vn 0.2090 -0.7576 -0.6183
vn 0.2362 -0.6751 -0.6988
vn 0.2807 -0.7576 -0.5892
vn 0.2807 -0.7576 -0.5893
vn 0.3484 -0.7576 -0.5519
vn 0.3172 -0.6751 -0.6660
vn 0.4113 -0.7576 -0.5068
vn 0.4648 -0.6751 -0.5729
vn 0.4683 -0.7576 -0.4547
vn 0.4683 -0.7576 -0.4546
vn 0.5188 -0.7576 -0.3961
vn 0.5863 -0.6751 -0.4476
vn 0.5620 -0.7576 -0.3319
vn 0.5973 -0.7576 -0.2631
vn -0.4633 -0.8295 -0.3120
vn -0.4632 -0.8295 -0.3120
vn -0.4231 -0.8295 -0.3646
vn -0.3770 -0.8295 -0.4121
vn -0.3256 -0.8295 -0.4538
vn -0.2697 -0.8295 -0.4891
vn -0.2099 -0.8295 -0.5176
vn -0.1472 -0.8295 -0.5388
vn -0.0825 -0.8295 -0.5524
vn -0.0166 -0.8295 -0.5583
vn -0.0165 -0.8295 -0.5583
vn 0.0496 -0.8295 -0.5563
vn 0.1150 -0.8295 -0.5466
vn 0.1151 -0.8295 -0.5465
vn 0.1151 -0.8295 -0.5466
vn 0.1789 -0.8295 -0.5291
vn 0.2402 -0.8295 -0.5042
vn 0.2982 -0.8295 -0.4723
vn 0.3519 -0.8295 -0.4337
vn 0.4007 -0.8295 -0.3890
vn 0.4008 -0.8295 -0.3891
vn 0.4440 -0.8295 -0.3389
vn 0.4439 -0.8295 -0.3389
vn 0.5188 -0.7576 -0.3960
vn 0.4809 -0.8295 -0.2840
vn 0.5111 -0.8295 -0.2252
vn 0.5342 -0.8295 -0.1631
vn -0.4061 -0.8897 -0.2085
vn -0.3786 -0.8897 -0.2550
vn -0.3458 -0.8897 -0.2980
vn -0.3081 -0.8897 -0.3368
vn -0.3082 -0.8897 -0.3368
vn -0.2661 -0.8897 -0.3709
vn -0.2662 -0.8897 -0.3709
vn -0.2204 -0.8897 -0.3998
vn -0.1716 -0.8897 -0.4231
vn -0.1203 -0.8897 -0.4404
vn -0.0674 -0.8897 -0.4515
vn -0.0135 -0.8897 -0.4563
vn 0.0405 -0.8897 -0.4547
vn 0.0940 -0.8897 -0.4467
vn 0.1462 -0.8897 -0.4325
vn 0.1963 -0.8897 -0.4122
vn 0.1963 -0.8897 -0.4121
vn 0.2437 -0.8897 -0.3860
vn 0.2877 -0.8897 -0.3545
vn 0.3276 -0.8897 -0.3180
vn 0.4007 -0.8295 -0.3891
vn 0.4008 -0.8295 -0.3890
vn 0.3629 -0.8897 -0.2770
vn 0.3931 -0.8897 -0.2322
vn 0.4178 -0.8897 -0.1840
vn 0.4366 -0.8897 -0.1333
vn 0.4493 -0.8897 -0.0808
vn -0.2887 -0.9375 -0.1945
vn -0.2887 -0.9374 -0.1945
vn -0.3787 -0.8897 -0.2550
vn -0.2637 -0.9374 -0.2273
vn -0.2350 -0.9374 -0.2569
vn -0.2350 -0.9375 -0.2568
vn -0.2029 -0.9375 -0.2828
vn -0.2030 -0.9374 -0.2829
vn -0.1681 -0.9374 -0.3049
vn -0.1681 -0.9375 -0.3049
vn -0.1308 -0.9374 -0.3226
vn -0.1308 -0.9375 -0.3226
vn -0.0918 -0.9375 -0.3358
vn -0.0918 -0.9374 -0.3358
vn -0.1204 -0.8897 -0.4404
vn -0.0514 -0.9374 -0.3443
vn -0.0514 -0.9375 -0.3443
vn -0.0103 -0.9374 -0.3480
vn -0.0103 -0.9375 -0.3480
vn 0.0309 -0.9374 -0.3468
vn 0.0309 -0.9375 -0.3467
vn 0.0717 -0.9374 -0.3407
vn 0.0717 -0.9375 -0.3406
vn 0.0940 -0.8897 -0.4468
vn 0.1115 -0.9374 -0.3298
vn 0.1115 -0.9375 -0.3298
vn 0.1497 -0.9375 -0.3143
vn 0.1497 -0.9374 -0.3143
vn 0.1858 -0.9374 -0.2944
vn 0.1858 -0.9375 -0.2944
vn 0.2193 -0.9375 -0.2703
vn 0.2193 -0.9374 -0.2703
vn 0.2437 -0.8897 -0.3861
vn 0.2194 -0.9374 -0.2703
vn 0.2498 -0.9374 -0.2425
vn 0.2498 -0.9375 -0.2425
vn 0.2767 -0.9374 -0.2112
vn 0.2767 -0.9375 -0.2112
vn 0.2997 -0.9375 -0.1770
vn 0.2998 -0.9374 -0.1770
vn 0.3186 -0.9375 -0.1403
vn 0.3186 -0.9374 -0.1403
vn 0.3330 -0.9374 -0.1017
vn 0.3329 -0.9375 -0.1017
vn 0.3329 -0.9374 -0.1017
vn 0.3426 -0.9375 -0.0616
vn 0.3426 -0.9374 -0.0616
vn 0.3475 -0.9374 -0.0206
vn 0.3475 -0.9375 -0.0206
vn -0.1948 -0.9720 -0.1312
vn -0.1779 -0.9720 -0.1533
vn -0.2637 -0.9375 -0.2273
vn -0.1585 -0.9720 -0.1733
vn -0.1369 -0.9720 -0.1908
vn -0.2350 -0.9375 -0.2569
vn -0.1134 -0.9720 -0.2057
vn -0.1134 -0.9720 -0.2056
vn -0.0883 -0.9720 -0.2176
vn -0.0619 -0.9720 -0.2265
vn -0.0347 -0.9720 -0.2323
vn -0.0347 -0.9720 -0.2322
vn -0.0070 -0.9720 -0.2347
vn 0.0209 -0.9720 -0.2339
vn 0.0208 -0.9720 -0.2339
vn 0.0484 -0.9720 -0.2298
vn 0.0717 -0.9375 -0.3407
vn 0.0752 -0.9720 -0.2225
vn 0.1010 -0.9720 -0.2120
vn 0.1254 -0.9720 -0.1986
vn 0.1480 -0.9720 -0.1823
vn 0.1480 -0.9720 -0.1824
vn 0.1479 -0.9720 -0.1823
vn 0.1685 -0.9720 -0.1636
vn 0.1867 -0.9720 -0.1425
vn 0.2022 -0.9720 -0.1194
vn 0.2997 -0.9374 -0.1770
vn 0.2149 -0.9720 -0.0947
vn 0.2246 -0.9720 -0.0686
vn 0.2311 -0.9720 -0.0415
vn 0.2344 -0.9720 -0.0139
vn 0.2344 -0.9720 0.0139
vn -0.0798 -0.9930 -0.0873
vn -0.0571 -0.9930 -0.1036
vn -0.0619 -0.9720 -0.2266
vn -0.0175 -0.9930 -0.1170
vn 0.0509 -0.9930 -0.1068
vn 0.0752 -0.9720 -0.2224
vn 0.0848 -0.9930 -0.0823
vn 0.0849 -0.9930 -0.0824
vn 0.0940 -0.9930 -0.0718
vn 0.1866 -0.9720 -0.1425
vn 0.2312 -0.9720 -0.0415
vn 0.1181 -0.9930 -0.0070
vn 0.1181 -0.9930 0.0070
vn -0.1342 0.8607 -0.4910
vn -0.1342 0.8607 -0.4911
vn -0.0897 0.7945 -0.6006
vn -0.0206 0.7171 -0.6967
vn -0.0206 0.7171 -0.6966
vn -0.0207 0.7171 -0.6966
vn 0.0690 0.6297 -0.7738
vn 0.1742 0.5334 -0.8277
vn 0.2892 0.4296 -0.8554
vn 0.2892 0.4297 -0.8554
vn 0.4075 0.3199 -0.8554
vn 0.5224 0.2056 -0.8275
vn 0.6276 0.0884 -0.7735
vn 0.7172 -0.0300 -0.6963
vn 0.7172 -0.0300 -0.6962
vn 0.7861 -0.1480 -0.6001
vn 0.8305 -0.2639 -0.4905
vn 0.8480 -0.3761 -0.3735
vn 0.8374 -0.4830 -0.2557
vn 0.7996 -0.5831 -0.1437
vn 0.7995 -0.5832 -0.1437
vn 0.7364 -0.6751 -0.0437
vn 0.6516 -0.7576 -0.0387
vn 0.6515 -0.7576 0.0387
vn 0.5575 -0.8295 0.0331
vn 0.5497 -0.8295 0.0988
vn 0.4366 -0.8897 0.1333
vn 0.3186 -0.9374 0.1403
vn 0.2022 -0.9720 0.1194
vn 0.0940 -0.9930 0.0718
vn -0.1064 0.9149 -0.3895
vn 0.3884 0.4296 -0.8152
vn 0.5058 0.3198 -0.8012
vn 0.5224 0.2056 -0.8276
vn 0.6166 0.2056 -0.7600
vn 0.3186 -0.9375 0.1403
vn 0.2997 -0.9374 0.1770
vn 0.1049 0.8607 -0.4982
vn 0.1048 0.8607 -0.4981
vn 0.0452 0.8607 -0.5071
vn 0.1251 0.7945 -0.5943
vn 0.1945 0.7945 -0.5753
vn 0.2997 0.7171 -0.6292
vn 0.2998 0.7171 -0.6292
vn 0.4147 0.6297 -0.6569
vn 0.5330 0.5334 -0.6568
vn 0.6479 0.4296 -0.6290
vn 0.5690 0.4297 -0.7012
vn 0.6479 0.4297 -0.6290
vn 0.7531 0.3199 -0.5749
vn 0.8426 0.2056 -0.4977
vn 0.8427 0.2056 -0.4977
vn 0.9116 0.0884 -0.4015
vn 0.9116 0.0884 -0.4016
vn 0.9147 -0.0300 -0.4030
vn 0.9560 -0.0300 -0.2919
vn 0.9734 -0.1480 -0.1749
vn 0.9629 -0.2639 -0.0571
vn 0.9629 -0.2639 -0.0572
vn 0.9250 -0.3761 0.0549
vn 0.8618 -0.4830 0.1549
vn 0.7769 -0.5832 0.2373
vn 0.6751 -0.6751 0.2974
vn 0.5620 -0.7576 0.3319
vn 0.4440 -0.8295 0.3389
vn 0.4439 -0.8295 0.3389
vn 0.3276 -0.8897 0.3180
vn 0.2193 -0.9374 0.2703
vn 0.2194 -0.9374 0.2703
vn 0.1254 -0.9720 0.1986
vn 0.1253 -0.9720 0.1986
vn 0.0509 -0.9930 0.1068
vn 0.1630 0.8607 -0.4823
vn 0.7177 0.4296 -0.5479
vn 0.7178 0.4297 -0.5479
vn 0.7531 0.3198 -0.5749
vn 0.8158 0.3198 -0.4818
vn 0.7769 -0.5831 0.2373
vn 0.4007 -0.8295 0.3891
vn 0.2193 -0.9375 0.2703
vn 0.3652 0.8607 -0.3546
vn 0.3653 0.8607 -0.3546
vn 0.4827 0.7945 -0.3685
vn 0.6001 0.7171 -0.3544
vn 0.7109 0.6297 -0.3132
vn 0.8090 0.5334 -0.2470
vn 0.8636 0.4297 -0.2637
vn 0.8888 0.4297 -0.1597
vn 0.8888 0.4296 -0.1597
vn 0.9458 0.3198 -0.0561
vn 0.9458 0.3199 -0.0561
vn 0.9769 0.2056 0.0580
vn 0.9804 0.0884 0.1762
vn 0.9560 -0.0300 0.2919
vn 0.9459 -0.1480 0.2889
vn 0.9051 -0.1480 0.3987
vn 0.8305 -0.2639 0.4905
vn 0.7365 -0.3761 0.5623
vn 0.7365 -0.3761 0.5622
vn 0.6283 -0.4830 0.6099
vn 0.5118 -0.5832 0.6308
vn 0.5119 -0.5832 0.6308
vn 0.3938 -0.6751 0.6238
vn 0.2807 -0.7576 0.5892
vn 0.1789 -0.8295 0.5291
vn 0.0940 -0.8897 0.4467
vn 0.0309 -0.9374 0.3468
vn 0.0309 -0.9375 0.3467
vn -0.0070 -0.9720 0.2347
vn 0.7110 0.6297 -0.3132
vn 0.4869 0.8607 -0.1487
vn 0.4658 0.8607 -0.2052
vn 0.5977 0.7945 -0.1074
vn 0.6957 0.7171 -0.0413
vn 0.6859 0.7171 -0.1233
vn 0.7755 0.6297 0.0460
vn 0.8325 0.5334 0.1496
vn 0.8636 0.4297 0.2637
vn 0.8636 0.4296 0.2637
vn 0.9062 0.3198 0.2767
vn 0.8671 0.3199 0.3819
vn 0.8671 0.3199 0.3820
vn 0.8671 0.3198 0.3820
vn 0.8426 0.2056 0.4977
vn 0.8427 0.2056 0.4977
vn 0.7917 0.0884 0.6044
vn 0.7918 0.0884 0.6044
vn 0.7172 -0.0300 0.6962
vn 0.7172 -0.0300 0.6963
vn 0.6232 -0.1480 0.7680
vn 0.6077 -0.2639 0.7490
vn 0.6231 -0.1480 0.7680
vn 0.5149 -0.2639 0.8156
vn 0.3985 -0.3761 0.8365
vn 0.2804 -0.4830 0.8295
vn 0.1673 -0.5832 0.7949
vn 0.0655 -0.6751 0.7348
vn 0.0579 -0.7576 0.6501
vn -0.0193 -0.7576 0.6524
vn -0.0194 -0.7576 0.6524
vn -0.0825 -0.8295 0.5524
vn -0.1203 -0.8897 0.4404
vn -0.0918 -0.9375 0.3358
vn -0.1308 -0.9374 0.3226
vn -0.0882 -0.9720 0.2176
vn -0.1134 -0.9720 0.2056
vn -0.0571 -0.9930 0.1036
vn 0.8090 0.5334 -0.2471
vn 0.2807 -0.7576 0.5893
vn 0.2091 -0.7576 0.6183
vn 0.1151 -0.8295 0.5466
vn 0.1150 -0.8295 0.5465
vn 0.0309 -0.9374 0.3467
vn 0.8671 0.3198 0.3819
vn -0.1308 -0.9375 0.3226
vn -0.1681 -0.9375 0.3048
vn 0.3974 0.9149 0.0714
vn 0.4869 0.8607 0.1487
vn 0.5557 0.7945 0.2448
vn 0.6001 0.7171 0.3544
vn 0.6175 0.6297 0.4714
vn 0.6689 0.6297 0.3950
vn 0.6069 0.5334 0.5892
vn 0.5690 0.4297 0.7012
vn 0.5690 0.4296 0.7012
vn 0.5058 0.3199 0.8012
vn 0.5970 0.3198 0.7357
vn 0.5058 0.3198 0.8012
vn 0.4209 0.2056 0.8835
vn 0.3190 0.0884 0.9436
vn 0.2059 -0.0300 0.9781
vn 0.0878 -0.1480 0.9851
vn -0.0286 -0.2639 0.9641
vn -0.1368 -0.3761 0.9164
vn -0.2308 -0.4830 0.8447
vn -0.3053 -0.5832 0.7528
vn -0.3562 -0.6751 0.6460
vn -0.3805 -0.7576 0.5303
vn -0.3770 -0.8295 0.4121
vn -0.3458 -0.8897 0.2980
vn -0.3081 -0.8897 0.3368
vn -0.2637 -0.9375 0.2273
vn -0.2887 -0.9374 0.1945
vn -0.2887 -0.9375 0.1945
vn -0.2089 -0.9720 0.1072
vn 0.3653 0.8607 0.3546
vn 0.3826 0.7945 0.4715
vn 0.3826 0.7945 0.4716
vn 0.3720 0.7171 0.5894
vn 0.3721 0.7171 0.5893
vn 0.3341 0.6297 0.7014
vn 0.3341 0.6297 0.7013
vn 0.2709 0.5334 0.8013
vn 0.3638 0.5334 0.7637
vn 0.1860 0.4297 0.8836
vn 0.1860 0.4296 0.8836
vn 0.0841 0.3199 0.9437
vn 0.0841 0.3198 0.9437
vn -0.0290 0.2056 0.9782
vn -0.1471 0.0884 0.9852
vn -0.2635 -0.0300 0.9642
vn -0.3717 -0.1480 0.9165
vn -0.4657 -0.2639 0.8447
vn -0.5402 -0.3761 0.7528
vn -0.5910 -0.4830 0.6461
vn -0.6154 -0.5832 0.5303
vn -0.6119 -0.6751 0.4121
vn -0.5414 -0.7576 0.3646
vn -0.5807 -0.7576 0.2981
vn -0.5807 -0.7576 0.2980
vn -0.5236 -0.8295 0.1945
vn -0.4279 -0.8897 0.1590
vn -0.4438 -0.8897 0.1072
vn -0.3384 -0.9375 0.0818
vn 0.4820 0.4296 0.7636
vn -0.4300 -0.6751 0.5994
vn -0.3787 -0.8897 0.2550
vn -0.1109 -0.9930 0.0412
vn 0.3652 0.8607 0.3546
vn 0.3208 0.8607 0.3953
vn 0.3720 0.7171 0.5893
vn -0.6118 -0.6751 0.4121
vn 0.1293 0.9149 0.3825
vn 0.1630 0.8607 0.4823
vn 0.1630 0.8607 0.4822
vn 0.1251 0.7945 0.5943
vn 0.1251 0.7945 0.5942
vn 0.0619 0.7171 0.6942
vn -0.0230 0.6297 0.7765
vn -0.1249 0.5334 0.8366
vn -0.2380 0.4296 0.8711
vn -0.2380 0.4297 0.8711
vn -0.3561 0.3199 0.8780
vn -0.3561 0.3198 0.8780
vn -0.4725 0.2056 0.8570
vn -0.4725 0.2055 0.8570
vn -0.5807 0.0884 0.8093
vn -0.6747 -0.0300 0.7375
vn -0.7492 -0.1480 0.6456
vn -0.8000 -0.2639 0.5388
vn -0.8000 -0.2639 0.5389
vn -0.8243 -0.3761 0.4231
vn -0.8208 -0.4830 0.3049
vn -0.7896 -0.5832 0.1908
vn 0.1631 0.8607 0.4823
vn 0.1049 0.8607 0.4982
vn 0.1049 0.8607 0.4981
vn 0.0831 0.9149 0.3950
vn 0.0539 0.7945 0.6049
vn 0.1048 0.8607 0.4982
vn 0.1048 0.8607 0.4981
vn -0.0207 0.7171 0.6967
vn -0.0207 0.7171 0.6966
vn -0.1147 0.6297 0.7684
vn -0.1147 0.6297 0.7683
vn -0.2230 0.5334 0.8160
vn -0.2229 0.5334 0.8160
vn -0.3394 0.4296 0.8368
vn -0.3394 0.4297 0.8368
vn -0.4574 0.3199 0.8297
vn -0.5705 0.2056 0.7951
vn -0.6723 0.0884 0.7350
vn -0.6724 0.0884 0.7349
vn -0.6723 0.0884 0.7349
vn -0.7572 -0.0300 0.6525
vn -0.8203 -0.1480 0.5525
vn -0.8581 -0.2639 0.4405
vn -0.8581 -0.2639 0.4404
vn -0.8686 -0.3761 0.3227
vn -0.8686 -0.3761 0.3226
vn -0.8511 -0.4830 0.2057
vn -0.0206 0.7171 0.6966
vn -0.1342 0.8607 0.4910
vn -0.2282 0.7945 0.5627
vn -0.3365 0.7171 0.6104
vn -0.3365 0.7171 0.6103
vn -0.3750 0.6297 0.6803
vn -0.4529 0.6297 0.6312
vn -0.5709 0.5334 0.6241
vn -0.6840 0.4296 0.5895
vn -0.6840 0.4297 0.5895
vn -0.7858 0.3199 0.5293
vn -0.8706 0.2056 0.4469
vn -0.8707 0.2056 0.4469
vn -0.9337 0.0884 0.3469
vn -0.9338 0.0884 0.3468
vn -0.9337 0.0884 0.3468
vn -0.9716 -0.0300 0.2348
vn -0.0206 0.7171 0.6967
vn -0.2230 0.5334 0.8159
vn -0.5524 0.3198 0.7698
vn -0.6606 0.2055 0.7221
vn -0.9007 -0.3761 0.2177
vn -0.1342 0.8607 0.4911
vn -0.2282 0.7945 0.5628
vn -0.4063 0.7171 0.5662
vn -0.3436 0.8607 0.3756
vn -0.2353 0.9149 0.3280
vn -0.2967 0.8607 0.4136
vn -0.4099 0.7945 0.4480
vn -0.4600 0.7945 0.3964
vn -0.5781 0.7171 0.3893
vn -0.5780 0.7171 0.3893
vn -0.6911 0.6297 0.3547
vn -0.7929 0.5334 0.2945
vn -0.8777 0.4296 0.2121
vn -0.9210 0.3198 0.2226
vn -0.5710 0.5334 0.6241
vn -0.7490 0.4296 0.5044
vn -0.7859 0.3198 0.5293
vn -0.8429 0.3198 0.4327
vn -0.5781 0.7171 0.3894
vn -0.6200 0.7171 0.3182
vn -0.6912 0.6297 0.3547
vn -0.8967 0.4297 0.1068
vn -0.4948 0.8607 0.1196
vn -0.5903 0.7945 0.1427
vn -0.9766 -0.0000 0.2150
vn -0.9766 -0.0000 -0.2150
vn -0.9076 -0.0000 -0.4199
vn -0.7961 -0.0000 -0.6052
vn -0.6474 -0.0000 -0.7622
vn -0.4684 -0.0000 -0.8835
vn -0.2675 -0.0000 -0.9636
vn -0.2675 -0.0000 -0.9635
vn -0.0541 -0.0000 -0.9985
vn 0.1618 -0.0000 -0.9868
vn 0.3701 -0.0000 -0.9290
vn 0.5612 -0.0000 -0.8277
vn 0.7260 -0.0000 -0.6877
vn 0.8569 -0.0000 -0.5155
vn 0.8569 -0.0000 -0.5156
vn 0.9477 -0.0000 -0.3193
vn 0.9476 -0.0000 -0.3193
vn 0.9941 -0.0000 -0.1081
vn 0.9941 -0.0000 0.1081
vn 0.9476 -0.0000 0.3193
vn 0.9477 -0.0000 0.3193
vn 0.8569 -0.0000 0.5156
vn 0.8569 -0.0000 0.5155
vn 0.7260 -0.0000 0.6877
vn 0.5612 -0.0000 0.8277
vn 0.3701 -0.0000 0.9290
vn 0.1618 -0.0000 0.9868
vn -0.0541 -0.0000 0.9985
vn -0.2675 0.0001 0.9635
vn -0.2675 -0.0000 0.9635
vn -0.2675 -0.0000 0.9636
vn -0.4684 -0.0000 0.8835
vn -0.6474 -0.0000 0.7622
vn -0.7961 -0.0000 0.6052
vn -0.9076 -0.0000 0.4199
vt -0.034330 0.029595
vt -0.034330 0.000000
vt 0.034330 0.000000
vt -0.034330 -0.029595
vt 0.034330 -0.035075
vt -0.034330 -0.059190
vt 0.034330 -0.070151
vt -0.034330 -0.088784
vt 0.034330 -0.105226
vt -0.034330 -0.118379
vt 0.034330 -0.140301
vt -0.034330 -0.147974
vt 0.034330 -0.175377
vt -0.034330 -0.177569
vt -0.034330 -0.207163
vt 0.034330 -0.210452
vt -0.034330 -0.236758
vt 0.034330 -0.245527
vt -0.034330 -0.266353
vt 0.034330 -0.280602
vt -0.034330 -0.295948
vt 0.034330 -0.315678
vt -0.034330 -0.325543
vt 0.034330 -0.350753
vt -0.034330 -0.355137
vt 0.034330 -0.385828
vt -0.034330 -0.384732
vt -0.034330 -0.414327
vt 0.034330 -0.420904
vt -0.034330 -0.443922
vt 0.034330 -0.455979
vt -0.034330 -0.473517
vt 0.034330 -0.491054
vt 0.034330 0.455979
vt -0.034330 0.473517
vt -0.034330 0.443922
vt 0.034330 0.420904
vt -0.034330 0.414327
vt 0.034330 0.385828
vt -0.034330 0.384732
vt -0.034330 0.355137
vt 0.034330 0.350753
vt -0.034330 0.325543
vt 0.034330 0.315678
vt -0.034330 0.295948
vt 0.034330 0.280602
vt -0.034330 0.266353
vt 0.034330 0.245527
vt -0.034330 0.236758
vt 0.034330 0.210452
vt -0.034330 0.207163
vt 0.034330 0.175377
vt -0.034330 0.177569
vt -0.034330 0.147974
vt 0.034330 0.140301
vt -0.034330 0.118379
vt 0.034330 0.105226
vt -0.034330 0.088784
vt 0.034330 0.070151
vt -0.034330 0.059190
vt 0.034330 0.035075
vt -0.651450 -0.029426
vt -0.200967 -0.014713
vt -0.651450 0.000000
vt -0.200967 0.014713
vt -0.651450 0.029426
vt -0.200967 0.044139
vt -0.651450 0.058853
vt -0.200967 0.073566
vt -0.651450 0.088279
vt -0.200967 0.102992
vt -0.651450 0.117705
vt -0.200967 0.132418
vt -0.651450 0.147131
vt -0.200967 0.161844
vt -0.651450 0.176558
vt -0.200967 0.191271
vt -0.651450 0.205984
vt -0.200967 0.220697
vt -0.651450 0.235410
vt -0.200967 0.250123
vt -0.651450 0.264836
vt -0.200967 0.279549
vt -0.651450 0.294263
vt -0.200967 0.308976
vt -0.651450 0.323689
vt -0.200967 0.338402
vt -0.651450 0.353115
vt -0.200967 0.367828
vt -0.651450 0.382541
vt -0.200967 0.397254
vt -0.651450 0.411968
vt -0.651450 -0.382541
vt -0.200967 -0.397254
vt -0.200967 -0.367828
vt -0.651450 -0.353115
vt -0.200967 -0.338402
vt -0.651450 -0.323689
vt -0.200967 -0.308976
vt -0.651450 -0.294263
vt -0.200967 -0.279549
vt -0.651450 -0.264836
vt -0.200967 -0.250123
vt -0.651450 -0.235410
vt -0.200967 -0.220697
vt -0.651450 -0.205984
vt -0.200967 -0.191271
vt -0.651450 -0.176558
vt -0.200967 -0.161844
vt -0.651450 -0.147131
vt -0.200967 -0.132418
vt -0.651450 -0.117705
vt -0.200967 -0.102992
vt -0.651450 -0.088279
vt -0.200967 -0.073566
vt -0.651450 -0.058853
vt -0.200967 -0.044139
vt 0.700000 0.029426
vt 0.249517 0.014713
vt 0.700000 0.000000
vt 0.249517 -0.014713
vt 0.700000 -0.029426
vt 0.249517 -0.044139
vt 0.700000 -0.058853
vt 0.249517 -0.073566
vt 0.700000 -0.088279
vt 0.249517 -0.102992
vt 0.700000 -0.117705
vt 0.249517 -0.132418
vt 0.700000 -0.147131
vt 0.249517 -0.161844
vt 0.700000 -0.176558
vt 0.249517 -0.191271
vt 0.700000 -0.205984
vt 0.249517 -0.220697
vt 0.700000 -0.235410
vt 0.249517 -0.250123
vt 0.700000 -0.264836
vt 0.249517 -0.279549
vt 0.700000 -0.294263
vt 0.249517 -0.308976
vt 0.700000 -0.323689
vt 0.249517 -0.338402
vt 0.700000 -0.353115
vt 0.249517 -0.367828
vt 0.700000 -0.382541
vt 0.249517 -0.397254
vt 0.700000 -0.411968
vt 0.700000 0.382541
vt 0.249517 0.397254
vt 0.249517 0.367828
vt 0.700000 0.353115
vt 0.249517 0.338402
vt 0.700000 0.323689
vt 0.249517 0.308976
vt 0.700000 0.294263
vt 0.249517 0.279549
vt 0.700000 0.264836
vt 0.249517 0.250123
vt 0.700000 0.235410
vt 0.249517 0.220697
vt 0.700000 0.205984
vt 0.249517 0.191271
vt 0.700000 0.176558
vt 0.249517 0.161844
vt 0.700000 0.147131
vt 0.249517 0.132418
vt 0.700000 0.117705
vt 0.249517 0.102992
vt 0.700000 0.088279
vt 0.249517 0.073566
vt 0.700000 0.058853
vt 0.249517 0.044139
vt -0.024537 0.029146
vt -0.024537 0.000000
vt 0.024537 0.000000
vt -0.024537 -0.029146
vt 0.024537 -0.033464
vt -0.024537 -0.058292
vt 0.024537 -0.066928
vt -0.024537 -0.087438
vt 0.024537 -0.100391
vt -0.024537 -0.116583
vt 0.024537 -0.133855
vt -0.024537 -0.145729
vt 0.024537 -0.167319
vt -0.024537 -0.174875
vt 0.024537 -0.200783
vt -0.024537 -0.204021
vt 0.024537 -0.234246
vt -0.024537 -0.233167
vt -0.024537 -0.262313
vt 0.024537 -0.267710
vt -0.024537 -0.291459
vt 0.024537 -0.301174
vt -0.024537 -0.320605
vt 0.024537 -0.334638
vt -0.024537 -0.349750
vt 0.024537 -0.368102
vt -0.024537 -0.378896
vt 0.024537 -0.401565
vt -0.024537 -0.408042
vt 0.024537 -0.435029
vt -0.024537 -0.437188
vt -0.024537 -0.466334
vt 0.024537 -0.468493
vt 0.024537 0.435029
vt -0.024537 0.437188
vt -0.024537 0.408042
vt 0.024537 0.401565
vt -0.024537 0.378896
vt 0.024537 0.368102
vt -0.024537 0.349750
vt 0.024537 0.334638
vt -0.024537 0.320605
vt 0.024537 0.301174
vt -0.024537 0.291459
vt 0.024537 0.267710
vt -0.024537 0.262313
vt 0.024537 0.234246
vt -0.024537 0.233167
vt -0.024537 0.204021
vt 0.024537 0.200783
vt -0.024537 0.174875
vt 0.024537 0.167319
vt -0.024537 0.145729
vt 0.024537 0.133855
vt -0.024537 0.116583
vt 0.024537 0.100391
vt -0.024537 0.087438
vt 0.024537 0.066928
vt -0.024537 0.058292
vt 0.024537 0.033464
vt -0.443800 -0.029426
vt -0.026150 -0.014713
vt -0.443800 0.000000
vt -0.026150 0.014713
vt -0.443800 0.029426
vt -0.026150 0.044139
vt -0.443800 0.058853
vt -0.026150 0.073566
vt -0.443800 0.088279
vt -0.026150 0.102992
vt -0.443800 0.117705
vt -0.026150 0.132418
vt -0.443800 0.147131
vt -0.026150 0.161844
vt -0.443800 0.176558
vt -0.026150 0.191271
vt -0.443800 0.205984
vt -0.026150 0.220697
vt -0.443800 0.235410
vt -0.026150 0.250123
vt -0.443800 0.264836
vt -0.026150 0.279549
vt -0.443800 0.294263
vt -0.026150 0.308976
vt -0.443800 0.323689
vt -0.026150 0.338402
vt -0.443800 0.353115
vt -0.026150 0.367828
vt -0.443800 0.382541
vt -0.026150 0.397254
vt -0.443800 0.411968
vt -0.443800 -0.382541
vt -0.026150 -0.397254
vt -0.026150 -0.367828
vt -0.443800 -0.353115
vt -0.026150 -0.338402
vt -0.443800 -0.323689
vt -0.026150 -0.308976
vt -0.443800 -0.294263
vt -0.026150 -0.279549
vt -0.443800 -0.264836
vt -0.026150 -0.250123
vt -0.443800 -0.235410
vt -0.026150 -0.220697
vt -0.443800 -0.205984
vt -0.026150 -0.191271
vt -0.443800 -0.176558
vt -0.026150 -0.161844
vt -0.443800 -0.147131
vt -0.026150 -0.132418
vt -0.443800 -0.117705
vt -0.026150 -0.102992
vt -0.443800 -0.088279
vt -0.026150 -0.073566
vt -0.443800 -0.058853
vt -0.026150 -0.044139
vt 0.391500 -0.367828
vt 0.391500 -0.397254
vt 0.391500 0.397254
vt 0.391500 0.367828
vt 0.391500 0.338402
vt 0.391500 0.308976
vt 0.391500 0.279549
vt 0.391500 0.250123
vt 0.391500 0.220697
vt 0.391500 0.191271
vt 0.391500 0.161844
vt 0.391500 0.132418
vt 0.391500 0.102992
vt 0.391500 0.073566
vt 0.391500 0.044139
vt 0.391500 0.014713
vt 0.391500 -0.014713
vt 0.391500 -0.044139
vt 0.391500 -0.073566
vt 0.391500 -0.102992
vt 0.391500 -0.132418
vt 0.391500 -0.161844
vt 0.391500 -0.191271
vt 0.391500 -0.220697
vt 0.391500 -0.250123
vt 0.391500 -0.279549
vt 0.391500 -0.308976
vt 0.391500 -0.338402
vt 0.029161 2.926958
vt 0.000000 2.923550
vt -0.000000 -1.695000
vt -0.029161 2.926958
vt -0.041840 -1.698456
vt -0.056751 2.937000
vt -0.082547 -1.708730
vt -0.081280 2.953134
vt -0.121016 -1.725545
vt -0.101428 2.974489
vt -0.156204 -1.748443
vt -0.116108 2.999916
vt -0.187159 -1.776805
vt -0.213040 -1.809861
vt -0.500000 3.050000
vt -0.233147 -1.846716
vt -0.246934 -1.886371
vt -0.600000 -1.950000
vt -0.254027 -1.927750
vt -0.254235 -1.969733
vt -0.600000 -3.550000
vt -0.247552 -2.011180
vt -0.234158 -2.050970
vt -0.214418 -2.088022
vt -0.188865 -2.121333
vt -0.158193 -2.150000
vt 0.600000 -3.550000
vt 0.158193 -2.150000
vt 0.188865 -2.121333
vt 0.214418 -2.088022
vt 0.234158 -2.050970
vt 0.247552 -2.011180
vt 0.254235 -1.969733
vt 0.600000 -1.950000
vt 0.254027 -1.927750
vt 0.246934 -1.886371
vt 0.500000 3.050000
vt 0.233147 -1.846716
vt 0.213040 -1.809861
vt 0.116108 2.999916
vt 0.187159 -1.776805
vt 0.156204 -1.748443
vt 0.101428 2.974489
vt 0.121016 -1.725545
vt 0.081280 2.953134
vt 0.082547 -1.708730
vt 0.056751 2.937000
vt 0.041840 -1.698456
vt -0.124529 3.028042
vt -0.383022 3.371394
vt -0.417744 3.324754
vt -0.126236 3.057352
vt -0.250000 3.483013
vt -0.298579 3.451062
vt -0.343121 3.413687
vt -0.121138 3.086266
vt -0.143402 3.528995
vt -0.198040 3.509108
vt -0.109509 3.113225
vt -0.086824 3.542404
vt -0.091976 3.136775
vt -0.069485 3.155647
vt -0.043248 3.168824
vt -0.029072 3.549154
vt -0.014680 3.175595
vt 0.014680 3.175595
vt 0.029072 3.549154
vt 0.043248 3.168824
vt 0.086824 3.542404
vt 0.069485 3.155647
vt 0.091976 3.136775
vt 0.109509 3.113225
vt 0.143402 3.528995
vt 0.121138 3.086266
vt 0.126236 3.057352
vt 0.124529 3.028042
vt 0.250000 3.483013
vt 0.198040 3.509108
vt 0.383022 3.371394
vt 0.343121 3.413687
vt 0.496619 3.108046
vt 0.486522 3.165308
vt 0.469846 3.221010
vt 0.446816 3.274400
vt 0.417744 3.324754
vt 0.298579 3.451062
vt -0.446816 3.274400
vt -0.469846 3.221010
vt -0.486522 3.165308
vt -0.496619 3.108046
vt -0.000000 0.006555
vt 0.820000 0.006555
vt 0.000000 0.048586
vt 0.820000 0.048586
vt 0.000000 0.090616
vt 0.820000 0.090616
vt 0.000000 0.132647
vt 0.820000 0.132647
vt 0.000000 0.174677
vt 0.820000 0.174677
vt 0.000000 0.216708
vt 0.820000 0.216708
vt 0.000000 0.258738
vt 0.820000 0.258738
vt 0.000000 0.300769
vt 0.820000 0.300769
vt 0.000000 0.342799
vt 0.820000 0.342799
vt 0.000000 0.384830
vt 0.820000 0.384830
vt 0.000000 0.426861
vt 0.820000 0.426861
vt 0.000000 0.468891
vt 0.820000 0.468891
vt 0.000000 0.510922
vt 0.820000 0.510922
vt 0.000000 0.552952
vt 0.820000 0.552952
vt 0.000000 0.594983
vt 0.820000 0.594983
vt 0.000000 0.637013
vt 0.820000 0.637013
vt 0.000000 0.679044
vt 0.820000 0.679044
vt 0.000000 0.721074
vt 0.820000 0.721074
vt 0.000000 0.763105
vt 0.820000 0.763105
vt 0.000000 0.805136
vt 0.820000 0.805136
vt 0.000000 0.847166
vt 0.820000 0.847166
vt 0.000000 0.889197
vt 0.820000 0.889197
vt 0.000000 0.931227
vt 0.820000 0.931227
vt 0.000000 0.973258
vt 0.820000 0.973258
vt 0.000000 1.015288
vt 0.820000 1.015288
vt 0.000000 1.057319
vt 0.820000 1.057319
vt 0.000000 1.099349
vt 0.820000 1.099349
vt 0.000000 1.141380
vt 0.820000 1.141380
vt 0.000000 1.183411
vt 0.820000 1.183411
vt 0.000000 1.225441
vt 0.820000 1.225441
vt -0.000000 1.267472
vt 0.820000 1.267472
vt 0.026958 0.464161
vt -0.008193 0.820000
vt 0.023550 0.435000
vt -0.008193 0.000000
vt 0.026958 0.405839
vt 0.037000 0.378249
vt 0.053134 0.353720
vt 0.074489 0.333572
vt 0.099916 0.318892
vt 0.128042 0.310471
vt 0.157352 0.308764
vt 0.308193 0.000000
vt 0.186266 0.313862
vt 0.213225 0.325491
vt 0.236775 0.343024
vt 0.255647 0.365515
vt 0.268824 0.391752
vt 0.275595 0.420320
vt 0.308193 0.820000
vt 0.275595 0.449680
vt 0.268824 0.478248
vt 0.255647 0.504485
vt 0.236775 0.526976
vt 0.213225 0.544509
vt 0.186266 0.556138
vt 0.157352 0.561236
vt 0.128042 0.559529
vt 0.099916 0.551108
vt 0.074489 0.536428
vt 0.053134 0.516280
vt 0.037000 0.491751
vt 0.000000 0.000000
vt 1.600000 0.000000
vt 0.000000 0.870000
vt 1.600000 0.870000
vt 5.001000 0.000000
vt 5.001000 0.870000
vt -0.870000 0.000000
vt -0.870000 0.058178
vt -0.000000 0.058178
vt -0.870000 0.116355
vt -0.000000 0.116355
vt -0.870000 0.174533
vt -0.000000 0.174533
vt -0.870000 0.232711
vt -0.000000 0.232711
vt -0.870000 0.290888
vt -0.000000 0.290888
vt -0.870000 0.349066
vt -0.000000 0.349066
vt -0.870000 0.407243
vt -0.000000 0.407243
vt -0.870000 0.465421
vt -0.000000 0.465421
vt -0.870000 0.523599
vt -0.000000 0.523599
vt -0.870000 0.581776
vt -0.000000 0.581776
vt -0.870000 0.639954
vt -0.000000 0.639954
vt -0.870000 0.698132
vt -0.000000 0.698132
vt -0.870000 0.756309
vt -0.000000 0.756309
vt -0.870000 0.814487
vt -0.000000 0.814487
vt -0.870000 0.872665
vt -0.000000 0.872665
vt -0.870000 0.930842
vt -0.000000 0.930842
vt -0.870000 0.989020
vt -0.000000 0.989020
vt -0.870000 1.047198
vt -0.000000 1.047198
vt -0.870000 1.105375
vt -0.000000 1.105375
vt -0.870000 1.163553
vt -0.000000 1.163553
vt -0.870000 1.221730
vt -0.000000 1.221730
vt -0.870000 1.279908
vt -0.000000 1.279908
vt -0.870000 1.338086
vt -0.000000 1.338086
vt -0.870000 1.396263
vt -0.000000 1.396263
vt -0.870000 1.454441
vt -0.000000 1.454441
vt -0.870000 1.512619
vt -0.000000 1.512619
vt -0.870000 1.570796
vt -0.000000 1.570796
vt 0.771637 0.400859
vt 1.200000 0.000000
vt 0.775000 0.435000
vt 1.200000 0.870000
vt 0.771637 0.469141
vt 0.761679 0.501970
vt 0.745507 0.532225
vt 0.723744 0.558744
vt 0.697225 0.580507
vt 0.666970 0.596679
vt 0.634141 0.606637
vt 0.600000 0.610000
vt 0.565859 0.606637
vt 0.533030 0.596679
vt 0.502775 0.580507
vt 0.476256 0.558744
vt 0.454493 0.532225
vt 0.438321 0.501970
vt 0.428363 0.469141
vt 0.425000 0.435000
vt 0.428363 0.400859
vt 0.438321 0.368030
vt 0.454493 0.337775
vt 0.476256 0.311256
vt 0.502775 0.289493
vt 0.533030 0.273321
vt 0.565859 0.263363
vt 0.600000 0.260000
vt 0.634141 0.263363
vt 0.666970 0.273321
vt 0.697225 0.289493
vt 0.723744 0.311256
vt 0.745507 0.337775
vt 0.761679 0.368030
vt 0.035355 0.528677
vt -0.035355 0.512088
vt 0.035355 0.486980
vt -0.035355 0.465936
vt 0.035355 0.445282
vt -0.035355 0.419785
vt 0.035355 0.403585
vt -0.035355 0.373634
vt 0.035355 0.361887
vt -0.035355 0.327483
vt 0.035355 0.320190
vt -0.035355 0.281332
vt 0.035355 0.278492
vt -0.035355 0.235180
vt 0.035355 0.236795
vt 0.035355 0.195097
vt -0.035355 0.189029
vt 0.035355 0.153400
vt -0.035355 0.142878
vt 0.035355 0.111702
vt -0.035355 0.096727
vt 0.035355 0.070005
vt -0.035355 0.050576
vt 0.035355 0.028307
vt -0.035355 0.004424
vt 0.035355 -0.013390
vt -0.035355 -0.041727
vt 0.035355 -0.055088
vt -0.035355 -0.087878
vt 0.035355 -0.096785
vt -0.035355 -0.134029
vt 0.035355 -0.138483
vt -0.035355 -0.180180
vt 0.035355 -0.180180
vt 0.035355 -0.221878
vt -0.035355 -0.226332
vt 0.035355 -0.263575
vt -0.035355 -0.272483
vt 0.035355 -0.305273
vt -0.035355 -0.318634
vt 0.035355 -0.346970
vt -0.035355 -0.364785
vt 0.035355 -0.388668
vt -0.035355 -0.410936
vt 0.035355 -0.430365
vt -0.035355 -0.457087
vt 0.035355 -0.472063
vt -0.035355 -0.503239
vt 0.035355 -0.513760
vt -0.035355 -0.549390
vt 0.035355 -0.555458
vt -0.035355 -0.595541
vt 0.035355 -0.597155
vt 0.035355 -0.638853
vt -0.035355 -0.641692
vt 0.035355 -0.680550
vt -0.035355 -0.687843
vt 0.035355 -0.722248
vt -0.035355 -0.733995
vt 0.035355 -0.763945
vt -0.035355 -0.780146
vt 0.035355 -0.805643
vt -0.035355 -0.826297
vt 0.035355 -0.847341
vt -0.035355 -0.872448
vt 0.035355 -0.889038
vt -0.249714 -0.035355
vt 0.099714 -0.035355
vt -0.233193 0.035355
vt 0.083193 0.035355
vt 0.032439 3.207851
vt -0.000000 3.211150
vt -0.032439 3.207851
vt -0.063550 3.198090
vt -0.092060 3.182266
vt -0.116800 3.161027
vt -0.136759 3.135243
vt -0.151119 3.105968
vt -0.159292 3.074403
vt -0.160943 3.041838
vt 0.063550 3.198090
vt 0.092060 3.182266
vt 0.116800 3.161027
vt 0.136759 3.135243
vt 0.151119 3.105968
vt 0.159292 3.074403
vt 0.160943 3.041838
vt 0.156006 3.009607
vt 0.237681 -1.758864
vt 0.144681 2.979030
vt 0.206691 -1.725715
vt 0.171127 -1.697531
vt 0.127434 2.951359
vt 0.131774 -1.674935
vt 0.104969 2.927726
vt 0.078206 2.909099
vt 0.089504 -1.658428
vt 0.048242 2.896240
vt 0.045253 -1.648376
vt 0.016303 2.889677
vt -0.000000 -1.645000
vt -0.016303 2.889677
vt -0.045253 -1.648376
vt -0.048242 2.896240
vt -0.089504 -1.658428
vt -0.078206 2.909099
vt -0.131774 -1.674935
vt -0.104969 2.927726
vt -0.127434 2.951359
vt -0.171127 -1.697531
vt -0.144681 2.979030
vt -0.206691 -1.725715
vt -0.237681 -1.758864
vt -0.156006 3.009607
vt 0.209873 -2.171311
vt 0.174714 -2.200000
vt -0.174714 -2.200000
vt -0.209873 -2.171311
vt -0.240386 -2.137722
vt -0.265577 -2.099979
vt -0.284890 -2.058915
vt -0.297897 -2.015440
vt -0.304309 -1.970517
vt -0.303985 -1.925140
vt -0.296932 -1.880313
vt -0.283306 -1.837028
vt -0.263409 -1.796245
vt 0.263409 -1.796245
vt 0.283306 -1.837028
vt 0.296932 -1.880313
vt 0.303985 -1.925140
vt 0.304309 -1.970517
vt 0.297897 -2.015440
vt 0.284890 -2.058915
vt 0.265577 -2.099979
vt 0.240386 -2.137722
vt 0.013779 0.388544
vt 0.013779 0.417325
vt -0.022774 0.417325
vt -0.022774 -0.417325
vt 0.013779 -0.417325
vt 0.013779 -0.388544
vt -0.022774 -0.385223
vt 0.013779 -0.359763
vt -0.022774 -0.353121
vt 0.013779 -0.330982
vt -0.022774 -0.321019
vt 0.013779 -0.302201
vt -0.022774 -0.288917
vt 0.013779 -0.273420
vt -0.022774 -0.256816
vt 0.013779 -0.244639
vt -0.022774 -0.224714
vt 0.013779 -0.215858
vt -0.022774 -0.192612
vt 0.013779 -0.187077
vt -0.022774 -0.160510
vt 0.013779 -0.158296
vt -0.022774 -0.128408
vt 0.013779 -0.129515
vt 0.013779 -0.100734
vt -0.022774 -0.096306
vt 0.013779 -0.071953
vt -0.022774 -0.064204
vt 0.013779 -0.043172
vt -0.022774 -0.032102
vt 0.013779 -0.014391
vt -0.022774 0.000000
vt 0.013779 0.014391
vt -0.022774 0.032102
vt 0.013779 0.043172
vt -0.022774 0.064204
vt 0.013779 0.071953
vt -0.022774 0.096306
vt 0.013779 0.100734
vt -0.022774 0.128408
vt 0.013779 0.129515
vt 0.013779 0.158296
vt -0.022774 0.160510
vt 0.013779 0.187077
vt -0.022774 0.192612
vt 0.013779 0.215858
vt -0.022774 0.224714
vt 0.013779 0.244639
vt -0.022774 0.256816
vt 0.013779 0.273420
vt -0.022774 0.288917
vt 0.013779 0.302201
vt -0.022774 0.321019
vt 0.013779 0.330982
vt -0.022774 0.353121
vt 0.013779 0.359763
vt -0.022774 0.385223
vt 0.047124 0.044018
vt 0.039270 0.041817
vt 0.047124 0.000000
vt 0.039270 0.000000
vt 0.039270 -0.041817
vt 0.031416 0.000000
vt 0.031416 -0.041817
vt 0.023562 -0.000000
vt 0.023562 -0.041817
vt 0.015708 -0.000000
vt 0.015708 -0.041817
vt 0.007854 -0.000000
vt 0.007854 -0.041817
vt 0.000000 -0.041817
vt 0.039270 0.083633
vt 0.047124 0.088035
vt 0.039270 0.125450
vt 0.047124 0.132053
vt 0.039270 0.167267
vt 0.047124 0.176070
vt 0.039270 0.209083
vt 0.047124 0.220088
vt 0.039270 0.250900
vt 0.047124 0.264105
vt 0.039270 0.292717
vt 0.047124 0.308123
vt 0.039270 0.334533
vt 0.047124 0.352140
vt 0.039270 0.376350
vt 0.047124 0.396158
vt 0.039270 0.418167
vt 0.047124 0.440175
vt 0.039270 0.459983
vt 0.047124 0.484193
vt 0.039270 0.501800
vt 0.047124 0.528211
vt 0.039270 0.543617
vt 0.047124 0.572228
vt 0.039270 0.585433
vt 0.047124 0.616246
vt 0.039270 0.627250
vt 0.047124 0.660263
vt 0.039270 0.669067
vt 0.047124 0.704281
vt 0.039270 0.710883
vt 0.047124 0.748298
vt 0.039270 0.752700
vt 0.047124 0.792316
vt 0.039270 0.794517
vt 0.047124 0.836333
vt 0.039270 0.836333
vt 0.039270 -0.836333
vt 0.047124 -0.836333
vt 0.039270 -0.794517
vt 0.031416 -0.794517
vt 0.031416 -0.752700
vt 0.023562 -0.752700
vt 0.023562 -0.710883
vt 0.015708 -0.710883
vt 0.015708 -0.669067
vt 0.007854 -0.669067
vt 0.007854 -0.627250
vt 0.000000 -0.627250
vt -0.000000 -0.585433
vt 0.007854 -0.585433
vt -0.000000 -0.543617
vt 0.007854 -0.543617
vt 0.000000 -0.501800
vt 0.007854 -0.501800
vt 0.000000 -0.459983
vt 0.007854 -0.459983
vt -0.000000 -0.418167
vt 0.007854 -0.418167
vt -0.000000 -0.376350
vt 0.007854 -0.376350
vt -0.000000 -0.334533
vt 0.007854 -0.334533
vt 0.000000 -0.292717
vt 0.007854 -0.292717
vt 0.000000 -0.250900
vt 0.007854 -0.250900
vt -0.000000 -0.209083
vt 0.007854 -0.209083
vt 0.000000 -0.167267
vt 0.007854 -0.167267
vt -0.000000 -0.125450
vt 0.007854 -0.125450
vt 0.000000 -0.083633
vt 0.007854 -0.083633
vt 0.047124 -0.792316
vt 0.039270 -0.752700
vt 0.031416 -0.710883
vt 0.023562 -0.669067
vt 0.015708 -0.627250
vt 0.047124 -0.748298
vt 0.039270 -0.710883
vt 0.031416 -0.669067
vt 0.023562 -0.627250
vt 0.015708 -0.585433
vt 0.047124 -0.704281
vt 0.039270 -0.669067
vt 0.031416 -0.627250
vt 0.023562 -0.585433
vt 0.015708 -0.543617
vt 0.047124 -0.660263
vt 0.039270 -0.627250
vt 0.031416 -0.585433
vt 0.023562 -0.543617
vt 0.015708 -0.501800
vt 0.047124 -0.616246
vt 0.039270 -0.585433
vt 0.031416 -0.543617
vt 0.023562 -0.501800
vt 0.015708 -0.459983
vt 0.047124 -0.572228
vt 0.039270 -0.543617
vt 0.031416 -0.501800
vt 0.023562 -0.459983
vt 0.015708 -0.418167
vt 0.047124 -0.528211
vt 0.039270 -0.501800
vt 0.031416 -0.459983
vt 0.023562 -0.418167
vt 0.015708 -0.376350
vt 0.047124 -0.484193
vt 0.039270 -0.459983
vt 0.031416 -0.418167
vt 0.023562 -0.376350
vt 0.015708 -0.334533
vt 0.047124 -0.440175
vt 0.039270 -0.418167
vt 0.031416 -0.376350
vt 0.023562 -0.334533
vt 0.015708 -0.292717
vt 0.047124 -0.396158
vt 0.039270 -0.376350
vt 0.031416 -0.334533
vt 0.023562 -0.292717
vt 0.015708 -0.250900
vt 0.047124 -0.352140
vt 0.039270 -0.334533
vt 0.031416 -0.292717
vt 0.023562 -0.250900
vt 0.015708 -0.209083
vt 0.047124 -0.308123
vt 0.039270 -0.292717
vt 0.031416 -0.250900
vt 0.023562 -0.209083
vt 0.015708 -0.167267
vt 0.047124 -0.264105
vt 0.039270 -0.250900
vt 0.031416 -0.209083
vt 0.023562 -0.167267
vt 0.015708 -0.125450
vt 0.047124 -0.220088
vt 0.039270 -0.209083
vt 0.031416 -0.167267
vt 0.023562 -0.125450
vt 0.015708 -0.083633
vt 0.047124 -0.176070
vt 0.039270 -0.167267
vt 0.031416 -0.125450
vt 0.023562 -0.083633
vt 0.047124 -0.132053
vt 0.039270 -0.125450
vt 0.031416 -0.083633
vt 0.047124 -0.088035
vt 0.039270 -0.083633
vt 0.047124 -0.044018
vt -0.000000 -0.669067
vt 0.007854 -0.710883
vt 0.015708 -0.752700
vt 0.023562 -0.794517
vt 0.031416 -0.836333
vt 0.031416 0.836333
vt 0.000000 -0.710883
vt 0.007854 -0.752700
vt 0.015708 -0.794517
vt 0.023562 -0.836333
vt 0.023562 0.836333
vt 0.031416 0.794517
vt -0.000000 -0.752700
vt 0.007854 -0.794517
vt 0.015708 -0.836333
vt 0.015708 0.836333
vt 0.023562 0.794517
vt 0.031416 0.752700
vt -0.000000 -0.794517
vt 0.007854 -0.836333
vt 0.007854 0.836333
vt 0.015708 0.794517
vt 0.023562 0.752700
vt 0.031416 0.710883
vt -0.000000 -0.836333
vt -0.000000 0.836333
vt 0.007854 0.794517
vt 0.015708 0.752700
vt 0.023562 0.710883
vt 0.031416 0.669067
vt -0.000000 0.794517
vt 0.007854 0.752700
vt 0.015708 0.710883
vt 0.023562 0.669067
vt 0.031416 0.627250
vt -0.000000 0.752700
vt 0.007854 0.710883
vt 0.015708 0.669067
vt 0.023562 0.627250
vt 0.031416 0.585433
vt 0.000000 0.710883
vt 0.007854 0.669067
vt 0.015708 0.627250
vt 0.023562 0.585433
vt 0.031416 0.543617
vt -0.000000 0.669067
vt 0.007854 0.627250
vt 0.015708 0.585433
vt 0.023562 0.543617
vt 0.031416 0.501800
vt 0.000000 0.627250
vt 0.007854 0.585433
vt 0.015708 0.543617
vt 0.023562 0.501800
vt 0.031416 0.459983
vt -0.000000 0.585433
vt 0.007854 0.543617
vt 0.015708 0.501800
vt 0.023562 0.459983
vt 0.031416 0.418167
vt -0.000000 0.543617
vt 0.007854 0.501800
vt 0.015708 0.459983
vt 0.023562 0.418167
vt 0.031416 0.376350
vt 0.000000 0.501800
vt 0.007854 0.459983
vt 0.015708 0.418167
vt 0.023562 0.376350
vt 0.031416 0.334533
vt 0.000000 0.459983
vt 0.007854 0.418167
vt 0.015708 0.376350
vt 0.023562 0.334533
vt 0.031416 0.292717
vt -0.000000 0.418167
vt 0.007854 0.376350
vt 0.015708 0.334533
vt 0.023562 0.292717
vt 0.031416 0.250900
vt -0.000000 0.376350
vt 0.007854 0.334533
vt 0.015708 0.292717
vt 0.023562 0.250900
vt 0.031416 0.209083
vt -0.000000 0.334533
vt 0.007854 0.292717
vt 0.015708 0.250900
vt 0.023562 0.209083
vt 0.031416 0.167267
vt 0.000000 0.292717
vt 0.007854 0.250900
vt 0.015708 0.209083
vt 0.023562 0.167267
vt 0.031416 0.125450
vt 0.000000 0.250900
vt 0.007854 0.209083
vt 0.015708 0.167267
vt 0.023562 0.125450
vt 0.031416 0.083633
vt -0.000000 0.209083
vt 0.007854 0.167267
vt 0.015708 0.125450
vt 0.023562 0.083633
vt 0.031416 0.041817
vt 0.000000 0.167267
vt 0.007854 0.125450
vt 0.015708 0.083633
vt 0.023562 0.041817
vt -0.000000 0.125450
vt 0.007854 0.083633
vt 0.015708 0.041817
vt 0.000000 0.083633
vt 0.007854 0.041817
vt 0.000000 0.041817
vt 0.275000 -0.144338
vt 0.409002 -0.205106
vt 0.400000 -0.072169
vt 0.440934 -0.180252
vt 0.468339 -0.150482
vt 0.150000 -0.072169
vt 0.140998 -0.205106
vt 0.176585 -0.224364
vt 0.214856 -0.237503
vt 0.150000 0.072169
vt 0.030000 0.000000
vt 0.033341 -0.040326
vt 0.043275 -0.079551
vt 0.275000 0.144338
vt 0.140998 0.205106
vt 0.109066 0.180252
vt 0.081661 0.150482
vt 0.400000 0.072169
vt 0.409002 0.205106
vt 0.373415 0.224364
vt 0.335144 0.237503
vt 0.520000 0.000000
vt 0.516659 0.040326
vt 0.506725 0.079551
vt 0.059529 -0.116607
vt 0.081661 -0.150482
vt 0.109066 -0.180252
vt 0.254768 -0.244163
vt 0.295232 -0.244163
vt 0.335144 -0.237503
vt 0.373415 -0.224364
vt 0.490471 -0.116607
vt 0.506725 -0.079551
vt 0.516659 -0.040326
vt 0.490471 0.116607
vt 0.468339 0.150482
vt 0.440934 0.180252
vt 0.295232 0.244163
vt 0.254768 0.244163
vt 0.214856 0.237503
vt 0.176585 0.224364
vt 0.059529 0.116607
vt 0.043275 0.079551
vt 0.033341 0.040326
vt -0.150000 -0.043197
vt 0.120000 -0.043197
vt -0.150000 0.000000
vt 0.120000 -0.000000
vt -0.150000 0.043197
vt 0.120000 0.043197
vt -0.150000 0.086394
vt 0.120000 0.086394
vt -0.150000 0.129591
vt 0.120000 0.129591
vt -0.150000 0.172788
vt 0.120000 0.172788
vt -0.150000 0.215984
vt 0.120000 0.215984
vt -0.150000 0.259181
vt 0.120000 0.259181
vt -0.150000 0.302378
vt 0.120000 0.302378
vt -0.150000 0.345575
vt 0.120000 0.345575
vt -0.150000 0.388772
vt 0.120000 0.388772
vt -0.150000 0.431969
vt 0.120000 0.431969
vt -0.150000 0.475166
vt 0.120000 0.475166
vt -0.150000 0.518363
vt 0.120000 0.518363
vt -0.150000 0.561560
vt 0.120000 0.561560
vt -0.150000 0.604757
vt 0.120000 0.604757
vt -0.150000 0.647953
vt 0.120000 0.647953
vt -0.150000 0.691150
vt 0.120000 0.691150
vt -0.150000 0.734347
vt 0.120000 0.734347
vt -0.150000 0.777544
vt 0.120000 0.777544
vt -0.150000 0.820741
vt 0.120000 0.820741
vt -0.150000 0.863938
vt 0.120000 0.863938
vt -0.150000 -0.863938
vt 0.120000 -0.863938
vt -0.150000 -0.820741
vt 0.120000 -0.820741
vt -0.150000 -0.777544
vt 0.120000 -0.777544
vt -0.150000 -0.734347
vt 0.120000 -0.734347
vt -0.150000 -0.691150
vt 0.120000 -0.691150
vt -0.150000 -0.647953
vt 0.120000 -0.647953
vt -0.150000 -0.604757
vt 0.120000 -0.604757
vt -0.150000 -0.561560
vt 0.120000 -0.561560
vt -0.150000 -0.518363
vt 0.120000 -0.518363
vt -0.150000 -0.475166
vt 0.120000 -0.475166
vt -0.150000 -0.431969
vt 0.120000 -0.431969
vt -0.150000 -0.388772
vt 0.120000 -0.388772
vt -0.150000 -0.345575
vt 0.120000 -0.345575
vt -0.150000 -0.302378
vt 0.120000 -0.302378
vt -0.150000 -0.259181
vt 0.120000 -0.259181
vt -0.150000 -0.215984
vt 0.120000 -0.215984
vt -0.150000 -0.172788
vt 0.120000 -0.172788
vt -0.150000 -0.129591
vt 0.120000 -0.129591
vt -0.150000 -0.086394
vt 0.120000 -0.086394
vt 0.072169 0.125477
vt 0.144338 -0.000000
vt -0.144338 -0.000000
vt -0.144338 0.130000
vt 0.000000 0.130000
vt -0.775385 0.428064
vt -0.250257 0.428064
vt -0.775385 0.459772
vt -0.250257 0.459772
vt -0.775385 -0.459772
vt -0.250257 -0.459772
vt -0.775385 -0.428064
vt -0.250257 -0.428064
vt -0.775385 -0.396355
vt -0.250257 -0.396355
vt -0.775385 -0.364647
vt -0.250257 -0.364647
vt -0.775385 -0.332938
vt -0.250257 -0.332938
vt -0.775385 -0.301230
vt -0.250257 -0.301230
vt -0.775385 -0.269522
vt -0.250257 -0.269522
vt -0.775385 -0.237813
vt -0.250257 -0.237813
vt -0.775385 -0.206105
vt -0.250257 -0.206105
vt -0.775385 -0.174396
vt -0.250257 -0.174396
vt -0.775385 -0.142688
vt -0.250257 -0.142688
vt -0.775385 -0.110979
vt -0.250257 -0.110979
vt -0.775385 -0.079271
vt -0.250257 -0.079271
vt -0.775385 -0.047563
vt -0.250257 -0.047563
vt -0.775385 -0.015854
vt -0.250257 -0.015854
vt -0.775385 0.015854
vt -0.250257 0.015854
vt -0.775385 0.047563
vt -0.250257 0.047563
vt -0.775385 0.079271
vt -0.250257 0.079271
vt -0.775385 0.110979
vt -0.250257 0.110979
vt -0.775385 0.142688
vt -0.250257 0.142688
vt -0.775385 0.174396
vt -0.250257 0.174396
vt -0.775385 0.206105
vt -0.250257 0.206105
vt -0.775385 0.237813
vt -0.250257 0.237813
vt -0.775385 0.269522
vt -0.250257 0.269522
vt -0.775385 0.301230
vt -0.250257 0.301230
vt -0.775385 0.332938
vt -0.250257 0.332938
vt -0.775385 0.364647
vt -0.250257 0.364647
vt -0.775385 0.396355
vt -0.250257 0.396355
vt 0.800000 -0.428064
vt 0.274872 -0.428064
vt 0.800000 -0.459772
vt 0.274872 -0.459772
vt 0.800000 0.459772
vt 0.274872 0.459772
vt 0.800000 0.428064
vt 0.274872 0.428064
vt 0.800000 0.396355
vt 0.274872 0.396355
vt 0.800000 0.364647
vt 0.274872 0.364647
vt 0.800000 0.332938
vt 0.274872 0.332938
vt 0.800000 0.301230
vt 0.274872 0.301230
vt 0.800000 0.269522
vt 0.274872 0.269522
vt 0.800000 0.237813
vt 0.274872 0.237813
vt 0.800000 0.206105
vt 0.274872 0.206105
vt 0.800000 0.174396
vt 0.274872 0.174396
vt 0.800000 0.142688
vt 0.274872 0.142688
vt 0.800000 0.110979
vt 0.274872 0.110979
vt 0.800000 0.079271
vt 0.274872 0.079271
vt 0.800000 0.047563
vt 0.274872 0.047563
vt 0.800000 0.015854
vt 0.274872 0.015854
vt 0.800000 -0.015854
vt 0.274872 -0.015854
vt 0.800000 -0.047563
vt 0.274872 -0.047563
vt 0.800000 -0.079271
vt 0.274872 -0.079271
vt 0.800000 -0.110979
vt 0.274872 -0.110979
vt 0.800000 -0.142688
vt 0.274872 -0.142688
vt 0.800000 -0.174396
vt 0.274872 -0.174396
vt 0.800000 -0.206105
vt 0.274872 -0.206105
vt 0.800000 -0.237813
vt 0.274872 -0.237813
vt 0.800000 -0.269522
vt 0.274872 -0.269522
vt 0.800000 -0.301230
vt 0.274872 -0.301230
vt 0.800000 -0.332938
vt 0.274872 -0.332938
vt 0.800000 -0.364647
vt 0.274872 -0.364647
vt 0.800000 -0.396355
vt 0.274872 -0.396355
vt 0.115860 0.028557
vt -0.115860 0.028557
vt 0.119328 0.000000
vt -0.119327 0.000000
vt 0.115860 -0.028557
vt -0.115860 -0.028557
vt 0.105659 -0.055454
vt -0.105659 -0.055454
vt 0.089318 -0.079129
vt -0.089318 -0.079129
vt 0.067786 -0.098205
vt -0.067786 -0.098205
vt 0.042314 -0.111573
vt -0.042314 -0.111573
vt 0.014383 -0.118457
vt -0.014383 -0.118457
vt -0.105659 0.055454
vt 0.105659 0.055454
vt -0.089318 0.079129
vt 0.089318 0.079129
vt -0.067786 0.098205
vt 0.067786 0.098205
vt -0.042314 0.111573
vt 0.042314 0.111573
vt -0.014383 0.118457
vt 0.014383 0.118457
vt 0.121614 0.043019
vt -0.004508 0.015823
vt 0.125000 0.000000
vt -0.004508 -0.015823
vt 0.121614 -0.043019
vt -0.011311 -0.046730
vt 0.111541 -0.084980
vt 0.095027 -0.124847
vt -0.024599 -0.075451
vt 0.072480 -0.161641
vt -0.043751 -0.100645
vt 0.044454 -0.194454
vt 0.011641 -0.222480
vt -0.067870 -0.121132
vt -0.025153 -0.245027
vt -0.095830 -0.135956
vt -0.065020 -0.261541
vt -0.126323 -0.144422
vt -0.106981 -0.271614
vt -0.150000 -0.275000
vt -0.157923 -0.146135
vt -0.193019 -0.271614
vt -0.189153 -0.141016
vt -0.234980 -0.261541
vt -0.218552 -0.129302
vt -0.274847 -0.245027
vt -0.311641 -0.222480
vt -0.244745 -0.111542
vt -0.344454 -0.194454
vt -0.266508 -0.088567
vt -0.372480 -0.161641
vt -0.395027 -0.124847
vt -0.282824 -0.061451
vt -0.411541 -0.084980
vt -0.292928 -0.031461
vt -0.421614 -0.043019
vt -0.296350 0.000000
vt -0.425000 0.000000
vt -0.421614 0.043019
vt -0.292928 0.031461
vt -0.411541 0.084980
vt -0.282824 0.061451
vt -0.395027 0.124847
vt -0.266508 0.088567
vt -0.372480 0.161641
vt -0.344454 0.194454
vt -0.244745 0.111542
vt -0.311641 0.222480
vt -0.218552 0.129302
vt -0.274847 0.245027
vt -0.234980 0.261541
vt -0.189153 0.141016
vt -0.193019 0.271614
vt -0.157923 0.146135
vt -0.150000 0.275000
vt -0.126323 0.144422
vt -0.106981 0.271614
vt -0.065020 0.261541
vt -0.095830 0.135956
vt -0.025153 0.245027
vt -0.067870 0.121132
vt 0.011641 0.222480
vt -0.043751 0.100645
vt 0.044454 0.194454
vt 0.072480 0.161641
vt -0.024599 0.075451
vt 0.095027 0.124847
vt -0.011311 0.046730
vt 0.111541 0.084980
vt -0.636874 1.446364
vt -0.577612 1.494880
vt -0.636874 1.553503
vt -0.577612 1.553503
vt -0.636874 -1.553503
vt -0.577612 -1.553503
vt -0.577612 -1.494880
vt -0.518351 -1.553503
vt -0.518351 -1.494880
vt -0.459090 -1.553503
vt -0.459090 -1.494880
vt -0.399828 -1.553503
vt -0.399828 -1.494880
vt -0.340567 -1.553503
vt -0.340567 -1.494880
vt -0.281306 -1.553503
vt -0.281306 -1.494880
vt -0.222044 -1.553503
vt -0.222044 -1.494880
vt -0.162783 -1.553503
vt -0.162783 -1.494880
vt -0.103522 -1.553503
vt -0.103522 -1.494880
vt -0.044260 -1.553503
vt -0.044260 -1.494880
vt 0.015001 -1.553503
vt 0.015001 -1.494880
vt 0.074262 -1.553503
vt 0.074262 -1.494880
vt 0.133524 -1.553503
vt 0.133524 -1.494880
vt 0.192785 -1.553503
vt 0.192785 -1.494880
vt 0.252046 -1.553503
vt 0.252046 -1.494880
vt 0.311308 -1.553503
vt 0.311308 -1.494880
vt 0.370569 -1.553503
vt 0.370569 -1.494880
vt 0.429830 -1.553503
vt 0.429830 -1.494880
vt 0.489092 -1.553503
vt 0.489092 -1.494880
vt 0.548353 -1.553503
vt 0.548353 -1.494880
vt 0.607614 -1.553503
vt 0.607614 -1.494880
vt 0.666876 -1.553503
vt 0.666876 -1.494880
vt 0.726137 -1.553503
vt 0.726137 -1.494880
vt 0.785398 -1.553503
vt -0.636874 1.339226
vt -0.577612 1.377634
vt -0.577612 1.436257
vt -0.518351 1.436257
vt -0.518351 1.494880
vt -0.459090 1.436257
vt -0.459090 1.494880
vt -0.399828 1.436257
vt -0.399828 1.494880
vt -0.340567 1.436257
vt -0.340567 1.494880
vt -0.281306 1.436257
vt -0.281306 1.494880
vt -0.222044 1.436257
vt -0.222044 1.494880
vt -0.162783 1.436257
vt -0.162783 1.494880
vt -0.103522 1.436257
vt -0.103522 1.494880
vt -0.044260 1.436257
vt -0.044260 1.494880
vt 0.015001 1.436257
vt 0.015001 1.494880
vt 0.074262 1.436257
vt 0.074262 1.494880
vt 0.133524 1.436257
vt 0.133524 1.494880
vt 0.192785 1.436257
vt 0.192785 1.494880
vt 0.252046 1.436257
vt 0.252046 1.494880
vt 0.311308 1.436257
vt 0.311308 1.494880
vt 0.370569 1.436257
vt 0.370569 1.494880
vt 0.429830 1.436257
vt 0.429830 1.494880
vt 0.489092 1.436257
vt 0.489092 1.494880
vt 0.548353 1.436257
vt 0.548353 1.494880
vt 0.607614 1.436257
vt 0.607614 1.494880
vt 0.666876 1.436257
vt 0.666876 1.494880
vt 0.726137 1.436257
vt 0.726137 1.494880
vt 0.785398 1.436257
vt -0.636874 1.232088
vt -0.577612 1.260389
vt -0.577612 1.319012
vt -0.518351 1.319012
vt -0.518351 1.377634
vt -0.459090 1.319012
vt -0.459090 1.377634
vt -0.399828 1.319012
vt -0.399828 1.377634
vt -0.340567 1.319012
vt -0.340567 1.377634
vt -0.281306 1.319012
vt -0.281306 1.377634
vt -0.222044 1.319012
vt -0.222044 1.377634
vt -0.162783 1.319012
vt -0.162783 1.377634
vt -0.103522 1.319012
vt -0.103522 1.377634
vt -0.044260 1.319012
vt -0.044260 1.377634
vt 0.015001 1.319012
vt 0.015001 1.377634
vt 0.074262 1.319012
vt 0.074262 1.377634
vt 0.133524 1.319012
vt 0.133524 1.377634
vt 0.192785 1.319012
vt 0.192785 1.377634
vt 0.252046 1.319012
vt 0.252046 1.377634
vt 0.311308 1.319012
vt 0.311308 1.377634
vt 0.370569 1.319012
vt 0.370569 1.377634
vt 0.429830 1.319012
vt 0.429830 1.377634
vt 0.489092 1.319012
vt 0.489092 1.377634
vt 0.548353 1.319012
vt 0.548353 1.377634
vt 0.607614 1.319012
vt 0.607614 1.377634
vt 0.666876 1.319012
vt 0.666876 1.377634
vt 0.726137 1.319012
vt 0.726137 1.377634
vt 0.785398 1.319012
vt -0.577612 1.201766
vt -0.636874 1.124950
vt -0.577612 1.143143
vt -0.577612 1.084521
vt -0.518351 1.084521
vt -0.518351 1.025898
vt -0.459090 1.025898
vt -0.459090 0.967275
vt -0.399828 0.967275
vt -0.399828 0.908652
vt -0.340567 0.908652
vt -0.340567 0.850030
vt -0.281306 0.850030
vt -0.281306 0.791407
vt -0.222044 0.791407
vt -0.222044 0.732784
vt -0.162783 0.732784
vt -0.162783 0.674162
vt -0.103522 0.674162
vt -0.103522 0.615539
vt -0.044260 0.615539
vt -0.044260 0.556916
vt 0.015001 0.556916
vt 0.015001 0.498293
vt 0.074262 0.498293
vt 0.074262 0.439671
vt 0.133524 0.439671
vt 0.133524 0.381048
vt 0.192785 0.381048
vt 0.192785 0.322425
vt 0.252046 0.322425
vt 0.252046 0.263802
vt 0.311308 0.263802
vt 0.311308 0.205180
vt 0.370569 0.205180
vt 0.370569 0.146557
vt 0.429830 0.146557
vt 0.429830 0.087934
vt 0.489092 0.087934
vt 0.489092 0.029311
vt 0.548353 0.029311
vt 0.548353 -0.029311
vt 0.607614 -0.029311
vt 0.607614 -0.087934
vt 0.666876 -0.087934
vt 0.666876 -0.146557
vt 0.726137 -0.146557
vt 0.726137 -0.205180
vt 0.785398 -0.205180
vt -0.636874 1.017812
vt -0.577612 1.025898
vt -0.518351 0.967275
vt -0.459090 0.908652
vt -0.399828 0.850030
vt -0.340567 0.791407
vt -0.281306 0.732784
vt -0.222044 0.674162
vt -0.162783 0.615539
vt -0.103522 0.556916
vt -0.044260 0.498293
vt 0.015001 0.439671
vt 0.074262 0.381048
vt 0.133524 0.322425
vt 0.192785 0.263802
vt 0.252046 0.205180
vt 0.311308 0.146557
vt 0.370569 0.087934
vt 0.429830 0.029311
vt 0.489092 -0.029311
vt 0.548353 -0.087934
vt 0.607614 -0.146557
vt 0.666876 -0.205180
vt 0.726137 -0.263802
vt 0.785398 -0.263802
vt -0.577612 0.967275
vt -0.636874 0.910674
vt -0.577612 0.908652
vt -0.577612 0.850030
vt -0.518351 0.850030
vt -0.518351 0.791407
vt -0.459090 0.791407
vt -0.459090 0.732784
vt -0.399828 0.732784
vt -0.399828 0.674162
vt -0.340567 0.674162
vt -0.340567 0.615539
vt -0.281306 0.615539
vt -0.281306 0.556916
vt -0.222044 0.556916
vt -0.222044 0.498293
vt -0.162783 0.498293
vt -0.162783 0.439671
vt -0.103522 0.439671
vt -0.103522 0.381048
vt -0.044260 0.381048
vt -0.044260 0.322425
vt 0.015001 0.322425
vt 0.015001 0.263802
vt 0.074262 0.263802
vt 0.074262 0.205180
vt 0.133524 0.205180
vt 0.133524 0.146557
vt 0.192785 0.146557
vt 0.192785 0.087934
vt 0.252046 0.087934
vt 0.252046 0.029311
vt 0.311308 0.029311
vt 0.311308 -0.029311
vt 0.370569 -0.029311
vt 0.370569 -0.087934
vt 0.429830 -0.087934
vt 0.429830 -0.146557
vt 0.489092 -0.146557
vt 0.489092 -0.205180
vt 0.548353 -0.205180
vt 0.548353 -0.263802
vt 0.607614 -0.263802
vt 0.607614 -0.322425
vt 0.666876 -0.322425
vt 0.666876 -0.381048
vt 0.726137 -0.381048
vt 0.726137 -0.439671
vt 0.785398 -0.439671
vt -0.636874 0.803536
vt -0.577612 0.791407
vt -0.518351 0.732784
vt -0.459090 0.674162
vt -0.399828 0.615539
vt -0.340567 0.556916
vt -0.281306 0.498293
vt -0.222044 0.439671
vt -0.162783 0.381048
vt -0.103522 0.322425
vt -0.044260 0.263802
vt 0.015001 0.205180
vt 0.074262 0.146557
vt 0.133524 0.087934
vt 0.192785 0.029311
vt 0.252046 -0.029311
vt 0.311308 -0.087934
vt 0.370569 -0.146557
vt 0.429830 -0.205180
vt 0.489092 -0.263802
vt 0.548353 -0.322425
vt 0.607614 -0.381048
vt 0.666876 -0.439671
vt 0.726137 -0.498293
vt 0.785398 -0.498293
vt -0.577612 0.732784
vt -0.636874 0.696398
vt -0.577612 0.674162
vt -0.577612 0.615539
vt -0.518351 0.615539
vt -0.518351 0.556916
vt -0.459090 0.556916
vt -0.459090 0.498293
vt -0.399828 0.498293
vt -0.399828 0.439671
vt -0.340567 0.439671
vt -0.340567 0.381048
vt -0.281306 0.381048
vt -0.281306 0.322425
vt -0.222044 0.322425
vt -0.222044 0.263802
vt -0.162783 0.263802
vt -0.162783 0.205180
vt -0.103522 0.205180
vt -0.103522 0.146557
vt -0.044260 0.146557
vt -0.044260 0.087934
vt 0.015001 0.087934
vt 0.015001 0.029311
vt 0.074262 0.029311
vt 0.074262 -0.029311
vt 0.133524 -0.029311
vt 0.133524 -0.087934
vt 0.192785 -0.087934
vt 0.192785 -0.146557
vt 0.252046 -0.146557
vt 0.252046 -0.205180
vt 0.311308 -0.205180
vt 0.311308 -0.263802
vt 0.370569 -0.263802
vt 0.370569 -0.322425
vt 0.429830 -0.322425
vt 0.429830 -0.381048
vt 0.489092 -0.381048
vt 0.489092 -0.439671
vt 0.548353 -0.439671
vt 0.548353 -0.498293
vt 0.607614 -0.498293
vt 0.607614 -0.556916
vt 0.666876 -0.556916
vt 0.666876 -0.615539
vt 0.726137 -0.615539
vt 0.726137 -0.674162
vt 0.785398 -0.674162
vt -0.636874 0.589260
vt -0.577612 0.556916
vt -0.518351 0.498293
vt -0.459090 0.439671
vt -0.399828 0.381048
vt -0.340567 0.322425
vt -0.281306 0.263802
vt -0.222044 0.205180
vt -0.162783 0.146557
vt -0.103522 0.087934
vt -0.044260 0.029311
vt 0.015001 -0.029311
vt 0.074262 -0.087934
vt 0.133524 -0.146557
vt 0.192785 -0.205180
vt 0.252046 -0.263802
vt 0.311308 -0.322425
vt 0.370569 -0.381048
vt 0.429830 -0.439671
vt 0.489092 -0.498293
vt 0.548353 -0.556916
vt 0.607614 -0.615539
vt 0.666876 -0.674162
vt 0.726137 -0.732784
vt 0.785398 -0.732784
vt -0.636874 0.482121
vt -0.577612 0.498293
vt -0.518351 0.439671
vt -0.459090 0.381048
vt -0.399828 0.322425
vt -0.340567 0.263802
vt -0.281306 0.205180
vt -0.222044 0.146557
vt -0.162783 0.087934
vt -0.103522 0.029311
vt -0.044260 -0.029311
vt 0.015001 -0.087934
vt 0.074262 -0.146557
vt 0.133524 -0.205180
vt 0.192785 -0.263802
vt 0.252046 -0.322425
vt 0.311308 -0.381048
vt 0.370569 -0.439671
vt 0.429830 -0.498293
vt 0.489092 -0.556916
vt 0.548353 -0.615539
vt 0.607614 -0.674162
vt 0.666876 -0.732784
vt 0.726137 -0.791407
vt 0.785398 -0.791407
vt -0.577612 0.439671
vt -0.636874 0.374983
vt -0.577612 0.381048
vt -0.577612 0.322425
vt -0.518351 0.322425
vt -0.518351 0.263802
vt -0.459090 0.263802
vt -0.459090 0.205180
vt -0.399828 0.205180
vt -0.399828 0.146557
vt -0.340567 0.146557
vt -0.340567 0.087934
vt -0.281306 0.087934
vt -0.281306 0.029311
vt -0.222044 0.029311
vt -0.222044 -0.029311
vt -0.162783 -0.029311
vt -0.162783 -0.087934
vt -0.103522 -0.087934
vt -0.103522 -0.146557
vt -0.044260 -0.146557
vt -0.044260 -0.205180
vt 0.015001 -0.205180
vt 0.015001 -0.263802
vt 0.074262 -0.263802
vt 0.074262 -0.322425
vt 0.133524 -0.322425
vt 0.133524 -0.381048
vt 0.192785 -0.381048
vt 0.192785 -0.439671
vt 0.252046 -0.439671
vt 0.252046 -0.498293
vt 0.311308 -0.498293
vt 0.311308 -0.556916
vt 0.370569 -0.556916
vt 0.370569 -0.615539
vt 0.429830 -0.615539
vt 0.429830 -0.674162
vt 0.489092 -0.674162
vt 0.489092 -0.732784
vt 0.548353 -0.732784
vt 0.548353 -0.791407
vt 0.607614 -0.791407
vt 0.607614 -0.850030
vt 0.666876 -0.850030
vt 0.666876 -0.908652
vt 0.726137 -0.908652
vt 0.726137 -0.967275
vt 0.785398 -0.967275
vt -0.636874 0.267845
vt -0.577612 0.263802
vt -0.518351 0.205180
vt -0.459090 0.146557
vt -0.399828 0.087934
vt -0.340567 0.029311
vt -0.281306 -0.029311
vt -0.222044 -0.087934
vt -0.162783 -0.146557
vt -0.103522 -0.205180
vt -0.044260 -0.263802
vt 0.015001 -0.322425
vt 0.074262 -0.381048
vt 0.133524 -0.439671
vt 0.192785 -0.498293
vt 0.252046 -0.556916
vt 0.311308 -0.615539
vt 0.370569 -0.674162
vt 0.429830 -0.732784
vt 0.489092 -0.791407
vt 0.548353 -0.850030
vt 0.607614 -0.908652
vt 0.666876 -0.967275
vt 0.726137 -1.025898
vt 0.785398 -1.025898
vt -0.577612 0.205180
vt -0.636874 0.160707
vt -0.577612 0.146557
vt -0.577612 0.087934
vt -0.518351 0.087934
vt -0.518351 0.029311
vt -0.459090 0.029311
vt -0.459090 -0.029311
vt -0.399828 -0.029311
vt -0.399828 -0.087934
vt -0.340567 -0.087934
vt -0.340567 -0.146557
vt -0.281306 -0.146557
vt -0.281306 -0.205180
vt -0.222044 -0.205180
vt -0.222044 -0.263802
vt -0.162783 -0.263802
vt -0.162783 -0.322425
vt -0.103522 -0.322425
vt -0.103522 -0.381048
vt -0.044260 -0.381048
vt -0.044260 -0.439671
vt 0.015001 -0.439671
vt 0.015001 -0.498293
vt 0.074262 -0.498293
vt 0.074262 -0.556916
vt 0.133524 -0.556916
vt 0.133524 -0.615539
vt 0.192785 -0.615539
vt 0.192785 -0.674162
vt 0.252046 -0.674162
vt 0.252046 -0.732784
vt 0.311308 -0.732784
vt 0.311308 -0.791407
vt 0.370569 -0.791407
vt 0.370569 -0.850030
vt 0.429830 -0.850030
vt 0.429830 -0.908652
vt 0.489092 -0.908652
vt 0.489092 -0.967275
vt 0.548353 -0.967275
vt 0.548353 -1.025898
vt 0.607614 -1.025898
vt 0.607614 -1.084521
vt 0.666876 -1.084521
vt 0.666876 -1.143143
vt 0.726137 -1.143143
vt 0.726137 -1.201766
vt 0.785398 -1.201766
vt -0.636874 0.053569
vt -0.577612 0.029311
vt -0.518351 -0.029311
vt -0.459090 -0.087934
vt -0.399828 -0.146557
vt -0.340567 -0.205180
vt -0.281306 -0.263802
vt -0.222044 -0.322425
vt -0.162783 -0.381048
vt -0.103522 -0.439671
vt -0.044260 -0.498293
vt 0.015001 -0.556916
vt 0.074262 -0.615539
vt 0.133524 -0.674162
vt 0.192785 -0.732784
vt 0.252046 -0.791407
vt 0.311308 -0.850030
vt 0.370569 -0.908652
vt 0.429830 -0.967275
vt 0.489092 -1.025898
vt 0.548353 -1.084521
vt 0.607614 -1.143143
vt 0.666876 -1.201766
vt 0.726137 -1.260389
vt 0.785398 -1.260389
vt -0.636874 -0.053569
vt -0.577612 -0.029311
vt -0.518351 -0.087934
vt -0.459090 -0.146557
vt -0.399828 -0.205180
vt -0.340567 -0.263802
vt -0.281306 -0.322425
vt -0.222044 -0.381048
vt -0.162783 -0.439671
vt -0.103522 -0.498293
vt -0.044260 -0.556916
vt 0.015001 -0.615539
vt 0.074262 -0.674162
vt 0.133524 -0.732784
vt 0.192785 -0.791407
vt 0.252046 -0.850030
vt 0.311308 -0.908652
vt 0.370569 -0.967275
vt 0.429830 -1.025898
vt 0.489092 -1.084521
vt 0.548353 -1.143143
vt 0.607614 -1.201766
vt 0.666876 -1.260389
vt 0.726137 -1.319012
vt 0.785398 -1.319012
vt -0.577612 -0.087934
vt -0.636874 -0.160707
vt -0.577612 -0.146557
vt -0.577612 -0.205180
vt -0.518351 -0.205180
vt -0.518351 -0.263802
vt -0.459090 -0.263802
vt -0.459090 -0.322425
vt -0.399828 -0.322425
vt -0.399828 -0.381048
vt -0.340567 -0.381048
vt -0.340567 -0.439671
vt -0.281306 -0.439671
vt -0.281306 -0.498293
vt -0.222044 -0.498293
vt -0.222044 -0.556916
vt -0.162783 -0.556916
vt -0.162783 -0.615539
vt -0.103522 -0.615539
vt -0.103522 -0.674162
vt -0.044260 -0.674162
vt -0.044260 -0.732784
vt 0.015001 -0.732784
vt 0.015001 -0.791407
vt 0.074262 -0.791407
vt 0.074262 -0.850030
vt 0.133524 -0.850030
vt 0.133524 -0.908652
vt 0.192785 -0.908652
vt 0.192785 -0.967275
vt 0.252046 -0.967275
vt 0.252046 -1.025898
vt 0.311308 -1.025898
vt 0.311308 -1.084521
vt 0.370569 -1.084521
vt 0.370569 -1.143143
vt 0.429830 -1.143143
vt 0.429830 -1.201766
vt 0.489092 -1.201766
vt 0.489092 -1.260389
vt 0.548353 -1.260389
vt 0.548353 -1.319012
vt 0.607614 -1.319012
vt 0.607614 -1.377634
vt 0.666876 -1.377634
vt 0.666876 -1.436257
vt 0.726137 -1.436257
vt 0.785398 -1.494880
vt -0.636874 -0.267845
vt -0.577612 -0.263802
vt -0.518351 -0.322425
vt -0.459090 -0.381048
vt -0.399828 -0.439671
vt -0.340567 -0.498293
vt -0.281306 -0.556916
vt -0.222044 -0.615539
vt -0.162783 -0.674162
vt -0.103522 -0.732784
vt -0.044260 -0.791407
vt 0.015001 -0.850030
vt 0.074262 -0.908652
vt 0.133524 -0.967275
vt 0.192785 -1.025898
vt 0.252046 -1.084521
vt 0.311308 -1.143143
vt 0.370569 -1.201766
vt 0.429830 -1.260389
vt 0.489092 -1.319012
vt 0.548353 -1.377634
vt 0.607614 -1.436257
vt -0.577612 -0.322425
vt -0.636874 -0.374983
vt -0.577612 -0.381048
vt -0.577612 -0.439671
vt -0.518351 -0.439671
vt -0.518351 -0.498293
vt -0.459090 -0.498293
vt -0.459090 -0.556916
vt -0.399828 -0.556916
vt -0.399828 -0.615539
vt -0.340567 -0.615539
vt -0.340567 -0.674162
vt -0.281306 -0.674162
vt -0.281306 -0.732784
vt -0.222044 -0.732784
vt -0.222044 -0.791407
vt -0.162783 -0.791407
vt -0.162783 -0.850030
vt -0.103522 -0.850030
vt -0.103522 -0.908652
vt -0.044260 -0.908652
vt -0.044260 -0.967275
vt 0.015001 -0.967275
vt 0.015001 -1.025898
vt 0.074262 -1.025898
vt 0.074262 -1.084521
vt 0.133524 -1.084521
vt 0.133524 -1.143143
vt 0.192785 -1.143143
vt 0.192785 -1.201766
vt 0.252046 -1.201766
vt 0.252046 -1.260389
vt 0.311308 -1.260389
vt 0.311308 -1.319012
vt 0.370569 -1.319012
vt 0.370569 -1.377634
vt 0.429830 -1.377634
vt 0.429830 -1.436257
vt 0.489092 -1.436257
vt -0.636874 -0.482121
vt -0.577612 -0.498293
vt -0.518351 -0.556916
vt -0.459090 -0.615539
vt -0.399828 -0.674162
vt -0.340567 -0.732784
vt -0.281306 -0.791407
vt -0.222044 -0.850030
vt -0.162783 -0.908652
vt -0.103522 -0.967275
vt -0.044260 -1.025898
vt 0.015001 -1.084521
vt 0.074262 -1.143143
vt 0.133524 -1.201766
vt 0.192785 -1.260389
vt 0.252046 -1.319012
vt 0.311308 -1.377634
vt 0.370569 -1.436257
vt -0.577612 -0.556916
vt -0.636874 -0.589260
vt -0.577612 -0.615539
vt -0.636874 -0.696398
vt -0.577612 -0.674162
vt -0.577612 -0.732784
vt -0.518351 -0.732784
vt -0.518351 -0.791407
vt -0.459090 -0.791407
vt -0.459090 -0.850030
vt -0.399828 -0.850030
vt -0.399828 -0.908652
vt -0.340567 -0.908652
vt -0.340567 -0.967275
vt -0.281306 -0.967275
vt -0.281306 -1.025898
vt -0.222044 -1.025898
vt -0.222044 -1.084521
vt -0.162783 -1.084521
vt -0.162783 -1.143143
vt -0.103522 -1.143143
vt -0.103522 -1.201766
vt -0.044260 -1.201766
vt -0.044260 -1.260389
vt 0.015001 -1.260389
vt 0.015001 -1.319012
vt 0.074262 -1.319012
vt 0.074262 -1.377634
vt 0.133524 -1.377634
vt 0.133524 -1.436257
vt 0.192785 -1.436257
vt -0.636874 -0.803536
vt -0.577612 -0.791407
vt -0.518351 -0.850030
vt -0.459090 -0.908652
vt -0.399828 -0.967275
vt -0.340567 -1.025898
vt -0.281306 -1.084521
vt -0.222044 -1.143143
vt -0.162783 -1.201766
vt -0.103522 -1.260389
vt -0.044260 -1.319012
vt 0.015001 -1.377634
vt 0.074262 -1.436257
vt -0.577612 -0.850030
vt -0.636874 -0.910674
vt -0.577612 -0.908652
vt -0.577612 -0.967275
vt -0.518351 -0.967275
vt -0.518351 -1.025898
vt -0.459090 -1.025898
vt -0.459090 -1.084521
vt -0.399828 -1.084521
vt -0.399828 -1.143143
vt -0.340567 -1.143143
vt -0.340567 -1.201766
vt -0.281306 -1.201766
vt -0.281306 -1.260389
vt -0.222044 -1.260389
vt -0.222044 -1.319012
vt -0.162783 -1.319012
vt -0.162783 -1.377634
vt -0.103522 -1.377634
vt -0.103522 -1.436257
vt -0.044260 -1.436257
vt -0.636874 -1.017812
vt -0.577612 -1.025898
vt -0.518351 -1.084521
vt -0.459090 -1.143143
vt -0.399828 -1.201766
vt -0.340567 -1.260389
vt -0.281306 -1.319012
vt -0.222044 -1.377634
vt -0.162783 -1.436257
vt -0.577612 -1.084521
vt -0.636874 -1.124950
vt -0.577612 -1.143143
vt -0.577612 -1.201766
vt -0.518351 -1.201766
vt -0.518351 -1.260389
vt -0.459090 -1.260389
vt -0.459090 -1.319012
vt -0.399828 -1.319012
vt -0.399828 -1.377634
vt -0.340567 -1.377634
vt -0.340567 -1.436257
vt -0.281306 -1.436257
vt -0.636874 -1.232088
vt -0.577612 -1.260389
vt -0.518351 -1.319012
vt -0.459090 -1.377634
vt -0.399828 -1.436257
vt -0.636874 -1.339226
vt -0.577612 -1.319012
vt -0.518351 -1.377634
vt -0.459090 -1.436257
vt -0.577612 -1.377634
vt -0.636874 -1.446364
vt -0.577612 -1.436257
vt 0.785398 1.494880
vt 0.726137 1.553503
vt 0.785398 -1.436257
vt 0.726137 -1.377634
vt 0.785398 -1.377634
vt 0.785398 -1.143143
vt 0.726137 -1.084521
vt 0.785398 -1.084521
vt 0.785398 -0.908652
vt 0.726137 -0.850030
vt 0.785398 -0.850030
vt 0.785398 -0.615539
vt 0.726137 -0.556916
vt 0.785398 -0.381048
vt 0.726137 -0.322425
vt 0.785398 -0.322425
vt 0.785398 -0.146557
vt 0.726137 -0.087934
vt 0.785398 -0.087934
vt 0.726137 -0.029311
vt 0.785398 -0.029311
vt 0.726137 0.029311
vt 0.785398 0.029311
vt 0.726137 0.087934
vt 0.785398 0.087934
vt 0.726137 0.146557
vt 0.785398 0.146557
vt 0.726137 0.205180
vt 0.785398 0.205180
vt 0.726137 0.263802
vt 0.785398 0.263802
vt 0.726137 0.322425
vt 0.785398 0.322425
vt 0.726137 0.381048
vt 0.785398 0.381048
vt 0.726137 0.439671
vt 0.785398 0.439671
vt 0.726137 0.498293
vt 0.726137 0.556916
vt 0.785398 0.556916
vt 0.726137 0.615539
vt 0.785398 0.615539
vt 0.726137 0.674162
vt 0.785398 0.674162
vt 0.726137 0.732784
vt 0.785398 0.732784
vt 0.726137 0.791407
vt 0.785398 0.791407
vt 0.726137 0.850030
vt 0.785398 0.850030
vt 0.726137 0.908652
vt 0.785398 0.908652
vt 0.726137 0.967275
vt 0.785398 0.967275
vt 0.726137 1.025898
vt 0.785398 1.025898
vt 0.726137 1.084521
vt 0.785398 1.084521
vt 0.726137 1.143143
vt 0.785398 1.143143
vt 0.726137 1.201766
vt 0.785398 1.201766
vt 0.726137 1.260389
vt 0.785398 1.260389
vt 0.785398 1.377634
vt -0.518351 1.553503
vt -0.459090 1.553503
vt -0.399828 1.553503
vt -0.340567 1.553503
vt -0.281306 1.553503
vt -0.222044 1.553503
vt -0.162783 1.553503
vt -0.103522 1.553503
vt -0.044260 1.553503
vt 0.015001 1.553503
vt 0.074262 1.553503
vt 0.133524 1.553503
vt 0.192785 1.553503
vt 0.252046 1.553503
vt 0.311308 1.553503
vt 0.370569 1.553503
vt 0.429830 1.553503
vt 0.489092 1.553503
vt 0.548353 1.553503
vt 0.607614 1.553503
vt 0.666876 1.553503
vt 0.785398 -0.517834
vt 0.785398 0.517834
vt -0.518351 1.260389
vt -0.518351 1.201766
vt -0.518351 1.143143
vt -0.459090 1.260389
vt -0.459090 1.201766
vt -0.459090 1.143143
vt -0.459090 1.084521
vt -0.399828 1.260389
vt -0.399828 1.201766
vt -0.399828 1.143143
vt -0.399828 1.084521
vt -0.399828 1.025898
vt -0.340567 1.260389
vt -0.340567 1.201766
vt -0.340567 1.143143
vt -0.340567 1.084521
vt -0.340567 1.025898
vt -0.340567 0.967275
vt -0.281306 1.260389
vt -0.281306 1.201766
vt -0.281306 1.143143
vt -0.281306 1.084521
vt -0.281306 1.025898
vt -0.281306 0.967275
vt -0.281306 0.908652
vt -0.222044 1.260389
vt -0.222044 1.201766
vt -0.222044 1.143143
vt -0.222044 1.084521
vt -0.222044 1.025898
vt -0.222044 0.967275
vt -0.222044 0.908652
vt -0.222044 0.850030
vt -0.162783 1.260389
vt -0.162783 1.201766
vt -0.162783 1.143143
vt -0.162783 1.084521
vt -0.162783 1.025898
vt -0.162783 0.967275
vt -0.162783 0.908652
vt -0.162783 0.850030
vt -0.162783 0.791407
vt -0.103522 1.260389
vt -0.103522 1.201766
vt -0.103522 1.143143
vt -0.103522 1.084521
vt -0.103522 1.025898
vt -0.103522 0.967275
vt -0.103522 0.908652
vt -0.103522 0.850030
vt -0.103522 0.791407
vt -0.103522 0.732784
vt -0.044260 1.260389
vt -0.044260 1.201766
vt -0.044260 1.143143
vt -0.044260 1.084521
vt -0.044260 1.025898
vt -0.044260 0.967275
vt -0.044260 0.908652
vt -0.044260 0.850030
vt -0.044260 0.791407
vt -0.044260 0.732784
vt -0.044260 0.674162
vt 0.015001 1.260389
vt 0.015001 1.201766
vt 0.015001 1.143143
vt 0.015001 1.084521
vt 0.015001 1.025898
vt 0.015001 0.967275
vt 0.015001 0.908652
vt 0.015001 0.850030
vt 0.015001 0.791407
vt 0.015001 0.732784
vt 0.015001 0.674162
vt 0.015001 0.615539
vt 0.074262 1.260389
vt 0.074262 1.201766
vt 0.074262 1.143143
vt 0.074262 1.084521
vt 0.074262 1.025898
vt 0.074262 0.967275
vt 0.074262 0.908652
vt 0.074262 0.850030
vt 0.074262 0.791407
vt 0.074262 0.732784
vt 0.074262 0.674162
vt 0.074262 0.615539
vt 0.074262 0.556916
vt 0.133524 1.260389
vt 0.133524 1.201766
vt 0.133524 1.143143
vt 0.133524 1.084521
vt 0.133524 1.025898
vt 0.133524 0.967275
vt 0.133524 0.908652
vt 0.133524 0.850030
vt 0.133524 0.791407
vt 0.133524 0.732784
vt 0.133524 0.674162
vt 0.133524 0.615539
vt 0.133524 0.556916
vt 0.133524 0.498293
vt 0.192785 1.260389
vt 0.192785 1.201766
vt 0.192785 1.143143
vt 0.192785 1.084521
vt 0.192785 1.025898
vt 0.192785 0.967275
vt 0.192785 0.908652
vt 0.192785 0.850030
vt 0.192785 0.791407
vt 0.192785 0.732784
vt 0.192785 0.674162
vt 0.192785 0.615539
vt 0.192785 0.556916
vt 0.192785 0.498293
vt 0.192785 0.439671
vt 0.252046 1.260389
vt 0.252046 1.201766
vt 0.252046 1.143143
vt 0.252046 1.084521
vt 0.252046 1.025898
vt 0.252046 0.967275
vt 0.252046 0.908652
vt 0.252046 0.850030
vt 0.252046 0.791407
vt 0.252046 0.732784
vt 0.252046 0.674162
vt 0.252046 0.615539
vt 0.252046 0.556916
vt 0.252046 0.498293
vt 0.252046 0.439671
vt 0.252046 0.381048
vt 0.311308 1.260389
vt 0.311308 1.201766
vt 0.311308 1.143143
vt 0.311308 1.084521
vt 0.311308 1.025898
vt 0.311308 0.967275
vt 0.311308 0.908652
vt 0.311308 0.850030
vt 0.311308 0.791407
vt 0.311308 0.732784
vt 0.311308 0.674162
vt 0.311308 0.615539
vt 0.311308 0.556916
vt 0.311308 0.498293
vt 0.311308 0.439671
vt 0.311308 0.381048
vt 0.311308 0.322425
vt 0.370569 1.260389
vt 0.370569 1.201766
vt 0.370569 1.143143
vt 0.370569 1.084521
vt 0.370569 1.025898
vt 0.370569 0.967275
vt 0.370569 0.908652
vt 0.370569 0.850030
vt 0.370569 0.791407
vt 0.370569 0.732784
vt 0.370569 0.674162
vt 0.370569 0.615539
vt 0.370569 0.556916
vt 0.370569 0.498293
vt 0.370569 0.439671
vt 0.370569 0.381048
vt 0.370569 0.322425
vt 0.370569 0.263802
vt 0.429830 1.260389
vt 0.429830 1.201766
vt 0.429830 1.143143
vt 0.429830 1.084521
vt 0.429830 1.025898
vt 0.429830 0.967275
vt 0.429830 0.908652
vt 0.429830 0.850030
vt 0.429830 0.791407
vt 0.429830 0.732784
vt 0.429830 0.674162
vt 0.429830 0.615539
vt 0.429830 0.556916
vt 0.429830 0.498293
vt 0.429830 0.439671
vt 0.429830 0.381048
vt 0.429830 0.322425
vt 0.429830 0.263802
vt 0.429830 0.205180
vt 0.489092 1.260389
vt 0.489092 1.201766
vt 0.489092 1.143143
vt 0.489092 1.084521
vt 0.489092 1.025898
vt 0.489092 0.967275
vt 0.489092 0.908652
vt 0.489092 0.850030
vt 0.489092 0.791407
vt 0.489092 0.732784
vt 0.489092 0.674162
vt 0.489092 0.615539
vt 0.489092 0.556916
vt 0.489092 0.498293
vt 0.489092 0.439671
vt 0.489092 0.381048
vt 0.489092 0.322425
vt 0.489092 0.263802
vt 0.489092 0.205180
vt 0.489092 0.146557
vt 0.548353 1.260389
vt 0.548353 1.201766
vt 0.548353 1.143143
vt 0.548353 1.084521
vt 0.548353 1.025898
vt 0.548353 0.967275
vt 0.548353 0.908652
vt 0.548353 0.850030
vt 0.548353 0.791407
vt 0.548353 0.732784
vt 0.548353 0.674162
vt 0.548353 0.615539
vt 0.548353 0.556916
vt 0.548353 0.498293
vt 0.548353 0.439671
vt 0.548353 0.381048
vt 0.548353 0.322425
vt 0.548353 0.263802
vt 0.548353 0.205180
vt 0.548353 0.146557
vt 0.548353 0.087934
vt 0.607614 1.260389
vt 0.607614 1.201766
vt 0.607614 1.143143
vt 0.607614 1.084521
vt 0.607614 1.025898
vt 0.607614 0.967275
vt 0.607614 0.908652
vt 0.607614 0.850030
vt 0.607614 0.791407
vt 0.607614 0.732784
vt 0.607614 0.674162
vt 0.607614 0.615539
vt 0.607614 0.556916
vt 0.607614 0.498293
vt 0.607614 0.439671
vt 0.607614 0.381048
vt 0.607614 0.322425
vt 0.607614 0.263802
vt 0.607614 0.205180
vt 0.607614 0.146557
vt 0.607614 0.087934
vt 0.607614 0.029311
vt 0.666876 1.260389
vt 0.666876 1.201766
vt 0.666876 1.143143
vt 0.666876 1.084521
vt 0.666876 1.025898
vt 0.666876 0.967275
vt 0.666876 0.908652
vt 0.666876 0.850030
vt 0.666876 0.791407
vt 0.666876 0.732784
vt 0.666876 0.674162
vt 0.666876 0.615539
vt 0.666876 0.556916
vt 0.666876 0.498293
vt 0.666876 0.439671
vt 0.666876 0.381048
vt 0.666876 0.322425
vt 0.666876 0.263802
vt 0.666876 0.205180
vt 0.666876 0.146557
vt 0.666876 0.087934
vt 0.666876 0.029311
vt 0.666876 -0.029311
vt -0.518351 0.908652
vt -0.459090 0.850030
vt -0.399828 0.791407
vt -0.340567 0.732784
vt -0.281306 0.674162
vt -0.222044 0.615539
vt -0.162783 0.556916
vt -0.103522 0.498293
vt -0.044260 0.439671
vt 0.015001 0.381048
vt 0.074262 0.322425
vt 0.133524 0.263802
vt 0.192785 0.205180
vt 0.252046 0.146557
vt 0.311308 0.087934
vt 0.370569 0.029311
vt 0.429830 -0.029311
vt 0.489092 -0.087934
vt 0.548353 -0.146557
vt 0.607614 -0.205180
vt 0.666876 -0.263802
vt -0.518351 0.674162
vt -0.459090 0.615539
vt -0.399828 0.556916
vt -0.340567 0.498293
vt -0.281306 0.439671
vt -0.222044 0.381048
vt -0.162783 0.322425
vt -0.103522 0.263802
vt -0.044260 0.205180
vt 0.015001 0.146557
vt 0.074262 0.087934
vt 0.133524 0.029311
vt 0.192785 -0.029311
vt 0.252046 -0.087934
vt 0.311308 -0.146557
vt 0.370569 -0.205180
vt 0.429830 -0.263802
vt 0.489092 -0.322425
vt 0.548353 -0.381048
vt 0.607614 -0.439671
vt 0.666876 -0.498293
vt -0.518351 0.381048
vt -0.459090 0.322425
vt -0.399828 0.263802
vt -0.340567 0.205180
vt -0.281306 0.146557
vt -0.222044 0.087934
vt -0.162783 0.029311
vt -0.103522 -0.029311
vt -0.044260 -0.087934
vt 0.015001 -0.146557
vt 0.074262 -0.205180
vt 0.133524 -0.263802
vt 0.192785 -0.322425
vt 0.252046 -0.381048
vt 0.311308 -0.439671
vt 0.370569 -0.498293
vt 0.429830 -0.556916
vt 0.489092 -0.615539
vt 0.548353 -0.674162
vt 0.607614 -0.732784
vt 0.666876 -0.791407
vt -0.518351 0.146557
vt -0.459090 0.087934
vt -0.399828 0.029311
vt -0.340567 -0.029311
vt -0.281306 -0.087934
vt -0.222044 -0.146557
vt -0.162783 -0.205180
vt -0.103522 -0.263802
vt -0.044260 -0.322425
vt 0.015001 -0.381048
vt 0.074262 -0.439671
vt 0.133524 -0.498293
vt 0.192785 -0.556916
vt 0.252046 -0.615539
vt 0.311308 -0.674162
vt 0.370569 -0.732784
vt 0.429830 -0.791407
vt 0.489092 -0.850030
vt 0.548353 -0.908652
vt 0.607614 -0.967275
vt 0.666876 -1.025898
vt -0.518351 -0.146557
vt -0.459090 -0.205180
vt -0.399828 -0.263802
vt -0.340567 -0.322425
vt -0.281306 -0.381048
vt -0.222044 -0.439671
vt -0.162783 -0.498293
vt -0.103522 -0.556916
vt -0.044260 -0.615539
vt 0.015001 -0.674162
vt 0.074262 -0.732784
vt 0.133524 -0.791407
vt 0.192785 -0.850030
vt 0.252046 -0.908652
vt 0.311308 -0.967275
vt 0.370569 -1.025898
vt 0.429830 -1.084521
vt 0.489092 -1.143143
vt 0.548353 -1.201766
vt 0.607614 -1.260389
vt 0.666876 -1.319012
vt -0.518351 -0.381048
vt -0.459090 -0.439671
vt -0.399828 -0.498293
vt -0.340567 -0.556916
vt -0.281306 -0.615539
vt -0.222044 -0.674162
vt -0.162783 -0.732784
vt -0.103522 -0.791407
vt -0.044260 -0.850030
vt 0.015001 -0.908652
vt 0.074262 -0.967275
vt 0.133524 -1.025898
vt 0.192785 -1.084521
vt 0.252046 -1.143143
vt 0.311308 -1.201766
vt 0.370569 -1.260389
vt 0.429830 -1.319012
vt 0.489092 -1.377634
vt 0.548353 -1.436257
vt -0.518351 -0.615539
vt -0.459090 -0.674162
vt -0.399828 -0.732784
vt -0.340567 -0.791407
vt -0.281306 -0.850030
vt -0.222044 -0.908652
vt -0.162783 -0.967275
vt -0.103522 -1.025898
vt -0.044260 -1.084521
vt 0.015001 -1.143143
vt 0.074262 -1.201766
vt 0.133524 -1.260389
vt 0.192785 -1.319012
vt 0.252046 -1.377634
vt 0.311308 -1.436257
vt -0.518351 -0.674162
vt -0.459090 -0.732784
vt -0.399828 -0.791407
vt -0.340567 -0.850030
vt -0.281306 -0.908652
vt -0.222044 -0.967275
vt -0.162783 -1.025898
vt -0.103522 -1.084521
vt -0.044260 -1.143143
vt 0.015001 -1.201766
vt 0.074262 -1.260389
vt 0.133524 -1.319012
vt 0.192785 -1.377634
vt 0.252046 -1.436257
vt -0.518351 -0.908652
vt -0.459090 -0.967275
vt -0.399828 -1.025898
vt -0.340567 -1.084521
vt -0.281306 -1.143143
vt -0.222044 -1.201766
vt -0.162783 -1.260389
vt -0.103522 -1.319012
vt -0.044260 -1.377634
vt 0.015001 -1.436257
vt -0.518351 -1.143143
vt -0.459090 -1.201766
vt -0.399828 -1.260389
vt -0.340567 -1.319012
vt -0.281306 -1.377634
vt -0.222044 -1.436257
vt -0.518351 -1.436257
vt -0.478102 -0.428064
vt -1.089051 -0.428064
vt -0.478102 -0.459772
vt -1.089051 -0.459772
vt -0.478102 0.459772
vt -1.089051 0.459772
vt -0.478102 0.428064
vt -1.089051 0.428064
vt -0.478102 0.396355
vt -1.089051 0.396355
vt -0.478102 0.364647
vt -1.089051 0.364647
vt -0.478102 0.332938
vt -1.089051 0.332938
vt -0.478102 0.301230
vt -1.089051 0.301230
vt -0.478102 0.269522
vt -1.089051 0.269522
vt -0.478102 0.237813
vt -1.089051 0.237813
vt -0.478102 0.206105
vt -1.089051 0.206105
vt -0.478102 0.174396
vt -1.089051 0.174396
vt -0.478102 0.142688
vt -1.089051 0.142688
vt -0.478102 0.110979
vt -1.089051 0.110979
vt -0.478102 0.079271
vt -1.089051 0.079271
vt -0.478102 0.047563
vt -1.089051 0.047563
vt -0.478102 0.015854
vt -1.089051 0.015854
vt -0.478102 -0.015854
vt -1.089051 -0.015854
vt -0.478102 -0.047563
vt -1.089051 -0.047563
vt -0.478102 -0.079271
vt -1.089051 -0.079271
vt -0.478102 -0.110979
vt -1.089051 -0.110979
vt -0.478102 -0.142688
vt -1.089051 -0.142688
vt -0.478102 -0.174396
vt -1.089051 -0.174396
vt -0.478102 -0.206105
vt -1.089051 -0.206105
vt -0.478102 -0.237813
vt -1.089051 -0.237813
vt -0.478102 -0.269522
vt -1.089051 -0.269522
vt -0.478102 -0.301230
vt -1.089051 -0.301230
vt -0.478102 -0.332938
vt -1.089051 -0.332938
vt -0.478102 -0.364647
vt -1.089051 -0.364647
vt -0.478102 -0.396355
vt -1.089051 -0.396355
vt -1.700000 0.428064
vt -1.700000 0.459772
vt -1.700000 -0.459772
vt -1.700000 -0.428064
vt -1.700000 -0.396355
vt -1.700000 -0.364647
vt -1.700000 -0.332938
vt -1.700000 -0.301230
vt -1.700000 -0.269522
vt -1.700000 -0.237813
vt -1.700000 -0.206105
vt -1.700000 -0.174396
vt -1.700000 -0.142688
vt -1.700000 -0.110979
vt -1.700000 -0.079271
vt -1.700000 -0.047563
vt -1.700000 -0.015854
vt -1.700000 0.015854
vt -1.700000 0.047563
vt -1.700000 0.079271
vt -1.700000 0.110979
vt -1.700000 0.142688
vt -1.700000 0.174396
vt -1.700000 0.206105
vt -1.700000 0.237813
vt -1.700000 0.269522
vt -1.700000 0.301230
vt -1.700000 0.332938
vt -1.700000 0.364647
vt -1.700000 0.396355
vt -0.142928 0.031461
vt -0.146350 0.000000
vt 0.082130 -0.121132
vt -0.142928 -0.031461
vt -0.132824 -0.061451
vt -0.116508 -0.088567
vt -0.094745 -0.111542
vt -0.068552 -0.129302
vt 0.054170 -0.135956
vt -0.039153 -0.141016
vt 0.023677 -0.144422
vt -0.007923 -0.146135
vt 0.106249 -0.100645
vt 0.082130 0.121132
vt 0.054170 0.135956
vt 0.023677 0.144422
vt 0.106249 0.100645
vt 0.125401 -0.075451
vt 0.125401 0.075451
vt 0.138689 -0.046730
vt 0.138689 0.046730
vt 0.145492 -0.015823
vt 0.145492 0.015823
vt -0.007923 0.146135
vt -0.039153 0.141016
vt -0.068552 0.129302
vt -0.094745 0.111542
vt -0.116508 0.088567
vt -0.132824 0.061451
s 0
usemtl Plastic_-_Glossy_(Red)
f 32/1/1 1/2/2 33/3/2
f 33/3/2 1/2/2 2/4/3
f 33/3/2 2/4/4 59/5/5
f 59/5/6 2/4/4 3/6/7
f 59/5/6 3/6/7 58/7/8
f 58/7/8 3/6/7 4/8/9
f 58/7/10 4/8/9 57/9/11
f 57/9/11 4/8/12 5/10/13
f 57/9/11 5/10/13 56/11/14
f 56/11/15 5/10/13 6/12/16
f 56/11/15 6/12/17 55/13/18
f 55/13/19 6/12/16 7/14/20
f 55/13/19 7/14/20 8/15/21
f 55/13/19 8/15/22 54/16/23
f 54/16/23 8/15/21 9/17/24
f 54/16/23 9/17/24 53/18/25
f 53/18/25 9/17/24 10/19/26
f 53/18/25 10/19/26 52/20/27
f 52/20/27 10/19/26 11/21/28
f 52/20/27 11/21/28 51/22/29
f 51/22/29 11/21/28 12/23/30
f 51/22/31 12/23/32 50/24/33
f 50/24/34 12/23/35 13/25/36
f 50/24/34 13/25/36 49/26/37
f 49/26/37 13/25/36 14/27/38
f 49/26/39 14/27/38 15/28/40
f 49/26/37 15/28/40 48/29/41
f 48/29/42 15/28/40 16/30/43
f 48/29/42 16/30/44 47/31/45
f 47/31/45 16/30/44 17/32/46
f 47/31/45 17/32/46 46/33/47
f 46/34/47 17/35/46 18/36/48
f 46/34/47 18/36/48 45/37/49
f 45/37/50 18/36/51 19/38/52
f 45/37/50 19/38/52 44/39/53
f 44/39/54 19/38/52 20/40/55
f 44/39/54 20/40/55 21/41/56
f 44/39/54 21/41/56 43/42/57
f 43/42/58 21/41/56 22/43/59
f 43/42/57 22/43/60 42/44/61
f 42/44/61 22/43/59 23/45/62
f 42/44/61 23/45/62 41/46/63
f 41/46/63 23/45/62 24/47/64
f 41/46/63 24/47/65 40/48/66
f 40/48/66 24/47/64 25/49/67
f 40/48/66 25/49/67 39/50/68
f 39/50/68 25/49/67 26/51/69
f 39/50/68 26/51/69 38/52/70
f 38/52/71 26/51/72 27/53/73
f 38/52/70 27/53/73 28/54/74
f 38/52/70 28/54/75 37/55/76
f 37/55/76 28/54/75 29/56/77
f 37/55/78 29/56/77 36/57/79
f 36/57/79 29/56/77 30/58/80
f 36/57/79 30/58/80 35/59/81
f 35/59/82 30/58/83 31/60/84
f 35/59/82 31/60/84 34/61/85
f 34/61/86 31/60/84 32/1/87
f 34/61/88 32/1/87 33/3/89
f 59/62/90 89/63/91 33/64/92
f 33/64/92 89/63/91 92/65/93
f 33/64/92 92/65/93 34/66/94
f 34/66/94 92/65/93 139/67/95
f 34/66/94 139/67/95 35/68/96
f 35/68/96 139/67/95 137/69/97
f 35/68/96 137/69/97 36/70/98
f 36/70/99 137/69/97 135/71/100
f 36/70/101 135/71/102 37/72/103
f 37/72/103 135/71/100 133/73/104
f 37/72/105 133/73/104 38/74/106
f 38/74/106 133/73/104 131/75/107
f 38/74/106 131/75/107 39/76/108
f 39/76/109 131/75/107 129/77/110
f 39/76/108 129/77/111 40/78/112
f 40/78/113 129/77/110 127/79/114
f 40/78/112 127/79/114 41/80/115
f 41/80/115 127/79/114 125/81/116
f 41/80/115 125/81/116 42/82/117
f 42/82/117 125/81/116 123/83/118
f 42/82/117 123/83/119 43/84/120
f 43/84/121 123/83/119 121/85/122
f 43/84/120 121/85/123 44/86/124
f 44/86/124 121/85/123 119/87/125
f 44/86/124 119/87/125 45/88/126
f 45/88/126 119/87/125 117/89/127
f 45/88/126 117/89/128 46/90/129
f 46/90/129 117/89/127 87/91/130
f 46/90/129 87/91/130 47/92/131
f 47/93/131 87/94/130 115/95/132
f 47/93/131 115/95/133 48/96/134
f 48/96/134 115/95/132 113/97/135
f 48/96/134 113/97/135 49/98/136
f 49/98/136 113/97/135 111/99/137
f 49/98/136 111/99/137 50/100/138
f 50/100/138 111/99/139 109/101/140
f 50/100/141 109/101/140 51/102/142
f 51/102/142 109/101/143 107/103/144
f 51/102/142 107/103/144 52/104/145
f 52/104/145 107/103/144 105/105/146
f 52/104/145 105/105/147 53/106/148
f 53/106/149 105/105/146 103/107/150
f 53/106/148 103/107/151 54/108/152
f 54/108/153 103/107/150 101/109/154
f 54/108/152 101/109/155 55/110/156
f 55/110/156 101/109/154 99/111/157
f 55/110/156 99/111/157 56/112/158
f 56/112/159 99/111/157 97/113/160
f 56/112/159 97/113/161 57/114/162
f 57/114/163 97/113/161 95/115/164
f 57/114/165 95/115/164 58/116/166
f 58/116/166 95/115/164 93/117/167
f 58/116/166 93/117/167 59/62/90
f 59/62/90 93/117/167 89/63/91
f 61/118/94 91/119/93 60/120/92
f 60/120/92 91/119/93 90/121/91
f 60/120/92 90/121/91 86/122/90
f 86/122/90 90/121/91 94/123/167
f 86/122/90 94/123/167 85/124/166
f 85/124/166 94/123/167 96/125/164
f 85/124/166 96/125/164 84/126/165
f 84/126/165 96/125/164 98/127/161
f 84/126/162 98/127/161 83/128/159
f 83/128/159 98/127/160 100/129/157
f 83/128/158 100/129/157 82/130/156
f 82/130/156 100/129/157 102/131/154
f 82/130/156 102/131/154 81/132/152
f 81/132/152 102/131/154 104/133/150
f 81/132/152 104/133/151 80/134/148
f 80/134/149 104/133/150 106/135/146
f 80/134/148 106/135/146 79/136/145
f 79/136/145 106/135/146 108/137/144
f 79/136/145 108/137/144 78/138/142
f 78/138/142 108/137/144 110/139/143
f 78/138/142 110/139/140 77/140/141
f 77/140/138 110/139/140 112/141/139
f 77/140/138 112/141/137 76/142/136
f 76/142/136 112/141/137 114/143/135
f 76/142/136 114/143/135 75/144/134
f 75/144/134 114/143/135 116/145/132
f 75/144/134 116/145/168 74/146/131
f 74/146/131 116/145/132 88/147/130
f 74/146/131 88/147/130 73/148/129
f 73/149/129 88/150/130 118/151/127
f 73/149/129 118/151/169 72/152/126
f 72/152/126 118/151/127 120/153/125
f 72/152/126 120/153/125 71/154/124
f 71/154/124 120/153/125 122/155/122
f 71/154/124 122/155/123 70/156/120
f 70/156/121 122/155/122 124/157/119
f 70/156/121 124/157/119 69/158/117
f 69/158/117 124/157/118 126/159/116
f 69/158/117 126/159/116 68/160/115
f 68/160/115 126/159/116 128/161/114
f 68/160/115 128/161/170 67/162/112
f 67/162/113 128/161/171 130/163/111
f 67/162/113 130/163/111 66/164/172
f 66/164/173 130/163/110 132/165/107
f 66/164/108 132/165/107 65/166/106
f 65/166/106 132/165/107 134/167/104
f 65/166/106 134/167/104 64/168/105
f 64/168/103 134/167/104 136/169/102
f 64/168/103 136/169/102 63/170/101
f 63/170/98 136/169/100 138/171/97
f 63/170/101 138/171/97 62/172/96
f 62/172/96 138/171/97 140/173/95
f 62/172/96 140/173/95 61/118/94
f 61/118/94 140/173/95 91/119/93
f 87/94/130 88/147/130 115/95/132
f 115/95/132 88/147/130 116/145/132
f 115/95/132 116/145/132 113/97/135
f 113/97/135 116/145/132 114/143/135
f 113/97/135 114/143/135 111/99/139
f 111/99/137 114/143/135 112/141/137
f 111/99/137 112/141/137 109/101/140
f 109/101/140 112/141/137 110/139/140
f 109/101/143 110/139/143 107/103/144
f 107/103/144 110/139/140 108/137/144
f 107/103/144 108/137/144 105/105/174
f 105/105/146 108/137/144 106/135/146
f 105/105/146 106/135/146 103/107/151
f 103/107/151 106/135/174 104/133/151
f 103/107/150 104/133/150 101/109/154
f 101/109/154 104/133/151 102/131/154
f 101/109/154 102/131/154 99/111/157
f 99/111/157 102/131/154 100/129/157
f 99/111/157 100/129/157 97/113/161
f 97/113/161 100/129/157 98/127/161
f 97/113/160 98/127/160 95/115/164
f 95/115/164 98/127/161 96/125/164
f 95/115/164 96/125/164 93/117/167
f 93/117/167 96/125/164 94/123/167
f 93/117/167 94/123/167 89/63/91
f 89/63/91 94/123/167 90/121/91
f 89/63/91 90/121/91 92/65/93
f 92/65/93 90/121/91 91/119/93
f 92/65/93 91/119/93 139/67/95
f 139/67/95 91/119/93 140/173/95
f 139/67/95 140/173/95 137/69/97
f 137/69/97 140/173/95 138/171/97
f 137/69/97 138/171/97 135/71/102
f 135/71/102 138/171/97 136/169/102
f 135/71/102 136/169/102 133/73/104
f 133/73/104 136/169/102 134/167/104
f 133/73/104 134/167/104 131/75/107
f 131/75/107 134/167/104 132/165/107
f 131/75/107 132/165/107 129/77/110
f 129/77/110 132/165/107 130/163/110
f 129/77/111 130/163/111 127/79/171
f 127/79/114 130/163/111 128/161/114
f 127/79/114 128/161/114 125/81/116
f 125/81/116 128/161/171 126/159/116
f 125/81/116 126/159/116 123/83/119
f 123/83/119 126/159/116 124/157/119
f 123/83/119 124/157/119 121/85/123
f 121/85/123 124/157/119 122/155/123
f 121/85/122 122/155/122 119/87/125
f 119/87/125 122/155/122 120/153/125
f 119/87/125 120/153/125 117/89/127
f 117/89/127 120/153/125 118/151/127
f 117/89/127 118/151/127 87/91/130
f 87/91/130 118/151/127 88/150/130
f 171/174/175 141/175/67 172/176/67
f 172/176/67 141/175/67 142/177/176
f 172/176/67 142/177/176 198/178/177
f 198/178/178 142/177/176 143/179/179
f 198/178/178 143/179/179 197/180/180
f 197/180/181 143/179/179 144/181/182
f 197/180/180 144/181/183 196/182/184
f 196/182/184 144/181/182 145/183/185
f 196/182/184 145/183/185 195/184/186
f 195/184/187 145/183/185 146/185/188
f 195/184/187 146/185/188 194/186/189
f 194/186/189 146/185/188 147/187/190
f 194/186/191 147/187/190 193/188/192
f 193/188/192 147/187/190 148/189/193
f 193/188/192 148/189/194 192/190/195
f 192/190/195 148/189/193 149/191/196
f 192/190/195 149/191/196 150/192/197
f 192/190/195 150/192/198 191/193/199
f 191/193/199 150/192/198 151/194/200
f 191/193/199 151/194/200 190/195/201
f 190/195/201 151/194/200 152/196/202
f 190/195/201 152/196/202 189/197/203
f 189/197/204 152/196/202 153/198/205
f 189/197/203 153/198/205 188/199/206
f 188/199/207 153/198/205 154/200/208
f 188/199/207 154/200/208 187/201/209
f 187/201/209 154/200/208 155/202/210
f 187/201/211 155/202/210 186/203/212
f 186/203/212 155/202/210 156/204/213
f 186/203/212 156/204/214 157/205/215
f 186/203/212 157/205/215 185/206/216
f 185/207/216 157/208/217 158/209/218
f 185/207/216 158/209/218 184/210/219
f 184/210/220 158/209/218 159/211/221
f 184/210/220 159/211/221 183/212/222
f 183/212/222 159/211/223 160/213/224
f 183/212/225 160/213/224 182/214/226
f 182/214/227 160/213/224 161/215/228
f 182/214/226 161/215/228 181/216/229
f 181/216/229 161/215/228 162/217/230
f 181/216/231 162/217/230 180/218/232
f 180/218/232 162/217/230 163/219/233
f 180/218/232 163/219/233 179/220/234
f 179/220/234 163/219/235 164/221/236
f 179/220/234 164/221/236 165/222/237
f 179/220/234 165/222/237 178/223/238
f 178/223/238 165/222/239 166/224/240
f 178/223/238 166/224/240 177/225/241
f 177/225/242 166/224/240 167/226/243
f 177/225/242 167/226/243 176/227/244
f 176/227/244 167/226/243 168/228/245
f 176/227/246 168/228/245 175/229/247
f 175/229/247 168/228/245 169/230/248
f 175/229/247 169/230/249 174/231/250
f 174/231/251 169/230/248 170/232/252
f 174/231/250 170/232/252 173/233/253
f 173/233/253 170/232/252 171/174/175
f 173/233/254 171/174/175 172/176/255
f 198/234/256 227/235/257 172/236/258
f 172/236/258 227/235/257 228/237/259
f 172/236/258 228/237/259 173/238/260
f 173/238/260 228/237/259 252/239/261
f 173/238/260 252/239/261 174/240/262
f 174/240/262 252/239/261 251/241/263
f 174/240/262 251/241/263 175/242/264
f 175/242/264 251/241/263 250/243/265
f 175/242/264 250/243/265 176/244/266
f 176/244/267 250/243/265 249/245/268
f 176/244/267 249/245/268 177/246/269
f 177/246/269 249/245/268 248/247/270
f 177/246/269 248/247/270 178/248/271
f 178/248/271 248/247/270 247/249/272
f 178/248/273 247/249/272 179/250/274
f 179/250/274 247/249/272 246/251/275
f 179/250/274 246/251/276 180/252/277
f 180/252/277 246/251/276 245/253/278
f 180/252/277 245/253/278 181/254/279
f 181/254/279 245/253/278 244/255/280
f 181/254/279 244/255/280 182/256/281
f 182/256/281 244/255/282 243/257/283
f 182/256/281 243/257/283 183/258/284
f 183/258/284 243/257/283 242/259/285
f 183/258/284 242/259/285 184/260/286
f 184/260/286 242/259/285 241/261/287
f 184/260/286 241/261/287 185/262/288
f 185/262/288 241/261/287 226/263/289
f 185/262/288 226/263/289 186/264/290
f 186/265/290 226/266/289 240/267/291
f 186/265/290 240/267/291 187/268/292
f 187/268/292 240/267/291 239/269/293
f 187/268/292 239/269/293 188/270/294
f 188/270/294 239/269/293 238/271/295
f 188/270/294 238/271/295 189/272/296
f 189/272/296 238/271/295 237/273/297
f 189/272/296 237/273/298 190/274/299
f 190/274/299 237/273/298 236/275/300
f 190/274/299 236/275/300 191/276/301
f 191/276/301 236/275/300 235/277/302
f 191/276/301 235/277/303 192/278/304
f 192/278/304 235/277/305 234/279/306
f 192/278/304 234/279/306 193/280/307
f 193/280/308 234/279/306 233/281/309
f 193/280/310 233/281/309 194/282/311
f 194/282/312 233/281/309 232/283/313
f 194/282/311 232/283/313 195/284/314
f 195/284/314 232/283/313 231/285/315
f 195/284/316 231/285/315 196/286/317
f 196/286/317 231/285/315 230/287/318
f 196/286/317 230/287/318 197/288/319
f 197/288/319 230/287/318 229/289/320
f 197/288/319 229/289/320 198/234/256
f 198/234/256 229/289/320 227/235/257
f 200/290/291 240/267/291 199/291/289
f 199/291/289 240/267/291 226/266/289
f 199/292/289 226/263/289 225/293/287
f 225/293/287 226/263/289 241/261/287
f 225/293/287 241/261/287 224/294/285
f 224/294/285 241/261/287 242/259/285
f 224/294/285 242/259/285 223/295/321
f 223/295/321 242/259/285 243/257/321
f 223/295/283 243/257/283 222/296/280
f 222/296/280 243/257/283 244/255/280
f 222/296/280 244/255/280 221/297/278
f 221/297/278 244/255/280 245/253/278
f 221/297/278 245/253/278 220/298/275
f 220/298/275 245/253/278 246/251/275
f 220/298/276 246/251/276 219/299/272
f 219/299/272 246/251/276 247/249/272
f 219/299/322 247/249/322 218/300/270
f 218/300/270 247/249/322 248/247/270
f 218/300/270 248/247/270 217/301/268
f 217/301/268 248/247/270 249/245/268
f 217/301/268 249/245/268 216/302/265
f 216/302/265 249/245/268 250/243/265
f 216/302/265 250/243/265 215/303/263
f 215/303/263 250/243/265 251/241/263
f 215/303/263 251/241/263 214/304/261
f 214/304/261 251/241/263 252/239/261
f 214/304/261 252/239/261 213/305/259
f 213/305/259 252/239/261 228/237/259
f 213/305/259 228/237/259 212/306/257
f 212/306/257 228/237/259 227/235/257
f 212/306/257 227/235/257 211/307/320
f 211/307/320 227/235/257 229/289/320
f 211/307/320 229/289/320 210/308/318
f 210/308/318 229/289/320 230/287/318
f 210/308/318 230/287/318 209/309/315
f 209/309/315 230/287/318 231/285/315
f 209/309/315 231/285/315 208/310/313
f 208/310/313 231/285/315 232/283/313
f 208/310/313 232/283/313 207/311/309
f 207/311/309 232/283/313 233/281/309
f 207/311/309 233/281/309 206/312/323
f 206/312/323 233/281/309 234/279/323
f 206/312/306 234/279/306 205/313/302
f 205/313/302 234/279/306 235/277/302
f 205/313/305 235/277/305 204/314/300
f 204/314/300 235/277/305 236/275/300
f 204/314/300 236/275/300 203/315/298
f 203/315/298 236/275/300 237/273/298
f 203/315/298 237/273/298 202/316/295
f 202/316/295 237/273/298 238/271/295
f 202/316/324 238/271/324 201/317/293
f 201/317/293 238/271/324 239/269/293
f 201/317/293 239/269/293 200/290/291
f 200/290/291 239/269/293 240/267/291
f 200/318/325 199/319/325 269/320/325
f 269/320/325 199/319/325 225/321/325
f 269/320/325 225/321/325 268/322/325
f 268/322/325 225/321/325 224/323/325
f 268/322/325 224/323/325 267/324/325
f 267/324/325 224/323/325 223/325/325
f 267/324/325 223/325/325 266/326/325
f 266/326/325 223/325/325 222/327/325
f 266/326/325 222/327/325 265/328/325
f 265/328/325 222/327/325 221/329/325
f 265/328/325 221/329/325 264/330/325
f 264/330/325 221/329/325 263/331/325
f 263/331/325 221/329/325 314/332/325
f 263/331/325 314/332/325 262/333/325
f 262/333/325 314/332/325 261/334/325
f 261/334/325 314/332/325 315/335/325
f 261/334/325 315/335/325 260/336/325
f 260/336/325 315/335/325 259/337/325
f 259/337/325 315/335/325 284/338/325
f 259/337/325 284/338/325 258/339/325
f 258/339/325 284/338/325 257/340/325
f 257/340/325 284/338/325 256/341/325
f 256/341/325 284/338/325 255/342/325
f 255/342/325 284/338/325 254/343/325
f 254/343/325 284/338/325 285/344/325
f 254/343/325 285/344/325 253/345/325
f 253/345/325 285/344/325 283/346/325
f 283/346/325 285/344/325 282/347/325
f 282/347/325 285/344/325 281/348/325
f 281/348/325 285/344/325 280/349/325
f 280/349/325 285/344/325 279/350/325
f 279/350/325 285/344/325 286/351/325
f 279/350/325 286/351/325 278/352/325
f 278/352/325 286/351/325 277/353/325
f 277/353/325 286/351/325 287/354/325
f 277/353/325 287/354/325 276/355/325
f 276/355/325 287/354/325 275/356/325
f 275/356/325 287/354/325 204/357/325
f 275/356/325 204/357/325 274/358/325
f 274/358/325 204/357/325 273/359/325
f 273/359/325 204/357/325 203/360/325
f 273/359/325 203/360/325 272/361/325
f 272/361/325 203/360/325 202/362/325
f 272/361/325 202/362/325 271/363/325
f 271/363/325 202/362/325 201/364/325
f 271/363/325 201/364/325 270/365/325
f 270/365/325 201/364/325 200/318/325
f 270/365/325 200/318/325 269/320/325
f 221/329/325 220/366/325 314/332/325
f 314/332/325 220/366/325 308/367/325
f 314/332/325 308/367/325 309/368/325
f 219/369/325 305/370/325 220/366/325
f 220/366/325 305/370/325 306/371/325
f 220/366/325 306/371/325 307/372/325
f 218/373/325 303/374/325 219/369/325
f 219/369/325 303/374/325 304/375/325
f 219/369/325 304/375/325 305/370/325
f 218/373/325 217/376/325 303/374/325
f 303/374/325 217/376/325 302/377/325
f 302/377/325 217/376/325 216/378/325
f 302/377/325 216/378/325 215/379/325
f 215/379/325 214/380/325 302/377/325
f 302/377/325 214/380/325 301/381/325
f 301/381/325 214/380/325 213/382/325
f 301/381/325 213/382/325 212/383/325
f 301/381/325 212/383/325 300/384/325
f 300/384/325 212/383/325 211/385/325
f 300/384/325 211/385/325 299/386/325
f 299/386/325 211/385/325 210/387/325
f 299/386/325 210/387/325 209/388/325
f 209/388/325 208/389/325 299/386/325
f 299/386/325 208/389/325 298/390/325
f 298/390/325 208/389/325 207/391/325
f 298/390/325 207/391/325 206/392/325
f 205/393/325 296/394/325 206/392/325
f 206/392/325 296/394/325 297/395/325
f 206/392/325 297/395/325 298/390/325
f 204/357/325 287/354/325 205/393/325
f 205/393/325 287/354/325 293/396/325
f 205/393/325 293/396/325 294/397/325
f 288/398/325 289/399/325 287/354/325
f 287/354/325 289/399/325 290/400/325
f 287/354/325 290/400/325 291/401/325
f 291/401/325 292/402/325 287/354/325
f 287/354/325 292/402/325 293/396/325
f 294/397/325 295/403/325 205/393/325
f 205/393/325 295/403/325 296/394/325
f 307/372/325 308/367/325 220/366/325
f 309/368/325 310/404/325 314/332/325
f 314/332/325 310/404/325 311/405/325
f 314/332/325 311/405/325 312/406/325
f 312/406/325 313/407/325 314/332/325
f 254/408/326 316/409/326 255/410/327
f 255/410/327 316/409/326 317/411/327
f 255/410/328 317/411/328 256/412/329
f 256/412/329 317/411/328 318/413/329
f 256/412/330 318/413/330 257/414/331
f 257/414/331 318/413/330 319/415/331
f 257/414/331 319/415/331 258/416/332
f 258/416/332 319/415/331 320/417/332
f 258/416/332 320/417/332 259/418/333
f 259/418/333 320/417/332 321/419/333
f 259/418/333 321/419/333 260/420/334
f 260/420/334 321/419/333 322/421/334
f 260/420/335 322/421/335 261/422/336
f 261/422/336 322/421/335 323/423/336
f 261/422/336 323/423/336 262/424/337
f 262/424/337 323/423/336 324/425/337
f 262/424/337 324/425/337 263/426/338
f 263/426/338 324/425/337 325/427/338
f 263/426/339 325/427/339 264/428/340
f 264/428/340 325/427/339 326/429/340
f 264/428/340 326/429/340 265/430/341
f 265/430/341 326/429/340 327/431/341
f 265/430/341 327/431/341 266/432/342
f 266/432/342 327/431/341 328/433/342
f 266/432/342 328/433/342 267/434/343
f 267/434/343 328/433/342 329/435/343
f 267/434/343 329/435/343 268/436/344
f 268/436/344 329/435/343 330/437/344
f 268/436/344 330/437/344 269/438/258
f 269/438/258 330/437/344 331/439/258
f 269/438/258 331/439/258 270/440/345
f 270/440/345 331/439/258 332/441/345
f 270/440/345 332/441/345 271/442/346
f 271/442/346 332/441/345 333/443/346
f 271/442/346 333/443/346 272/444/347
f 272/444/347 333/443/346 334/445/347
f 272/444/347 334/445/347 273/446/348
f 273/446/348 334/445/347 335/447/348
f 273/446/348 335/447/348 274/448/349
f 274/448/349 335/447/348 336/449/349
f 274/448/349 336/449/349 275/450/350
f 275/450/350 336/449/349 337/451/350
f 275/450/351 337/451/351 276/452/352
f 276/452/352 337/451/351 338/453/352
f 276/452/352 338/453/352 277/454/353
f 277/454/353 338/453/352 339/455/353
f 277/454/353 339/455/353 278/456/354
f 278/456/354 339/455/353 340/457/354
f 278/456/355 340/457/355 279/458/356
f 279/458/356 340/457/355 341/459/356
f 279/458/356 341/459/356 280/460/357
f 280/460/357 341/459/356 342/461/357
f 280/460/357 342/461/357 281/462/358
f 281/462/358 342/461/357 343/463/358
f 281/462/358 343/463/358 282/464/359
f 282/464/359 343/463/358 344/465/359
f 282/464/359 344/465/360 283/466/361
f 283/466/361 344/465/360 345/467/361
f 283/466/362 345/467/362 253/468/363
f 253/468/363 345/467/362 346/469/363
f 86/470/289 316/471/289 60/472/289
f 60/472/289 316/471/289 254/473/289
f 60/472/289 254/473/289 61/474/289
f 61/474/289 254/473/289 62/475/289
f 62/475/289 254/473/289 63/476/289
f 63/476/289 254/473/289 64/477/289
f 64/477/289 254/473/289 65/478/289
f 65/478/289 254/473/289 66/479/289
f 66/479/289 254/473/289 67/480/289
f 67/480/289 254/473/289 253/481/289
f 67/480/289 253/481/289 68/482/289
f 68/482/289 253/481/289 69/483/289
f 69/483/289 253/481/289 70/484/289
f 70/484/289 253/481/289 71/485/289
f 71/485/289 253/481/289 72/486/289
f 72/486/289 253/481/289 73/487/289
f 73/487/289 253/481/289 346/488/289
f 73/487/289 346/488/289 74/489/289
f 74/489/289 346/488/289 75/490/289
f 75/490/289 346/488/289 76/491/289
f 76/491/289 346/488/289 77/492/289
f 77/492/289 346/488/289 78/493/289
f 78/493/289 346/488/289 79/494/289
f 79/494/289 346/488/289 80/495/289
f 80/495/289 346/488/289 316/471/289
f 80/495/289 316/471/289 81/496/289
f 81/496/289 316/471/289 82/497/289
f 82/497/289 316/471/289 83/498/289
f 83/498/289 316/471/289 84/499/289
f 84/499/289 316/471/289 85/500/289
f 85/500/289 316/471/289 86/470/289
f 286/501/92 285/502/92 348/503/92
f 348/503/92 285/502/92 347/504/92
f 287/501/364 286/505/364 349/503/364
f 349/503/364 286/505/364 348/506/364
f 376/507/130 314/501/130 375/508/365
f 375/508/365 314/501/130 313/509/365
f 375/508/365 313/509/365 374/510/366
f 374/510/366 313/509/365 312/511/366
f 374/510/366 312/511/366 373/512/367
f 373/512/367 312/511/366 311/513/367
f 373/512/367 311/513/367 372/514/368
f 372/514/368 311/513/367 310/515/368
f 372/514/368 310/515/368 371/516/369
f 371/516/369 310/515/368 309/517/369
f 371/516/369 309/517/369 370/518/370
f 370/518/370 309/517/369 308/519/370
f 370/518/371 308/519/371 369/520/372
f 369/520/372 308/519/371 307/521/372
f 369/520/372 307/521/372 368/522/373
f 368/522/373 307/521/372 306/523/373
f 368/522/374 306/523/374 367/524/375
f 367/524/375 306/523/374 305/525/375
f 367/524/375 305/525/375 366/526/376
f 366/526/376 305/525/375 304/527/376
f 366/526/376 304/527/376 365/528/377
f 365/528/377 304/527/376 303/529/377
f 365/528/377 303/529/377 364/530/378
f 364/530/378 303/529/377 302/531/378
f 364/530/379 302/531/379 363/532/380
f 363/532/380 302/531/379 301/533/380
f 363/532/380 301/533/380 362/534/381
f 362/534/381 301/533/380 300/535/381
f 362/534/381 300/535/381 361/536/382
f 361/536/382 300/535/381 299/537/382
f 361/536/383 299/537/383 360/538/384
f 360/538/384 299/537/383 298/539/384
f 360/538/384 298/539/384 359/540/385
f 359/540/385 298/539/384 297/541/385
f 359/540/385 297/541/385 358/542/386
f 358/542/386 297/541/385 296/543/386
f 358/542/386 296/543/386 357/544/387
f 357/544/387 296/543/386 295/545/387
f 357/544/388 295/545/388 356/546/389
f 356/546/389 295/545/388 294/547/389
f 356/546/389 294/547/389 355/548/390
f 355/548/390 294/547/389 293/549/390
f 355/548/391 293/549/391 354/550/392
f 354/550/392 293/549/391 292/551/392
f 354/550/392 292/551/392 353/552/393
f 353/552/393 292/551/392 291/553/393
f 353/552/393 291/553/393 352/554/394
f 352/554/394 291/553/393 290/555/394
f 352/554/394 290/555/394 351/556/395
f 351/556/395 290/555/394 289/557/395
f 351/556/395 289/557/395 350/558/396
f 350/558/396 289/557/395 288/559/396
f 350/558/396 288/559/396 349/560/92
f 349/560/92 288/559/396 287/561/92
f 315/501/397 314/505/397 377/503/397
f 377/503/397 314/505/397 376/506/397
f 284/501/130 315/502/130 378/503/130
f 378/503/130 315/502/130 377/504/130
f 32/562/258 284/563/258 1/564/258
f 1/564/258 284/563/258 378/565/258
f 1/564/258 378/565/258 2/566/258
f 2/566/258 378/565/258 3/567/258
f 3/567/258 378/565/258 4/568/258
f 4/568/258 378/565/258 5/569/258
f 5/569/258 378/565/258 6/570/258
f 6/570/258 378/565/258 7/571/258
f 7/571/258 378/565/258 8/572/258
f 8/572/258 378/565/258 9/573/258
f 9/573/258 378/565/258 347/503/258
f 9/573/258 347/503/258 10/574/258
f 10/574/258 347/503/258 11/575/258
f 11/575/258 347/503/258 12/576/258
f 12/576/258 347/503/258 13/577/258
f 13/577/258 347/503/258 14/578/258
f 14/578/258 347/503/258 15/579/258
f 15/579/258 347/503/258 16/580/258
f 16/580/258 347/503/258 17/581/258
f 17/581/258 347/503/258 285/501/258
f 17/581/258 285/501/258 18/582/258
f 18/582/258 285/501/258 19/583/258
f 19/583/258 285/501/258 20/584/258
f 20/584/258 285/501/258 21/585/258
f 21/585/258 285/501/258 22/586/258
f 22/586/258 285/501/258 23/587/258
f 23/587/258 285/501/258 24/588/258
f 24/588/258 285/501/258 25/589/258
f 25/589/258 285/501/258 284/563/258
f 25/589/258 284/563/258 26/590/258
f 26/590/258 284/563/258 27/591/258
f 27/591/258 284/563/258 28/592/258
f 28/592/258 284/563/258 29/593/258
f 29/593/258 284/563/258 30/594/258
f 30/594/258 284/563/258 31/595/258
f 31/595/258 284/563/258 32/562/258
f 413/596/398 346/597/399 412/598/400
f 412/598/400 346/597/399 345/599/401
f 412/598/400 345/599/401 411/600/402
f 411/600/402 345/599/401 344/601/403
f 411/600/402 344/601/403 410/602/404
f 410/602/404 344/601/403 343/603/405
f 410/602/404 343/603/405 409/604/406
f 409/604/406 343/603/405 342/605/407
f 409/604/406 342/605/407 408/606/408
f 408/606/408 342/605/407 341/607/409
f 408/606/408 341/607/409 407/608/410
f 407/608/410 341/607/409 340/609/411
f 407/608/410 340/609/411 406/610/412
f 406/610/413 340/609/411 405/611/414
f 405/611/414 340/609/411 339/612/415
f 405/611/416 339/612/417 404/613/418
f 404/613/418 339/612/415 338/614/419
f 404/613/418 338/614/419 403/615/420
f 403/615/420 338/614/419 337/616/421
f 403/615/420 337/616/421 402/617/422
f 402/617/422 337/616/423 336/618/424
f 402/617/422 336/618/424 401/619/425
f 401/619/425 336/618/424 335/620/426
f 401/619/425 335/620/426 400/621/427
f 400/621/428 335/620/429 334/622/430
f 400/621/428 334/622/430 399/623/431
f 399/623/431 334/622/430 333/624/432
f 399/623/431 333/624/432 398/625/433
f 398/625/433 333/624/432 332/626/434
f 398/625/433 332/626/434 397/627/435
f 397/627/435 332/626/436 331/628/67
f 397/627/435 331/628/67 396/629/67
f 396/629/67 331/628/67 395/630/437
f 395/630/437 331/628/438 330/631/439
f 395/630/437 330/631/439 394/632/440
f 394/632/440 330/631/439 329/633/441
f 394/632/440 329/633/441 393/634/442
f 393/634/442 329/633/441 328/635/443
f 393/634/442 328/635/444 392/636/445
f 392/636/445 328/635/443 327/637/446
f 392/636/447 327/637/448 391/638/449
f 391/638/449 327/637/448 326/639/450
f 391/638/449 326/639/450 390/640/451
f 390/640/451 326/639/450 325/641/452
f 390/640/451 325/641/453 389/642/454
f 389/642/454 325/641/453 324/643/455
f 389/642/454 324/643/455 388/644/456
f 388/644/456 324/643/455 323/645/457
f 388/644/456 323/645/458 387/646/459
f 387/646/460 323/645/457 322/647/461
f 387/646/460 322/647/461 386/648/462
f 386/648/463 322/647/461 385/649/464
f 385/649/464 322/647/461 321/650/465
f 385/649/464 321/650/465 384/651/466
f 384/651/466 321/650/465 320/652/467
f 384/651/466 320/652/467 383/653/468
f 383/653/468 320/652/467 319/654/469
f 383/653/468 319/654/469 382/655/470
f 382/655/470 319/654/469 318/656/471
f 382/655/470 318/656/471 381/657/472
f 381/657/472 318/656/471 317/658/473
f 381/657/472 317/658/473 380/659/474
f 380/659/474 317/658/473 316/660/475
f 380/659/474 316/660/475 379/661/476
f 413/662/477 379/663/477 346/664/477
f 346/664/477 379/663/477 316/665/477
f 171/666/478 363/384/478 141/667/478
f 141/667/478 363/384/478 362/381/478
f 141/667/478 362/381/478 142/668/478
f 142/668/478 362/381/478 143/669/478
f 143/669/478 362/381/478 361/377/478
f 143/669/478 361/377/478 144/670/478
f 144/670/478 361/377/478 145/671/478
f 145/671/478 361/377/478 360/374/478
f 145/671/478 360/374/478 146/672/478
f 146/672/478 360/374/478 147/673/478
f 147/673/478 360/374/478 359/375/478
f 147/673/478 359/375/478 148/674/478
f 148/674/478 359/375/478 358/370/478
f 148/674/478 358/370/478 149/675/478
f 149/675/478 358/370/478 357/371/478
f 149/675/478 357/371/478 356/372/478
f 171/666/478 170/676/478 363/384/478
f 363/384/478 170/676/478 364/386/478
f 364/386/478 170/676/478 169/677/478
f 364/386/478 169/677/478 168/678/478
f 364/386/478 168/678/478 365/390/478
f 365/390/478 168/678/478 167/679/478
f 365/390/478 167/679/478 166/680/478
f 365/390/478 166/680/478 366/395/478
f 366/395/478 166/680/478 165/681/478
f 366/395/478 165/681/478 367/394/478
f 367/394/478 165/681/478 164/682/478
f 367/394/478 164/682/478 368/403/478
f 368/403/478 164/682/478 369/397/478
f 369/397/478 164/682/478 163/683/478
f 369/397/478 163/683/478 370/396/478
f 370/396/478 163/683/478 376/354/478
f 370/396/478 376/354/478 371/402/478
f 371/402/478 376/354/478 372/401/478
f 372/401/478 376/354/478 373/400/478
f 373/400/478 376/354/478 374/399/478
f 374/399/478 376/354/478 375/398/478
f 376/354/478 163/683/478 390/684/478
f 390/684/478 163/683/478 162/685/478
f 390/684/478 162/685/478 391/686/478
f 391/686/478 162/685/478 392/687/478
f 392/687/478 162/685/478 161/688/478
f 392/687/478 161/688/478 393/689/478
f 393/689/478 161/688/478 160/690/478
f 393/689/478 160/690/478 159/691/478
f 393/689/478 159/691/478 394/692/478
f 394/692/478 159/691/478 158/693/478
f 394/692/478 158/693/478 395/694/478
f 395/694/478 158/693/478 157/695/478
f 395/694/478 157/695/478 396/696/478
f 396/696/478 157/695/478 156/697/478
f 396/696/478 156/697/478 397/698/478
f 397/698/478 156/697/478 155/699/478
f 397/698/478 155/699/478 398/700/478
f 398/700/478 155/699/478 154/701/478
f 398/700/478 154/701/478 399/702/478
f 399/702/478 154/701/478 153/703/478
f 399/702/478 153/703/478 152/704/478
f 399/702/478 152/704/478 400/705/478
f 400/705/478 152/704/478 151/706/478
f 400/705/478 151/706/478 401/707/478
f 401/707/478 151/706/478 402/708/478
f 402/708/478 151/706/478 150/709/478
f 402/708/478 150/709/478 349/332/478
f 349/332/478 150/709/478 355/367/478
f 349/332/478 355/367/478 354/368/478
f 355/367/478 150/709/478 356/372/478
f 356/372/478 150/709/478 149/675/478
f 380/710/478 379/711/478 378/344/478
f 378/344/478 379/711/478 413/712/478
f 378/344/478 413/712/478 347/338/478
f 347/338/478 413/712/478 412/713/478
f 347/338/478 412/713/478 411/714/478
f 411/714/478 410/715/478 347/338/478
f 347/338/478 410/715/478 409/716/478
f 347/338/478 409/716/478 408/717/478
f 408/717/478 407/718/478 347/338/478
f 347/338/478 407/718/478 348/335/478
f 348/335/478 407/718/478 406/719/478
f 348/335/478 406/719/478 405/720/478
f 405/720/478 404/721/478 348/335/478
f 348/335/478 404/721/478 349/332/478
f 349/332/478 404/721/478 403/722/478
f 349/332/478 403/722/478 402/708/478
f 390/684/478 389/723/478 376/354/478
f 376/354/478 389/723/478 388/724/478
f 376/354/478 388/724/478 377/351/478
f 377/351/478 388/724/478 387/725/478
f 377/351/478 387/725/478 386/726/478
f 386/726/478 385/727/478 377/351/478
f 377/351/478 385/727/478 378/344/478
f 378/344/478 385/727/478 384/728/478
f 378/344/478 384/728/478 383/729/478
f 383/729/478 382/730/478 378/344/478
f 378/344/478 382/730/478 381/731/478
f 378/344/478 381/731/478 380/710/478
f 354/368/478 353/404/478 349/332/478
f 349/332/478 353/404/478 352/405/478
f 349/332/478 352/405/478 351/406/478
f 351/406/478 350/407/478 349/332/478
usemtl Steel_-_Satin.001
f 442/732/479 414/733/480 456/734/480
f 456/735/480 414/736/480 415/737/481
f 456/735/480 415/737/482 455/738/483
f 455/738/483 415/737/481 416/739/484
f 455/738/485 416/739/486 454/740/487
f 454/740/488 416/739/486 417/741/489
f 454/740/488 417/741/489 453/742/490
f 453/742/491 417/741/492 418/743/493
f 453/742/494 418/743/493 452/744/495
f 452/744/495 418/743/493 419/745/496
f 452/744/497 419/745/496 451/746/498
f 451/746/499 419/745/496 420/747/500
f 451/746/498 420/747/501 450/748/502
f 450/748/502 420/747/500 421/749/503
f 450/748/502 421/749/503 449/750/504
f 449/750/504 421/749/503 422/751/505
f 449/750/504 422/751/505 448/752/506
f 448/752/507 422/751/508 423/753/509
f 448/752/507 423/753/510 447/754/511
f 447/754/512 423/753/510 424/755/513
f 447/754/512 424/755/513 425/756/514
f 447/754/512 425/756/514 446/757/515
f 446/757/516 425/756/514 426/758/517
f 446/757/516 426/758/517 445/759/518
f 445/759/519 426/758/517 427/760/520
f 445/759/518 427/760/520 444/761/521
f 444/761/521 427/760/520 428/762/522
f 444/761/521 428/762/522 443/763/523
f 443/763/523 428/762/522 429/764/524
f 443/763/523 429/764/524 468/765/525
f 468/765/525 429/764/524 430/766/526
f 468/765/525 430/766/526 467/767/527
f 467/767/528 430/766/526 431/768/529
f 467/767/527 431/768/529 466/769/530
f 466/769/530 431/768/529 432/770/531
f 466/769/532 432/770/531 465/771/533
f 465/771/533 432/770/531 433/772/534
f 465/771/533 433/772/534 434/773/535
f 465/771/536 434/773/535 464/774/537
f 464/774/537 434/773/538 435/775/539
f 464/774/540 435/775/541 463/776/542
f 463/776/542 435/775/541 436/777/543
f 463/776/542 436/777/543 462/778/544
f 462/778/544 436/777/543 437/779/545
f 462/778/544 437/779/546 461/780/547
f 461/780/548 437/779/545 438/781/549
f 461/780/547 438/781/549 460/782/550
f 460/782/551 438/781/549 439/783/552
f 460/782/551 439/783/552 459/784/553
f 459/784/554 439/783/552 440/785/555
f 459/784/556 440/785/557 458/786/558
f 458/786/558 440/785/557 441/787/559
f 458/786/560 441/787/561 457/788/562
f 457/788/563 441/787/559 442/732/479
f 457/788/563 442/732/564 456/734/480
f 470/789/258 552/790/565 469/791/258
f 469/791/258 552/790/565 561/792/566
f 469/791/258 561/792/566 742/793/567
f 742/793/567 561/792/566 560/794/568
f 742/793/567 560/794/568 743/795/569
f 743/795/569 560/794/568 559/796/24
f 743/795/569 559/796/24 744/797/570
f 744/797/570 559/796/24 558/798/571
f 744/797/570 558/798/571 745/799/572
f 745/799/572 558/798/571 557/800/573
f 745/799/572 557/800/573 746/801/574
f 746/801/574 557/800/573 507/501/325
f 746/801/574 507/501/325 508/802/575
f 552/790/565 470/789/258 562/803/576
f 562/803/577 470/789/258 471/804/258
f 562/803/577 471/804/258 567/805/578
f 567/805/578 471/804/258 472/806/258
f 567/805/578 472/806/258 572/807/579
f 572/807/579 472/806/258 473/808/258
f 572/807/579 473/808/258 577/809/580
f 577/809/580 473/808/258 474/810/258
f 577/809/580 474/810/258 582/811/581
f 582/811/581 474/810/258 475/812/258
f 582/811/581 475/812/258 587/813/582
f 587/813/582 475/812/258 476/814/258
f 587/813/582 476/814/258 592/815/583
f 592/815/584 476/814/258 477/816/258
f 592/815/583 477/816/258 597/817/585
f 597/817/585 477/816/258 478/818/258
f 597/817/585 478/818/258 602/819/586
f 602/819/586 478/818/258 479/820/258
f 602/819/586 479/820/258 607/821/587
f 607/821/587 479/820/258 480/822/258
f 607/821/587 480/822/258 612/823/588
f 612/823/589 480/822/258 481/824/258
f 612/823/588 481/824/258 617/825/590
f 617/825/590 481/824/258 482/826/258
f 617/825/590 482/826/258 622/827/591
f 622/827/591 482/826/258 483/828/258
f 622/827/591 483/828/258 627/829/592
f 627/829/592 483/828/258 484/830/258
f 627/829/592 484/830/258 632/831/593
f 632/831/593 484/830/258 485/832/258
f 632/831/593 485/832/258 637/833/594
f 637/833/594 485/832/258 486/834/258
f 637/833/594 486/834/258 642/835/595
f 642/835/596 486/834/258 487/836/258
f 642/835/596 487/836/258 647/837/597
f 647/837/597 487/836/258 488/838/258
f 647/837/597 488/838/258 547/839/598
f 547/840/598 488/841/258 652/842/599
f 547/840/598 652/842/599 653/843/600
f 653/843/600 652/842/599 658/844/601
f 653/843/600 658/844/601 659/845/602
f 659/845/602 658/844/601 664/846/603
f 659/845/602 664/846/604 665/847/605
f 665/847/605 664/846/603 670/848/606
f 665/847/605 670/848/606 671/849/607
f 671/849/608 670/848/606 676/850/609
f 671/849/607 676/850/609 522/851/610
f 522/851/610 676/850/609 521/852/611
f 521/852/611 676/850/609 681/853/612
f 521/852/611 681/853/613 520/854/614
f 520/854/614 681/853/612 686/855/615
f 520/854/614 686/855/615 519/856/616
f 519/856/616 686/855/615 691/857/617
f 519/856/616 691/857/618 518/858/619
f 518/858/619 691/857/618 696/859/620
f 518/858/619 696/859/620 517/860/130
f 517/860/130 696/859/620 701/861/621
f 517/860/130 701/861/621 516/862/622
f 516/862/622 701/861/621 706/863/623
f 516/862/622 706/863/623 515/864/624
f 515/864/624 706/863/623 711/865/625
f 515/864/624 711/865/625 514/866/626
f 514/866/626 711/865/625 716/867/627
f 514/866/626 716/867/627 513/868/628
f 513/868/628 716/867/629 721/869/630
f 513/868/628 721/869/630 512/870/631
f 512/870/631 721/869/630 726/871/632
f 512/870/631 726/871/632 511/872/633
f 511/872/633 726/871/632 731/873/634
f 511/872/633 731/873/634 510/874/635
f 510/874/635 731/873/636 736/875/637
f 510/874/635 736/875/637 509/876/638
f 509/876/638 736/875/637 741/877/639
f 509/876/638 741/877/639 508/802/575
f 508/802/575 741/877/639 746/801/574
f 488/841/258 489/878/258 652/842/599
f 652/842/599 489/878/258 657/879/640
f 652/842/599 657/879/640 658/844/601
f 658/844/601 657/879/640 663/880/641
f 658/844/601 663/880/641 664/846/603
f 664/846/603 663/880/641 669/881/642
f 664/846/603 669/881/642 670/848/606
f 670/848/606 669/881/643 675/882/644
f 670/848/606 675/882/644 676/850/609
f 676/850/609 675/882/644 681/853/612
f 489/878/258 490/883/258 657/879/640
f 657/879/640 490/883/258 662/884/645
f 657/879/646 662/884/645 663/880/641
f 663/880/641 662/884/645 668/885/647
f 663/880/641 668/885/647 669/881/643
f 669/881/643 668/885/647 674/886/56
f 669/881/642 674/886/56 675/882/644
f 675/882/644 674/886/56 680/887/648
f 675/882/644 680/887/648 681/853/613
f 681/853/613 680/887/648 686/855/615
f 490/883/258 491/888/258 662/884/645
f 662/884/645 491/888/258 667/889/649
f 662/884/645 667/889/649 668/885/647
f 668/885/647 667/889/649 673/890/650
f 668/885/647 673/890/651 674/886/56
f 674/886/56 673/890/651 679/891/652
f 674/886/56 679/891/653 680/887/648
f 680/887/648 679/891/653 685/892/654
f 680/887/648 685/892/654 686/855/615
f 686/855/615 685/892/654 691/857/618
f 491/888/258 492/893/258 667/889/649
f 667/889/649 492/893/258 672/894/655
f 667/889/649 672/894/655 673/890/651
f 673/890/656 672/894/655 678/895/657
f 673/890/651 678/895/657 679/891/652
f 679/891/653 678/895/657 684/896/658
f 679/891/653 684/896/658 685/892/654
f 685/892/654 684/896/658 690/897/659
f 685/892/654 690/897/659 691/857/618
f 691/857/618 690/897/659 696/859/620
f 492/893/258 493/898/258 672/894/655
f 672/894/655 493/898/258 677/899/660
f 672/894/655 677/899/660 678/895/657
f 678/895/657 677/899/660 683/900/661
f 678/895/657 683/900/661 684/896/658
f 684/896/658 683/900/661 689/901/662
f 684/896/658 689/901/662 690/897/659
f 690/897/659 689/901/662 695/902/663
f 690/897/659 695/902/663 696/859/620
f 696/859/620 695/902/663 701/861/621
f 493/898/258 494/903/258 677/899/660
f 677/899/660 494/903/258 682/904/664
f 677/899/660 682/904/664 683/900/661
f 683/900/661 682/904/664 688/905/665
f 683/900/661 688/905/665 689/901/662
f 689/901/662 688/905/665 694/906/666
f 689/901/662 694/906/666 695/902/663
f 695/902/663 694/906/666 700/907/313
f 695/902/667 700/907/313 701/861/621
f 701/861/621 700/907/313 706/863/623
f 494/903/258 495/908/258 682/904/664
f 682/904/664 495/908/258 687/909/668
f 682/904/664 687/909/669 688/905/665
f 688/905/665 687/909/669 693/910/670
f 688/905/665 693/910/670 694/906/666
f 694/906/666 693/910/670 699/911/46
f 694/906/666 699/911/46 700/907/313
f 700/907/313 699/911/46 705/912/671
f 700/907/313 705/912/671 706/863/623
f 706/863/623 705/912/671 711/865/672
f 495/908/258 496/913/258 687/909/669
f 687/909/668 496/913/258 692/914/673
f 687/909/669 692/914/673 693/910/670
f 693/910/670 692/914/673 698/915/674
f 693/910/670 698/915/674 699/911/46
f 699/911/46 698/915/674 704/916/675
f 699/911/46 704/916/675 705/912/671
f 705/912/671 704/916/675 710/917/676
f 705/912/671 710/917/677 711/865/672
f 711/865/672 710/917/676 716/867/627
f 496/913/258 497/918/258 692/914/673
f 692/914/673 497/918/258 697/919/678
f 692/914/673 697/919/678 698/915/674
f 698/915/674 697/919/678 703/920/679
f 698/915/674 703/920/679 704/916/675
f 704/916/675 703/920/679 709/921/680
f 704/916/675 709/921/680 710/917/676
f 710/917/676 709/921/680 715/922/681
f 710/917/676 715/922/681 716/867/627
f 716/867/627 715/922/681 721/869/682
f 497/918/258 498/923/258 697/919/678
f 697/919/678 498/923/258 702/924/683
f 697/919/678 702/924/683 703/920/679
f 703/920/679 702/924/683 708/925/684
f 703/920/679 708/925/684 709/921/680
f 709/921/680 708/925/684 714/926/685
f 709/921/680 714/926/685 715/922/681
f 715/922/681 714/926/685 720/927/686
f 715/922/681 720/927/686 721/869/687
f 721/869/630 720/927/686 726/871/632
f 498/923/258 499/928/258 702/924/683
f 702/924/683 499/928/258 707/929/688
f 702/924/683 707/929/689 708/925/684
f 708/925/684 707/929/688 713/930/690
f 708/925/684 713/930/690 714/926/685
f 714/926/685 713/930/690 719/931/691
f 714/926/692 719/931/691 720/927/693
f 720/927/686 719/931/691 725/932/694
f 720/927/686 725/932/694 726/871/632
f 726/871/632 725/932/694 731/873/634
f 499/928/258 500/933/258 707/929/688
f 707/929/688 500/933/258 712/934/695
f 707/929/689 712/934/695 713/930/690
f 713/930/690 712/934/695 718/935/696
f 713/930/690 718/935/696 719/931/691
f 719/931/697 718/935/696 724/936/36
f 719/931/691 724/936/36 725/932/694
f 725/932/694 724/936/36 730/937/698
f 725/932/694 730/937/698 731/873/634
f 731/873/634 730/937/698 736/875/699
f 500/933/258 501/938/258 712/934/695
f 712/934/695 501/938/258 717/939/700
f 712/934/695 717/939/700 718/935/696
f 718/935/696 717/939/700 723/940/701
f 718/935/696 723/940/702 724/936/36
f 724/936/36 723/940/701 729/941/703
f 724/936/36 729/941/703 730/937/698
f 730/937/698 729/941/703 735/942/704
f 730/937/698 735/942/704 736/875/637
f 736/875/637 735/942/704 741/877/705
f 501/938/258 502/943/258 717/939/700
f 717/939/700 502/943/258 722/944/706
f 717/939/700 722/944/706 723/940/702
f 723/940/701 722/944/706 728/945/707
f 723/940/708 728/945/707 729/941/703
f 729/941/703 728/945/707 734/946/709
f 729/941/703 734/946/709 735/942/704
f 735/942/704 734/946/709 740/947/710
f 735/942/704 740/947/710 741/877/639
f 741/877/639 740/947/710 746/801/574
f 502/943/258 503/948/258 722/944/706
f 722/944/706 503/948/258 727/949/711
f 722/944/706 727/949/711 728/945/707
f 728/945/707 727/949/711 733/950/712
f 728/945/707 733/950/712 734/946/709
f 734/946/709 733/950/712 739/951/713
f 734/946/709 739/951/713 740/947/710
f 740/947/710 739/951/713 745/799/572
f 740/947/710 745/799/572 746/801/574
f 503/948/258 504/952/258 727/949/711
f 727/949/711 504/952/258 732/953/714
f 727/949/711 732/953/714 733/950/712
f 733/950/712 732/953/714 738/954/715
f 733/950/712 738/954/715 739/951/713
f 739/951/713 738/954/715 744/797/570
f 739/951/713 744/797/570 745/799/572
f 504/952/258 505/955/258 732/953/714
f 732/953/714 505/955/258 737/956/716
f 732/953/714 737/956/717 738/954/715
f 738/954/715 737/956/717 743/795/569
f 738/954/715 743/795/569 744/797/570
f 505/955/258 506/957/258 737/956/717
f 737/956/716 506/957/258 742/793/567
f 737/956/716 742/793/567 743/795/569
f 506/957/258 469/791/258 742/793/718
f 522/851/610 523/958/719 671/849/608
f 671/849/720 523/958/719 666/959/721
f 671/849/608 666/959/721 665/847/605
f 665/847/605 666/959/721 660/960/722
f 665/847/605 660/960/723 659/845/602
f 659/845/602 660/960/722 654/961/724
f 659/845/602 654/961/724 653/843/600
f 653/843/600 654/961/724 548/962/725
f 653/843/600 548/962/725 547/840/598
f 547/839/598 548/963/725 647/837/597
f 523/958/719 524/964/726 666/959/721
f 666/959/721 524/964/726 661/965/727
f 666/959/728 661/965/729 660/960/722
f 660/960/722 661/965/727 655/966/730
f 660/960/722 655/966/730 654/961/724
f 654/961/724 655/966/730 549/967/67
f 654/961/724 549/967/67 548/962/725
f 548/963/725 549/968/67 648/969/731
f 548/963/725 648/969/732 647/837/597
f 647/837/597 648/969/731 642/835/595
f 524/964/726 525/970/733 661/965/729
f 661/965/727 525/970/733 656/971/734
f 661/965/727 656/971/734 655/966/730
f 655/966/730 656/971/734 550/972/735
f 655/966/730 550/972/735 549/967/67
f 549/968/67 550/973/735 649/974/736
f 549/968/67 649/974/736 648/969/731
f 648/969/731 649/974/736 643/975/737
f 648/969/732 643/975/737 642/835/596
f 642/835/595 643/975/737 637/833/594
f 525/970/733 526/976/738 656/971/734
f 656/971/734 526/976/738 551/977/739
f 656/971/734 551/977/739 550/972/735
f 550/973/735 551/978/739 650/979/740
f 550/973/735 650/979/740 649/974/736
f 649/974/736 650/979/740 644/980/741
f 649/974/736 644/980/741 643/975/737
f 643/975/737 644/980/741 638/981/742
f 643/975/737 638/981/742 637/833/594
f 637/833/594 638/981/742 632/831/593
f 526/976/738 527/982/478 551/977/739
f 551/978/739 527/983/478 651/984/743
f 551/978/739 651/984/743 650/979/740
f 650/979/740 651/984/743 645/985/744
f 650/979/740 645/985/744 644/980/741
f 644/980/741 645/985/745 639/986/746
f 644/980/741 639/986/747 638/981/742
f 638/981/742 639/986/747 633/987/748
f 638/981/742 633/987/748 632/831/593
f 632/831/593 633/987/748 627/829/592
f 527/983/478 528/988/749 651/984/743
f 651/984/743 528/988/749 646/989/750
f 651/984/743 646/989/751 645/985/744
f 645/985/744 646/989/751 640/990/752
f 645/985/744 640/990/752 639/986/747
f 639/986/747 640/990/752 634/991/753
f 639/986/747 634/991/754 633/987/748
f 633/987/748 634/991/754 628/992/755
f 633/987/748 628/992/756 627/829/592
f 627/829/592 628/992/757 622/827/591
f 528/988/749 529/993/758 646/989/751
f 646/989/751 529/993/758 641/994/759
f 646/989/751 641/994/760 640/990/752
f 640/990/752 641/994/760 635/995/761
f 640/990/752 635/995/761 634/991/753
f 634/991/754 635/995/761 629/996/77
f 634/991/753 629/996/77 628/992/755
f 628/992/757 629/996/77 623/997/762
f 628/992/756 623/997/762 622/827/591
f 622/827/591 623/997/762 617/825/590
f 529/993/758 530/998/763 641/994/759
f 641/994/759 530/998/763 636/999/764
f 641/994/759 636/999/764 635/995/761
f 635/995/761 636/999/764 630/1000/765
f 635/995/761 630/1000/765 629/996/77
f 629/996/77 630/1000/765 624/1001/766
f 629/996/77 624/1001/767 623/997/762
f 623/997/762 624/1001/766 618/1002/768
f 623/997/762 618/1002/768 617/825/590
f 617/825/590 618/1002/768 612/823/589
f 530/998/763 531/1003/769 636/999/764
f 636/999/770 531/1003/769 631/1004/771
f 636/999/764 631/1004/771 630/1000/765
f 630/1000/765 631/1004/771 625/1005/772
f 630/1000/765 625/1005/772 624/1001/766
f 624/1001/766 625/1005/772 619/1006/773
f 624/1001/766 619/1006/774 618/1002/768
f 618/1002/768 619/1006/773 613/1007/775
f 618/1002/768 613/1007/775 612/823/588
f 612/823/588 613/1007/775 607/821/587
f 531/1003/769 532/1008/776 631/1004/771
f 631/1004/771 532/1008/776 626/1009/777
f 631/1004/771 626/1009/777 625/1005/772
f 625/1005/772 626/1009/778 620/1010/779
f 625/1005/772 620/1010/779 619/1006/773
f 619/1006/773 620/1010/779 614/1011/780
f 619/1006/773 614/1011/780 613/1007/775
f 613/1007/775 614/1011/780 608/1012/781
f 613/1007/775 608/1012/781 607/821/587
f 607/821/587 608/1012/781 602/819/586
f 532/1008/776 533/1013/782 626/1009/783
f 626/1009/777 533/1013/782 621/1014/784
f 626/1009/778 621/1014/784 620/1010/779
f 620/1010/779 621/1014/784 615/1015/785
f 620/1010/779 615/1015/785 614/1011/780
f 614/1011/780 615/1015/785 609/1016/786
f 614/1011/780 609/1016/786 608/1012/781
f 608/1012/781 609/1016/786 603/1017/787
f 608/1012/781 603/1017/787 602/819/586
f 602/819/586 603/1017/787 597/817/585
f 533/1013/782 534/1018/788 621/1014/789
f 621/1014/784 534/1018/788 616/1019/790
f 621/1014/789 616/1019/790 615/1015/785
f 615/1015/791 616/1019/790 610/1020/792
f 615/1015/785 610/1020/792 609/1016/786
f 609/1016/786 610/1020/792 604/1021/2
f 609/1016/786 604/1021/2 603/1017/787
f 603/1017/787 604/1021/2 598/1022/793
f 603/1017/787 598/1022/793 597/817/585
f 597/817/585 598/1022/793 592/815/584
f 534/1018/788 535/1023/794 616/1019/790
f 616/1019/790 535/1023/794 611/1024/795
f 616/1019/796 611/1024/795 610/1020/792
f 610/1020/792 611/1024/795 605/1025/268
f 610/1020/792 605/1025/268 604/1021/2
f 604/1021/2 605/1025/268 599/1026/797
f 604/1021/2 599/1026/797 598/1022/793
f 598/1022/793 599/1026/797 593/1027/798
f 598/1022/793 593/1027/798 592/815/584
f 592/815/584 593/1027/798 587/813/582
f 535/1023/794 536/1028/799 611/1024/795
f 611/1024/795 536/1028/799 606/1029/800
f 611/1024/795 606/1029/800 605/1025/268
f 605/1025/268 606/1029/800 600/1030/801
f 605/1025/268 600/1030/801 599/1026/797
f 599/1026/797 600/1030/801 594/1031/802
f 599/1026/797 594/1031/802 593/1027/798
f 593/1027/798 594/1031/802 588/1032/803
f 593/1027/798 588/1032/803 587/813/582
f 587/813/582 588/1032/803 582/811/581
f 536/1028/799 537/1033/92 606/1029/800
f 606/1029/800 537/1033/92 601/1034/804
f 606/1029/800 601/1034/804 600/1030/801
f 600/1030/801 601/1034/804 595/1035/805
f 600/1030/801 595/1035/805 594/1031/802
f 594/1031/802 595/1035/805 589/1036/806
f 594/1031/802 589/1036/806 588/1032/803
f 588/1032/803 589/1036/806 583/1037/807
f 588/1032/803 583/1037/807 582/811/581
f 582/811/581 583/1037/807 577/809/580
f 537/1033/92 538/1038/808 601/1034/804
f 601/1034/804 538/1038/808 596/1039/809
f 601/1034/804 596/1039/810 595/1035/805
f 595/1035/805 596/1039/809 590/1040/811
f 595/1035/805 590/1040/811 589/1036/806
f 589/1036/806 590/1040/811 584/1041/812
f 589/1036/806 584/1041/812 583/1037/807
f 583/1037/807 584/1041/813 578/1042/814
f 583/1037/807 578/1042/814 577/809/580
f 577/809/580 578/1042/814 572/807/579
f 538/1038/808 539/1043/815 596/1039/810
f 596/1039/810 539/1043/815 591/1044/816
f 596/1039/810 591/1044/816 590/1040/811
f 590/1040/811 591/1044/816 585/1045/817
f 590/1040/811 585/1045/817 584/1041/812
f 584/1041/812 585/1045/817 579/1046/13
f 584/1041/813 579/1046/13 578/1042/814
f 578/1042/814 579/1046/13 573/1047/818
f 578/1042/819 573/1047/818 572/807/579
f 572/807/579 573/1047/818 567/805/578
f 539/1043/815 540/1048/820 591/1044/816
f 591/1044/816 540/1048/820 586/1049/821
f 591/1044/816 586/1049/822 585/1045/817
f 585/1045/817 586/1049/822 580/1050/823
f 585/1045/817 580/1050/823 579/1046/13
f 579/1046/13 580/1050/823 574/1051/824
f 579/1046/13 574/1051/824 573/1047/818
f 573/1047/818 574/1051/824 568/1052/825
f 573/1047/818 568/1052/825 567/805/578
f 567/805/578 568/1052/825 562/803/576
f 540/1048/820 541/1053/826 586/1049/822
f 586/1049/821 541/1053/826 581/1054/827
f 586/1049/822 581/1054/827 580/1050/823
f 580/1050/823 581/1054/827 575/1055/828
f 580/1050/823 575/1055/829 574/1051/824
f 574/1051/824 575/1055/828 569/1056/830
f 574/1051/824 569/1056/830 568/1052/825
f 568/1052/825 569/1056/830 563/1057/831
f 568/1052/825 563/1057/831 562/803/576
f 562/803/576 563/1057/831 552/790/565
f 541/1053/826 542/1058/832 581/1054/827
f 581/1054/827 542/1058/832 576/1059/833
f 581/1054/827 576/1059/833 575/1055/829
f 575/1055/829 576/1059/834 570/1060/835
f 575/1055/829 570/1060/835 569/1056/830
f 569/1056/830 570/1060/835 564/1061/836
f 569/1056/830 564/1061/836 563/1057/831
f 563/1057/831 564/1061/836 553/1062/837
f 563/1057/831 553/1062/837 552/790/565
f 552/790/565 553/1062/837 561/792/566
f 542/1058/832 543/1063/838 576/1059/833
f 576/1059/833 543/1063/838 571/1064/839
f 576/1059/833 571/1064/839 570/1060/835
f 570/1060/835 571/1064/839 565/1065/840
f 570/1060/835 565/1065/840 564/1061/836
f 564/1061/836 565/1065/840 554/1066/841
f 564/1061/836 554/1066/841 553/1062/837
f 553/1062/837 554/1066/841 560/794/568
f 553/1062/837 560/794/568 561/792/566
f 543/1063/838 544/1067/842 571/1064/839
f 571/1064/839 544/1067/842 566/1068/843
f 571/1064/839 566/1068/843 565/1065/840
f 565/1065/840 566/1068/843 555/1069/844
f 565/1065/840 555/1069/844 554/1066/841
f 554/1066/841 555/1069/844 559/796/24
f 554/1066/841 559/796/24 560/794/568
f 544/1067/842 545/1070/845 566/1068/843
f 566/1068/843 545/1070/845 556/1071/846
f 566/1068/847 556/1071/846 555/1069/844
f 555/1069/844 556/1071/846 558/798/571
f 555/1069/844 558/798/571 559/796/24
f 545/1070/845 546/1072/848 556/1071/846
f 556/1071/846 546/1072/848 557/800/573
f 556/1071/846 557/800/573 558/798/571
f 546/1072/848 507/501/325 557/800/573
f 748/1073/258 494/1074/258 747/1075/258
f 747/1075/258 494/1074/258 493/1076/258
f 747/1075/258 493/1076/258 492/1077/258
f 749/1078/258 501/1079/258 748/1073/258
f 748/1073/258 501/1079/258 500/1080/258
f 748/1073/258 500/1080/258 499/1081/258
f 750/1082/258 469/1083/258 749/1078/258
f 749/1078/258 469/1083/258 506/1084/258
f 749/1078/258 506/1084/258 505/1085/258
f 751/1086/258 475/1087/258 750/1082/258
f 750/1082/258 475/1087/258 474/1088/258
f 750/1082/258 474/1088/258 473/1089/258
f 752/1090/258 482/1091/258 751/1086/258
f 751/1086/258 482/1091/258 481/1092/258
f 751/1086/258 481/1092/258 480/1093/258
f 747/1075/258 488/1094/258 752/1090/258
f 752/1090/258 488/1094/258 487/1095/258
f 752/1090/258 487/1095/258 486/1096/258
f 505/1085/258 504/1097/258 749/1078/258
f 749/1078/258 504/1097/258 503/1098/258
f 749/1078/258 503/1098/258 502/1099/258
f 502/1099/258 501/1079/258 749/1078/258
f 499/1081/258 498/1100/258 748/1073/258
f 748/1073/258 498/1100/258 497/1101/258
f 748/1073/258 497/1101/258 496/1102/258
f 496/1102/258 495/1103/258 748/1073/258
f 748/1073/258 495/1103/258 494/1074/258
f 492/1077/258 491/1104/258 747/1075/258
f 747/1075/258 491/1104/258 490/1105/258
f 747/1075/258 490/1105/258 489/1106/258
f 489/1106/258 488/1094/258 747/1075/258
f 486/1096/258 485/1107/258 752/1090/258
f 752/1090/258 485/1107/258 484/1108/258
f 752/1090/258 484/1108/258 483/1109/258
f 483/1109/258 482/1091/258 752/1090/258
f 480/1093/258 479/1110/258 751/1086/258
f 751/1086/258 479/1110/258 478/1111/258
f 751/1086/258 478/1111/258 477/1112/258
f 477/1112/258 476/1113/258 751/1086/258
f 751/1086/258 476/1113/258 475/1087/258
f 473/1089/258 472/1114/258 750/1082/258
f 750/1082/258 472/1114/258 471/1115/258
f 750/1082/258 471/1115/258 470/1116/258
f 470/1116/258 469/1083/258 750/1082/258
f 754/1117/575 508/1118/575 753/1119/325
f 753/1119/325 508/1118/575 507/1120/325
f 753/1119/325 507/1120/325 792/1121/848
f 792/1121/848 507/1120/325 546/1122/848
f 792/1121/848 546/1122/848 791/1123/845
f 791/1123/845 546/1122/848 545/1124/845
f 791/1123/845 545/1124/845 790/1125/842
f 790/1125/842 545/1124/849 544/1126/842
f 790/1125/842 544/1126/842 789/1127/838
f 789/1127/838 544/1126/842 543/1128/838
f 789/1127/838 543/1128/838 788/1129/832
f 788/1129/832 543/1128/838 542/1130/832
f 788/1129/832 542/1130/832 787/1131/826
f 787/1131/826 542/1130/832 541/1132/826
f 787/1131/826 541/1132/826 786/1133/820
f 786/1133/820 541/1132/826 540/1134/820
f 786/1133/820 540/1134/820 785/1135/815
f 785/1135/815 540/1134/820 539/1136/815
f 785/1135/815 539/1136/815 784/1137/850
f 784/1137/808 539/1136/815 538/1138/808
f 784/1137/808 538/1138/808 783/1139/92
f 783/1139/92 538/1138/808 537/1140/92
f 783/1139/92 537/1140/92 782/1141/799
f 782/1141/799 537/1140/92 536/1142/799
f 782/1141/851 536/1142/851 781/1143/794
f 781/1143/794 536/1142/799 535/1144/794
f 781/1143/794 535/1144/794 780/1145/788
f 780/1145/788 535/1144/794 534/1146/788
f 780/1145/788 534/1146/788 779/1147/782
f 779/1147/782 534/1146/788 533/1148/782
f 779/1147/782 533/1148/782 778/1149/776
f 778/1149/776 533/1148/782 532/1150/776
f 778/1149/776 532/1150/776 777/1151/769
f 777/1151/769 532/1150/776 531/1152/769
f 777/1151/769 531/1152/769 776/1153/763
f 776/1153/763 531/1152/769 530/1154/763
f 776/1153/763 530/1154/763 775/1155/852
f 775/1155/758 530/1154/763 529/1156/758
f 775/1155/758 529/1156/758 774/1157/749
f 774/1157/749 529/1156/758 528/1158/749
f 774/1157/749 528/1158/749 773/1159/478
f 773/1159/478 528/1158/749 527/1160/478
f 773/1161/478 527/1162/478 772/1163/738
f 772/1163/738 527/1162/478 526/1164/738
f 772/1163/738 526/1164/738 771/1165/733
f 771/1165/733 526/1164/738 525/1166/733
f 771/1165/733 525/1166/733 770/1167/726
f 770/1167/726 525/1166/853 524/1168/726
f 770/1167/726 524/1168/726 769/1169/719
f 769/1169/719 524/1168/726 523/1170/719
f 769/1169/719 523/1170/719 768/1171/610
f 768/1171/610 523/1170/719 522/1172/610
f 768/1171/610 522/1172/610 767/1173/611
f 767/1173/611 522/1172/610 521/1174/611
f 767/1173/611 521/1174/611 766/1175/614
f 766/1175/614 521/1174/611 520/1176/614
f 766/1175/614 520/1176/614 765/1177/616
f 765/1177/616 520/1176/614 519/1178/616
f 765/1177/616 519/1178/616 764/1179/619
f 764/1179/854 519/1178/616 518/1180/854
f 764/1179/619 518/1180/619 763/1181/130
f 763/1181/130 518/1180/619 517/1182/130
f 763/1181/130 517/1182/130 762/1183/622
f 762/1183/622 517/1182/130 516/1184/622
f 762/1183/622 516/1184/622 761/1185/624
f 761/1185/624 516/1184/855 515/1186/624
f 761/1185/624 515/1186/624 760/1187/626
f 760/1187/626 515/1186/624 514/1188/626
f 760/1187/626 514/1188/626 759/1189/628
f 759/1189/628 514/1188/626 513/1190/628
f 759/1189/628 513/1190/628 758/1191/631
f 758/1191/631 513/1190/628 512/1192/631
f 758/1191/631 512/1192/631 757/1193/633
f 757/1193/633 512/1192/631 511/1194/633
f 757/1193/633 511/1194/633 756/1195/635
f 756/1195/635 511/1194/633 510/1196/635
f 756/1195/635 510/1196/635 755/1197/856
f 755/1197/638 510/1196/635 509/1198/638
f 755/1197/638 509/1198/638 754/1117/575
f 754/1117/575 509/1198/638 508/1118/575
f 793/1199/857 794/501/857 795/1200/857
f 793/1199/858 795/501/858 796/1200/858
f 793/1199/859 796/501/859 797/1200/859
f 793/1199/860 797/501/860 798/1200/860
f 793/1199/861 798/501/861 799/1200/861
f 793/1199/862 799/501/862 794/1200/862
f 748/1201/863 747/501/863 794/1202/863
f 794/1202/863 747/501/863 795/1203/863
f 747/1201/325 752/501/325 795/1202/325
f 795/1202/325 752/501/325 796/1203/325
f 752/1201/864 751/501/864 796/1202/864
f 796/1202/864 751/501/864 797/1203/864
f 751/1201/865 750/501/865 797/1202/865
f 797/1202/865 750/501/865 798/1203/865
f 750/1201/478 749/501/478 798/1202/478
f 798/1202/478 749/501/478 799/1203/478
f 749/1201/866 748/501/866 799/1202/866
f 799/1202/866 748/501/866 794/1203/866
f 442/1204/867 831/1205/867 414/1206/478
f 414/1206/478 831/1205/867 829/1207/478
f 414/1208/478 829/1209/478 415/1210/868
f 415/1210/868 829/1209/478 885/1211/868
f 415/1210/868 885/1211/868 416/1212/869
f 416/1212/869 885/1211/870 883/1213/869
f 416/1212/869 883/1213/869 417/1214/871
f 417/1214/871 883/1213/869 881/1215/871
f 417/1214/871 881/1215/871 418/1216/872
f 418/1216/872 881/1215/871 879/1217/872
f 418/1216/872 879/1217/872 419/1218/873
f 419/1218/873 879/1217/872 877/1219/873
f 419/1218/873 877/1219/873 420/1220/874
f 420/1220/874 877/1219/873 875/1221/874
f 420/1220/875 875/1221/875 421/1222/876
f 421/1222/876 875/1221/875 873/1223/876
f 421/1222/876 873/1223/876 422/1224/877
f 422/1224/877 873/1223/876 871/1225/877
f 422/1224/877 871/1225/877 423/1226/878
f 423/1226/878 871/1225/877 869/1227/878
f 423/1226/878 869/1227/878 424/1228/879
f 424/1228/879 869/1227/878 867/1229/879
f 424/1228/879 867/1229/879 425/1230/880
f 425/1230/880 867/1229/879 865/1231/880
f 425/1230/880 865/1231/880 426/1232/881
f 426/1232/882 865/1231/880 863/1233/882
f 426/1232/882 863/1233/882 427/1234/883
f 427/1234/883 863/1233/884 861/1235/883
f 427/1234/885 861/1235/885 428/1236/886
f 428/1236/886 861/1235/885 859/1237/886
f 428/1236/886 859/1237/886 429/1238/887
f 429/1238/887 859/1237/886 857/1239/887
f 429/1238/887 857/1239/887 430/1240/888
f 430/1240/888 857/1239/887 855/1241/888
f 430/1240/889 855/1241/889 431/1242/890
f 431/1242/890 855/1241/889 853/1243/890
f 431/1242/890 853/1243/890 432/1244/891
f 432/1244/891 853/1243/892 851/1245/891
f 432/1244/891 851/1245/891 433/1246/893
f 433/1246/893 851/1245/891 849/1247/893
f 433/1246/893 849/1247/893 434/1248/894
f 434/1248/894 849/1247/893 847/1249/894
f 434/1248/894 847/1249/894 435/1250/895
f 435/1250/895 847/1249/894 845/1251/895
f 435/1250/895 845/1251/895 436/1252/896
f 436/1252/896 845/1251/895 843/1253/896
f 436/1252/896 843/1253/896 437/1254/897
f 437/1254/897 843/1253/896 841/1255/897
f 437/1254/898 841/1255/898 438/1256/899
f 438/1256/899 841/1255/898 839/1257/899
f 438/1256/899 839/1257/899 439/1258/900
f 439/1258/900 839/1257/899 837/1259/900
f 439/1258/900 837/1259/900 440/1260/901
f 440/1260/901 837/1259/900 835/1261/901
f 440/1260/901 835/1261/901 441/1262/902
f 441/1262/902 835/1261/901 833/1263/902
f 441/1262/902 833/1263/902 442/1204/903
f 442/1204/867 833/1263/902 831/1205/867
f 801/1264/868 886/1265/868 800/1266/478
f 800/1266/478 886/1265/868 830/1267/478
f 800/1268/478 830/1269/478 828/1270/867
f 828/1270/867 830/1269/478 832/1271/867
f 828/1270/867 832/1271/867 827/1272/902
f 827/1272/902 832/1271/903 834/1273/902
f 827/1272/902 834/1273/902 826/1274/901
f 826/1274/901 834/1273/902 836/1275/901
f 826/1274/901 836/1275/901 825/1276/900
f 825/1276/900 836/1275/904 838/1277/900
f 825/1276/900 838/1277/900 824/1278/899
f 824/1278/899 838/1277/900 840/1279/899
f 824/1278/899 840/1279/899 823/1280/898
f 823/1280/898 840/1279/899 842/1281/898
f 823/1280/897 842/1281/897 822/1282/896
f 822/1282/896 842/1281/897 844/1283/896
f 822/1282/896 844/1283/896 821/1284/895
f 821/1284/895 844/1283/896 846/1285/895
f 821/1284/895 846/1285/895 820/1286/894
f 820/1286/894 846/1285/895 848/1287/894
f 820/1286/894 848/1287/894 819/1288/905
f 819/1288/893 848/1287/894 850/1289/893
f 819/1288/893 850/1289/893 818/1290/891
f 818/1290/891 850/1289/893 852/1291/891
f 818/1290/891 852/1291/891 817/1292/892
f 817/1292/892 852/1291/891 854/1293/892
f 817/1292/906 854/1293/906 816/1294/889
f 816/1294/889 854/1293/890 856/1295/889
f 816/1294/889 856/1295/889 815/1296/887
f 815/1296/887 856/1295/888 858/1297/887
f 815/1296/887 858/1297/887 814/1298/886
f 814/1298/886 858/1297/887 860/1299/886
f 814/1298/886 860/1299/886 813/1300/885
f 813/1300/883 860/1299/886 862/1301/883
f 813/1300/883 862/1301/883 812/1302/882
f 812/1302/907 862/1301/883 864/1303/907
f 812/1302/881 864/1303/881 811/1304/880
f 811/1304/880 864/1303/881 866/1305/880
f 811/1304/880 866/1305/880 810/1306/879
f 810/1306/879 866/1305/880 868/1307/879
f 810/1306/879 868/1307/879 809/1308/878
f 809/1308/878 868/1307/879 870/1309/878
f 809/1308/878 870/1309/878 808/1310/877
f 808/1310/877 870/1309/878 872/1311/877
f 808/1310/877 872/1311/877 807/1312/876
f 807/1312/876 872/1311/877 874/1313/876
f 807/1312/876 874/1313/876 806/1314/875
f 806/1314/875 874/1313/876 876/1315/875
f 806/1314/874 876/1315/874 805/1316/873
f 805/1316/873 876/1315/874 878/1317/873
f 805/1316/873 878/1317/873 804/1318/872
f 804/1318/872 878/1317/873 880/1319/872
f 804/1318/872 880/1319/872 803/1320/871
f 803/1320/871 880/1319/872 882/1321/871
f 803/1320/871 882/1321/871 802/1322/869
f 802/1322/869 882/1321/871 884/1323/869
f 802/1322/869 884/1323/869 801/1264/870
f 801/1264/868 884/1323/869 886/1265/868
f 829/1209/478 830/1267/478 885/1211/868
f 885/1211/868 830/1267/478 886/1265/868
f 885/1211/868 886/1265/868 883/1213/869
f 883/1213/869 886/1265/870 884/1323/869
f 883/1213/869 884/1323/869 881/1215/871
f 881/1215/871 884/1323/869 882/1321/871
f 881/1215/871 882/1321/871 879/1217/872
f 879/1217/872 882/1321/871 880/1319/872
f 879/1217/872 880/1319/872 877/1219/873
f 877/1219/873 880/1319/872 878/1317/873
f 877/1219/873 878/1317/873 875/1221/874
f 875/1221/874 878/1317/873 876/1315/874
f 875/1221/875 876/1315/875 873/1223/876
f 873/1223/876 876/1315/875 874/1313/876
f 873/1223/876 874/1313/876 871/1225/877
f 871/1225/877 874/1313/876 872/1311/877
f 871/1225/877 872/1311/877 869/1227/878
f 869/1227/878 872/1311/877 870/1309/878
f 869/1227/878 870/1309/878 867/1229/879
f 867/1229/879 870/1309/878 868/1307/879
f 867/1229/879 868/1307/879 865/1231/908
f 865/1231/880 868/1307/879 866/1305/880
f 865/1231/880 866/1305/880 863/1233/881
f 863/1233/881 866/1305/880 864/1303/881
f 863/1233/907 864/1303/907 861/1235/883
f 861/1235/883 864/1303/882 862/1301/883
f 861/1235/885 862/1301/885 859/1237/886
f 859/1237/886 862/1301/885 860/1299/886
f 859/1237/886 860/1299/886 857/1239/887
f 857/1239/887 860/1299/886 858/1297/887
f 857/1239/887 858/1297/887 855/1241/888
f 855/1241/888 858/1297/887 856/1295/888
f 855/1241/889 856/1295/889 853/1243/890
f 853/1243/906 856/1295/889 854/1293/906
f 853/1243/892 854/1293/892 851/1245/891
f 851/1245/891 854/1293/892 852/1291/891
f 851/1245/891 852/1291/891 849/1247/893
f 849/1247/893 852/1291/891 850/1289/893
f 849/1247/893 850/1289/893 847/1249/894
f 847/1249/894 850/1289/893 848/1287/894
f 847/1249/894 848/1287/894 845/1251/895
f 845/1251/895 848/1287/894 846/1285/895
f 845/1251/895 846/1285/895 843/1253/896
f 843/1253/896 846/1285/895 844/1283/896
f 843/1253/896 844/1283/896 841/1255/897
f 841/1255/897 844/1283/896 842/1281/897
f 841/1255/898 842/1281/898 839/1257/899
f 839/1257/899 842/1281/898 840/1279/899
f 839/1257/899 840/1279/899 837/1259/900
f 837/1259/900 840/1279/899 838/1277/900
f 837/1259/900 838/1277/900 835/1261/904
f 835/1261/901 838/1277/900 836/1275/901
f 835/1261/901 836/1275/901 833/1263/902
f 833/1263/902 836/1275/901 834/1273/902
f 833/1263/902 834/1273/902 831/1205/903
f 831/1205/867 834/1273/902 832/1271/867
f 831/1205/867 832/1271/867 829/1207/478
f 829/1207/478 832/1271/867 830/1269/478
f 468/1324/289 457/1325/289 443/1326/289
f 443/1326/289 457/1325/289 456/1327/289
f 443/1326/289 456/1327/289 444/1328/289
f 444/1328/289 456/1327/289 455/1329/289
f 444/1328/289 455/1329/289 445/1330/289
f 445/1330/289 455/1329/289 454/1331/289
f 445/1330/289 454/1331/289 446/1332/289
f 446/1332/289 454/1331/289 453/1333/289
f 446/1332/289 453/1333/289 447/1334/289
f 447/1334/289 453/1333/289 452/1335/289
f 447/1334/289 452/1335/289 448/1336/289
f 448/1336/289 452/1335/289 451/1337/289
f 448/1336/289 451/1337/289 449/1338/289
f 449/1338/289 451/1337/289 450/1339/289
f 457/1325/289 468/1324/289 458/1340/289
f 458/1340/289 468/1324/289 467/1341/289
f 458/1340/289 467/1341/289 459/1342/289
f 459/1342/289 467/1341/289 466/1343/289
f 459/1342/289 466/1343/289 460/1344/289
f 460/1344/289 466/1343/289 465/1345/289
f 460/1344/289 465/1345/289 461/1346/289
f 461/1346/289 465/1345/289 464/1347/289
f 461/1346/289 464/1347/289 462/1348/289
f 462/1348/289 464/1347/289 463/1349/289
f 792/1350/289 815/1351/289 753/1352/289
f 753/1352/289 815/1351/289 814/1353/289
f 753/1352/289 814/1353/289 754/1354/289
f 754/1354/289 814/1353/289 813/1355/289
f 754/1354/289 813/1355/289 755/1356/289
f 755/1356/289 813/1355/289 756/1357/289
f 756/1357/289 813/1355/289 812/1358/289
f 756/1357/289 812/1358/289 757/1359/289
f 757/1359/289 812/1358/289 811/1360/289
f 757/1359/289 811/1360/289 758/1361/289
f 758/1361/289 811/1360/289 759/1362/289
f 759/1362/289 811/1360/289 810/1363/289
f 759/1362/289 810/1363/289 760/1364/289
f 760/1364/289 810/1363/289 809/1365/289
f 760/1364/289 809/1365/289 761/1366/289
f 761/1366/289 809/1365/289 808/1367/289
f 761/1366/289 808/1367/289 762/1368/289
f 762/1368/289 808/1367/289 763/1369/289
f 763/1369/289 808/1367/289 807/1370/289
f 763/1369/289 807/1370/289 764/1371/289
f 764/1371/289 807/1370/289 806/1372/289
f 764/1371/289 806/1372/289 765/1373/289
f 765/1373/289 806/1372/289 805/1374/289
f 765/1373/289 805/1374/289 766/1375/289
f 766/1375/289 805/1374/289 767/1376/289
f 767/1376/289 805/1374/289 804/1377/289
f 767/1376/289 804/1377/289 768/1378/289
f 768/1378/289 804/1377/289 803/1379/289
f 768/1378/289 803/1379/289 769/1380/289
f 769/1380/289 803/1379/289 770/1381/289
f 770/1381/289 803/1379/289 802/1382/289
f 770/1381/289 802/1382/289 771/1383/289
f 771/1383/289 802/1382/289 801/1384/289
f 771/1383/289 801/1384/289 772/1385/289
f 772/1385/289 801/1384/289 800/1386/289
f 772/1385/289 800/1386/289 773/1387/289
f 773/1387/289 800/1386/289 774/1388/289
f 774/1388/289 800/1386/289 828/1389/289
f 774/1388/289 828/1389/289 775/1390/289
f 775/1390/289 828/1389/289 827/1391/289
f 775/1390/289 827/1391/289 776/1392/289
f 776/1392/289 827/1391/289 826/1393/289
f 776/1392/289 826/1393/289 777/1394/289
f 777/1394/289 826/1393/289 778/1395/289
f 778/1395/289 826/1393/289 825/1396/289
f 778/1395/289 825/1396/289 779/1397/289
f 779/1397/289 825/1396/289 824/1398/289
f 779/1397/289 824/1398/289 780/1399/289
f 780/1399/289 824/1398/289 781/1400/289
f 781/1400/289 824/1398/289 823/1401/289
f 781/1400/289 823/1401/289 782/1402/289
f 782/1402/289 823/1401/289 822/1403/289
f 782/1402/289 822/1403/289 783/1404/289
f 783/1404/289 822/1403/289 821/1405/289
f 783/1404/289 821/1405/289 784/1406/289
f 784/1406/289 821/1405/289 785/1407/289
f 785/1407/289 821/1405/289 820/1408/289
f 785/1407/289 820/1408/289 786/1409/289
f 786/1409/289 820/1408/289 819/1410/289
f 786/1409/289 819/1410/289 787/1411/289
f 787/1411/289 819/1410/289 818/1412/289
f 787/1411/289 818/1412/289 788/1413/289
f 788/1413/289 818/1412/289 789/1414/289
f 789/1414/289 818/1412/289 817/1415/289
f 789/1414/289 817/1415/289 790/1416/289
f 790/1416/289 817/1415/289 816/1417/289
f 790/1416/289 816/1417/289 791/1418/289
f 791/1418/289 816/1417/289 792/1350/289
f 792/1350/289 816/1417/289 815/1351/289
usemtl Stainless_Steel_-_Satin.003
f 888/1419/909 963/1420/910 887/1421/911
f 887/1421/911 963/1420/910 917/1422/912
f 887/1423/911 917/1424/912 2090/1425/913
f 2090/1425/913 917/1424/912 918/1426/914
f 2090/1425/913 918/1426/914 2091/1427/915
f 2091/1427/915 918/1426/914 919/1428/916
f 2091/1427/915 919/1428/916 2092/1429/917
f 2092/1429/917 919/1428/916 920/1430/918
f 2092/1429/917 920/1430/918 2093/1431/919
f 2093/1431/920 920/1430/921 921/1432/922
f 2093/1431/920 921/1432/922 2094/1433/923
f 2094/1433/923 921/1432/922 922/1434/924
f 2094/1433/923 922/1434/924 2095/1435/925
f 2095/1435/925 922/1434/924 923/1436/926
f 2095/1435/925 923/1436/926 2096/1437/927
f 2096/1437/927 923/1436/928 924/1438/929
f 2096/1437/927 924/1438/930 2097/1439/931
f 2097/1439/932 924/1438/929 925/1440/933
f 2097/1439/934 925/1440/933 2098/1441/935
f 2098/1441/935 925/1440/933 926/1442/936
f 2098/1441/935 926/1442/936 2099/1443/937
f 2099/1443/937 926/1442/936 927/1444/938
f 2099/1443/937 927/1444/938 2100/1445/939
f 2100/1445/939 927/1444/938 928/1446/940
f 2100/1445/939 928/1446/940 2101/1447/941
f 2101/1447/942 928/1446/940 929/1448/943
f 2101/1447/942 929/1448/943 2102/1449/944
f 2102/1449/944 929/1448/943 930/1450/945
f 2102/1449/944 930/1450/945 2103/1451/946
f 2103/1451/946 930/1450/945 931/1452/947
f 2103/1451/946 931/1452/947 2104/1453/948
f 2104/1453/948 931/1452/947 932/1454/949
f 2104/1453/948 932/1454/949 2105/1455/950
f 2105/1455/951 932/1454/949 933/1456/952
f 2105/1455/951 933/1456/952 2106/1457/953
f 2106/1457/953 933/1456/952 934/1458/954
f 2106/1457/955 934/1458/954 2107/1459/956
f 2107/1459/956 934/1458/954 935/1460/957
f 2107/1459/956 935/1460/957 2108/1461/958
f 2108/1461/958 935/1460/957 936/1462/959
f 2108/1461/958 936/1462/959 2109/1463/960
f 2109/1463/960 936/1462/959 937/1464/961
f 2109/1463/960 937/1464/962 2110/1465/963
f 2110/1465/964 937/1464/961 938/1466/965
f 2110/1465/964 938/1466/965 2111/1467/966
f 2111/1467/966 938/1466/965 939/1468/967
f 2111/1467/966 939/1468/967 2112/1469/968
f 2112/1469/968 939/1468/969 916/1470/478
f 889/1471/970 962/1472/971 888/1419/909
f 888/1419/909 962/1472/972 986/1473/973
f 888/1419/974 986/1473/973 963/1420/975
f 963/1420/975 986/1473/973 987/1474/976
f 963/1420/975 987/1474/976 964/1475/977
f 964/1475/977 987/1474/976 988/1476/978
f 964/1475/977 988/1476/978 965/1477/979
f 965/1477/979 988/1476/978 989/1478/980
f 965/1477/979 989/1478/980 966/1479/981
f 966/1479/981 989/1478/980 990/1480/982
f 966/1479/983 990/1480/982 967/1481/984
f 967/1481/984 990/1480/982 991/1482/985
f 967/1481/984 991/1482/985 968/1483/986
f 968/1483/987 991/1482/985 992/1484/988
f 968/1483/986 992/1484/988 969/1485/989
f 969/1485/989 992/1484/988 993/1486/990
f 969/1485/989 993/1486/991 970/1487/992
f 970/1487/993 993/1486/994 994/1488/995
f 970/1487/993 994/1488/995 971/1489/996
f 971/1489/997 994/1488/995 995/1490/998
f 971/1489/997 995/1490/998 972/1491/999
f 972/1491/999 995/1490/998 996/1492/1000
f 972/1491/999 996/1492/1000 973/1493/1001
f 973/1493/1001 996/1492/1000 997/1494/1002
f 973/1493/1001 997/1494/1002 974/1495/1003
f 974/1495/1003 997/1494/1002 998/1496/1004
f 974/1495/1003 998/1496/1005 975/1497/1006
f 975/1497/1006 998/1496/1005 999/1498/1007
f 975/1497/1006 999/1498/1007 976/1499/1008
f 976/1499/1008 999/1498/1007 1000/1500/1009
f 976/1499/1008 1000/1500/1009 977/1501/1010
f 977/1501/1010 1000/1500/1009 1001/1502/1011
f 977/1501/1010 1001/1502/1011 978/1503/1012
f 978/1503/1013 1001/1502/1011 1002/1504/1014
f 978/1503/1012 1002/1504/1014 979/1505/1015
f 979/1505/1016 1002/1504/1014 1003/1506/1017
f 979/1505/1015 1003/1506/1017 980/1507/1018
f 980/1507/1018 1003/1506/1017 1004/1508/1019
f 980/1507/1018 1004/1508/1019 981/1509/1020
f 981/1509/1020 1004/1508/1019 1005/1510/1021
f 981/1509/1020 1005/1510/1022 982/1511/1023
f 982/1511/1023 1005/1510/1022 1006/1512/1024
f 982/1511/1023 1006/1512/1025 983/1513/1026
f 983/1513/1026 1006/1512/1024 1007/1514/1027
f 983/1513/1028 1007/1514/1027 984/1515/1029
f 984/1515/1029 1007/1514/1027 1008/1516/1030
f 984/1515/1029 1008/1516/1030 985/1517/1031
f 985/1517/1031 1008/1516/1032 916/1518/478
f 890/1519/1033 961/1520/1034 889/1471/1035
f 889/1471/970 961/1520/1036 1009/1521/1037
f 889/1471/1035 1009/1521/1037 962/1472/972
f 962/1472/971 1009/1521/1038 1010/1522/1039
f 962/1472/972 1010/1522/1039 1053/1523/1040
f 1053/1523/1040 1010/1522/1041 1011/1524/1042
f 1053/1523/1040 1011/1524/1043 1052/1525/1044
f 1052/1525/1045 1011/1524/1043 1012/1526/1046
f 1052/1525/1045 1012/1526/1047 1051/1527/1048
f 1051/1527/1048 1012/1526/1046 1013/1528/1049
f 1051/1527/1048 1013/1528/1049 1050/1529/1050
f 1050/1529/1051 1013/1528/1049 1014/1530/1052
f 1050/1529/1051 1014/1530/1053 1049/1531/1054
f 1049/1531/1054 1014/1530/1053 1015/1532/1055
f 1049/1531/1054 1015/1532/1056 1048/1533/1057
f 1048/1533/1058 1015/1532/1055 1016/1534/1059
f 1048/1533/1057 1016/1534/1059 1047/1535/1060
f 1047/1535/1060 1016/1534/1059 1017/1536/1061
f 1047/1535/1060 1017/1536/1061 1046/1537/1062
f 1046/1537/1062 1017/1536/1061 1018/1538/1063
f 1046/1537/1062 1018/1538/1064 1045/1539/1065
f 1045/1539/1066 1018/1538/1063 1019/1540/1067
f 1045/1539/1068 1019/1540/1067 1044/1541/1069
f 1044/1541/1070 1019/1540/1067 1020/1542/1071
f 1044/1541/1069 1020/1542/1071 1043/1543/1072
f 1043/1543/1072 1020/1542/1071 1021/1544/1073
f 1043/1543/1072 1021/1544/1073 1042/1545/1074
f 1042/1545/1075 1021/1544/1073 1022/1546/1076
f 1042/1545/1074 1022/1546/1076 1041/1547/1077
f 1041/1547/1077 1022/1546/1076 1023/1548/1078
f 1041/1547/1077 1023/1548/1078 1040/1549/1079
f 1040/1549/1079 1023/1548/1078 1024/1550/1080
f 1040/1549/1079 1024/1550/1081 1039/1551/1082
f 1039/1551/1082 1024/1550/1081 1025/1552/1083
f 1039/1551/1082 1025/1552/1083 1038/1553/1084
f 1038/1553/1085 1025/1552/1083 1026/1554/1086
f 1038/1553/1085 1026/1554/1086 1037/1555/1087
f 1037/1555/1088 1026/1554/1086 1027/1556/1089
f 1037/1555/1088 1027/1556/1089 1036/1557/1090
f 1036/1557/1090 1027/1556/1089 1028/1558/1091
f 1036/1557/1090 1028/1558/1091 1035/1559/1092
f 1035/1559/1092 1028/1558/1091 1029/1560/1093
f 1035/1559/1092 1029/1560/1094 1034/1561/1095
f 1034/1561/1095 1029/1560/1093 1030/1562/1096
f 1034/1561/1095 1030/1562/1096 1033/1563/1097
f 1033/1563/1098 1030/1562/1096 1031/1564/1099
f 1033/1563/1098 1031/1564/1099 1032/1565/1100
f 1032/1565/1101 1031/1564/1099 916/1566/478
f 961/1520/1036 890/1519/1033 960/1567/1102
f 960/1567/1102 890/1519/1033 891/1568/1103
f 960/1567/1104 891/1568/1103 1142/1569/1105
f 1142/1569/1105 891/1568/1103 959/1570/1106
f 1142/1569/1105 959/1570/1106 1098/1571/1107
f 1098/1571/1107 959/1570/1106 1187/1572/1108
f 1098/1571/1107 1187/1572/1108 1186/1573/1109
f 1186/1573/1109 1187/1572/1108 1145/1574/1110
f 1186/1573/1109 1145/1574/1111 1146/1575/1112
f 1146/1575/1112 1145/1574/1111 1192/1576/1113
f 1146/1575/1114 1192/1576/1113 1193/1577/1115
f 1193/1577/1115 1192/1576/1113 1253/1578/1116
f 1193/1577/1115 1253/1578/1117 1252/1579/1118
f 1252/1579/1118 1253/1578/1117 1217/1580/1119
f 1252/1579/1118 1217/1580/1119 1218/1581/1120
f 1218/1581/1121 1217/1580/1119 1296/1582/1122
f 1218/1581/1121 1296/1582/1122 1295/1583/1123
f 1295/1583/1123 1296/1582/1122 1264/1584/1124
f 1295/1583/1123 1264/1584/1125 1265/1585/1126
f 1265/1585/1126 1264/1584/1127 1338/1586/1128
f 1265/1585/1126 1338/1586/1128 1337/1587/1129
f 1337/1587/1129 1338/1586/1128 1310/1588/1130
f 1337/1587/1129 1310/1588/1130 1311/1589/1131
f 1311/1589/1131 1310/1588/1130 1380/1590/1132
f 1311/1589/1131 1380/1590/1132 1379/1591/1133
f 1379/1591/1134 1380/1590/1132 1356/1592/1135
f 1379/1591/1134 1356/1592/1135 1357/1593/1136
f 1357/1593/1136 1356/1592/1135 1424/1594/1137
f 1357/1593/1138 1424/1594/1137 1423/1595/1139
f 1423/1595/1139 1424/1594/1137 1404/1596/1140
f 1423/1595/1139 1404/1596/1141 1405/1597/1142
f 1405/1597/1142 1404/1596/1140 1451/1598/1143
f 1405/1597/1142 1451/1598/1143 1452/1599/1144
f 1452/1599/1144 1451/1598/1143 1490/1600/1145
f 1452/1599/1144 1490/1600/1145 1489/1601/1146
f 1489/1601/1146 1490/1600/1145 1476/1602/1147
f 1489/1601/1146 1476/1602/1148 1477/1603/1149
f 1477/1603/1149 1476/1602/1147 1532/1604/1150
f 1477/1603/1151 1532/1604/1150 1531/1605/1152
f 1531/1605/1152 1532/1604/1150 1522/1606/1153
f 1531/1605/1152 1522/1606/1154 1523/1607/1155
f 1523/1607/1156 1522/1606/1153 1574/1608/1157
f 1523/1607/1156 1574/1608/1158 1573/1609/1159
f 1573/1609/1160 1574/1608/1158 1568/1610/1161
f 1573/1609/1160 1568/1610/1162 1569/1611/1163
f 1569/1611/1163 1568/1610/1162 1617/1612/1164
f 1569/1611/1163 1617/1612/1164 1616/1613/1165
f 1616/1613/1165 1617/1612/1164 1615/1614/1166
f 1616/1613/1165 1615/1614/1166 916/1615/478
f 891/1568/1103 892/1616/1167 959/1570/1106
f 959/1570/1106 892/1616/1167 1188/1617/1168
f 959/1570/1106 1188/1617/1168 1187/1572/1108
f 1187/1572/1108 1188/1617/1168 1144/1618/1169
f 1187/1572/1108 1144/1618/1170 1145/1574/1110
f 1145/1574/1110 1144/1618/1169 1191/1619/1171
f 1145/1574/1111 1191/1619/1171 1192/1576/1113
f 1192/1576/1113 1191/1619/1171 1254/1620/1172
f 1192/1576/1113 1254/1620/1172 1253/1578/1116
f 1253/1578/1116 1254/1620/1172 1216/1621/1173
f 1253/1578/1117 1216/1621/1173 1217/1580/1119
f 1217/1580/1119 1216/1621/1173 1297/1622/1174
f 1217/1580/1119 1297/1622/1174 1296/1582/1122
f 1296/1582/1122 1297/1622/1174 1263/1623/1175
f 1296/1582/1176 1263/1623/1177 1264/1584/1125
f 1264/1584/1125 1263/1623/1175 1339/1624/1178
f 1264/1584/1124 1339/1624/1179 1338/1586/1128
f 1338/1586/1128 1339/1624/1180 1309/1625/1181
f 1338/1586/1128 1309/1625/1182 1310/1588/1130
f 1310/1588/1130 1309/1625/1182 1381/1626/1183
f 1310/1588/1130 1381/1626/1183 1380/1590/1132
f 1380/1590/1132 1381/1626/1183 1355/1627/1184
f 1380/1590/1132 1355/1627/1184 1356/1592/1135
f 1356/1592/1135 1355/1627/1184 1425/1628/1185
f 1356/1592/1135 1425/1628/1185 1424/1594/1137
f 1424/1594/1137 1425/1628/1185 1403/1629/1186
f 1424/1594/1137 1403/1629/1186 1404/1596/1141
f 1404/1596/1141 1403/1629/1186 1450/1630/1187
f 1404/1596/1140 1450/1630/1187 1451/1598/1143
f 1451/1598/1188 1450/1630/1187 1491/1631/1189
f 1451/1598/1143 1491/1631/1189 1490/1600/1145
f 1490/1600/1145 1491/1631/1189 1475/1632/1190
f 1490/1600/1145 1475/1632/1191 1476/1602/1147
f 1476/1602/1148 1475/1632/1190 1533/1633/1192
f 1476/1602/1147 1533/1633/1192 1532/1604/1150
f 1532/1604/1150 1533/1633/1192 1521/1634/1193
f 1532/1604/1150 1521/1634/1193 1522/1606/1153
f 1522/1606/1154 1521/1634/1193 1575/1635/1194
f 1522/1606/1154 1575/1635/1194 1574/1608/1158
f 1574/1608/1158 1575/1635/1194 1567/1636/1195
f 1574/1608/1158 1567/1636/1195 1568/1610/1161
f 1568/1610/1161 1567/1636/1195 1618/1637/1196
f 1568/1610/1162 1618/1637/1196 1617/1612/1164
f 1617/1612/1164 1618/1637/1196 1614/1638/1197
f 1617/1612/1164 1614/1638/1197 1615/1614/1166
f 1615/1614/1166 1614/1638/1197 1662/1639/1198
f 1615/1614/1166 1662/1639/1198 916/1640/478
f 1188/1617/1199 892/1616/1167 1143/1641/1200
f 1143/1641/1200 892/1616/1167 893/1642/1201
f 1143/1641/1200 893/1642/1201 1189/1643/1202
f 1189/1643/1202 893/1642/1201 958/1644/1203
f 1189/1643/1202 958/1644/1203 1256/1645/1204
f 1256/1645/1204 958/1644/1203 1213/1646/1205
f 1256/1645/1204 1213/1646/1205 1214/1647/1206
f 1214/1647/1206 1213/1646/1207 1300/1648/1208
f 1214/1647/1206 1300/1648/1208 1299/1649/1209
f 1299/1649/1209 1300/1648/1208 1260/1650/1210
f 1299/1649/1209 1260/1650/1210 1261/1651/1211
f 1261/1651/1211 1260/1650/1210 1342/1652/1212
f 1261/1651/1211 1342/1652/1212 1341/1653/1213
f 1341/1653/1213 1342/1652/1212 1306/1654/1214
f 1341/1653/1213 1306/1654/1215 1307/1655/1216
f 1307/1655/1217 1306/1654/1214 1384/1656/1218
f 1307/1655/1219 1384/1656/1218 1383/1657/1220
f 1383/1657/1220 1384/1656/1218 1352/1658/1221
f 1383/1657/1220 1352/1658/1221 1353/1659/1222
f 1353/1659/1222 1352/1658/1221 1428/1660/1223
f 1353/1659/1222 1428/1660/1223 1427/1661/1224
f 1427/1661/1224 1428/1660/1223 1400/1662/1225
f 1427/1661/1224 1400/1662/1226 1401/1663/1227
f 1401/1663/1227 1400/1662/1226 1447/1664/1228
f 1401/1663/1227 1447/1664/1228 1448/1665/1229
f 1448/1665/1229 1447/1664/1230 1494/1666/1231
f 1448/1665/1229 1494/1666/1231 1493/1667/1232
f 1493/1667/1232 1494/1666/1231 1472/1668/1233
f 1493/1667/1232 1472/1668/1233 1473/1669/1234
f 1473/1669/1234 1472/1668/1233 1536/1670/1235
f 1473/1669/1234 1536/1670/1235 1535/1671/1236
f 1535/1671/1236 1536/1670/1235 1518/1672/1237
f 1535/1671/1236 1518/1672/1237 1519/1673/1238
f 1519/1673/1238 1518/1672/1237 1578/1674/1239
f 1519/1673/1238 1578/1674/1239 1577/1675/1240
f 1577/1675/1240 1578/1674/1239 1564/1676/1241
f 1577/1675/1240 1564/1676/1241 1565/1677/1242
f 1565/1677/1242 1564/1676/1241 1621/1678/1243
f 1565/1677/1242 1621/1678/1244 1620/1679/1245
f 1620/1679/1245 1621/1678/1244 1611/1680/1246
f 1620/1679/1245 1611/1680/1246 1612/1681/1247
f 1612/1681/1247 1611/1680/1246 1665/1682/1248
f 1612/1681/1247 1665/1682/1248 1664/1683/1249
f 1664/1683/1250 1665/1682/1248 1659/1684/1251
f 1664/1683/1250 1659/1684/1251 1660/1685/1252
f 1660/1685/1252 1659/1684/1253 1706/1686/1254
f 1660/1685/1252 1706/1686/1254 1707/1687/1255
f 1707/1687/1256 1706/1686/1254 1731/1688/1257
f 1707/1687/1256 1731/1688/1257 916/1689/478
f 893/1642/1258 894/1690/1259 958/1644/1203
f 958/1644/1203 894/1690/1259 1212/1691/1260
f 958/1644/1203 1212/1691/1261 1213/1646/1207
f 1213/1646/1205 1212/1691/1260 1301/1692/1262
f 1213/1646/1207 1301/1692/1262 1300/1648/1208
f 1300/1648/1208 1301/1692/1262 1259/1693/1263
f 1300/1648/1208 1259/1693/1263 1260/1650/1210
f 1260/1650/1210 1259/1693/1263 1343/1694/1264
f 1260/1650/1265 1343/1694/1264 1342/1652/1212
f 1342/1652/1266 1343/1694/1264 1305/1695/1267
f 1342/1652/1212 1305/1695/1268 1306/1654/1214
f 1306/1654/1214 1305/1695/1268 1385/1696/1269
f 1306/1654/1214 1385/1696/1269 1384/1656/1218
f 1384/1656/1270 1385/1696/1271 1351/1697/1272
f 1384/1656/1273 1351/1697/1272 1352/1658/1221
f 1352/1658/1221 1351/1697/1272 1429/1698/1274
f 1352/1658/1221 1429/1698/1275 1428/1660/1223
f 1428/1660/1223 1429/1698/1276 1399/1699/1277
f 1428/1660/1223 1399/1699/1277 1400/1662/1226
f 1400/1662/1225 1399/1699/1277 1446/1700/1278
f 1400/1662/1226 1446/1700/1279 1447/1664/1230
f 1447/1664/1230 1446/1700/1279 1495/1701/1280
f 1447/1664/1230 1495/1701/1280 1494/1666/1231
f 1494/1666/1231 1495/1701/1280 1471/1702/1281
f 1494/1666/1231 1471/1702/1282 1472/1668/1233
f 1472/1668/1233 1471/1702/1281 1537/1703/1283
f 1472/1668/1233 1537/1703/1283 1536/1670/1235
f 1536/1670/1235 1537/1703/1283 1517/1704/1284
f 1536/1670/1235 1517/1704/1284 1518/1672/1237
f 1518/1672/1237 1517/1704/1284 1579/1705/1285
f 1518/1672/1237 1579/1705/1285 1578/1674/1239
f 1578/1674/1239 1579/1705/1285 1563/1706/1286
f 1578/1674/1239 1563/1706/1286 1564/1676/1241
f 1564/1676/1241 1563/1706/1286 1622/1707/1287
f 1564/1676/1241 1622/1707/1288 1621/1678/1243
f 1621/1678/1244 1622/1707/1287 1610/1708/1289
f 1621/1678/1244 1610/1708/1289 1611/1680/1246
f 1611/1680/1246 1610/1708/1289 1666/1709/1290
f 1611/1680/1246 1666/1709/1290 1665/1682/1248
f 1665/1682/1248 1666/1709/1290 1658/1710/1291
f 1665/1682/1248 1658/1710/1291 1659/1684/1253
f 1659/1684/1253 1658/1710/1291 1705/1711/1292
f 1659/1684/1251 1705/1711/1293 1706/1686/1254
f 1706/1686/1254 1705/1711/1293 1732/1712/1294
f 1706/1686/1254 1732/1712/1295 1731/1688/1257
f 1731/1688/1257 1732/1712/1294 1730/1713/1296
f 1731/1688/1257 1730/1713/1296 916/1714/478
f 1212/1691/1261 894/1690/1259 957/1715/1297
f 957/1715/1298 894/1690/1259 895/1716/1299
f 957/1715/1297 895/1716/1300 1257/1717/1301
f 1257/1717/1302 895/1716/1303 956/1718/1304
f 1257/1717/1305 956/1718/1304 1345/1719/1306
f 1345/1719/1306 956/1718/1307 1302/1720/1308
f 1345/1719/1309 1302/1720/1308 1303/1721/1310
f 1303/1721/1311 1302/1720/1308 1388/1722/1312
f 1303/1721/1311 1388/1722/1312 1387/1723/1313
f 1387/1723/1314 1388/1722/1312 1348/1724/1315
f 1387/1723/1316 1348/1724/1317 1349/1725/1318
f 1349/1725/1318 1348/1724/1317 1432/1726/1319
f 1349/1725/1320 1432/1726/1319 1431/1727/1321
f 1431/1727/1321 1432/1726/1319 1396/1728/1322
f 1431/1727/1321 1396/1728/1322 1397/1729/1323
f 1397/1729/1324 1396/1728/1325 1443/1730/1326
f 1397/1729/1324 1443/1730/1326 1444/1731/1327
f 1444/1731/1327 1443/1730/1328 1498/1732/1329
f 1444/1731/1327 1498/1732/1330 1497/1733/1331
f 1497/1733/1331 1498/1732/1329 1468/1734/1332
f 1497/1733/1331 1468/1734/1332 1469/1735/1333
f 1469/1735/1333 1468/1734/1334 1540/1736/1335
f 1469/1735/1333 1540/1736/1335 1539/1737/1336
f 1539/1737/1336 1540/1736/1335 1514/1738/1337
f 1539/1737/1336 1514/1738/1337 1515/1739/1338
f 1515/1739/1338 1514/1738/1337 1582/1740/1339
f 1515/1739/1338 1582/1740/1339 1581/1741/1340
f 1581/1741/1340 1582/1740/1339 1560/1742/1341
f 1581/1741/1340 1560/1742/1341 1561/1743/1342
f 1561/1743/1342 1560/1742/1341 1625/1744/1343
f 1561/1743/1342 1625/1744/1343 1624/1745/1344
f 1624/1745/1344 1625/1744/1343 1607/1746/1345
f 1624/1745/1344 1607/1746/1345 1608/1747/1346
f 1608/1747/1346 1607/1746/1345 1669/1748/1347
f 1608/1747/1346 1669/1748/1347 1668/1749/1348
f 1668/1749/1349 1669/1748/1347 1655/1750/1350
f 1668/1749/1348 1655/1750/1350 1656/1751/1351
f 1656/1751/1351 1655/1750/1350 1702/1752/1352
f 1656/1751/1351 1702/1752/1352 1703/1753/1353
f 1703/1753/1354 1702/1752/1352 1735/1754/1355
f 1703/1753/1356 1735/1754/1355 1734/1755/1357
f 1734/1755/1357 1735/1754/1355 1727/1756/1358
f 1734/1755/1359 1727/1756/1358 1728/1757/1360
f 1728/1757/1361 1727/1756/1358 1777/1758/1362
f 1728/1757/1361 1777/1758/1363 1776/1759/1364
f 1776/1759/1364 1777/1758/1362 1773/1760/1365
f 1776/1759/1364 1773/1760/1366 1774/1761/1367
f 1774/1761/1367 1773/1760/1365 1819/1762/1368
f 1774/1761/1367 1819/1762/1368 916/1763/478
f 895/1716/1300 896/1764/1369 956/1718/1304
f 956/1718/1304 896/1764/1369 955/1765/1370
f 956/1718/1307 955/1765/1370 1302/1720/1308
f 1302/1720/1308 955/1765/1370 1389/1766/1371
f 1302/1720/1308 1389/1766/1372 1388/1722/1312
f 1388/1722/1312 1389/1766/1373 1347/1767/1374
f 1388/1722/1312 1347/1767/1374 1348/1724/1317
f 1348/1724/1317 1347/1767/1374 1433/1768/1375
f 1348/1724/1317 1433/1768/1376 1432/1726/1319
f 1432/1726/1319 1433/1768/1375 1395/1769/1377
f 1432/1726/1319 1395/1769/1377 1396/1728/1322
f 1396/1728/1322 1395/1769/1377 1442/1770/1378
f 1396/1728/1325 1442/1770/1379 1443/1730/1326
f 1443/1730/1326 1442/1770/1379 1499/1771/1380
f 1443/1730/1328 1499/1771/1380 1498/1732/1329
f 1498/1732/1330 1499/1771/1380 1467/1772/1381
f 1498/1732/1329 1467/1772/1381 1468/1734/1334
f 1468/1734/1334 1467/1772/1381 1541/1773/1382
f 1468/1734/1334 1541/1773/1382 1540/1736/1335
f 1540/1736/1335 1541/1773/1382 1513/1774/1383
f 1540/1736/1335 1513/1774/1383 1514/1738/1337
f 1514/1738/1337 1513/1774/1383 1583/1775/1384
f 1514/1738/1337 1583/1775/1384 1582/1740/1339
f 1582/1740/1339 1583/1775/1384 1559/1776/1385
f 1582/1740/1339 1559/1776/1386 1560/1742/1387
f 1560/1742/1341 1559/1776/1385 1626/1777/1388
f 1560/1742/1387 1626/1777/1388 1625/1744/1343
f 1625/1744/1343 1626/1777/1388 1606/1778/1389
f 1625/1744/1343 1606/1778/1389 1607/1746/1345
f 1607/1746/1345 1606/1778/1390 1670/1779/1391
f 1607/1746/1345 1670/1779/1391 1669/1748/1347
f 1669/1748/1347 1670/1779/1391 1654/1780/1392
f 1669/1748/1347 1654/1780/1392 1655/1750/1350
f 1655/1750/1350 1654/1780/1392 1701/1781/1393
f 1655/1750/1394 1701/1781/1393 1702/1752/1352
f 1702/1752/1395 1701/1781/1396 1736/1782/1397
f 1702/1752/1352 1736/1782/1397 1735/1754/1355
f 1735/1754/1355 1736/1782/1397 1726/1783/1398
f 1735/1754/1355 1726/1783/1398 1727/1756/1358
f 1727/1756/1358 1726/1783/1398 1778/1784/1399
f 1727/1756/1358 1778/1784/1400 1777/1758/1363
f 1777/1758/1363 1778/1784/1400 1772/1785/1401
f 1777/1758/1363 1772/1785/1401 1773/1760/1365
f 1773/1760/1365 1772/1785/1401 1820/1786/1402
f 1773/1760/1365 1820/1786/1402 1819/1762/1368
f 1819/1762/1368 1820/1786/1402 1818/1787/1403
f 1819/1762/1368 1818/1787/1403 916/1788/478
f 896/1764/1369 897/1789/1404 955/1765/1370
f 955/1765/1405 897/1789/1404 1390/1790/1406
f 955/1765/1370 1390/1790/1406 1389/1766/1407
f 1389/1766/1407 1390/1790/1406 1346/1791/1408
f 1389/1766/1371 1346/1791/1408 1347/1767/1374
f 1347/1767/1409 1346/1791/1410 1434/1792/1411
f 1347/1767/1374 1434/1792/1411 1433/1768/1375
f 1433/1768/1375 1434/1792/1411 1394/1793/1412
f 1433/1768/1375 1394/1793/1412 1395/1769/1377
f 1395/1769/1377 1394/1793/1412 1441/1794/1413
f 1395/1769/1377 1441/1794/1413 1442/1770/1379
f 1442/1770/1379 1441/1794/1413 1500/1795/1414
f 1442/1770/1379 1500/1795/1414 1499/1771/1380
f 1499/1771/1380 1500/1795/1414 1466/1796/1415
f 1499/1771/1380 1466/1796/1415 1467/1772/1381
f 1467/1772/1416 1466/1796/1415 1542/1797/1417
f 1467/1772/1381 1542/1797/1418 1541/1773/1382
f 1541/1773/1382 1542/1797/1418 1512/1798/1419
f 1541/1773/1382 1512/1798/1419 1513/1774/1383
f 1513/1774/1383 1512/1798/1419 1584/1799/1420
f 1513/1774/1383 1584/1799/1420 1583/1775/1384
f 1583/1775/1384 1584/1799/1420 1558/1800/1421
f 1583/1775/1384 1558/1800/1421 1559/1776/1386
f 1559/1776/1386 1558/1800/1421 1627/1801/1422
f 1559/1776/1386 1627/1801/1422 1626/1777/1388
f 1626/1777/1388 1627/1801/1422 1605/1802/1423
f 1626/1777/1388 1605/1802/1423 1606/1778/1389
f 1606/1778/1389 1605/1802/1423 1671/1803/1424
f 1606/1778/1389 1671/1803/1424 1670/1779/1391
f 1670/1779/1391 1671/1803/1424 1653/1804/1425
f 1670/1779/1391 1653/1804/1425 1654/1780/1392
f 1654/1780/1392 1653/1804/1425 1700/1805/1426
f 1654/1780/1392 1700/1805/1427 1701/1781/1396
f 1701/1781/1393 1700/1805/1426 1737/1806/1428
f 1701/1781/1396 1737/1806/1428 1736/1782/1429
f 1736/1782/1397 1737/1806/1428 1725/1807/1430
f 1736/1782/1397 1725/1807/1430 1726/1783/1398
f 1726/1783/1398 1725/1807/1430 1779/1808/1431
f 1726/1783/1398 1779/1808/1431 1778/1784/1399
f 1778/1784/1400 1779/1808/1431 1771/1809/1432
f 1778/1784/1399 1771/1809/1432 1772/1785/1433
f 1772/1785/1401 1771/1809/1432 1821/1810/1434
f 1772/1785/1401 1821/1810/1434 1820/1786/1402
f 1820/1786/1402 1821/1810/1435 1817/1811/1436
f 1820/1786/1402 1817/1811/1437 1818/1787/1403
f 1818/1787/1403 1817/1811/1436 1864/1812/1438
f 1818/1787/1403 1864/1812/1438 916/1813/478
f 1390/1790/1406 897/1789/1404 954/1814/1439
f 954/1814/1439 897/1789/1404 898/1815/1440
f 954/1814/1439 898/1815/1440 1436/1816/1441
f 1436/1816/1441 898/1815/1440 1391/1817/1442
f 1436/1816/1441 1391/1817/1442 1392/1818/1443
f 1392/1818/1443 1391/1817/1442 1438/1819/1444
f 1392/1818/1443 1438/1819/1444 1439/1820/1445
f 1439/1820/1445 1438/1819/1444 1503/1821/1446
f 1439/1820/1445 1503/1821/1446 1502/1822/1447
f 1502/1822/1447 1503/1821/1446 1463/1823/1448
f 1502/1822/1447 1463/1823/1448 1464/1824/1449
f 1464/1824/1449 1463/1823/1448 1545/1825/1450
f 1464/1824/1449 1545/1825/1450 1544/1826/1451
f 1544/1826/1451 1545/1825/1450 1509/1827/1452
f 1544/1826/1451 1509/1827/1452 1510/1828/1453
f 1510/1828/1454 1509/1827/1452 1587/1829/1455
f 1510/1828/1454 1587/1829/1455 1586/1830/1456
f 1586/1830/1457 1587/1829/1455 1555/1831/1458
f 1586/1830/1456 1555/1831/1459 1556/1832/1460
f 1556/1832/1460 1555/1831/1458 1630/1833/1461
f 1556/1832/1460 1630/1833/1461 1629/1834/1462
f 1629/1834/1462 1630/1833/1461 1602/1835/1463
f 1629/1834/1462 1602/1835/1464 1603/1836/1465
f 1603/1836/1465 1602/1835/1464 1674/1837/1466
f 1603/1836/1467 1674/1837/1466 1673/1838/1468
f 1673/1838/1468 1674/1837/1469 1650/1839/1470
f 1673/1838/1468 1650/1839/1470 1651/1840/1471
f 1651/1840/1471 1650/1839/1470 1697/1841/1472
f 1651/1840/1471 1697/1841/1472 1698/1842/1473
f 1698/1842/1473 1697/1841/1472 1740/1843/1474
f 1698/1842/1473 1740/1843/1474 1739/1844/1475
f 1739/1844/1475 1740/1843/1474 1722/1845/1476
f 1739/1844/1475 1722/1845/1476 1723/1846/1477
f 1723/1846/1478 1722/1845/1476 1782/1847/1479
f 1723/1846/1478 1782/1847/1479 1781/1848/1480
f 1781/1848/1480 1782/1847/1479 1768/1849/1481
f 1781/1848/1482 1768/1849/1481 1769/1850/1483
f 1769/1850/1483 1768/1849/1484 1824/1851/1485
f 1769/1850/1483 1824/1851/1486 1823/1852/1487
f 1823/1852/1487 1824/1851/1486 1814/1853/1488
f 1823/1852/1489 1814/1853/1488 1815/1854/1490
f 1815/1854/1490 1814/1853/1488 1867/1855/1491
f 1815/1854/1490 1867/1855/1491 1866/1856/1492
f 1866/1856/1493 1867/1855/1491 1861/1857/1494
f 1866/1856/1492 1861/1857/1495 1862/1858/1496
f 1862/1858/1497 1861/1857/1495 1911/1859/1498
f 1862/1858/1497 1911/1859/1498 1910/1860/1499
f 1910/1860/1500 1911/1859/1498 1909/1861/1501
f 1910/1860/1499 1909/1861/1501 916/1862/478
f 898/1815/1440 899/1863/1502 1391/1817/1442
f 1391/1817/1442 899/1863/1502 1437/1864/1503
f 1391/1817/1442 1437/1864/1503 1438/1819/1444
f 1438/1819/1444 1437/1864/1503 1504/1865/1504
f 1438/1819/1444 1504/1865/1504 1503/1821/1446
f 1503/1821/1446 1504/1865/1504 1462/1866/1505
f 1503/1821/1446 1462/1866/1506 1463/1823/1448
f 1463/1823/1507 1462/1866/1505 1546/1867/1508
f 1463/1823/1507 1546/1867/1508 1545/1825/1450
f 1545/1825/1450 1546/1867/1508 1508/1868/1509
f 1545/1825/1450 1508/1868/1509 1509/1827/1452
f 1509/1827/1452 1508/1868/1509 1588/1869/1510
f 1509/1827/1452 1588/1869/1510 1587/1829/1455
f 1587/1829/1455 1588/1869/1510 1554/1870/1511
f 1587/1829/1455 1554/1870/1512 1555/1831/1459
f 1555/1831/1459 1554/1870/1512 1631/1871/1513
f 1555/1831/1459 1631/1871/1513 1630/1833/1461
f 1630/1833/1461 1631/1871/1513 1601/1872/1514
f 1630/1833/1461 1601/1872/1514 1602/1835/1463
f 1602/1835/1464 1601/1872/1514 1675/1873/1515
f 1602/1835/1463 1675/1873/1515 1674/1837/1466
f 1674/1837/1469 1675/1873/1515 1649/1874/1516
f 1674/1837/1469 1649/1874/1516 1650/1839/1470
f 1650/1839/1470 1649/1874/1516 1696/1875/1517
f 1650/1839/1470 1696/1875/1517 1697/1841/1472
f 1697/1841/1472 1696/1875/1517 1741/1876/1518
f 1697/1841/1472 1741/1876/1518 1740/1843/1474
f 1740/1843/1474 1741/1876/1518 1721/1877/1519
f 1740/1843/1474 1721/1877/1519 1722/1845/1476
f 1722/1845/1476 1721/1877/1519 1783/1878/1520
f 1722/1845/1476 1783/1878/1520 1782/1847/1479
f 1782/1847/1479 1783/1878/1520 1767/1879/1521
f 1782/1847/1479 1767/1879/1521 1768/1849/1481
f 1768/1849/1484 1767/1879/1521 1825/1880/1522
f 1768/1849/1481 1825/1880/1523 1824/1851/1485
f 1824/1851/1485 1825/1880/1522 1813/1881/1524
f 1824/1851/1486 1813/1881/1524 1814/1853/1488
f 1814/1853/1488 1813/1881/1524 1868/1882/1525
f 1814/1853/1488 1868/1882/1526 1867/1855/1491
f 1867/1855/1491 1868/1882/1525 1860/1883/1527
f 1867/1855/1491 1860/1883/1527 1861/1857/1495
f 1861/1857/1495 1860/1883/1527 1912/1884/1528
f 1861/1857/1495 1912/1884/1528 1911/1859/1498
f 1911/1859/1498 1912/1884/1528 1908/1885/1529
f 1911/1859/1498 1908/1885/1529 1909/1861/1501
f 1909/1861/1501 1908/1885/1529 1955/1886/1530
f 1909/1861/1501 1955/1886/1530 916/1887/478
f 1437/1864/1503 899/1863/1502 953/1888/1531
f 953/1888/1531 899/1863/1502 900/1889/1532
f 953/1888/1533 900/1889/1532 1460/1890/1534
f 1460/1890/1534 900/1889/1532 952/1891/1535
f 1460/1890/1534 952/1891/1536 1548/1892/1537
f 1548/1892/1538 952/1891/1536 1505/1893/1539
f 1548/1892/1537 1505/1893/1539 1506/1894/1540
f 1506/1894/1540 1505/1893/1539 1591/1895/1541
f 1506/1894/1540 1591/1895/1541 1590/1896/1542
f 1590/1896/1542 1591/1895/1541 1551/1897/1543
f 1590/1896/1542 1551/1897/1543 1552/1898/1544
f 1552/1898/1544 1551/1897/1543 1634/1899/1545
f 1552/1898/1544 1634/1899/1545 1633/1900/1546
f 1633/1900/1546 1634/1899/1545 1598/1901/1547
f 1633/1900/1548 1598/1901/1547 1599/1902/1549
f 1599/1902/1549 1598/1901/1547 1678/1903/1550
f 1599/1902/1549 1678/1903/1550 1677/1904/1551
f 1677/1904/1551 1678/1903/1550 1646/1905/1552
f 1677/1904/1553 1646/1905/1554 1647/1906/1555
f 1647/1906/1556 1646/1905/1552 1693/1907/1557
f 1647/1906/1556 1693/1907/1557 1694/1908/1558
f 1694/1908/1558 1693/1907/1557 1744/1909/1559
f 1694/1908/1558 1744/1909/1559 1743/1910/1560
f 1743/1910/1560 1744/1909/1559 1718/1911/1561
f 1743/1910/1560 1718/1911/1561 1719/1912/1562
f 1719/1912/1562 1718/1911/1561 1786/1913/1563
f 1719/1912/1564 1786/1913/1563 1785/1914/1565
f 1785/1914/1565 1786/1913/1563 1764/1915/1566
f 1785/1914/1565 1764/1915/1566 1765/1916/1567
f 1765/1916/1568 1764/1915/1569 1828/1917/1570
f 1765/1916/1568 1828/1917/1571 1827/1918/1572
f 1827/1918/1573 1828/1917/1571 1810/1919/1574
f 1827/1918/1572 1810/1919/1575 1811/1920/1576
f 1811/1920/1576 1810/1919/1574 1871/1921/1577
f 1811/1920/1576 1871/1921/1577 1870/1922/1578
f 1870/1922/1578 1871/1921/1577 1857/1923/1579
f 1870/1922/1580 1857/1923/1579 1858/1924/1581
f 1858/1924/1581 1857/1923/1579 1915/1925/1582
f 1858/1924/1581 1915/1925/1582 1914/1926/1583
f 1914/1926/1583 1915/1925/1582 1905/1927/1584
f 1914/1926/1583 1905/1927/1584 1906/1928/1585
f 1906/1928/1585 1905/1927/1584 1952/1929/1586
f 1906/1928/1585 1952/1929/1586 1953/1930/1587
f 1953/1930/1588 1952/1929/1586 1981/1931/1589
f 1953/1930/1587 1981/1931/1590 1980/1932/1591
f 1980/1932/1591 1981/1931/1592 1977/1933/1593
f 1980/1932/1591 1977/1933/1593 1978/1934/1594
f 1978/1934/1595 1977/1933/1593 2023/1935/1596
f 1978/1934/1595 2023/1935/1596 916/1936/478
f 900/1889/1532 901/1937/1597 952/1891/1535
f 952/1891/1536 901/1937/1598 951/1938/1599
f 952/1891/1536 951/1938/1599 1505/1893/1539
f 1505/1893/1539 951/1938/1599 1592/1939/1600
f 1505/1893/1539 1592/1939/1600 1591/1895/1541
f 1591/1895/1541 1592/1939/1601 1550/1940/1602
f 1591/1895/1541 1550/1940/1602 1551/1897/1603
f 1551/1897/1543 1550/1940/1602 1635/1941/1604
f 1551/1897/1543 1635/1941/1605 1634/1899/1545
f 1634/1899/1545 1635/1941/1605 1597/1942/1606
f 1634/1899/1545 1597/1942/1606 1598/1901/1547
f 1598/1901/1547 1597/1942/1606 1679/1943/1607
f 1598/1901/1547 1679/1943/1608 1678/1903/1609
f 1678/1903/1550 1679/1943/1608 1645/1944/1610
f 1678/1903/1609 1645/1944/1610 1646/1905/1552
f 1646/1905/1552 1645/1944/1611 1692/1945/1612
f 1646/1905/1552 1692/1945/1612 1693/1907/1557
f 1693/1907/1557 1692/1945/1613 1745/1946/1614
f 1693/1907/1557 1745/1946/1614 1744/1909/1559
f 1744/1909/1559 1745/1946/1614 1717/1947/1615
f 1744/1909/1559 1717/1947/1615 1718/1911/1561
f 1718/1911/1561 1717/1947/1615 1787/1948/1616
f 1718/1911/1561 1787/1948/1616 1786/1913/1563
f 1786/1913/1563 1787/1948/1616 1763/1949/1617
f 1786/1913/1563 1763/1949/1618 1764/1915/1569
f 1764/1915/1566 1763/1949/1618 1829/1950/1619
f 1764/1915/1569 1829/1950/1619 1828/1917/1570
f 1828/1917/1571 1829/1950/1619 1809/1951/1620
f 1828/1917/1571 1809/1951/1620 1810/1919/1574
f 1810/1919/1575 1809/1951/1620 1872/1952/1621
f 1810/1919/1574 1872/1952/1622 1871/1921/1577
f 1871/1921/1577 1872/1952/1622 1856/1953/1623
f 1871/1921/1577 1856/1953/1624 1857/1923/1579
f 1857/1923/1579 1856/1953/1624 1916/1954/1625
f 1857/1923/1579 1916/1954/1626 1915/1925/1582
f 1915/1925/1627 1916/1954/1625 1904/1955/1628
f 1915/1925/1582 1904/1955/1629 1905/1927/1584
f 1905/1927/1584 1904/1955/1628 1951/1956/1630
f 1905/1927/1584 1951/1956/1630 1952/1929/1586
f 1952/1929/1586 1951/1956/1630 1982/1957/1631
f 1952/1929/1586 1982/1957/1631 1981/1931/1589
f 1981/1931/1589 1982/1957/1631 1976/1958/1632
f 1981/1931/1590 1976/1958/1633 1977/1933/1593
f 1977/1933/1593 1976/1958/1632 2024/1959/1634
f 1977/1933/1593 2024/1959/1634 2023/1935/1596
f 2023/1935/1596 2024/1959/1634 2022/1960/1635
f 2023/1935/1596 2022/1960/1635 916/1961/478
f 901/1937/1597 902/1962/1636 951/1938/1599
f 951/1938/1599 902/1962/1636 1593/1963/1637
f 951/1938/1599 1593/1963/1637 1592/1939/1600
f 1592/1939/1638 1593/1963/1637 1549/1964/1639
f 1592/1939/1601 1549/1964/1640 1550/1940/1602
f 1550/1940/1602 1549/1964/1639 1636/1965/1641
f 1550/1940/1602 1636/1965/1641 1635/1941/1605
f 1635/1941/1605 1636/1965/1642 1596/1966/1643
f 1635/1941/1605 1596/1966/1643 1597/1942/1606
f 1597/1942/1644 1596/1966/1645 1680/1967/1646
f 1597/1942/1606 1680/1967/1646 1679/1943/1607
f 1679/1943/1607 1680/1967/1646 1644/1968/1647
f 1679/1943/1608 1644/1968/1648 1645/1944/1610
f 1645/1944/1649 1644/1968/1647 1691/1969/1650
f 1645/1944/1610 1691/1969/1651 1692/1945/1612
f 1692/1945/1612 1691/1969/1651 1746/1970/1652
f 1692/1945/1613 1746/1970/1652 1745/1946/1614
f 1745/1946/1614 1746/1970/1652 1716/1971/1653
f 1745/1946/1654 1716/1971/1653 1717/1947/1615
f 1717/1947/1615 1716/1971/1653 1788/1972/1655
f 1717/1947/1615 1788/1972/1655 1787/1948/1616
f 1787/1948/1616 1788/1972/1655 1762/1973/1656
f 1787/1948/1616 1762/1973/1656 1763/1949/1618
f 1763/1949/1618 1762/1973/1656 1830/1974/1657
f 1763/1949/1618 1830/1974/1657 1829/1950/1619
f 1829/1950/1619 1830/1974/1657 1808/1975/1658
f 1829/1950/1619 1808/1975/1659 1809/1951/1620
f 1809/1951/1620 1808/1975/1658 1873/1976/1660
f 1809/1951/1620 1873/1976/1661 1872/1952/1622
f 1872/1952/1622 1873/1976/1660 1855/1977/1662
f 1872/1952/1621 1855/1977/1662 1856/1953/1624
f 1856/1953/1624 1855/1977/1662 1917/1978/1663
f 1856/1953/1623 1917/1978/1663 1916/1954/1625
f 1916/1954/1626 1917/1978/1663 1903/1979/1664
f 1916/1954/1626 1903/1979/1665 1904/1955/1628
f 1904/1955/1629 1903/1979/1665 1950/1980/1666
f 1904/1955/1629 1950/1980/1666 1951/1956/1667
f 1951/1956/1630 1950/1980/1666 1983/1981/1668
f 1951/1956/1630 1983/1981/1668 1982/1957/1631
f 1982/1957/1669 1983/1981/1668 1975/1982/1670
f 1982/1957/1669 1975/1982/1671 1976/1958/1633
f 1976/1958/1633 1975/1982/1671 2025/1983/1672
f 1976/1958/1633 2025/1983/1672 2024/1959/1634
f 2024/1959/1634 2025/1983/1672 2021/1984/1673
f 2024/1959/1634 2021/1984/1673 2022/1960/1674
f 2022/1960/1635 2021/1984/1673 2067/1985/1675
f 2022/1960/1635 2067/1985/1675 916/1986/478
f 1593/1963/1637 902/1962/1676 950/1987/1677
f 950/1987/1677 902/1962/1636 903/1988/1678
f 950/1987/1677 903/1988/1678 1638/1989/1679
f 1638/1989/1679 903/1988/1678 949/1990/1680
f 1638/1989/1679 949/1990/1680 1594/1991/1681
f 1594/1991/1681 949/1990/1682 1683/1992/1683
f 1594/1991/1681 1683/1992/1683 1682/1993/1684
f 1682/1993/1684 1683/1992/1683 1641/1994/1685
f 1682/1993/1684 1641/1994/1685 1642/1995/1686
f 1642/1995/1686 1641/1994/1685 1688/1996/1687
f 1642/1995/1686 1688/1996/1687 1689/1997/1688
f 1689/1997/1688 1688/1996/1687 1749/1998/1689
f 1689/1997/1688 1749/1998/1689 1748/1999/1690
f 1748/1999/1690 1749/1998/1691 1713/2000/1692
f 1748/1999/1690 1713/2000/1693 1714/2001/1694
f 1714/2001/1694 1713/2000/1692 1791/2002/1695
f 1714/2001/1694 1791/2002/1696 1790/2003/1697
f 1790/2003/1697 1791/2002/1695 1759/2004/1698
f 1790/2003/1699 1759/2004/1698 1760/2005/1700
f 1760/2005/1700 1759/2004/1701 1833/2006/1702
f 1760/2005/1700 1833/2006/1702 1832/2007/1703
f 1832/2007/1703 1833/2006/1702 1805/2008/1704
f 1832/2007/1703 1805/2008/1705 1806/2009/1706
f 1806/2009/1707 1805/2008/1704 1876/2010/1708
f 1806/2009/1706 1876/2010/1708 1875/2011/1709
f 1875/2011/1709 1876/2010/1708 1852/2012/1710
f 1875/2011/1709 1852/2012/1711 1853/2013/1712
f 1853/2013/1712 1852/2012/1710 1920/2014/1713
f 1853/2013/1712 1920/2014/1714 1919/2015/1715
f 1919/2015/1716 1920/2014/1713 1900/2016/1717
f 1919/2015/1715 1900/2016/1717 1901/2017/1718
f 1901/2017/1718 1900/2016/1717 1947/2018/1719
f 1901/2017/1718 1947/2018/1719 1948/2019/1720
f 1948/2019/1720 1947/2018/1719 1986/2020/1721
f 1948/2019/1720 1986/2020/1721 1985/2021/1722
f 1985/2021/1722 1986/2020/1721 1972/2022/1723
f 1985/2021/1722 1972/2022/1724 1973/2023/1725
f 1973/2023/1725 1972/2022/1723 2028/2024/1726
f 1973/2023/1725 2028/2024/1726 2027/2025/1727
f 2027/2025/1727 2028/2024/1726 2018/2026/1728
f 2027/2025/1727 2018/2026/1729 2019/2027/1730
f 2019/2027/1730 2018/2026/1728 2070/2028/1731
f 2019/2027/1730 2070/2028/1732 2069/2029/1733
f 2069/2029/1733 2070/2028/1732 2064/2030/1734
f 2069/2029/1735 2064/2030/1734 2065/2031/1736
f 2065/2031/1736 2064/2030/1737 2114/2032/1738
f 2065/2031/1739 2114/2032/1738 2113/2033/1740
f 2113/2033/1741 2114/2032/1738 2112/1469/968
f 2113/2033/1741 2112/1469/968 916/2034/478
f 903/1988/1678 904/2035/1742 949/1990/1680
f 949/1990/1680 904/2035/1742 1684/2036/1743
f 949/1990/1744 1684/2036/1743 1683/1992/1683
f 1683/1992/1683 1684/2036/1743 1640/2037/1745
f 1683/1992/1683 1640/2037/1745 1641/1994/1685
f 1641/1994/1685 1640/2037/1745 1687/2038/1746
f 1641/1994/1685 1687/2038/1746 1688/1996/1747
f 1688/1996/1687 1687/2038/1746 1750/2039/1748
f 1688/1996/1687 1750/2039/1749 1749/1998/1689
f 1749/1998/1689 1750/2039/1748 1712/2040/1750
f 1749/1998/1691 1712/2040/1750 1713/2000/1692
f 1713/2000/1692 1712/2040/1750 1792/2041/1751
f 1713/2000/1692 1792/2041/1751 1791/2002/1752
f 1791/2002/1753 1792/2041/1751 1758/2042/1754
f 1791/2002/1753 1758/2042/1755 1759/2004/1701
f 1759/2004/1698 1758/2042/1754 1834/2043/1756
f 1759/2004/1701 1834/2043/1757 1833/2006/1702
f 1833/2006/1702 1834/2043/1756 1804/2044/1758
f 1833/2006/1702 1804/2044/1758 1805/2008/1704
f 1805/2008/1705 1804/2044/1759 1877/2045/1760
f 1805/2008/1704 1877/2045/1760 1876/2010/1708
f 1876/2010/1708 1877/2045/1760 1851/2046/1761
f 1876/2010/1708 1851/2046/1761 1852/2012/1711
f 1852/2012/1711 1851/2046/1761 1921/2047/1762
f 1852/2012/1710 1921/2047/1762 1920/2014/1763
f 1920/2014/1714 1921/2047/1762 1899/2048/1764
f 1920/2014/1763 1899/2048/1764 1900/2016/1765
f 1900/2016/1717 1899/2048/1766 1946/2049/1767
f 1900/2016/1765 1946/2049/1768 1947/2018/1719
f 1947/2018/1719 1946/2049/1767 1987/2050/1769
f 1947/2018/1719 1987/2050/1769 1986/2020/1721
f 1986/2020/1721 1987/2050/1769 1971/2051/1770
f 1986/2020/1721 1971/2051/1770 1972/2022/1723
f 1972/2022/1723 1971/2051/1770 2029/2052/1771
f 1972/2022/1723 2029/2052/1771 2028/2024/1726
f 2028/2024/1726 2029/2052/1771 2017/2053/1772
f 2028/2024/1726 2017/2053/1772 2018/2026/1728
f 2018/2026/1728 2017/2053/1772 2071/2054/1773
f 2018/2026/1729 2071/2054/1773 2070/2028/1732
f 2070/2028/1732 2071/2054/1773 2063/2055/1774
f 2070/2028/1732 2063/2055/1774 2064/2030/1734
f 2064/2030/1734 2063/2055/1774 2115/2056/1775
f 2064/2030/1734 2115/2056/1775 2114/2032/1776
f 2114/2032/1776 2115/2056/1775 2111/1467/966
f 2114/2032/1738 2111/1467/966 2112/1469/968
f 1684/2036/1743 904/2035/1742 1639/2057/1777
f 1639/2057/1777 904/2035/1742 905/2058/1778
f 1639/2057/1777 905/2058/1778 1685/2059/1779
f 1685/2059/1779 905/2058/1778 948/2060/1780
f 1685/2059/1779 948/2060/1780 1752/2061/1781
f 1752/2061/1781 948/2060/1780 1709/2062/1782
f 1752/2061/1781 1709/2062/1783 1710/2063/1784
f 1710/2063/1784 1709/2062/1783 1795/2064/1785
f 1710/2063/1784 1795/2064/1786 1794/2065/1787
f 1794/2065/1787 1795/2064/1786 1755/2066/1788
f 1794/2065/1787 1755/2066/1788 1756/2067/1789
f 1756/2067/1789 1755/2066/1788 1837/2068/1790
f 1756/2067/1789 1837/2068/1790 1836/2069/1791
f 1836/2069/1791 1837/2068/1790 1801/2070/1792
f 1836/2069/1791 1801/2070/1792 1802/2071/1793
f 1802/2071/1793 1801/2070/1792 1880/2072/1794
f 1802/2071/1793 1880/2072/1794 1879/2073/1795
f 1879/2073/1795 1880/2072/1796 1848/2074/1797
f 1879/2073/1798 1848/2074/1799 1849/2075/1800
f 1849/2075/1800 1848/2074/1797 1924/2076/1801
f 1849/2075/1800 1924/2076/1802 1923/2077/1803
f 1923/2077/1804 1924/2076/1802 1896/2078/1805
f 1923/2077/1803 1896/2078/1805 1897/2079/1806
f 1897/2079/1807 1896/2078/1805 1943/2080/1808
f 1897/2079/1806 1943/2080/1808 1944/2081/1809
f 1944/2081/1809 1943/2080/1808 1990/2082/1810
f 1944/2081/1809 1990/2082/1811 1989/2083/1812
f 1989/2083/1812 1990/2082/1811 1968/2084/1813
f 1989/2083/1812 1968/2084/1813 1969/2085/1814
f 1969/2085/1815 1968/2084/1813 2032/2086/1816
f 1969/2085/1815 2032/2086/1816 2031/2087/1817
f 2031/2087/1817 2032/2086/1816 2014/2088/1818
f 2031/2087/1817 2014/2088/1818 2015/2089/1819
f 2015/2089/1819 2014/2088/1818 2074/2090/1820
f 2015/2089/1819 2074/2090/1820 2073/2091/1821
f 2073/2091/1821 2074/2090/1820 2060/2092/1822
f 2073/2091/1821 2060/2092/1823 2061/2093/1824
f 2061/2093/1824 2060/2092/1822 2118/2094/1825
f 2061/2093/1826 2118/2094/1825 2117/2095/1827
f 2117/2095/1827 2118/2094/1825 2108/1461/958
f 2117/2095/1827 2108/1461/958 2109/1463/960
f 905/2058/1778 906/2096/1828 948/2060/1780
f 948/2060/1780 906/2096/1828 1708/2097/1829
f 948/2060/1780 1708/2097/1829 1709/2062/1782
f 1709/2062/1830 1708/2097/1829 1796/2098/1831
f 1709/2062/1782 1796/2098/1831 1795/2064/1786
f 1795/2064/1786 1796/2098/1831 1754/2099/1832
f 1795/2064/1786 1754/2099/1832 1755/2066/1833
f 1755/2066/1788 1754/2099/1832 1838/2100/1834
f 1755/2066/1833 1838/2100/1834 1837/2068/1790
f 1837/2068/1790 1838/2100/1834 1800/2101/1835
f 1837/2068/1790 1800/2101/1835 1801/2070/1792
f 1801/2070/1792 1800/2101/1835 1881/2102/1836
f 1801/2070/1792 1881/2102/1836 1880/2072/1796
f 1880/2072/1796 1881/2102/1836 1847/2103/1837
f 1880/2072/1794 1847/2103/1837 1848/2074/1797
f 1848/2074/1797 1847/2103/1837 1925/2104/1838
f 1848/2074/1799 1925/2104/1839 1924/2076/1802
f 1924/2076/1802 1925/2104/1838 1895/2105/1840
f 1924/2076/1801 1895/2105/1840 1896/2078/1841
f 1896/2078/1805 1895/2105/1840 1942/2106/1842
f 1896/2078/1841 1942/2106/1842 1943/2080/1808
f 1943/2080/1808 1942/2106/1842 1991/2107/1843
f 1943/2080/1844 1991/2107/1843 1990/2082/1811
f 1990/2082/1811 1991/2107/1843 1967/2108/1845
f 1990/2082/1811 1967/2108/1845 1968/2084/1813
f 1968/2084/1813 1967/2108/1846 2033/2109/1847
f 1968/2084/1813 2033/2109/1847 2032/2086/1816
f 2032/2086/1816 2033/2109/1847 2013/2110/1848
f 2032/2086/1816 2013/2110/1849 2014/2088/1818
f 2014/2088/1818 2013/2110/1849 2075/2111/1850
f 2014/2088/1818 2075/2111/1850 2074/2090/1820
f 2074/2090/1851 2075/2111/1850 2059/2112/1852
f 2074/2090/1820 2059/2112/1853 2060/2092/1822
f 2060/2092/1822 2059/2112/1853 2119/2113/1854
f 2060/2092/1822 2119/2113/1855 2118/2094/1825
f 2118/2094/1825 2119/2113/1854 2107/1459/956
f 2118/2094/1825 2107/1459/956 2108/1461/958
f 1708/2097/1829 906/2096/1828 947/2114/1856
f 947/2114/1856 906/2096/1857 907/2115/1858
f 947/2114/1856 907/2115/1858 946/2116/1859
f 946/2116/1859 907/2115/1858 908/2117/1860
f 946/2116/1859 908/2117/1861 1841/2118/1862
f 1841/2118/1863 908/2117/1864 945/2119/1865
f 1841/2118/1863 945/2119/1866 1797/2120/1867
f 1797/2120/1867 945/2119/1865 1885/2121/1868
f 1797/2120/1869 1885/2121/1870 1884/2122/1871
f 1884/2122/1871 1885/2121/1868 1843/2123/1872
f 1884/2122/1871 1843/2123/1873 1844/2124/1874
f 1844/2124/1874 1843/2123/1873 1929/2125/1875
f 1844/2124/1874 1929/2125/1875 1928/2126/1876
f 1928/2126/1876 1929/2125/1875 1891/2127/1877
f 1928/2126/1876 1891/2127/1877 1892/2128/1878
f 1892/2128/1878 1891/2127/1877 1938/2129/1879
f 1892/2128/1878 1938/2129/1879 1939/2130/1880
f 1939/2130/1881 1938/2129/1879 1995/2131/1882
f 1939/2130/1883 1995/2131/1882 1994/2132/1884
f 1994/2132/1885 1995/2131/1882 1963/2133/1886
f 1994/2132/1884 1963/2133/1887 1964/2134/1888
f 1964/2134/1888 1963/2133/1887 2037/2135/1889
f 1964/2134/1888 2037/2135/1889 2036/2136/1890
f 2036/2136/1891 2037/2135/1889 2009/2137/1892
f 2036/2136/1890 2009/2137/1893 2010/2138/1894
f 2010/2138/1894 2009/2137/1892 2079/2139/1895
f 2010/2138/1894 2079/2139/1895 2078/2140/1896
f 2078/2140/1896 2079/2139/1895 2055/2141/1897
f 2078/2140/1896 2055/2141/1897 2056/2142/1898
f 2056/2142/1899 2055/2141/1897 2123/2143/1900
f 2056/2142/1898 2123/2143/1901 2122/2144/1902
f 2122/2144/1902 2123/2143/1900 2103/1451/946
f 2122/2144/1902 2103/1451/946 2104/1453/948
f 908/2117/1861 909/2145/1903 945/2119/1866
f 945/2119/1865 909/2145/1903 1886/2146/1904
f 945/2119/1865 1886/2146/1904 1885/2121/1870
f 1885/2121/1868 1886/2146/1905 1842/2147/1906
f 1885/2121/1870 1842/2147/1906 1843/2123/1873
f 1843/2123/1872 1842/2147/1907 1930/2148/1908
f 1843/2123/1873 1930/2148/1908 1929/2125/1875
f 1929/2125/1875 1930/2148/1908 1890/2149/1909
f 1929/2125/1875 1890/2149/1909 1891/2127/1877
f 1891/2127/1877 1890/2149/1909 1937/2150/1910
f 1891/2127/1877 1937/2150/1910 1938/2129/1879
f 1938/2129/1879 1937/2150/1910 1996/2151/1911
f 1938/2129/1879 1996/2151/1911 1995/2131/1882
f 1995/2131/1882 1996/2151/1912 1962/2152/1913
f 1995/2131/1914 1962/2152/1913 1963/2133/1887
f 1963/2133/1887 1962/2152/1915 2038/2153/1916
f 1963/2133/1886 2038/2153/1917 2037/2135/1889
f 2037/2135/1889 2038/2153/1916 2008/2154/1918
f 2037/2135/1889 2008/2154/1918 2009/2137/1919
f 2009/2137/1893 2008/2154/1918 2080/2155/1920
f 2009/2137/1892 2080/2155/1920 2079/2139/1895
f 2079/2139/1895 2080/2155/1920 2054/2156/1921
f 2079/2139/1895 2054/2156/1922 2055/2141/1897
f 2055/2141/1897 2054/2156/1921 2124/2157/1923
f 2055/2141/1897 2124/2157/1923 2123/2143/1900
f 2123/2143/1900 2124/2157/1923 2102/1449/944
f 2123/2143/1900 2102/1449/944 2103/1451/946
f 1886/2146/1905 909/2145/1903 944/2158/1924
f 944/2158/1924 909/2145/1903 910/2159/1925
f 944/2158/1924 910/2159/1925 1932/2160/1926
f 1932/2160/1926 910/2159/1925 1887/2161/1927
f 1932/2160/1926 1887/2161/1927 1888/2162/1928
f 1888/2162/1929 1887/2161/1927 1934/2163/1930
f 1888/2162/1929 1934/2163/1930 1935/2164/1931
f 1935/2164/1931 1934/2163/1930 1999/2165/1932
f 1935/2164/1931 1999/2165/1932 1998/2166/1933
f 1998/2166/1933 1999/2165/1932 1959/2167/1934
f 1998/2166/1933 1959/2167/1934 1960/2168/1935
f 1960/2168/1935 1959/2167/1934 2041/2169/1936
f 1960/2168/1935 2041/2169/1937 2040/2170/1938
f 2040/2170/1939 2041/2169/1937 2005/2171/1940
f 2040/2170/1939 2005/2171/1941 2006/2172/1942
f 2006/2172/1943 2005/2171/1940 2083/2173/1944
f 2006/2172/1943 2083/2173/1944 2082/2174/1945
f 2082/2174/1946 2083/2173/1944 2051/2175/1947
f 2082/2174/1946 2051/2175/1947 2052/2176/1948
f 2052/2176/1948 2051/2175/1947 2127/2177/1949
f 2052/2176/1948 2127/2177/1949 2126/2178/1950
f 2126/2178/1950 2127/2177/1949 2099/1443/937
f 2126/2178/1950 2099/1443/937 2100/1445/939
f 910/2159/1925 911/2179/1951 1887/2161/1927
f 1887/2161/1927 911/2179/1951 1933/2180/1952
f 1887/2161/1927 1933/2180/1952 1934/2163/1930
f 1934/2163/1930 1933/2180/1953 2000/2181/1954
f 1934/2163/1930 2000/2181/1954 1999/2165/1932
f 1999/2165/1932 2000/2181/1954 1958/2182/1955
f 1999/2165/1932 1958/2182/1955 1959/2167/1934
f 1959/2167/1934 1958/2182/1955 2042/2183/1956
f 1959/2167/1934 2042/2183/1957 2041/2169/1937
f 2041/2169/1936 2042/2183/1957 2004/2184/1958
f 2041/2169/1936 2004/2184/1958 2005/2171/1940
f 2005/2171/1940 2004/2184/1958 2084/2185/1959
f 2005/2171/1940 2084/2185/1959 2083/2173/1960
f 2083/2173/1944 2084/2185/1961 2050/2186/1962
f 2083/2173/1944 2050/2186/1963 2051/2175/1947
f 2051/2175/1947 2050/2186/1962 2128/2187/1964
f 2051/2175/1947 2128/2187/1965 2127/2177/1949
f 2127/2177/1949 2128/2187/1964 2098/1441/935
f 2127/2177/1949 2098/1441/1966 2099/1443/937
f 1933/2180/1953 911/2179/1951 943/2188/1967
f 943/2188/1967 911/2179/1951 912/2189/1968
f 943/2188/1967 912/2189/1968 1956/2190/1969
f 1956/2190/1970 912/2189/1968 942/2191/1971
f 1956/2190/1969 942/2191/1971 2044/2192/1972
f 2044/2192/1972 942/2191/1971 2001/2193/1973
f 2044/2192/1972 2001/2193/1973 2002/2194/1974
f 2002/2194/1974 2001/2193/1973 2087/2195/1975
f 2002/2194/1976 2087/2195/1977 2086/2196/1978
f 2086/2196/1979 2087/2195/1975 2047/2197/1980
f 2086/2196/1981 2047/2197/1980 2048/2198/1982
f 2048/2198/1982 2047/2197/1980 2131/2199/1983
f 2048/2198/1984 2131/2199/1983 2130/2200/1985
f 2130/2200/1985 2131/2199/1983 2095/1435/925
f 2130/2200/1985 2095/1435/1986 2096/1437/927
f 912/2189/1968 913/2201/1987 942/2191/1971
f 942/2191/1988 913/2201/1987 941/2202/1989
f 942/2191/1988 941/2202/1989 2001/2193/1973
f 2001/2193/1973 941/2202/1989 2088/2203/1990
f 2001/2193/1973 2088/2203/1991 2087/2195/1977
f 2087/2195/1975 2088/2203/1990 2046/2204/1992
f 2087/2195/1975 2046/2204/1993 2047/2197/1980
f 2047/2197/1980 2046/2204/1994 2132/2205/1995
f 2047/2197/1980 2132/2205/1996 2131/2199/1983
f 2131/2199/1983 2132/2205/1996 2094/1433/923
f 2131/2199/1983 2094/1433/923 2095/1435/925
f 913/2201/1987 914/2206/1997 941/2202/1989
f 941/2202/1989 914/2206/1998 2089/2207/1999
f 941/2202/2000 2089/2207/2001 2088/2203/1990
f 2088/2203/1991 2089/2207/2002 2045/2208/2003
f 2088/2203/1990 2045/2208/2004 2046/2204/1992
f 2046/2204/1993 2045/2208/2003 2133/2209/2005
f 2046/2204/1994 2133/2209/2005 2132/2205/1995
f 2132/2205/1995 2133/2209/2005 2093/1431/919
f 2132/2205/1996 2093/1431/920 2094/1433/923
f 2089/2207/2001 914/2206/1997 940/2210/2006
f 940/2210/2007 914/2206/1998 915/2211/2008
f 940/2210/2006 915/2211/2008 2135/2212/2009
f 2135/2212/2009 915/2211/2010 2090/1425/913
f 2135/2212/2009 2090/1425/2011 2091/1427/915
f 915/2211/2008 887/1423/911 2090/1425/913
f 985/1517/1031 916/2213/478 939/2214/969
f 2113/2033/1741 916/2215/478 2066/2216/2012
f 2066/2216/2012 916/2217/478 2067/1985/1675
f 1978/1934/1595 916/2218/478 1979/2219/2013
f 1979/2219/2013 916/2220/478 1955/1886/1530
f 1910/1860/1500 916/2221/478 1863/2222/2014
f 1863/2222/2015 916/2223/478 1864/1812/1438
f 1774/1761/1367 916/2224/478 1775/2225/2016
f 1707/1687/1255 916/2226/478 1661/2227/2017
f 1661/2227/2017 916/2228/478 1662/1639/1198
f 1616/1613/1165 916/2229/478 1570/2230/2018
f 1570/2230/2018 916/2231/478 1571/2232/2019
f 1571/2232/2019 916/2233/478 1526/2234/2020
f 1526/2234/2020 916/2235/478 1527/2236/2021
f 1527/2236/2021 916/2237/478 1482/2238/2022
f 1482/2238/2022 916/2239/478 1483/2240/2023
f 1483/2240/2023 916/2241/478 1459/2242/2024
f 1459/2242/2024 916/2243/478 1413/2244/2025
f 1413/2244/2025 916/2245/478 1414/2246/2026
f 1414/2246/2026 916/2247/478 1367/2248/2027
f 1367/2248/2027 916/2249/478 1368/2250/2028
f 1323/2251/2029 916/2252/478 1324/2253/2030
f 1324/2253/2030 916/2254/478 1279/2255/2031
f 1279/2255/2031 916/2256/478 1280/2257/2032
f 1280/2257/2032 916/2258/478 1234/2259/2033
f 1234/2259/2033 916/2260/478 1235/2261/2034
f 1235/2261/2034 916/2262/478 1211/2263/2035
f 1211/2263/2036 916/2264/478 1165/2265/2037
f 1165/2265/2037 916/2266/478 1166/2267/2038
f 1166/2267/2038 916/2268/478 1119/2269/2039
f 1119/2269/2039 916/2270/478 1120/2271/2040
f 1120/2271/2040 916/2272/478 1075/2273/2041
f 1075/2273/2041 916/2274/478 1076/2275/2042
f 1076/2275/2043 916/2276/478 1031/1564/1099
f 1032/1565/1101 916/2277/478 1008/1516/1032
f 963/1420/975 964/1475/977 917/1422/912
f 917/1422/912 964/1475/977 918/2278/2044
f 964/1475/977 965/1477/979 918/2278/2044
f 918/2278/914 965/1477/979 919/2279/916
f 965/1477/979 966/1479/981 919/2279/916
f 919/2279/916 966/1479/981 920/2280/918
f 966/1479/983 967/1481/984 920/2280/921
f 920/2280/921 967/1481/984 921/2281/922
f 967/1481/984 968/1483/986 921/2281/922
f 921/2281/922 968/1483/986 922/2282/924
f 968/1483/987 969/1485/989 922/2282/924
f 922/2282/924 969/1485/2045 923/2283/928
f 969/1485/2045 970/1487/2046 923/2283/926
f 923/2283/928 970/1487/2046 924/2284/929
f 970/1487/2046 971/1489/997 924/2284/929
f 924/2284/930 971/1489/996 925/2285/933
f 971/1489/996 972/1491/999 925/2285/933
f 925/2285/933 972/1491/999 926/2286/936
f 972/1491/999 973/1493/1001 926/2286/936
f 926/2286/936 973/1493/1001 927/2287/938
f 973/1493/1001 974/1495/2047 927/2287/2048
f 927/2287/938 974/1495/2047 928/2288/940
f 974/1495/1003 975/1497/1006 928/2288/940
f 928/2288/940 975/1497/1006 929/2289/943
f 975/1497/1006 976/1499/1008 929/2289/943
f 929/2289/943 976/1499/1008 930/2290/945
f 976/1499/1008 977/1501/1010 930/2290/945
f 930/2290/945 977/1501/1010 931/2291/947
f 977/1501/1010 978/1503/1013 931/2291/947
f 931/2291/947 978/1503/1013 932/2292/949
f 978/1503/1013 979/1505/1015 932/2292/2049
f 932/2292/949 979/1505/1015 933/2293/952
f 979/1505/1016 980/1507/1018 933/2293/952
f 933/2293/952 980/1507/1018 934/2294/954
f 980/1507/1018 981/1509/1020 934/2294/954
f 934/2294/954 981/1509/1020 935/2295/957
f 981/1509/1020 982/1511/1023 935/2295/957
f 935/2295/957 982/1511/1023 936/2296/959
f 982/1511/1023 983/1513/1026 936/2296/959
f 936/2296/959 983/1513/1028 937/2297/961
f 985/1517/1031 939/2214/967 938/2298/965
f 983/1513/1026 984/1515/1029 937/2297/961
f 937/2297/961 984/1515/1029 938/2298/965
f 984/1515/1029 985/1517/1031 938/2298/965
f 1775/2225/2016 916/2299/478 1730/1713/1296
f 1368/2250/2028 916/2300/478 1323/2251/2029
f 962/1472/972 1053/1523/2050 986/1473/973
f 986/1473/973 1053/1523/1040 987/1474/976
f 1053/1523/1040 1052/1525/1045 987/1474/976
f 987/1474/976 1052/1525/1045 988/1476/978
f 1052/1525/2051 1051/1527/1048 988/1476/978
f 988/1476/978 1051/1527/1048 989/1478/980
f 1051/1527/1048 1050/1529/1050 989/1478/2052
f 989/1478/2052 1050/1529/1050 990/1480/982
f 1050/1529/1051 1049/1531/1054 990/1480/982
f 990/1480/982 1049/1531/1054 991/1482/985
f 1049/1531/1054 1048/1533/1057 991/1482/985
f 991/1482/985 1048/1533/1057 992/1484/988
f 1048/1533/1058 1047/1535/1060 992/1484/2053
f 992/1484/988 1047/1535/2054 993/1486/2055
f 1047/1535/1060 1046/1537/1062 993/1486/990
f 993/1486/990 1046/1537/1062 994/1488/995
f 1046/1537/1062 1045/1539/1065 994/1488/995
f 994/1488/995 1045/1539/1068 995/1490/998
f 1045/1539/1066 1044/1541/1069 995/1490/998
f 995/1490/998 1044/1541/1070 996/1492/1000
f 1044/1541/1069 1043/1543/1072 996/1492/1000
f 996/1492/1000 1043/1543/1072 997/1494/1002
f 1043/1543/1072 1042/1545/1075 997/1494/1002
f 997/1494/1002 1042/1545/1074 998/1496/1004
f 1042/1545/1074 1041/1547/1077 998/1496/1004
f 998/1496/1004 1041/1547/1077 999/1498/1007
f 1041/1547/1077 1040/1549/1079 999/1498/1007
f 999/1498/1007 1040/1549/1079 1000/1500/1009
f 1040/1549/1079 1039/1551/1082 1000/1500/1009
f 1000/1500/1009 1039/1551/1082 1001/1502/1011
f 1039/1551/1082 1038/1553/1084 1001/1502/1011
f 1001/1502/1011 1038/1553/1084 1002/1504/1014
f 1038/1553/1084 1037/1555/1088 1002/1504/2056
f 1002/1504/1014 1037/1555/1087 1003/1506/1017
f 1037/1555/1088 1036/1557/1090 1003/1506/1017
f 1003/1506/1017 1036/1557/1090 1004/1508/1019
f 1036/1557/1090 1035/1559/1092 1004/1508/1019
f 1004/1508/1019 1035/1559/1092 1005/1510/1022
f 1035/1559/1092 1034/1561/1095 1005/1510/1022
f 1005/1510/1022 1034/1561/1095 1006/1512/1024
f 1032/1565/1100 1008/1516/1030 1007/1514/1027
f 1034/1561/1095 1033/1563/1097 1006/1512/1025
f 1006/1512/1025 1033/1563/1097 1007/1514/2057
f 1033/1563/1098 1032/1565/1100 1007/1514/1027
f 1010/1522/1039 1009/1521/1037 1097/2301/2058
f 1097/2301/2058 1009/1521/1037 961/1520/1036
f 1097/2301/2058 961/1520/1036 1054/2302/2059
f 1054/2302/2059 961/1520/1036 960/1567/1102
f 1054/2302/2059 960/1567/1102 1141/2303/2060
f 1141/2303/2060 960/1567/1104 1142/1569/1105
f 1141/2303/2060 1142/1569/1105 1098/1571/1107
f 1011/1524/1043 1010/1522/1041 1096/2304/2061
f 1096/2304/2062 1010/1522/1039 1097/2301/2058
f 1096/2304/2062 1097/2301/2058 1055/2305/2063
f 1055/2305/2064 1097/2301/2058 1054/2302/2059
f 1055/2305/2064 1054/2302/2059 1140/2306/2065
f 1140/2306/2065 1054/2302/2059 1141/2303/2060
f 1140/2306/2066 1141/2303/2060 1099/2307/2067
f 1099/2307/2067 1141/2303/2060 1098/1571/1107
f 1099/2307/2067 1098/1571/1107 1186/1573/1109
f 1012/1526/2068 1011/1524/1043 1095/2308/2069
f 1095/2308/2069 1011/1524/1043 1096/2304/2061
f 1095/2308/2069 1096/2304/2062 1056/2309/2070
f 1056/2309/2071 1096/2304/2062 1055/2305/2064
f 1056/2309/2071 1055/2305/2064 1139/2310/2072
f 1139/2310/2072 1055/2305/2064 1140/2306/2066
f 1139/2310/2072 1140/2306/2065 1100/2311/2073
f 1100/2311/2073 1140/2306/2065 1099/2307/2067
f 1100/2311/2073 1099/2307/2067 1185/2312/2074
f 1185/2312/2075 1099/2307/2067 1186/1573/1109
f 1185/2312/2074 1186/1573/1109 1146/1575/1112
f 1013/1528/1049 1012/1526/2076 1094/2313/2077
f 1094/2313/2077 1012/1526/2076 1095/2308/2069
f 1094/2313/2078 1095/2308/2079 1057/2314/2080
f 1057/2314/2080 1095/2308/2079 1056/2309/2071
f 1057/2314/2080 1056/2309/2070 1138/2315/2081
f 1138/2315/2081 1056/2309/2070 1139/2310/2072
f 1138/2315/2081 1139/2310/2072 1101/2316/2082
f 1101/2316/2082 1139/2310/2072 1100/2311/2073
f 1101/2316/2082 1100/2311/2073 1184/2317/2083
f 1184/2317/2083 1100/2311/2073 1185/2312/2074
f 1184/2317/2083 1185/2312/2075 1147/2318/2084
f 1147/2318/2084 1185/2312/2075 1146/1575/1112
f 1147/2318/2084 1146/1575/1114 1193/1577/1115
f 1014/1530/1052 1013/1528/1049 1093/2319/2085
f 1093/2319/2085 1013/1528/1049 1094/2313/2077
f 1093/2319/2085 1094/2313/2077 1058/2320/2086
f 1058/2320/2087 1094/2313/2077 1057/2314/2080
f 1058/2320/2086 1057/2314/2088 1137/2321/2089
f 1137/2321/2089 1057/2314/2080 1138/2315/2081
f 1137/2321/2089 1138/2315/2081 1102/2322/2090
f 1102/2322/2091 1138/2315/2081 1101/2316/2082
f 1102/2322/2091 1101/2316/2082 1183/2323/2092
f 1183/2323/2093 1101/2316/2082 1184/2317/2083
f 1183/2323/2092 1184/2317/2083 1148/2324/2094
f 1148/2324/2095 1184/2317/2083 1147/2318/2084
f 1148/2324/2095 1147/2318/2084 1194/2325/2096
f 1194/2325/2096 1147/2318/2084 1193/1577/1115
f 1194/2325/2096 1193/1577/1115 1252/1579/1118
f 1015/1532/1055 1014/1530/1052 1092/2326/2097
f 1092/2326/2097 1014/1530/1053 1093/2319/2085
f 1092/2326/2097 1093/2319/2085 1059/2327/2098
f 1059/2327/2098 1093/2319/2099 1058/2320/2087
f 1059/2327/2098 1058/2320/2086 1136/2328/2100
f 1136/2328/2100 1058/2320/2086 1137/2321/2089
f 1136/2328/2100 1137/2321/2089 1103/2329/2101
f 1103/2329/2101 1137/2321/2089 1102/2322/2091
f 1103/2329/2101 1102/2322/2091 1182/2330/2102
f 1182/2330/2103 1102/2322/2090 1183/2323/2092
f 1182/2330/2102 1183/2323/2093 1149/2331/2104
f 1149/2331/2105 1183/2323/2092 1148/2324/2094
f 1149/2331/2104 1148/2324/2094 1195/2332/2106
f 1195/2332/2106 1148/2324/2094 1194/2325/2096
f 1195/2332/2106 1194/2325/2107 1251/2333/2108
f 1251/2333/2108 1194/2325/2109 1252/1579/1118
f 1251/2333/2108 1252/1579/1118 1218/1581/2110
f 1016/1534/1059 1015/1532/2111 1091/2334/2112
f 1091/2334/2112 1015/1532/1055 1092/2326/2113
f 1091/2334/2112 1092/2326/2114 1060/2335/2115
f 1060/2335/2116 1092/2326/2097 1059/2327/2098
f 1060/2335/2115 1059/2327/2098 1135/2336/2117
f 1135/2336/2117 1059/2327/2098 1136/2328/2100
f 1135/2336/2117 1136/2328/2100 1104/2337/2118
f 1104/2337/2118 1136/2328/2100 1103/2329/2119
f 1104/2337/2120 1103/2329/2101 1181/2338/2121
f 1181/2338/2122 1103/2329/2101 1182/2330/2123
f 1181/2338/2122 1182/2330/2124 1150/2339/2125
f 1150/2339/2125 1182/2330/2103 1149/2331/2105
f 1150/2339/2125 1149/2331/2104 1196/2340/2126
f 1196/2340/2126 1149/2331/2104 1195/2332/2106
f 1196/2340/2127 1195/2332/2128 1250/2341/2129
f 1250/2341/2129 1195/2332/2106 1251/2333/2108
f 1250/2341/2129 1251/2333/2130 1219/2342/2131
f 1219/2342/2131 1251/2333/2130 1218/1581/1120
f 1219/2342/2131 1218/1581/1121 1295/1583/1123
f 1017/1536/1061 1016/1534/2132 1090/2343/2133
f 1090/2343/2133 1016/1534/1059 1091/2334/2112
f 1090/2343/2133 1091/2334/2112 1061/2344/2134
f 1061/2344/2134 1091/2334/2135 1060/2335/2116
f 1061/2344/2134 1060/2335/2116 1134/2345/2136
f 1134/2345/2136 1060/2335/2115 1135/2336/2117
f 1134/2345/2136 1135/2336/2117 1105/2346/2137
f 1105/2346/2137 1135/2336/2117 1104/2337/2138
f 1105/2346/2137 1104/2337/2139 1180/2347/2140
f 1180/2347/2140 1104/2337/2118 1181/2338/2122
f 1180/2347/2140 1181/2338/2122 1151/2348/2141
f 1151/2348/2141 1181/2338/2122 1150/2339/2142
f 1151/2348/2141 1150/2339/2125 1197/2349/2143
f 1197/2349/2143 1150/2339/2125 1196/2340/2127
f 1197/2349/2144 1196/2340/2127 1249/2350/2145
f 1249/2350/2145 1196/2340/2126 1250/2341/2129
f 1249/2350/2145 1250/2341/2146 1220/2351/2147
f 1220/2351/2147 1250/2341/2129 1219/2342/2148
f 1220/2351/2147 1219/2342/2131 1294/2352/2149
f 1294/2352/2149 1219/2342/2131 1295/1583/1123
f 1294/2352/2149 1295/1583/1123 1265/1585/1126
f 1018/1538/1064 1017/1536/1061 1089/2353/2150
f 1089/2353/2151 1017/1536/1061 1090/2343/2133
f 1089/2353/2152 1090/2343/2133 1062/2354/2153
f 1062/2354/2153 1090/2343/2133 1061/2344/2134
f 1062/2354/2154 1061/2344/2134 1133/2355/2155
f 1133/2355/2156 1061/2344/2134 1134/2345/2136
f 1133/2355/2157 1134/2345/2136 1106/2356/2158
f 1106/2356/2158 1134/2345/2136 1105/2346/2137
f 1106/2356/2158 1105/2346/2137 1179/2357/2159
f 1179/2357/2159 1105/2346/2137 1180/2347/2140
f 1179/2357/2159 1180/2347/2140 1152/2358/2160
f 1152/2358/2160 1180/2347/2140 1151/2348/2141
f 1152/2358/2161 1151/2348/2141 1198/2359/2162
f 1198/2359/2162 1151/2348/2141 1197/2349/2144
f 1198/2359/2163 1197/2349/2143 1248/2360/2164
f 1248/2360/2164 1197/2349/2143 1249/2350/2145
f 1248/2360/2164 1249/2350/2145 1221/2361/2165
f 1221/2361/2165 1249/2350/2145 1220/2351/2147
f 1221/2361/2165 1220/2351/2147 1293/2362/2166
f 1293/2362/2166 1220/2351/2147 1294/2352/2149
f 1293/2362/2167 1294/2352/2149 1266/2363/2168
f 1266/2363/2168 1294/2352/2149 1265/1585/1126
f 1266/2363/2168 1265/1585/1126 1337/1587/1129
f 1019/1540/1067 1018/1538/1064 1088/2364/2169
f 1088/2364/2169 1018/1538/1063 1089/2353/2150
f 1088/2364/2169 1089/2353/2151 1063/2365/2170
f 1063/2365/2170 1089/2353/2151 1062/2354/2154
f 1063/2365/2170 1062/2354/2154 1132/2366/2171
f 1132/2366/2171 1062/2354/2154 1133/2355/2157
f 1132/2366/2171 1133/2355/2156 1107/2367/2172
f 1107/2367/2172 1133/2355/2157 1106/2356/2158
f 1107/2367/2172 1106/2356/2158 1178/2368/2173
f 1178/2368/2173 1106/2356/2158 1179/2357/2159
f 1178/2368/2173 1179/2357/2159 1153/2369/2174
f 1153/2369/2175 1179/2357/2159 1152/2358/2160
f 1153/2369/2175 1152/2358/2160 1199/2370/2176
f 1199/2370/2176 1152/2358/2160 1198/2359/2163
f 1199/2370/2176 1198/2359/2162 1247/2371/2177
f 1247/2371/2177 1198/2359/2162 1248/2360/2164
f 1247/2371/2177 1248/2360/2164 1222/2372/2178
f 1222/2372/2178 1248/2360/2164 1221/2361/2165
f 1222/2372/2178 1221/2361/2165 1292/2373/2179
f 1292/2373/2179 1221/2361/2165 1293/2362/2167
f 1292/2373/2180 1293/2362/2166 1267/2374/2181
f 1267/2374/2181 1293/2362/2166 1266/2363/2168
f 1267/2374/2181 1266/2363/2168 1336/2375/2182
f 1336/2375/2182 1266/2363/2168 1337/1587/1129
f 1336/2375/2182 1337/1587/1129 1311/1589/1131
f 1020/1542/1071 1019/1540/1067 1087/2376/2183
f 1087/2376/2183 1019/1540/1067 1088/2364/2169
f 1087/2376/2183 1088/2364/2169 1064/2377/2184
f 1064/2377/2184 1088/2364/2169 1063/2365/2170
f 1064/2377/2184 1063/2365/2170 1131/2378/2185
f 1131/2378/2186 1063/2365/2170 1132/2366/2171
f 1131/2378/2185 1132/2366/2171 1108/2379/2187
f 1108/2379/2188 1132/2366/2171 1107/2367/2172
f 1108/2379/2188 1107/2367/2172 1177/2380/2189
f 1177/2380/2189 1107/2367/2172 1178/2368/2190
f 1177/2380/2189 1178/2368/2173 1154/2381/2191
f 1154/2381/2191 1178/2368/2173 1153/2369/2175
f 1154/2381/2191 1153/2369/2175 1200/2382/2192
f 1200/2382/2192 1153/2369/2174 1199/2370/2176
f 1200/2382/2192 1199/2370/2176 1246/2383/2193
f 1246/2383/2193 1199/2370/2176 1247/2371/2177
f 1246/2383/2194 1247/2371/2177 1223/2384/2195
f 1223/2384/2195 1247/2371/2177 1222/2372/2178
f 1223/2384/2195 1222/2372/2178 1291/2385/2196
f 1291/2385/2196 1222/2372/2178 1292/2373/2180
f 1291/2385/2196 1292/2373/2179 1268/2386/2197
f 1268/2386/2197 1292/2373/2179 1267/2374/2181
f 1268/2386/2197 1267/2374/2181 1335/2387/2198
f 1335/2387/2198 1267/2374/2181 1336/2375/2182
f 1335/2387/2199 1336/2375/2182 1312/2388/2200
f 1312/2388/2200 1336/2375/2182 1311/1589/1131
f 1312/2388/2200 1311/1589/1131 1379/1591/1133
f 1021/1544/2201 1020/1542/1071 1086/2389/2202
f 1086/2389/2202 1020/1542/1071 1087/2376/2183
f 1086/2389/2202 1087/2376/2183 1065/2390/2203
f 1065/2390/2203 1087/2376/2183 1064/2377/2184
f 1065/2390/2203 1064/2377/2184 1130/2391/2204
f 1130/2391/2204 1064/2377/2184 1131/2378/2186
f 1130/2391/2204 1131/2378/2185 1109/2392/2205
f 1109/2392/2205 1131/2378/2185 1108/2379/2188
f 1109/2392/2205 1108/2379/2188 1176/2393/2206
f 1176/2393/2206 1108/2379/2188 1177/2380/2189
f 1176/2393/2206 1177/2380/2189 1155/2394/2207
f 1155/2394/2207 1177/2380/2189 1154/2381/2191
f 1155/2394/2207 1154/2381/2191 1201/2395/2208
f 1201/2395/2208 1154/2381/2191 1200/2382/2192
f 1201/2395/2209 1200/2382/2192 1245/2396/2210
f 1245/2396/2210 1200/2382/2192 1246/2383/2194
f 1245/2396/2210 1246/2383/2193 1224/2397/2211
f 1224/2397/2211 1246/2383/2194 1223/2384/2195
f 1224/2397/2211 1223/2384/2195 1290/2398/2212
f 1290/2398/2212 1223/2384/2195 1291/2385/2196
f 1290/2398/2213 1291/2385/2196 1269/2399/2214
f 1269/2399/2214 1291/2385/2196 1268/2386/2197
f 1269/2399/2214 1268/2386/2197 1334/2400/2215
f 1334/2400/2215 1268/2386/2197 1335/2387/2198
f 1334/2400/2216 1335/2387/2198 1313/2401/2217
f 1313/2401/2217 1335/2387/2199 1312/2388/2200
f 1313/2401/2217 1312/2388/2200 1378/2402/2218
f 1378/2402/2218 1312/2388/2200 1379/1591/1134
f 1378/2402/2218 1379/1591/1134 1357/1593/1138
f 1022/1546/1076 1021/1544/1073 1085/2403/2219
f 1085/2403/2219 1021/1544/1073 1086/2389/2202
f 1085/2403/2219 1086/2389/2202 1066/2404/2220
f 1066/2404/2220 1086/2389/2202 1065/2390/2203
f 1066/2404/2220 1065/2390/2203 1129/2405/2221
f 1129/2405/2221 1065/2390/2203 1130/2391/2204
f 1129/2405/2221 1130/2391/2204 1110/2406/2222
f 1110/2406/2222 1130/2391/2204 1109/2392/2205
f 1110/2406/2222 1109/2392/2205 1175/2407/2223
f 1175/2407/2224 1109/2392/2205 1176/2393/2206
f 1175/2407/2224 1176/2393/2206 1156/2408/2225
f 1156/2408/2225 1176/2393/2206 1155/2394/2207
f 1156/2408/2226 1155/2394/2207 1202/2409/2227
f 1202/2409/2228 1155/2394/2207 1201/2395/2229
f 1202/2409/2227 1201/2395/2208 1244/2410/2230
f 1244/2410/2230 1201/2395/2208 1245/2396/2210
f 1244/2410/2230 1245/2396/2210 1225/2411/2231
f 1225/2411/2232 1245/2396/2210 1224/2397/2211
f 1225/2411/2231 1224/2397/2211 1289/2412/2233
f 1289/2412/2233 1224/2397/2211 1290/2398/2213
f 1289/2412/2233 1290/2398/2234 1270/2413/2235
f 1270/2413/2235 1290/2398/2234 1269/2399/2214
f 1270/2413/2236 1269/2399/2214 1333/2414/2237
f 1333/2414/2237 1269/2399/2214 1334/2400/2216
f 1333/2414/2237 1334/2400/2215 1314/2415/2238
f 1314/2415/2238 1334/2400/2215 1313/2401/2217
f 1314/2415/2238 1313/2401/2217 1377/2416/2239
f 1377/2416/2239 1313/2401/2217 1378/2402/2218
f 1377/2416/2239 1378/2402/2218 1358/2417/2240
f 1358/2417/2240 1378/2402/2218 1357/1593/1136
f 1358/2417/2240 1357/1593/1138 1423/1595/1139
f 1023/1548/1078 1022/1546/1076 1084/2418/2241
f 1084/2418/2241 1022/1546/1076 1085/2403/2219
f 1084/2418/2241 1085/2403/2219 1067/2419/2242
f 1067/2419/2242 1085/2403/2219 1066/2404/2220
f 1067/2419/2242 1066/2404/2220 1128/2420/2243
f 1128/2420/2243 1066/2404/2220 1129/2405/2244
f 1128/2420/2243 1129/2405/2221 1111/2421/2245
f 1111/2421/2245 1129/2405/2221 1110/2406/2222
f 1111/2421/2245 1110/2406/2222 1174/2422/2246
f 1174/2422/2246 1110/2406/2222 1175/2407/2224
f 1174/2422/2246 1175/2407/2223 1157/2423/2247
f 1157/2423/2247 1175/2407/2223 1156/2408/2226
f 1157/2423/2247 1156/2408/2225 1203/2424/2248
f 1203/2424/2249 1156/2408/2225 1202/2409/2227
f 1203/2424/2248 1202/2409/2227 1243/2425/2250
f 1243/2425/2250 1202/2409/2227 1244/2410/2230
f 1243/2425/2250 1244/2410/2230 1226/2426/2251
f 1226/2426/2251 1244/2410/2230 1225/2411/2231
f 1226/2426/2252 1225/2411/2231 1288/2427/2253
f 1288/2427/2253 1225/2411/2231 1289/2412/2233
f 1288/2427/2254 1289/2412/2233 1271/2428/2255
f 1271/2428/2255 1289/2412/2233 1270/2413/2236
f 1271/2428/2255 1270/2413/2235 1332/2429/2256
f 1332/2429/2256 1270/2413/2235 1333/2414/2237
f 1332/2429/2256 1333/2414/2237 1315/2430/2257
f 1315/2430/2257 1333/2414/2237 1314/2415/2238
f 1315/2430/2257 1314/2415/2238 1376/2431/2258
f 1376/2431/2258 1314/2415/2238 1377/2416/2239
f 1376/2431/2258 1377/2416/2239 1359/2432/2259
f 1359/2432/2259 1377/2416/2239 1358/2417/2240
f 1359/2432/2259 1358/2417/2240 1422/2433/2260
f 1422/2433/2260 1358/2417/2240 1423/1595/1139
f 1422/2433/2260 1423/1595/1139 1405/1597/1142
f 1024/1550/1081 1023/1548/1078 1083/2434/2261
f 1083/2434/2261 1023/1548/1078 1084/2418/2241
f 1083/2434/2261 1084/2418/2241 1068/2435/2262
f 1068/2435/2262 1084/2418/2241 1067/2419/2242
f 1068/2435/2262 1067/2419/2242 1127/2436/2263
f 1127/2436/2263 1067/2419/2242 1128/2420/2243
f 1127/2436/2263 1128/2420/2243 1112/2437/2264
f 1112/2437/2264 1128/2420/2243 1111/2421/2245
f 1112/2437/2264 1111/2421/2245 1173/2438/2265
f 1173/2438/2265 1111/2421/2245 1174/2422/2246
f 1173/2438/2265 1174/2422/2246 1158/2439/2266
f 1158/2439/2266 1174/2422/2246 1157/2423/2247
f 1158/2439/2266 1157/2423/2247 1204/2440/2267
f 1204/2440/2267 1157/2423/2247 1203/2424/2248
f 1204/2440/2267 1203/2424/2248 1242/2441/2268
f 1242/2441/2269 1203/2424/2248 1243/2425/2250
f 1242/2441/2268 1243/2425/2250 1227/2442/2270
f 1227/2442/2270 1243/2425/2250 1226/2426/2252
f 1227/2442/2270 1226/2426/2251 1287/2443/2271
f 1287/2443/2271 1226/2426/2251 1288/2427/2254
f 1287/2443/2271 1288/2427/2253 1272/2444/2272
f 1272/2444/2272 1288/2427/2253 1271/2428/2255
f 1272/2444/2272 1271/2428/2255 1331/2445/2273
f 1331/2445/2273 1271/2428/2255 1332/2429/2256
f 1331/2445/2273 1332/2429/2256 1316/2446/2274
f 1316/2446/2274 1332/2429/2256 1315/2430/2257
f 1316/2446/2274 1315/2430/2257 1375/2447/2275
f 1375/2447/2275 1315/2430/2257 1376/2431/2258
f 1375/2447/2276 1376/2431/2258 1360/2448/2277
f 1360/2448/2277 1376/2431/2258 1359/2432/2259
f 1360/2448/2278 1359/2432/2259 1421/2449/2279
f 1421/2449/2280 1359/2432/2259 1422/2433/2260
f 1421/2449/2280 1422/2433/2260 1406/2450/2281
f 1406/2450/2281 1422/2433/2260 1405/1597/1142
f 1406/2450/2281 1405/1597/1142 1452/1599/1144
f 1025/1552/1083 1024/1550/1081 1082/2451/2282
f 1082/2451/2282 1024/1550/1081 1083/2434/2261
f 1082/2451/2282 1083/2434/2261 1069/2452/2283
f 1069/2452/2283 1083/2434/2261 1068/2435/2262
f 1069/2452/2283 1068/2435/2262 1126/2453/2284
f 1126/2453/2284 1068/2435/2262 1127/2436/2263
f 1126/2453/2284 1127/2436/2263 1113/2454/2285
f 1113/2454/2285 1127/2436/2263 1112/2437/2264
f 1113/2454/2285 1112/2437/2264 1172/2455/2286
f 1172/2455/2286 1112/2437/2264 1173/2438/2265
f 1172/2455/2286 1173/2438/2265 1159/2456/2287
f 1159/2456/2287 1173/2438/2265 1158/2439/2266
f 1159/2456/2288 1158/2439/2266 1205/2457/2289
f 1205/2457/2289 1158/2439/2266 1204/2440/2267
f 1205/2457/2289 1204/2440/2267 1241/2458/2290
f 1241/2458/2290 1204/2440/2267 1242/2441/2268
f 1241/2458/2290 1242/2441/2269 1228/2459/2291
f 1228/2459/2291 1242/2441/2268 1227/2442/2270
f 1228/2459/2292 1227/2442/2270 1286/2460/2293
f 1286/2460/2293 1227/2442/2270 1287/2443/2271
f 1286/2460/2293 1287/2443/2271 1273/2461/2294
f 1273/2461/2294 1287/2443/2271 1272/2444/2272
f 1273/2461/2294 1272/2444/2272 1330/2462/2295
f 1330/2462/2296 1272/2444/2272 1331/2445/2273
f 1330/2462/2295 1331/2445/2273 1317/2463/2297
f 1317/2463/2297 1331/2445/2273 1316/2446/2274
f 1317/2463/2297 1316/2446/2274 1374/2464/2298
f 1374/2464/2298 1316/2446/2274 1375/2447/2276
f 1374/2464/2298 1375/2447/2275 1361/2465/2299
f 1361/2465/2299 1375/2447/2275 1360/2448/2278
f 1361/2465/2299 1360/2448/2277 1420/2466/2300
f 1420/2466/2301 1360/2448/2277 1421/2449/2280
f 1420/2466/2300 1421/2449/2280 1407/2467/2302
f 1407/2467/2303 1421/2449/2280 1406/2450/2281
f 1407/2467/2303 1406/2450/2281 1453/2468/2304
f 1453/2468/2304 1406/2450/2281 1452/1599/1144
f 1453/2468/2305 1452/1599/1144 1489/1601/1146
f 1026/1554/1086 1025/1552/1083 1081/2469/2306
f 1081/2469/2307 1025/1552/1083 1082/2451/2282
f 1081/2469/2306 1082/2451/2282 1070/2470/2308
f 1070/2470/2308 1082/2451/2309 1069/2452/2283
f 1070/2470/2308 1069/2452/2283 1125/2471/2310
f 1125/2471/2310 1069/2452/2283 1126/2453/2284
f 1125/2471/2311 1126/2453/2312 1114/2472/2313
f 1114/2472/2313 1126/2453/2312 1113/2454/2285
f 1114/2472/2313 1113/2454/2314 1171/2473/2315
f 1171/2473/2315 1113/2454/2314 1172/2455/2286
f 1171/2473/2315 1172/2455/2286 1160/2474/2316
f 1160/2474/2317 1172/2455/2286 1159/2456/2287
f 1160/2474/2316 1159/2456/2287 1206/2475/2318
f 1206/2475/2318 1159/2456/2287 1205/2457/2289
f 1206/2475/2318 1205/2457/2319 1240/2476/2320
f 1240/2476/2321 1205/2457/2289 1241/2458/2290
f 1240/2476/2321 1241/2458/2290 1229/2477/2322
f 1229/2477/2322 1241/2458/2290 1228/2459/2291
f 1229/2477/2322 1228/2459/2291 1285/2478/2323
f 1285/2478/2323 1228/2459/2291 1286/2460/2293
f 1285/2478/2324 1286/2460/2293 1274/2479/2325
f 1274/2479/2325 1286/2460/2293 1273/2461/2326
f 1274/2479/2327 1273/2461/2294 1329/2480/2328
f 1329/2480/2328 1273/2461/2294 1330/2462/2329
f 1329/2480/2328 1330/2462/2295 1318/2481/2330
f 1318/2481/2330 1330/2462/2296 1317/2463/2297
f 1318/2481/2331 1317/2463/2297 1373/2482/2332
f 1373/2482/2332 1317/2463/2333 1374/2464/2298
f 1373/2482/2332 1374/2464/2298 1362/2483/2334
f 1362/2483/2334 1374/2464/2298 1361/2465/2299
f 1362/2483/2334 1361/2465/2335 1419/2484/2336
f 1419/2484/2337 1361/2465/2299 1420/2466/2300
f 1419/2484/2337 1420/2466/2301 1408/2485/2338
f 1408/2485/2338 1420/2466/2301 1407/2467/2339
f 1408/2485/2338 1407/2467/2303 1454/2486/2340
f 1454/2486/2340 1407/2467/2303 1453/2468/2305
f 1454/2486/2340 1453/2468/2304 1488/2487/2341
f 1488/2487/2341 1453/2468/2305 1489/1601/1146
f 1488/2487/2341 1489/1601/1146 1477/1603/1151
f 1027/1556/1089 1026/1554/1086 1080/2488/2342
f 1080/2488/2343 1026/1554/1086 1081/2469/2306
f 1080/2488/2342 1081/2469/2306 1071/2489/2344
f 1071/2489/2344 1081/2469/2306 1070/2470/2308
f 1071/2489/2344 1070/2470/2308 1124/2490/2345
f 1124/2490/2345 1070/2470/2308 1125/2471/2311
f 1124/2490/2345 1125/2471/2311 1115/2491/2346
f 1115/2491/2346 1125/2471/2310 1114/2472/2313
f 1115/2491/2346 1114/2472/2313 1170/2492/2347
f 1170/2492/2347 1114/2472/2313 1171/2473/2315
f 1170/2492/2347 1171/2473/2315 1161/2493/2348
f 1161/2493/2348 1171/2473/2315 1160/2474/2317
f 1161/2493/2348 1160/2474/2317 1207/2494/2349
f 1207/2494/2349 1160/2474/2316 1206/2475/2318
f 1207/2494/2349 1206/2475/2318 1239/2495/2350
f 1239/2495/2350 1206/2475/2318 1240/2476/2320
f 1239/2495/2350 1240/2476/2320 1230/2496/2351
f 1230/2496/2352 1240/2476/2320 1229/2477/2322
f 1230/2496/2352 1229/2477/2322 1284/2497/2353
f 1284/2497/2353 1229/2477/2322 1285/2478/2324
f 1284/2497/2353 1285/2478/2324 1275/2498/2354
f 1275/2498/2355 1285/2478/2324 1274/2479/2325
f 1275/2498/2356 1274/2479/2325 1328/2499/2357
f 1328/2499/2357 1274/2479/2325 1329/2480/2328
f 1328/2499/2357 1329/2480/2328 1319/2500/2358
f 1319/2500/2358 1329/2480/2328 1318/2481/2331
f 1319/2500/2358 1318/2481/2331 1372/2501/2359
f 1372/2501/2359 1318/2481/2330 1373/2482/2332
f 1372/2501/2359 1373/2482/2332 1363/2502/2360
f 1363/2502/2360 1373/2482/2332 1362/2483/2334
f 1363/2502/2360 1362/2483/2334 1418/2503/2361
f 1418/2503/2361 1362/2483/2334 1419/2484/2337
f 1418/2503/2362 1419/2484/2337 1409/2504/2363
f 1409/2504/2363 1419/2484/2337 1408/2485/2338
f 1409/2504/2364 1408/2485/2365 1455/2505/2366
f 1455/2505/2366 1408/2485/2338 1454/2486/2340
f 1455/2505/2366 1454/2486/2340 1487/2506/2367
f 1487/2506/2367 1454/2486/2340 1488/2487/2341
f 1487/2506/2367 1488/2487/2341 1478/2507/2368
f 1478/2507/2368 1488/2487/2341 1477/1603/1151
f 1478/2507/2368 1477/1603/1151 1531/1605/1152
f 1028/1558/2369 1027/1556/1089 1079/2508/2370
f 1079/2508/2370 1027/1556/1089 1080/2488/2342
f 1079/2508/2370 1080/2488/2343 1072/2509/2371
f 1072/2509/2371 1080/2488/2342 1071/2489/2344
f 1072/2509/2371 1071/2489/2344 1123/2510/2372
f 1123/2510/2373 1071/2489/2344 1124/2490/2345
f 1123/2510/2372 1124/2490/2345 1116/2511/2374
f 1116/2511/2375 1124/2490/2345 1115/2491/2346
f 1116/2511/2375 1115/2491/2346 1169/2512/2376
f 1169/2512/2376 1115/2491/2346 1170/2492/2347
f 1169/2512/2376 1170/2492/2347 1162/2513/2377
f 1162/2513/2377 1170/2492/2347 1161/2493/2348
f 1162/2513/2377 1161/2493/2348 1208/2514/2378
f 1208/2514/2378 1161/2493/2348 1207/2494/2349
f 1208/2514/2378 1207/2494/2349 1238/2515/2379
f 1238/2515/2379 1207/2494/2349 1239/2495/2350
f 1238/2515/2379 1239/2495/2350 1231/2516/2380
f 1231/2516/2380 1239/2495/2350 1230/2496/2352
f 1231/2516/2380 1230/2496/2352 1283/2517/2381
f 1283/2517/2381 1230/2496/2351 1284/2497/2353
f 1283/2517/2381 1284/2497/2353 1276/2518/2382
f 1276/2518/2382 1284/2497/2353 1275/2498/2356
f 1276/2518/2382 1275/2498/2356 1327/2519/2383
f 1327/2519/2383 1275/2498/2354 1328/2499/2357
f 1327/2519/2383 1328/2499/2357 1320/2520/2384
f 1320/2520/2385 1328/2499/2357 1319/2500/2358
f 1320/2520/2385 1319/2500/2358 1371/2521/2386
f 1371/2521/2386 1319/2500/2358 1372/2501/2359
f 1371/2521/2386 1372/2501/2359 1364/2522/2387
f 1364/2522/2387 1372/2501/2359 1363/2502/2360
f 1364/2522/2387 1363/2502/2360 1417/2523/2388
f 1417/2523/2388 1363/2502/2360 1418/2503/2389
f 1417/2523/2388 1418/2503/2390 1410/2524/2391
f 1410/2524/2391 1418/2503/2390 1409/2504/2363
f 1410/2524/2391 1409/2504/2363 1456/2525/2392
f 1456/2525/2392 1409/2504/2364 1455/2505/2366
f 1456/2525/2392 1455/2505/2366 1486/2526/2393
f 1486/2526/2393 1455/2505/2366 1487/2506/2367
f 1486/2526/2393 1487/2506/2367 1479/2527/2394
f 1479/2527/2394 1487/2506/2367 1478/2507/2368
f 1479/2527/2394 1478/2507/2368 1530/2528/2395
f 1530/2528/2395 1478/2507/2368 1531/1605/1152
f 1530/2528/2395 1531/1605/1152 1523/1607/1155
f 1029/1560/1093 1028/1558/1091 1078/2529/2396
f 1078/2529/2397 1028/1558/1091 1079/2508/2370
f 1078/2529/2397 1079/2508/2398 1073/2530/2399
f 1073/2530/2399 1079/2508/2398 1072/2509/2371
f 1073/2530/2399 1072/2509/2371 1122/2531/2400
f 1122/2531/2400 1072/2509/2371 1123/2510/2373
f 1122/2531/2401 1123/2510/2373 1117/2532/2402
f 1117/2532/2402 1123/2510/2373 1116/2511/2375
f 1117/2532/2403 1116/2511/2375 1168/2533/2404
f 1168/2533/2405 1116/2511/2374 1169/2512/2376
f 1168/2533/2404 1169/2512/2376 1163/2534/2406
f 1163/2534/2406 1169/2512/2376 1162/2513/2377
f 1163/2534/2407 1162/2513/2377 1209/2535/2408
f 1209/2535/2409 1162/2513/2377 1208/2514/2378
f 1209/2535/2409 1208/2514/2410 1237/2536/2411
f 1237/2536/2412 1208/2514/2378 1238/2515/2379
f 1237/2536/2411 1238/2515/2379 1232/2537/2413
f 1232/2537/2414 1238/2515/2379 1231/2516/2380
f 1232/2537/2413 1231/2516/2380 1282/2538/2415
f 1282/2538/2416 1231/2516/2380 1283/2517/2381
f 1282/2538/2415 1283/2517/2381 1277/2539/2417
f 1277/2539/2418 1283/2517/2381 1276/2518/2382
f 1277/2539/2417 1276/2518/2419 1326/2540/2420
f 1326/2540/2420 1276/2518/2382 1327/2519/2383
f 1326/2540/2421 1327/2519/2383 1321/2541/2422
f 1321/2541/2423 1327/2519/2383 1320/2520/2384
f 1321/2541/2422 1320/2520/2384 1370/2542/2424
f 1370/2542/2424 1320/2520/2384 1371/2521/2386
f 1370/2542/2425 1371/2521/2386 1365/2543/2426
f 1365/2543/2427 1371/2521/2428 1364/2522/2387
f 1365/2543/2429 1364/2522/2387 1416/2544/2430
f 1416/2544/2431 1364/2522/2387 1417/2523/2388
f 1416/2544/2430 1417/2523/2388 1411/2545/2432
f 1411/2545/2433 1417/2523/2388 1410/2524/2391
f 1411/2545/2433 1410/2524/2391 1457/2546/2434
f 1457/2546/2435 1410/2524/2391 1456/2525/2392
f 1457/2546/2434 1456/2525/2392 1485/2547/2436
f 1485/2547/2436 1456/2525/2392 1486/2526/2393
f 1485/2547/2437 1486/2526/2393 1480/2548/2438
f 1480/2548/2439 1486/2526/2393 1479/2527/2394
f 1480/2548/2440 1479/2527/2394 1529/2549/2441
f 1529/2549/2442 1479/2527/2394 1530/2528/2395
f 1529/2549/2442 1530/2528/2395 1524/2550/2443
f 1524/2550/2443 1530/2528/2395 1523/1607/1155
f 1524/2550/2444 1523/1607/1155 1573/1609/1159
f 1076/2275/2042 1031/1564/1099 1030/1562/1096
f 1030/1562/1096 1029/1560/1094 1077/2551/2445
f 1077/2551/2445 1029/1560/1093 1078/2529/2397
f 1077/2551/2445 1078/2529/2397 1074/2552/2446
f 1074/2552/2446 1078/2529/2397 1073/2530/2399
f 1074/2552/2446 1073/2530/2447 1121/2553/2448
f 1121/2553/2448 1073/2530/2399 1122/2531/2400
f 1121/2553/2448 1122/2531/2400 1118/2554/2449
f 1118/2554/2449 1122/2531/2450 1117/2532/2402
f 1118/2554/2449 1117/2532/2403 1167/2555/2451
f 1167/2555/2452 1117/2532/2402 1168/2533/2405
f 1167/2555/2451 1168/2533/2404 1164/2556/2453
f 1164/2556/2453 1168/2533/2404 1163/2534/2406
f 1164/2556/2453 1163/2534/2406 1210/2557/2454
f 1210/2557/2454 1163/2534/2406 1209/2535/2409
f 1210/2557/2454 1209/2535/2409 1236/2558/2455
f 1236/2558/2455 1209/2535/2409 1237/2536/2411
f 1236/2558/2456 1237/2536/2412 1233/2559/2457
f 1233/2559/2457 1237/2536/2411 1232/2537/2413
f 1233/2559/2457 1232/2537/2414 1281/2560/2458
f 1281/2560/2459 1232/2537/2413 1282/2538/2415
f 1281/2560/2458 1282/2538/2415 1278/2561/2460
f 1278/2561/2460 1282/2538/2416 1277/2539/2461
f 1278/2561/2460 1277/2539/2417 1325/2562/2462
f 1325/2562/2462 1277/2539/2417 1326/2540/2420
f 1325/2562/2462 1326/2540/2420 1322/2563/2463
f 1322/2563/2463 1326/2540/2421 1321/2541/2422
f 1322/2563/2463 1321/2541/2422 1369/2564/2464
f 1369/2564/2464 1321/2541/2423 1370/2542/2424
f 1369/2564/2464 1370/2542/2424 1366/2565/2465
f 1366/2565/2466 1370/2542/2424 1365/2543/2429
f 1366/2565/2467 1365/2543/2426 1415/2566/2468
f 1415/2566/2468 1365/2543/2427 1416/2544/2430
f 1415/2566/2468 1416/2544/2430 1412/2567/2469
f 1412/2567/2469 1416/2544/2430 1411/2545/2432
f 1412/2567/2469 1411/2545/2432 1458/2568/2470
f 1458/2568/2470 1411/2545/2432 1457/2546/2471
f 1458/2568/2470 1457/2546/2434 1484/2569/2472
f 1484/2569/2472 1457/2546/2435 1485/2547/2437
f 1484/2569/2472 1485/2547/2437 1481/2570/2473
f 1481/2570/2473 1485/2547/2437 1480/2548/2440
f 1481/2570/2473 1480/2548/2440 1528/2571/2474
f 1528/2571/2474 1480/2548/2440 1529/2549/2442
f 1528/2571/2474 1529/2549/2442 1525/2572/2475
f 1525/2572/2475 1529/2549/2442 1524/2550/2443
f 1525/2572/2475 1524/2550/2443 1572/2573/2476
f 1572/2573/2476 1524/2550/2443 1573/1609/1160
f 1572/2573/2476 1573/1609/1160 1569/1611/1163
f 1074/2552/2446 1075/2273/2041 1077/2551/2445
f 1077/2551/2445 1075/2273/2041 1076/2275/2042
f 1077/2551/2445 1076/2275/2042 1030/1562/1096
f 1075/2273/2041 1074/2552/2446 1120/2271/2477
f 1120/2271/2477 1074/2552/2446 1121/2553/2448
f 1120/2271/2477 1121/2553/2448 1119/2269/2039
f 1119/2269/2039 1121/2553/2448 1118/2554/2449
f 1119/2269/2039 1118/2554/2449 1166/2267/2038
f 1166/2267/2478 1118/2554/2449 1167/2555/2451
f 1166/2267/2038 1167/2555/2452 1165/2265/2037
f 1165/2265/2037 1167/2555/2452 1164/2556/2453
f 1165/2265/2037 1164/2556/2453 1211/2263/2035
f 1211/2263/2035 1164/2556/2453 1210/2557/2479
f 1211/2263/2035 1210/2557/2454 1235/2261/2034
f 1235/2261/2480 1210/2557/2454 1236/2558/2456
f 1235/2261/2480 1236/2558/2455 1234/2259/2033
f 1234/2259/2033 1236/2558/2456 1233/2559/2457
f 1234/2259/2033 1233/2559/2457 1280/2257/2032
f 1280/2257/2032 1233/2559/2457 1281/2560/2459
f 1280/2257/2032 1281/2560/2459 1279/2255/2031
f 1279/2255/2031 1281/2560/2458 1278/2561/2460
f 1279/2255/2031 1278/2561/2460 1324/2253/2030
f 1324/2253/2030 1278/2561/2460 1325/2562/2462
f 1324/2253/2030 1325/2562/2462 1323/2251/2029
f 1323/2251/2481 1325/2562/2482 1322/2563/2463
f 1323/2251/2481 1322/2563/2463 1368/2250/2028
f 1368/2250/2028 1322/2563/2463 1369/2564/2464
f 1368/2250/2028 1369/2564/2464 1367/2248/2027
f 1367/2248/2027 1369/2564/2464 1366/2565/2467
f 1367/2248/2027 1366/2565/2465 1414/2246/2483
f 1414/2246/2483 1366/2565/2465 1415/2566/2468
f 1414/2246/2484 1415/2566/2468 1413/2244/2485
f 1413/2244/2485 1415/2566/2468 1412/2567/2469
f 1413/2244/2025 1412/2567/2486 1459/2242/2024
f 1459/2242/2024 1412/2567/2469 1458/2568/2470
f 1459/2242/2024 1458/2568/2470 1483/2240/2023
f 1483/2240/2023 1458/2568/2470 1484/2569/2472
f 1483/2240/2023 1484/2569/2472 1482/2238/2022
f 1482/2238/2022 1484/2569/2472 1481/2570/2473
f 1482/2238/2022 1481/2570/2473 1527/2236/2021
f 1527/2236/2021 1481/2570/2473 1528/2571/2487
f 1527/2236/2021 1528/2571/2474 1526/2234/2488
f 1526/2234/2488 1528/2571/2474 1525/2572/2475
f 1526/2234/2488 1525/2572/2475 1571/2232/2489
f 1571/2232/2489 1525/2572/2475 1572/2573/2476
f 1571/2232/2489 1572/2573/2476 1570/2230/2018
f 1570/2230/2018 1572/2573/2476 1569/1611/1163
f 1570/2230/2018 1569/1611/1163 1616/1613/1165
f 1188/1617/1168 1143/1641/1200 1144/1618/1169
f 1144/1618/1169 1143/1641/1200 1190/2574/2490
f 1144/1618/1169 1190/2574/2491 1191/1619/1171
f 1191/1619/1171 1190/2574/2490 1255/2575/2492
f 1191/1619/1171 1255/2575/2492 1254/1620/1172
f 1254/1620/1172 1255/2575/2492 1215/2576/2493
f 1254/1620/1172 1215/2576/2494 1216/1621/1173
f 1216/1621/1173 1215/2576/2495 1298/2577/2496
f 1216/1621/1173 1298/2577/2496 1297/1622/1174
f 1297/1622/1174 1298/2577/2496 1262/2578/2497
f 1297/1622/1174 1262/2578/2497 1263/1623/1175
f 1263/1623/1175 1262/2578/2497 1340/2579/2498
f 1263/1623/1175 1340/2579/2498 1339/1624/1178
f 1339/1624/1179 1340/2579/2499 1308/2580/2500
f 1339/1624/1178 1308/2580/2500 1309/1625/1182
f 1309/1625/1182 1308/2580/2500 1382/2581/2501
f 1309/1625/1182 1382/2581/2501 1381/1626/1183
f 1381/1626/1183 1382/2581/2501 1354/2582/2502
f 1381/1626/1183 1354/2582/2502 1355/1627/1184
f 1355/1627/1184 1354/2582/2502 1426/2583/2503
f 1355/1627/1184 1426/2583/2504 1425/1628/1185
f 1425/1628/1185 1426/2583/2504 1402/2584/2505
f 1425/1628/1185 1402/2584/2505 1403/1629/1186
f 1403/1629/1186 1402/2584/2505 1449/2585/2506
f 1403/1629/1186 1449/2585/2506 1450/1630/1187
f 1450/1630/1187 1449/2585/2506 1492/2586/2507
f 1450/1630/1187 1492/2586/2507 1491/1631/1189
f 1491/1631/1189 1492/2586/2507 1474/2587/2508
f 1491/1631/1189 1474/2587/2508 1475/1632/1190
f 1475/1632/1190 1474/2587/2508 1534/2588/2509
f 1475/1632/1191 1534/2588/2510 1533/1633/1192
f 1533/1633/1192 1534/2588/2510 1520/2589/2511
f 1533/1633/1192 1520/2589/2511 1521/1634/2512
f 1521/1634/1193 1520/2589/2511 1576/2590/2513
f 1521/1634/1193 1576/2590/2513 1575/1635/1194
f 1575/1635/2514 1576/2590/2513 1566/2591/2515
f 1575/1635/2514 1566/2591/2515 1567/1636/1195
f 1567/1636/1195 1566/2591/2515 1619/2592/2516
f 1567/1636/1195 1619/2592/2516 1618/1637/1196
f 1618/1637/1196 1619/2592/2516 1613/2593/2517
f 1618/1637/1196 1613/2593/2517 1614/1638/1197
f 1614/1638/1197 1613/2593/2517 1663/2594/2518
f 1614/1638/1197 1663/2594/2518 1662/1639/1198
f 1662/1639/1198 1663/2594/2518 1661/2227/2519
f 1143/1641/1200 1189/1643/1202 1190/2574/2491
f 1190/2574/2490 1189/1643/2520 1256/1645/1204
f 1190/2574/2490 1256/1645/1204 1255/2575/2492
f 1255/2575/2492 1256/1645/1204 1214/1647/1206
f 1255/2575/2492 1214/1647/1206 1215/2576/2493
f 1215/2576/2494 1214/1647/1206 1299/1649/1209
f 1215/2576/2495 1299/1649/1209 1298/2577/2496
f 1298/2577/2496 1299/1649/1209 1261/1651/1211
f 1298/2577/2496 1261/1651/1211 1262/2578/2497
f 1262/2578/2497 1261/1651/1211 1341/1653/1213
f 1262/2578/2497 1341/1653/1213 1340/2579/2499
f 1340/2579/2498 1341/1653/1213 1307/1655/1216
f 1340/2579/2498 1307/1655/1216 1308/2580/2500
f 1308/2580/2500 1307/1655/2521 1383/1657/1220
f 1308/2580/2500 1383/1657/2522 1382/2581/2501
f 1382/2581/2523 1383/1657/1220 1353/1659/2524
f 1382/2581/2501 1353/1659/1222 1354/2582/2502
f 1354/2582/2502 1353/1659/1222 1427/1661/1224
f 1354/2582/2502 1427/1661/1224 1426/2583/2504
f 1426/2583/2504 1427/1661/1224 1401/1663/1227
f 1426/2583/2503 1401/1663/1227 1402/2584/2505
f 1402/2584/2505 1401/1663/1227 1448/1665/1229
f 1402/2584/2505 1448/1665/1229 1449/2585/2506
f 1449/2585/2506 1448/1665/1229 1493/1667/1232
f 1449/2585/2506 1493/1667/1232 1492/2586/2507
f 1492/2586/2507 1493/1667/1232 1473/1669/1234
f 1492/2586/2507 1473/1669/1234 1474/2587/2508
f 1474/2587/2508 1473/1669/1234 1535/1671/1236
f 1474/2587/2508 1535/1671/1236 1534/2588/2510
f 1534/2588/2510 1535/1671/1236 1519/1673/1238
f 1534/2588/2510 1519/1673/1238 1520/2589/2511
f 1520/2589/2511 1519/1673/1238 1577/1675/1240
f 1520/2589/2511 1577/1675/1240 1576/2590/2513
f 1576/2590/2513 1577/1675/1240 1565/1677/1242
f 1576/2590/2513 1565/1677/1242 1566/2591/2515
f 1566/2591/2515 1565/1677/1242 1620/1679/1245
f 1566/2591/2515 1620/1679/1245 1619/2592/2516
f 1619/2592/2516 1620/1679/1245 1612/1681/1247
f 1619/2592/2516 1612/1681/1247 1613/2593/2525
f 1613/2593/2517 1612/1681/1247 1664/1683/1250
f 1613/2593/2517 1664/1683/1250 1663/2594/2518
f 1663/2594/2518 1664/1683/2526 1660/1685/1252
f 1663/2594/2518 1660/1685/1252 1661/2227/2519
f 1661/2227/2017 1660/1685/1252 1707/1687/1255
f 1257/1717/1301 1258/2595/2527 957/1715/1298
f 957/1715/1298 1258/2595/2528 1301/1692/1262
f 957/1715/1298 1301/1692/1262 1212/1691/1261
f 1301/1692/2529 1258/2595/2527 1259/1693/2530
f 1259/1693/1263 1258/2595/2527 1344/2596/2531
f 1259/1693/1263 1344/2596/2531 1343/1694/1264
f 1343/1694/1264 1344/2596/2531 1304/2597/2532
f 1343/1694/1264 1304/2597/2532 1305/1695/1267
f 1305/1695/1267 1304/2597/2533 1386/2598/2534
f 1305/1695/1267 1386/2598/2534 1385/1696/1269
f 1385/1696/1269 1386/2598/2534 1350/2599/2535
f 1385/1696/1271 1350/2599/2535 1351/1697/1272
f 1351/1697/1272 1350/2599/2535 1430/2600/2536
f 1351/1697/2537 1430/2600/2538 1429/1698/1274
f 1429/1698/1274 1430/2600/2538 1398/2601/2539
f 1429/1698/1276 1398/2601/2539 1399/1699/1277
f 1399/1699/1277 1398/2601/2539 1445/2602/2540
f 1399/1699/1277 1445/2602/2541 1446/1700/1278
f 1446/1700/1279 1445/2602/2540 1496/2603/2542
f 1446/1700/1279 1496/2603/2543 1495/1701/1280
f 1495/1701/2544 1496/2603/2543 1470/2604/2545
f 1495/1701/2544 1470/2604/2545 1471/1702/1281
f 1471/1702/1281 1470/2604/2545 1538/2605/2546
f 1471/1702/1281 1538/2605/2546 1537/1703/1283
f 1537/1703/1283 1538/2605/2546 1516/2606/2547
f 1537/1703/1283 1516/2606/2547 1517/1704/1284
f 1517/1704/1284 1516/2606/2548 1580/2607/2549
f 1517/1704/1284 1580/2607/2549 1579/1705/1285
f 1579/1705/1285 1580/2607/2549 1562/2608/2550
f 1579/1705/1285 1562/2608/2550 1563/1706/1286
f 1563/1706/1286 1562/2608/2550 1623/2609/2551
f 1563/1706/1286 1623/2609/2551 1622/1707/1287
f 1622/1707/1288 1623/2609/2551 1609/2610/2552
f 1622/1707/1287 1609/2610/2552 1610/1708/1289
f 1610/1708/1289 1609/2610/2552 1667/2611/2553
f 1610/1708/1289 1667/2611/2553 1666/1709/1290
f 1666/1709/1290 1667/2611/2553 1657/2612/2554
f 1666/1709/1290 1657/2612/2554 1658/1710/1291
f 1658/1710/1291 1657/2612/2555 1704/2613/2556
f 1658/1710/1291 1704/2613/2556 1705/1711/1292
f 1705/1711/1293 1704/2613/2556 1733/2614/2557
f 1705/1711/1293 1733/2614/2557 1732/1712/1295
f 1732/1712/1294 1733/2614/2558 1729/2615/2559
f 1732/1712/1295 1729/2615/2559 1730/1713/1296
f 1730/1713/1296 1729/2615/2560 1775/2225/2561
f 1344/2596/2531 1258/2595/2527 1345/1719/2562
f 1345/1719/1309 1258/2595/2527 1257/1717/1301
f 1344/2596/2531 1345/1719/2562 1303/1721/1310
f 1344/2596/2531 1303/1721/1311 1304/2597/2532
f 1304/2597/2532 1303/1721/1311 1387/1723/1313
f 1304/2597/2532 1387/1723/1316 1386/2598/2534
f 1386/2598/2534 1387/1723/1316 1349/1725/1318
f 1386/2598/2534 1349/1725/1318 1350/2599/2535
f 1350/2599/2535 1349/1725/1320 1431/1727/1321
f 1350/2599/2535 1431/1727/1321 1430/2600/2536
f 1430/2600/2538 1431/1727/1321 1397/1729/2563
f 1430/2600/2538 1397/1729/2564 1398/2601/2539
f 1398/2601/2539 1397/1729/1324 1444/1731/1327
f 1398/2601/2565 1444/1731/2566 1445/2602/2541
f 1445/2602/2540 1444/1731/1327 1497/1733/1331
f 1445/2602/2541 1497/1733/1331 1496/2603/2543
f 1496/2603/2542 1497/1733/1331 1469/1735/1333
f 1496/2603/2543 1469/1735/1333 1470/2604/2545
f 1470/2604/2545 1469/1735/1333 1539/1737/1336
f 1470/2604/2545 1539/1737/1336 1538/2605/2546
f 1538/2605/2546 1539/1737/1336 1515/1739/1338
f 1538/2605/2546 1515/1739/1338 1516/2606/2548
f 1516/2606/2547 1515/1739/1338 1581/1741/1340
f 1516/2606/2547 1581/1741/1340 1580/2607/2549
f 1580/2607/2549 1581/1741/1340 1561/1743/1342
f 1580/2607/2549 1561/1743/1342 1562/2608/2550
f 1562/2608/2550 1561/1743/1342 1624/1745/1344
f 1562/2608/2550 1624/1745/1344 1623/2609/2551
f 1623/2609/2567 1624/1745/1344 1608/1747/1346
f 1623/2609/2551 1608/1747/1346 1609/2610/2552
f 1609/2610/2552 1608/1747/1346 1668/1749/1348
f 1609/2610/2552 1668/1749/1348 1667/2611/2553
f 1667/2611/2553 1668/1749/1348 1656/1751/1351
f 1667/2611/2553 1656/1751/1351 1657/2612/2554
f 1657/2612/2555 1656/1751/1351 1703/1753/1354
f 1657/2612/2554 1703/1753/2568 1704/2613/2556
f 1704/2613/2556 1703/1753/1356 1734/1755/1357
f 1704/2613/2556 1734/1755/1359 1733/2614/2569
f 1733/2614/2557 1734/1755/1359 1728/1757/1361
f 1733/2614/2557 1728/1757/1361 1729/2615/2559
f 1729/2615/2559 1728/1757/1361 1776/1759/1364
f 1729/2615/2560 1776/1759/1364 1775/2225/2016
f 1775/2225/2561 1776/1759/1364 1774/1761/1367
f 1390/1790/1406 954/1814/1439 1346/1791/1410
f 1346/1791/1410 954/1814/1439 1435/2616/2570
f 1346/1791/1410 1435/2616/2571 1434/1792/1411
f 1434/1792/1411 1435/2616/2571 1393/2617/2572
f 1434/1792/1411 1393/2617/2572 1394/1793/1412
f 1394/1793/1412 1393/2617/2572 1440/2618/2573
f 1394/1793/1412 1440/2618/2573 1441/1794/1413
f 1441/1794/1413 1440/2618/2573 1501/2619/2574
f 1441/1794/1413 1501/2619/2574 1500/1795/1414
f 1500/1795/1414 1501/2619/2574 1465/2620/2575
f 1500/1795/1414 1465/2620/2575 1466/1796/2576
f 1466/1796/2576 1465/2620/2575 1543/2621/2577
f 1466/1796/1415 1543/2621/2577 1542/1797/1417
f 1542/1797/1417 1543/2621/2578 1511/2622/2579
f 1542/1797/1418 1511/2622/2580 1512/1798/1419
f 1512/1798/1419 1511/2622/2580 1585/2623/2581
f 1512/1798/1419 1585/2623/2581 1584/1799/1420
f 1584/1799/1420 1585/2623/2581 1557/2624/2582
f 1584/1799/1420 1557/2624/2582 1558/1800/1421
f 1558/1800/1421 1557/2624/2582 1628/2625/2583
f 1558/1800/1421 1628/2625/2583 1627/1801/2584
f 1627/1801/1422 1628/2625/2583 1604/2626/2585
f 1627/1801/2584 1604/2626/2585 1605/1802/1423
f 1605/1802/1423 1604/2626/2585 1672/2627/2586
f 1605/1802/1423 1672/2627/2586 1671/1803/1424
f 1671/1803/1424 1672/2627/2586 1652/2628/2587
f 1671/1803/1424 1652/2628/2588 1653/1804/1425
f 1653/1804/1425 1652/2628/2587 1699/2629/2589
f 1653/1804/1425 1699/2629/2589 1700/1805/1426
f 1700/1805/1427 1699/2629/2589 1738/2630/2590
f 1700/1805/1427 1738/2630/2591 1737/1806/1428
f 1737/1806/1428 1738/2630/2590 1724/2631/2592
f 1737/1806/1428 1724/2631/2592 1725/1807/1430
f 1725/1807/1430 1724/2631/2592 1780/2632/2593
f 1725/1807/1430 1780/2632/2593 1779/1808/1431
f 1779/1808/1431 1780/2632/2593 1770/2633/2594
f 1779/1808/1431 1770/2633/2594 1771/1809/1432
f 1771/1809/1432 1770/2633/2594 1822/2634/2595
f 1771/1809/1432 1822/2634/2595 1821/1810/1434
f 1821/1810/1434 1822/2634/2595 1816/2635/2596
f 1821/1810/1434 1816/2635/2596 1817/1811/1437
f 1817/1811/1437 1816/2635/2597 1865/2636/2598
f 1817/1811/1436 1865/2636/2598 1864/1812/1438
f 1864/1812/1438 1865/2636/2598 1863/2222/2015
f 1436/1816/1441 1392/1818/1443 1435/2616/2571
f 1435/2616/2571 1392/1818/1443 1393/2617/2572
f 1440/2618/2573 1393/2617/2572 1439/1820/1445
f 1439/1820/1445 1393/2617/2572 1392/1818/1443
f 954/1814/1439 1436/1816/1441 1435/2616/2570
f 1501/2619/2599 1440/2618/2573 1502/1822/1447
f 1502/1822/1447 1440/2618/2573 1439/1820/1445
f 1460/1890/1534 1461/2637/2600 953/1888/1531
f 953/1888/1533 1461/2637/2600 1504/1865/1504
f 953/1888/1533 1504/1865/1504 1437/1864/1503
f 1504/1865/2601 1461/2637/2600 1462/1866/1505
f 1462/1866/1506 1461/2637/2600 1547/2638/2602
f 1462/1866/1505 1547/2638/2602 1546/1867/1508
f 1546/1867/1508 1547/2638/2602 1507/2639/2603
f 1546/1867/2604 1507/2639/2603 1508/1868/1509
f 1508/1868/1509 1507/2639/2603 1589/2640/2605
f 1508/1868/1509 1589/2640/2605 1588/1869/1510
f 1588/1869/1510 1589/2640/2605 1553/2641/2606
f 1588/1869/1510 1553/2641/2606 1554/1870/1511
f 1554/1870/1511 1553/2641/2606 1632/2642/2607
f 1554/1870/1511 1632/2642/2608 1631/1871/2609
f 1631/1871/1513 1632/2642/2607 1600/2643/2610
f 1631/1871/1513 1600/2643/2611 1601/1872/1514
f 1601/1872/1514 1600/2643/2612 1676/2644/2613
f 1601/1872/1514 1676/2644/2613 1675/1873/1515
f 1675/1873/1515 1676/2644/2614 1648/2645/2615
f 1675/1873/1515 1648/2645/2616 1649/1874/1516
f 1649/1874/1516 1648/2645/2616 1695/2646/2617
f 1649/1874/1516 1695/2646/2618 1696/1875/1517
f 1696/1875/1517 1695/2646/2617 1742/2647/2619
f 1696/1875/1517 1742/2647/2619 1741/1876/1518
f 1741/1876/2620 1742/2647/2621 1720/2648/2622
f 1741/1876/1518 1720/2648/2622 1721/1877/1519
f 1721/1877/1519 1720/2648/2622 1784/2649/2623
f 1721/1877/1519 1784/2649/2623 1783/1878/1520
f 1783/1878/1520 1784/2649/2623 1766/2650/2624
f 1783/1878/1520 1766/2650/2624 1767/1879/1521
f 1767/1879/1521 1766/2650/2624 1826/2651/2625
f 1767/1879/1521 1826/2651/2625 1825/1880/1522
f 1825/1880/1523 1826/2651/2625 1812/2652/2626
f 1825/1880/1523 1812/2652/2626 1813/1881/2627
f 1813/1881/2627 1812/2652/2626 1869/2653/2628
f 1813/1881/1524 1869/2653/2628 1868/1882/1526
f 1868/1882/1526 1869/2653/2629 1859/2654/2630
f 1868/1882/1525 1859/2654/2630 1860/1883/1527
f 1860/1883/1527 1859/2654/2630 1913/2655/2631
f 1860/1883/1527 1913/2655/2631 1912/1884/2632
f 1912/1884/1528 1913/2655/2631 1907/2656/2633
f 1912/1884/1528 1907/2656/2633 1908/1885/1529
f 1908/1885/2634 1907/2656/2633 1954/2657/2635
f 1908/1885/1529 1954/2657/2635 1955/1886/2636
f 1955/1886/2636 1954/2657/2635 1979/2219/2013
f 1547/2638/2602 1461/2637/2600 1548/1892/1538
f 1548/1892/1537 1461/2637/2600 1460/1890/1534
f 1501/2619/2574 1502/1822/1447 1464/1824/1449
f 1501/2619/2574 1464/1824/1449 1465/2620/2575
f 1465/2620/2575 1464/1824/1449 1544/1826/1451
f 1465/2620/2637 1544/1826/1451 1543/2621/2578
f 1543/2621/2578 1544/1826/1451 1510/1828/1453
f 1543/2621/2577 1510/1828/1454 1511/2622/2580
f 1511/2622/2579 1510/1828/1454 1586/1830/1457
f 1511/2622/2580 1586/1830/1456 1585/2623/2581
f 1585/2623/2581 1586/1830/1456 1556/1832/1460
f 1585/2623/2581 1556/1832/1460 1557/2624/2582
f 1557/2624/2582 1556/1832/1460 1629/1834/1462
f 1557/2624/2582 1629/1834/1462 1628/2625/2583
f 1628/2625/2583 1629/1834/1462 1603/1836/1465
f 1628/2625/2583 1603/1836/1465 1604/2626/2585
f 1604/2626/2585 1603/1836/1467 1673/1838/1468
f 1604/2626/2585 1673/1838/1468 1672/2627/2586
f 1672/2627/2586 1673/1838/1468 1651/1840/1471
f 1672/2627/2586 1651/1840/1471 1652/2628/2588
f 1652/2628/2588 1651/1840/1471 1698/1842/1473
f 1652/2628/2587 1698/1842/1473 1699/2629/2589
f 1699/2629/2589 1698/1842/1473 1739/1844/1475
f 1699/2629/2589 1739/1844/1475 1738/2630/2591
f 1738/2630/2591 1739/1844/1475 1723/1846/1477
f 1738/2630/2590 1723/1846/1478 1724/2631/2592
f 1724/2631/2592 1723/1846/1477 1781/1848/1480
f 1724/2631/2592 1781/1848/1480 1780/2632/2638
f 1780/2632/2638 1781/1848/1480 1769/1850/2639
f 1780/2632/2638 1769/1850/1483 1770/2633/2594
f 1770/2633/2594 1769/1850/2639 1823/1852/2640
f 1770/2633/2594 1823/1852/1487 1822/2634/2595
f 1822/2634/2595 1823/1852/2641 1815/1854/1490
f 1822/2634/2595 1815/1854/1490 1816/2635/2642
f 1816/2635/2597 1815/1854/1490 1866/1856/1493
f 1816/2635/2596 1866/1856/1492 1865/2636/2598
f 1865/2636/2598 1866/1856/1492 1862/1858/1497
f 1865/2636/2598 1862/1858/1496 1863/2222/2015
f 1863/2222/2015 1862/1858/1497 1910/1860/1500
f 1547/2638/2602 1548/1892/1537 1506/1894/1540
f 1547/2638/2602 1506/1894/1540 1507/2639/2603
f 1507/2639/2603 1506/1894/1540 1590/1896/1542
f 1507/2639/2603 1590/1896/1542 1589/2640/2605
f 1589/2640/2605 1590/1896/1542 1552/1898/1544
f 1589/2640/2605 1552/1898/1544 1553/2641/2606
f 1553/2641/2606 1552/1898/1544 1633/1900/1546
f 1553/2641/2606 1633/1900/1546 1632/2642/2608
f 1632/2642/2608 1633/1900/1546 1599/1902/1549
f 1632/2642/2608 1599/1902/1549 1600/2643/2610
f 1600/2643/2643 1599/1902/1549 1677/1904/1553
f 1600/2643/2610 1677/1904/1551 1676/2644/2613
f 1676/2644/2613 1677/1904/1551 1647/1906/1556
f 1676/2644/2613 1647/1906/1556 1648/2645/2615
f 1648/2645/2615 1647/1906/1556 1694/1908/1558
f 1648/2645/2615 1694/1908/1558 1695/2646/2617
f 1695/2646/2617 1694/1908/1558 1743/1910/1560
f 1695/2646/2617 1743/1910/1560 1742/2647/2619
f 1742/2647/2619 1743/1910/1560 1719/1912/1562
f 1742/2647/2621 1719/1912/1562 1720/2648/2622
f 1720/2648/2622 1719/1912/1564 1785/1914/1565
f 1720/2648/2622 1785/1914/1565 1784/2649/2623
f 1784/2649/2623 1785/1914/1565 1765/1916/1567
f 1784/2649/2623 1765/1916/1568 1766/2650/2624
f 1766/2650/2624 1765/1916/1567 1827/1918/1572
f 1766/2650/2624 1827/1918/1572 1826/2651/2625
f 1826/2651/2625 1827/1918/1572 1811/1920/1576
f 1826/2651/2625 1811/1920/1576 1812/2652/2626
f 1812/2652/2626 1811/1920/1576 1870/1922/1578
f 1812/2652/2626 1870/1922/1578 1869/2653/2628
f 1869/2653/2628 1870/1922/1578 1858/1924/1581
f 1869/2653/2628 1858/1924/1581 1859/2654/2630
f 1859/2654/2630 1858/1924/1581 1914/1926/1583
f 1859/2654/2630 1914/1926/1583 1913/2655/2631
f 1913/2655/2631 1914/1926/1583 1906/1928/1585
f 1913/2655/2631 1906/1928/1585 1907/2656/2644
f 1907/2656/2644 1906/1928/1585 1953/1930/2645
f 1907/2656/2633 1953/1930/1587 1954/2657/2635
f 1954/2657/2635 1953/1930/1588 1980/1932/1591
f 1954/2657/2635 1980/1932/1591 1979/2219/2013
f 1979/2219/2013 1980/1932/1591 1978/1934/1594
f 1593/1963/1637 950/1987/2646 1549/1964/1639
f 1549/1964/1640 950/1987/2646 1637/2658/2647
f 1549/1964/1639 1637/2658/2647 1636/1965/1642
f 1636/1965/1641 1637/2658/2647 1595/2659/2648
f 1636/1965/1641 1595/2659/2648 1596/1966/1643
f 1596/1966/1643 1595/2659/2648 1681/2660/2649
f 1596/1966/1645 1681/2660/2649 1680/1967/1646
f 1680/1967/1646 1681/2660/2649 1643/2661/2650
f 1680/1967/2651 1643/2661/2650 1644/1968/1647
f 1644/1968/1647 1643/2661/2650 1690/2662/2652
f 1644/1968/1647 1690/2662/2652 1691/1969/1650
f 1691/1969/1650 1690/2662/2652 1747/2663/2653
f 1691/1969/1651 1747/2663/2654 1746/1970/1652
f 1746/1970/1652 1747/2663/2653 1715/2664/2655
f 1746/1970/2656 1715/2664/2657 1716/1971/1653
f 1716/1971/1653 1715/2664/2655 1789/2665/2658
f 1716/1971/1653 1789/2665/2658 1788/1972/1655
f 1788/1972/1655 1789/2665/2658 1761/2666/2659
f 1788/1972/1655 1761/2666/2659 1762/1973/1656
f 1762/1973/1656 1761/2666/2659 1831/2667/2660
f 1762/1973/1656 1831/2667/2660 1830/1974/1657
f 1830/1974/1657 1831/2667/2660 1807/2668/2661
f 1830/1974/1657 1807/2668/2661 1808/1975/1658
f 1808/1975/1659 1807/2668/2661 1874/2669/2662
f 1808/1975/1658 1874/2669/2662 1873/1976/1660
f 1873/1976/1661 1874/2669/2662 1854/2670/2663
f 1873/1976/1660 1854/2670/2663 1855/1977/1662
f 1855/1977/1662 1854/2670/2663 1918/2671/2664
f 1855/1977/1662 1918/2671/2664 1917/1978/1663
f 1917/1978/1663 1918/2671/2664 1902/2672/2665
f 1917/1978/1663 1902/2672/2665 1903/1979/1664
f 1903/1979/1664 1902/2672/2665 1949/2673/2666
f 1903/1979/1664 1949/2673/2666 1950/1980/1666
f 1950/1980/1666 1949/2673/2666 1984/2674/2667
f 1950/1980/1666 1984/2674/2667 1983/1981/1668
f 1983/1981/1668 1984/2674/2667 1974/2675/2668
f 1983/1981/1668 1974/2675/2668 1975/1982/1671
f 1975/1982/1671 1974/2675/2668 2026/2676/2669
f 1975/1982/2670 2026/2676/2669 2025/1983/1672
f 2025/1983/2671 2026/2676/2669 2020/2677/2672
f 2025/1983/1672 2020/2677/2672 2021/1984/1673
f 2021/1984/1673 2020/2677/2673 2068/2678/2674
f 2021/1984/1673 2068/2678/2674 2067/1985/1675
f 2067/1985/1675 2068/2678/2674 2066/2216/2012
f 1638/1989/1679 1594/1991/1681 1637/2658/2647
f 1637/2658/2647 1594/1991/1681 1595/2659/2648
f 1681/2660/2649 1595/2659/2648 1682/1993/1684
f 1682/1993/1684 1595/2659/2648 1594/1991/1681
f 950/1987/1677 1638/1989/1679 1637/2658/2647
f 1684/2036/1743 1639/2057/1777 1640/2037/1745
f 1640/2037/1745 1639/2057/1777 1686/2679/2675
f 1640/2037/1745 1686/2679/2675 1687/2038/1746
f 1687/2038/1746 1686/2679/2675 1751/2680/2676
f 1687/2038/1746 1751/2680/2677 1750/2039/1748
f 1750/2039/1749 1751/2680/2676 1711/2681/2678
f 1750/2039/1748 1711/2681/2679 1712/2040/1750
f 1712/2040/1750 1711/2681/2678 1793/2682/2680
f 1712/2040/1750 1793/2682/2680 1792/2041/1751
f 1792/2041/1751 1793/2682/2681 1757/2683/2682
f 1792/2041/2683 1757/2683/2682 1758/2042/1755
f 1758/2042/1755 1757/2683/2682 1835/2684/2684
f 1758/2042/1754 1835/2684/2684 1834/2043/1756
f 1834/2043/1756 1835/2684/2685 1803/2685/2686
f 1834/2043/1756 1803/2685/2686 1804/2044/1758
f 1804/2044/1758 1803/2685/2687 1878/2686/2688
f 1804/2044/1759 1878/2686/2688 1877/2045/1760
f 1877/2045/1760 1878/2686/2688 1850/2687/2689
f 1877/2045/1760 1850/2687/2689 1851/2046/1761
f 1851/2046/1761 1850/2687/2689 1922/2688/2690
f 1851/2046/1761 1922/2688/2690 1921/2047/1762
f 1921/2047/1762 1922/2688/2690 1898/2689/2691
f 1921/2047/1762 1898/2689/2691 1899/2048/1764
f 1899/2048/1764 1898/2689/2691 1945/2690/2692
f 1899/2048/1764 1945/2690/2692 1946/2049/1767
f 1946/2049/1767 1945/2690/2692 1988/2691/2693
f 1946/2049/1767 1988/2691/2693 1987/2050/1769
f 1987/2050/1769 1988/2691/2693 1970/2692/2694
f 1987/2050/1769 1970/2692/2694 1971/2051/1770
f 1971/2051/1770 1970/2692/2694 2030/2693/2695
f 1971/2051/1770 2030/2693/2695 2029/2052/1771
f 2029/2052/1771 2030/2693/2695 2016/2694/2696
f 2029/2052/1771 2016/2694/2696 2017/2053/1772
f 2017/2053/2697 2016/2694/2696 2072/2695/2698
f 2017/2053/1772 2072/2695/2699 2071/2054/1773
f 2071/2054/1773 2072/2695/2699 2062/2696/2700
f 2071/2054/1773 2062/2696/2700 2063/2055/1774
f 2063/2055/2701 2062/2696/2700 2116/2697/2702
f 2063/2055/1774 2116/2697/2702 2115/2056/2703
f 2115/2056/1775 2116/2697/2702 2110/1465/964
f 2115/2056/1775 2110/1465/964 2111/1467/966
f 1681/2660/2649 1682/1993/1684 1642/1995/1686
f 1681/2660/2649 1642/1995/1686 1643/2661/2650
f 1643/2661/2650 1642/1995/1686 1689/1997/1688
f 1643/2661/2650 1689/1997/1688 1690/2662/2652
f 1690/2662/2652 1689/1997/1688 1748/1999/1690
f 1690/2662/2652 1748/1999/1690 1747/2663/2654
f 1747/2663/2654 1748/1999/1690 1714/2001/1694
f 1747/2663/2653 1714/2001/2704 1715/2664/2655
f 1715/2664/2655 1714/2001/2704 1790/2003/1699
f 1715/2664/2657 1790/2003/1697 1789/2665/2658
f 1789/2665/2658 1790/2003/1697 1760/2005/1700
f 1789/2665/2658 1760/2005/1700 1761/2666/2659
f 1761/2666/2659 1760/2005/1700 1832/2007/1703
f 1761/2666/2659 1832/2007/1703 1831/2667/2660
f 1831/2667/2660 1832/2007/1703 1806/2009/1706
f 1831/2667/2660 1806/2009/1707 1807/2668/2661
f 1807/2668/2661 1806/2009/1707 1875/2011/1709
f 1807/2668/2661 1875/2011/1709 1874/2669/2662
f 1874/2669/2662 1875/2011/1709 1853/2013/1712
f 1874/2669/2662 1853/2013/1712 1854/2670/2663
f 1854/2670/2663 1853/2013/1712 1919/2015/1715
f 1854/2670/2663 1919/2015/1715 1918/2671/2664
f 1918/2671/2664 1919/2015/1715 1901/2017/1718
f 1918/2671/2664 1901/2017/1718 1902/2672/2665
f 1902/2672/2665 1901/2017/1718 1948/2019/1720
f 1902/2672/2665 1948/2019/1720 1949/2673/2666
f 1949/2673/2666 1948/2019/1720 1985/2021/1722
f 1949/2673/2666 1985/2021/2705 1984/2674/2667
f 1984/2674/2667 1985/2021/1722 1973/2023/1725
f 1984/2674/2667 1973/2023/1725 1974/2675/2668
f 1974/2675/2668 1973/2023/1725 2027/2025/1727
f 1974/2675/2668 2027/2025/1727 2026/2676/2669
f 2026/2676/2669 2027/2025/1727 2019/2027/2706
f 2026/2676/2669 2019/2027/2706 2020/2677/2672
f 2020/2677/2672 2019/2027/2706 2069/2029/1735
f 2020/2677/2672 2069/2029/1735 2068/2678/2674
f 2068/2678/2674 2069/2029/1735 2065/2031/1736
f 2068/2678/2674 2065/2031/1736 2066/2216/2012
f 2066/2216/2707 2065/2031/1739 2113/2033/1740
f 1639/2057/1777 1685/2059/1779 1686/2679/2675
f 1686/2679/2708 1685/2059/1779 1752/2061/1781
f 1686/2679/2675 1752/2061/2709 1751/2680/2677
f 1751/2680/2677 1752/2061/1781 1710/2063/1784
f 1751/2680/2676 1710/2063/1784 1711/2681/2710
f 1711/2681/2679 1710/2063/1784 1794/2065/1787
f 1711/2681/2679 1794/2065/1787 1793/2682/2680
f 1793/2682/2681 1794/2065/1787 1756/2067/1789
f 1793/2682/2680 1756/2067/1789 1757/2683/2682
f 1757/2683/2682 1756/2067/1789 1836/2069/1791
f 1757/2683/2682 1836/2069/1791 1835/2684/2685
f 1835/2684/2685 1836/2069/1791 1802/2071/1793
f 1835/2684/2685 1802/2071/1793 1803/2685/2686
f 1803/2685/2686 1802/2071/1793 1879/2073/1795
f 1803/2685/2686 1879/2073/1795 1878/2686/2688
f 1878/2686/2688 1879/2073/1798 1849/2075/1800
f 1878/2686/2688 1849/2075/1800 1850/2687/2689
f 1850/2687/2689 1849/2075/1800 1923/2077/1803
f 1850/2687/2689 1923/2077/1804 1922/2688/2690
f 1922/2688/2690 1923/2077/1803 1897/2079/1806
f 1922/2688/2690 1897/2079/1807 1898/2689/2691
f 1898/2689/2691 1897/2079/1806 1944/2081/1809
f 1898/2689/2691 1944/2081/1809 1945/2690/2692
f 1945/2690/2692 1944/2081/1809 1989/2083/1812
f 1945/2690/2692 1989/2083/1812 1988/2691/2693
f 1988/2691/2693 1989/2083/1812 1969/2085/1815
f 1988/2691/2693 1969/2085/1815 1970/2692/2694
f 1970/2692/2694 1969/2085/1815 2031/2087/1817
f 1970/2692/2694 2031/2087/1817 2030/2693/2695
f 2030/2693/2695 2031/2087/1817 2015/2089/1819
f 2030/2693/2695 2015/2089/1819 2016/2694/2696
f 2016/2694/2696 2015/2089/1819 2073/2091/1821
f 2016/2694/2711 2073/2091/1821 2072/2695/2699
f 2072/2695/2699 2073/2091/1821 2061/2093/1824
f 2072/2695/2699 2061/2093/1826 2062/2696/2700
f 2062/2696/2700 2061/2093/1824 2117/2095/1827
f 2062/2696/2700 2117/2095/1827 2116/2697/2702
f 2116/2697/2702 2117/2095/1827 2109/1463/960
f 2116/2697/2702 2109/1463/960 2110/1465/963
f 946/2116/2712 1753/2698/2713 947/2114/1856
f 947/2114/1856 1753/2698/2714 1796/2098/1831
f 947/2114/1856 1796/2098/1831 1708/2097/1829
f 1796/2098/1831 1753/2698/2714 1754/2099/1832
f 1754/2099/1832 1753/2698/2713 1839/2699/2715
f 1754/2099/1832 1839/2699/2716 1838/2100/1834
f 1838/2100/1834 1839/2699/2716 1799/2700/2717
f 1838/2100/1834 1799/2700/2717 1800/2101/1835
f 1800/2101/1835 1799/2700/2717 1882/2701/2718
f 1800/2101/1835 1882/2701/2718 1881/2102/1836
f 1881/2102/1836 1882/2701/2718 1846/2702/2719
f 1881/2102/1836 1846/2702/2719 1847/2103/1837
f 1847/2103/1837 1846/2702/2719 1926/2703/2720
f 1847/2103/1837 1926/2703/2721 1925/2104/1838
f 1925/2104/1839 1926/2703/2720 1894/2704/2722
f 1925/2104/1838 1894/2704/2722 1895/2105/1840
f 1895/2105/1840 1894/2704/2723 1941/2705/2724
f 1895/2105/1840 1941/2705/2724 1942/2106/1842
f 1942/2106/1842 1941/2705/2725 1992/2706/2726
f 1942/2106/1842 1992/2706/2726 1991/2107/1843
f 1991/2107/1843 1992/2706/2726 1966/2707/2727
f 1991/2107/1843 1966/2707/2727 1967/2108/1845
f 1967/2108/1845 1966/2707/2727 2034/2708/2728
f 1967/2108/1846 2034/2708/2728 2033/2109/1847
f 2033/2109/1847 2034/2708/2728 2012/2709/2729
f 2033/2109/1847 2012/2709/2730 2013/2110/1849
f 2013/2110/1849 2012/2709/2730 2076/2710/2731
f 2013/2110/1849 2076/2710/2731 2075/2111/1850
f 2075/2111/1850 2076/2710/2731 2058/2711/2732
f 2075/2111/1850 2058/2711/2732 2059/2112/1853
f 2059/2112/1853 2058/2711/2732 2120/2712/2733
f 2059/2112/1853 2120/2712/2733 2119/2113/1854
f 2119/2113/1854 2120/2712/2733 2106/1457/955
f 2119/2113/1854 2106/1457/953 2107/1459/956
f 1753/2698/2734 946/2116/2712 1840/2713/2735
f 1840/2713/2736 946/2116/1859 1841/2118/2737
f 1840/2713/2736 1841/2118/1862 1797/2120/1869
f 1797/2120/1869 1798/2714/2738 1840/2713/2739
f 1840/2713/2735 1798/2714/2738 1839/2699/2716
f 1840/2713/2740 1839/2699/2716 1753/2698/2714
f 1839/2699/2716 1798/2714/2738 1799/2700/2717
f 1799/2700/2717 1798/2714/2738 1883/2715/2741
f 1799/2700/2717 1883/2715/2742 1882/2701/2718
f 1882/2701/2718 1883/2715/2741 1845/2716/2743
f 1882/2701/2718 1845/2716/2744 1846/2702/2719
f 1846/2702/2719 1845/2716/2744 1927/2717/2745
f 1846/2702/2719 1927/2717/2746 1926/2703/2720
f 1926/2703/2720 1927/2717/2745 1893/2718/2747
f 1926/2703/2720 1893/2718/2747 1894/2704/2722
f 1894/2704/2722 1893/2718/2748 1940/2719/2749
f 1894/2704/2723 1940/2719/2749 1941/2705/2724
f 1941/2705/2725 1940/2719/2749 1993/2720/2750
f 1941/2705/2724 1993/2720/2750 1992/2706/2726
f 1992/2706/2726 1993/2720/2750 1965/2721/2751
f 1992/2706/2726 1965/2721/2752 1966/2707/2727
f 1966/2707/2727 1965/2721/2753 2035/2722/2754
f 1966/2707/2727 2035/2722/2754 2034/2708/2728
f 2034/2708/2728 2035/2722/2754 2011/2723/2755
f 2034/2708/2728 2011/2723/2755 2012/2709/2730
f 2012/2709/2729 2011/2723/2755 2077/2724/2756
f 2012/2709/2730 2077/2724/2757 2076/2710/2731
f 2076/2710/2731 2077/2724/2756 2057/2725/2758
f 2076/2710/2731 2057/2725/2759 2058/2711/2732
f 2058/2711/2732 2057/2725/2759 2121/2726/2760
f 2058/2711/2732 2121/2726/2760 2120/2712/2733
f 2120/2712/2733 2121/2726/2760 2105/1455/951
f 2120/2712/2733 2105/1455/951 2106/1457/953
f 1883/2715/2761 1798/2714/2738 1884/2122/1871
f 1884/2122/1871 1798/2714/2738 1797/2120/1867
f 1886/2146/1904 944/2158/1924 1842/2147/1906
f 1842/2147/1906 944/2158/1924 1931/2727/2762
f 1842/2147/1907 1931/2727/2762 1930/2148/1908
f 1930/2148/1908 1931/2727/2762 1889/2728/2763
f 1930/2148/1908 1889/2728/2763 1890/2149/1909
f 1890/2149/1909 1889/2728/2763 1936/2729/2764
f 1890/2149/1909 1936/2729/2765 1937/2150/2766
f 1937/2150/1910 1936/2729/2765 1997/2730/2767
f 1937/2150/1910 1997/2730/2767 1996/2151/1911
f 1996/2151/1912 1997/2730/2767 1961/2731/2768
f 1996/2151/1912 1961/2731/2768 1962/2152/1913
f 1962/2152/1913 1961/2731/2768 2039/2732/2769
f 1962/2152/1913 2039/2732/2769 2038/2153/1916
f 2038/2153/1916 2039/2732/2770 2007/2733/2771
f 2038/2153/1916 2007/2733/2771 2008/2154/1918
f 2008/2154/1918 2007/2733/2771 2081/2734/2772
f 2008/2154/1918 2081/2734/2773 2080/2155/1920
f 2080/2155/1920 2081/2734/2772 2053/2735/2774
f 2080/2155/1920 2053/2735/2775 2054/2156/1921
f 2054/2156/1921 2053/2735/2776 2125/2736/2777
f 2054/2156/1921 2125/2736/2777 2124/2157/1923
f 2124/2157/1923 2125/2736/2777 2101/1447/942
f 2124/2157/1923 2101/1447/942 2102/1449/944
f 1883/2715/2778 1884/2122/1871 1844/2124/1874
f 1883/2715/2761 1844/2124/1874 1845/2716/2743
f 1845/2716/2743 1844/2124/1874 1928/2126/1876
f 1845/2716/2744 1928/2126/1876 1927/2717/2779
f 1927/2717/2745 1928/2126/1876 1892/2128/1878
f 1927/2717/2745 1892/2128/1878 1893/2718/2747
f 1893/2718/2747 1892/2128/1878 1939/2130/1880
f 1893/2718/2748 1939/2130/1880 1940/2719/2749
f 1940/2719/2749 1939/2130/1880 1994/2132/2780
f 1940/2719/2749 1994/2132/1885 1993/2720/2750
f 1993/2720/2750 1994/2132/2780 1964/2134/2781
f 1993/2720/2750 1964/2134/1888 1965/2721/2753
f 1965/2721/2751 1964/2134/1888 2036/2136/1890
f 1965/2721/2753 2036/2136/1891 2035/2722/2754
f 2035/2722/2754 2036/2136/1890 2010/2138/1894
f 2035/2722/2754 2010/2138/1894 2011/2723/2755
f 2011/2723/2755 2010/2138/1894 2078/2140/1896
f 2011/2723/2755 2078/2140/1896 2077/2724/2757
f 2077/2724/2757 2078/2140/1896 2056/2142/1898
f 2077/2724/2757 2056/2142/1898 2057/2725/2759
f 2057/2725/2758 2056/2142/1899 2122/2144/1902
f 2057/2725/2759 2122/2144/2782 2121/2726/2760
f 2121/2726/2760 2122/2144/1902 2104/1453/948
f 2121/2726/2760 2104/1453/948 2105/1455/950
f 1932/2160/1926 1888/2162/1929 1931/2727/2783
f 1931/2727/2762 1888/2162/1928 1889/2728/2763
f 1936/2729/2764 1889/2728/2763 1935/2164/1931
f 1935/2164/1931 1889/2728/2784 1888/2162/1929
f 944/2158/1924 1932/2160/1926 1931/2727/2783
f 1997/2730/2767 1936/2729/2765 1998/2166/2785
f 1998/2166/1933 1936/2729/2764 1935/2164/1931
f 1956/2190/1969 1957/2737/2786 943/2188/2787
f 943/2188/1967 1957/2737/2786 2000/2181/1954
f 943/2188/1967 2000/2181/1954 1933/2180/1952
f 2000/2181/2788 1957/2737/2786 1958/2182/1955
f 1958/2182/2789 1957/2737/2786 2043/2738/2790
f 1958/2182/1955 2043/2738/2790 2042/2183/1956
f 2042/2183/1957 2043/2738/2790 2003/2739/2791
f 2042/2183/1957 2003/2739/2791 2004/2184/1958
f 2004/2184/1958 2003/2739/2792 2085/2740/2793
f 2004/2184/1958 2085/2740/2793 2084/2185/1961
f 2084/2185/1961 2085/2740/2793 2049/2741/2794
f 2084/2185/1961 2049/2741/2794 2050/2186/1962
f 2050/2186/1962 2049/2741/2794 2129/2742/2795
f 2050/2186/1963 2129/2742/2795 2128/2187/1964
f 2128/2187/2796 2129/2742/2795 2097/1439/934
f 2128/2187/1964 2097/1439/932 2098/1441/935
f 2043/2738/2790 1957/2737/2786 2044/2192/1972
f 2044/2192/1972 1957/2737/2786 1956/2190/1969
f 1997/2730/2767 1998/2166/1933 1960/2168/1935
f 1997/2730/2767 1960/2168/1935 1961/2731/2768
f 1961/2731/2768 1960/2168/1935 2040/2170/1939
f 1961/2731/2797 2040/2170/1938 2039/2732/2770
f 2039/2732/2769 2040/2170/1938 2006/2172/1942
f 2039/2732/2769 2006/2172/1943 2007/2733/2771
f 2007/2733/2771 2006/2172/2798 2082/2174/1946
f 2007/2733/2799 2082/2174/2800 2081/2734/2773
f 2081/2734/2772 2082/2174/1945 2052/2176/1948
f 2081/2734/2773 2052/2176/1948 2053/2735/2774
f 2053/2735/2774 2052/2176/1948 2126/2178/1950
f 2053/2735/2776 2126/2178/1950 2125/2736/2777
f 2125/2736/2777 2126/2178/1950 2100/1445/939
f 2125/2736/2777 2100/1445/939 2101/1447/942
f 2043/2738/2790 2044/2192/1972 2002/2194/1974
f 2043/2738/2790 2002/2194/1974 2003/2739/2791
f 2003/2739/2801 2002/2194/1974 2086/2196/1978
f 2003/2739/2792 2086/2196/2802 2085/2740/2803
f 2085/2740/2793 2086/2196/2802 2048/2198/1982
f 2085/2740/2793 2048/2198/1984 2049/2741/2794
f 2049/2741/2794 2048/2198/1984 2130/2200/1985
f 2049/2741/2794 2130/2200/1985 2129/2742/2795
f 2129/2742/2795 2130/2200/1985 2096/1437/927
f 2129/2742/2795 2096/1437/2804 2097/1439/932
f 2089/2207/2002 940/2210/2006 2045/2208/2003
f 2045/2208/2004 940/2210/2006 2134/2743/2805
f 2045/2208/2003 2134/2743/2805 2133/2209/2005
f 2133/2209/2806 2134/2743/2805 2092/1429/917
f 2133/2209/2005 2092/1429/917 2093/1431/919
f 2135/2212/2009 2091/1427/915 2134/2743/2805
f 2134/2743/2805 2091/1427/915 2092/1429/917
f 940/2210/2006 2135/2212/2009 2134/2743/2805
f 915/2744/2807 2166/2745/2807 887/2746/258
f 887/2746/258 2166/2745/2807 2165/2747/258
f 887/2748/258 2165/2749/258 888/2750/2808
f 888/2750/2808 2165/2749/258 2193/2751/2808
f 888/2750/2808 2193/2751/2808 889/2752/2809
f 889/2752/2809 2193/2751/2808 2192/2753/2809
f 889/2752/2809 2192/2753/2809 890/2754/2810
f 890/2754/2810 2192/2753/2809 2191/2755/2810
f 890/2754/2810 2191/2755/2810 891/2756/2811
f 891/2756/2811 2191/2755/2810 2190/2757/2811
f 891/2756/2811 2190/2757/2811 892/2758/2812
f 892/2758/2812 2190/2757/2811 2189/2759/2812
f 892/2758/2812 2189/2759/2812 893/2760/2813
f 893/2760/2813 2189/2759/2812 2188/2761/2813
f 893/2760/2814 2188/2761/2814 894/2762/2815
f 894/2762/2815 2188/2761/2814 2187/2763/2815
f 894/2762/2815 2187/2763/2815 895/2764/2816
f 895/2764/2816 2187/2763/2815 2186/2765/2816
f 895/2764/2816 2186/2765/2816 896/2766/2817
f 896/2766/2817 2186/2765/2816 2185/2767/2817
f 896/2766/2817 2185/2767/2817 897/2768/2818
f 897/2768/2818 2185/2767/2817 2184/2769/2818
f 897/2768/2818 2184/2769/2818 898/2770/2819
f 898/2770/2819 2184/2769/2818 2183/2771/2819
f 898/2770/2819 2183/2771/2819 899/2772/2820
f 899/2772/2820 2183/2771/2819 2182/2773/2820
f 899/2772/2821 2182/2773/2821 900/2774/2822
f 900/2774/2822 2182/2773/2821 2181/2775/2822
f 900/2774/2823 2181/2775/2823 901/2776/2824
f 901/2776/2824 2181/2775/2823 2180/2777/2824
f 901/2776/2824 2180/2777/2824 902/2778/2825
f 902/2778/2825 2180/2777/2824 2179/2779/2825
f 902/2778/2825 2179/2779/2825 903/2780/2826
f 903/2780/2826 2179/2779/2825 2178/2781/2826
f 903/2780/2827 2178/2781/2827 904/2782/2828
f 904/2782/2828 2178/2781/2827 2177/2783/2828
f 904/2782/2829 2177/2783/2829 905/2784/2830
f 905/2784/2830 2177/2783/2829 2176/2785/2830
f 905/2784/2830 2176/2785/2830 906/2786/2831
f 906/2786/2831 2176/2785/2830 2175/2787/2831
f 906/2786/2831 2175/2787/2831 907/2788/2832
f 907/2788/2832 2175/2787/2831 2174/2789/2832
f 907/2788/2832 2174/2789/2832 908/2790/2833
f 908/2790/2833 2174/2789/2832 2173/2791/2833
f 908/2790/2833 2173/2791/2833 909/2792/2834
f 909/2792/2834 2173/2791/2833 2172/2793/2834
f 909/2792/2834 2172/2793/2834 910/2794/2835
f 910/2794/2836 2172/2793/2834 2171/2795/2836
f 910/2794/2837 2171/2795/2837 911/2796/2838
f 911/2796/2838 2171/2795/2837 2170/2797/2838
f 911/2796/2838 2170/2797/2838 912/2798/2839
f 912/2798/2839 2170/2797/2838 2169/2799/2839
f 912/2798/2839 2169/2799/2839 913/2800/2840
f 913/2800/2840 2169/2799/2839 2168/2801/2840
f 913/2800/2840 2168/2801/2840 914/2802/2841
f 914/2802/2841 2168/2801/2840 2167/2803/2841
f 914/2802/2841 2167/2803/2841 915/2744/2807
f 915/2744/2807 2167/2803/2841 2166/2745/2807
f 2137/2804/2808 2193/2751/2808 2136/2805/258
f 2136/2805/258 2193/2751/2808 2165/2749/258
f 2136/2806/258 2165/2747/258 2164/2807/2807
f 2164/2807/2807 2165/2747/258 2166/2745/2807
f 2164/2807/2807 2166/2745/2807 2163/2808/2841
f 2163/2808/2841 2166/2745/2807 2167/2803/2841
f 2163/2808/2841 2167/2803/2841 2162/2809/2840
f 2162/2809/2840 2167/2803/2841 2168/2801/2840
f 2162/2809/2840 2168/2801/2840 2161/2810/2839
f 2161/2810/2839 2168/2801/2840 2169/2799/2839
f 2161/2810/2839 2169/2799/2839 2160/2811/2838
f 2160/2811/2838 2169/2799/2839 2170/2797/2838
f 2160/2811/2838 2170/2797/2838 2159/2812/2837
f 2159/2812/2837 2170/2797/2838 2171/2795/2837
f 2159/2812/2836 2171/2795/2836 2158/2813/2834
f 2158/2813/2834 2171/2795/2836 2172/2793/2834
f 2158/2813/2834 2172/2793/2834 2157/2814/2833
f 2157/2814/2833 2172/2793/2834 2173/2791/2833
f 2157/2814/2833 2173/2791/2833 2156/2815/2832
f 2156/2815/2832 2173/2791/2833 2174/2789/2832
f 2156/2815/2832 2174/2789/2832 2155/2816/2831
f 2155/2816/2831 2174/2789/2832 2175/2787/2831
f 2155/2816/2831 2175/2787/2831 2154/2817/2830
f 2154/2817/2830 2175/2787/2831 2176/2785/2830
f 2154/2817/2830 2176/2785/2830 2153/2818/2829
f 2153/2818/2829 2176/2785/2830 2177/2783/2829
f 2153/2818/2828 2177/2783/2828 2152/2819/2827
f 2152/2819/2827 2177/2783/2828 2178/2781/2827
f 2152/2819/2826 2178/2781/2826 2151/2820/2825
f 2151/2820/2825 2178/2781/2826 2179/2779/2825
f 2151/2820/2825 2179/2779/2825 2150/2821/2824
f 2150/2821/2824 2179/2779/2825 2180/2777/2824
f 2150/2821/2824 2180/2777/2824 2149/2822/2823
f 2149/2822/2823 2180/2777/2824 2181/2775/2823
f 2149/2822/2822 2181/2775/2822 2148/2823/2821
f 2148/2823/2821 2181/2775/2822 2182/2773/2821
f 2148/2823/2820 2182/2773/2820 2147/2824/2819
f 2147/2824/2819 2182/2773/2820 2183/2771/2819
f 2147/2824/2819 2183/2771/2819 2146/2825/2818
f 2146/2825/2818 2183/2771/2819 2184/2769/2818
f 2146/2825/2818 2184/2769/2818 2145/2826/2817
f 2145/2826/2817 2184/2769/2818 2185/2767/2817
f 2145/2826/2817 2185/2767/2817 2144/2827/2816
f 2144/2827/2816 2185/2767/2817 2186/2765/2816
f 2144/2827/2816 2186/2765/2816 2143/2828/2815
f 2143/2828/2815 2186/2765/2816 2187/2763/2815
f 2143/2828/2815 2187/2763/2815 2142/2829/2814
f 2142/2829/2814 2187/2763/2815 2188/2761/2814
f 2142/2829/2813 2188/2761/2813 2141/2830/2812
f 2141/2830/2812 2188/2761/2813 2189/2759/2812
f 2141/2830/2812 2189/2759/2812 2140/2831/2811
f 2140/2831/2811 2189/2759/2812 2190/2757/2811
f 2140/2831/2811 2190/2757/2811 2139/2832/2810
f 2139/2832/2810 2190/2757/2811 2191/2755/2810
f 2139/2832/2810 2191/2755/2810 2138/2833/2809
f 2138/2833/2809 2191/2755/2810 2192/2753/2809
f 2138/2833/2809 2192/2753/2809 2137/2804/2808
f 2137/2804/2808 2192/2753/2809 2193/2751/2808
f 2137/2834/325 2136/2835/325 2155/2836/325
f 2155/2836/325 2136/2835/325 2164/2837/325
f 2155/2836/325 2164/2837/325 2163/2838/325
f 2163/2838/325 2162/2839/325 2155/2836/325
f 2155/2836/325 2162/2839/325 2161/2840/325
f 2155/2836/325 2161/2840/325 2160/2841/325
f 2155/2836/325 2160/2841/325 2156/2842/325
f 2156/2842/325 2160/2841/325 2159/2843/325
f 2156/2842/325 2159/2843/325 2157/2844/325
f 2157/2844/325 2159/2843/325 2158/2845/325
f 2154/2846/325 2146/2847/325 2155/2836/325
f 2155/2836/325 2146/2847/325 2145/2848/325
f 2155/2836/325 2145/2848/325 2144/2849/325
f 2146/2847/325 2154/2846/325 2147/2850/325
f 2147/2850/325 2154/2846/325 2153/2851/325
f 2147/2850/325 2153/2851/325 2148/2852/325
f 2148/2852/325 2153/2851/325 2152/2853/325
f 2148/2852/325 2152/2853/325 2149/2854/325
f 2149/2854/325 2152/2853/325 2151/2855/325
f 2149/2854/325 2151/2855/325 2150/2856/325
f 2144/2849/325 2143/2857/325 2155/2836/325
f 2155/2836/325 2143/2857/325 2142/2858/325
f 2155/2836/325 2142/2858/325 2141/2859/325
f 2141/2859/325 2140/2860/325 2155/2836/325
f 2155/2836/325 2140/2860/325 2139/2861/325
f 2155/2836/325 2139/2861/325 2138/2862/325
f 2138/2862/325 2137/2834/325 2155/2836/325
