# WaveFront *.obj file (generated by Autodesk ATF)

mtllib rod 183mm v2.mtl

g Body1

v 4.750000 0.011371 23.000000
v 4.685216 -0.770454 23.000000
v 4.492632 -1.530952 23.000000
v 4.177500 -2.249379 23.000000
v 3.748417 -2.906140 23.000000
v 3.217087 -3.483318 23.000000
v 2.598004 -3.965170 23.000000
v 1.908053 -4.338553 23.000000
v 1.166056 -4.593281 23.000000
v 0.392252 -4.722406 23.000000
v -0.392252 -4.722406 23.000000
v -1.166056 -4.593281 23.000000
v -1.908053 -4.338553 23.000000
v -2.598004 -3.965170 23.000000
v -3.217087 -3.483318 23.000000
v -3.748417 -2.906140 23.000000
v -4.177500 -2.249379 23.000000
v -4.492632 -1.530952 23.000000
v -4.685216 -0.770454 23.000000
v -4.750000 0.011371 23.000000
v -4.685216 0.793195 23.000000
v -4.492632 1.553693 23.000000
v -4.177500 2.272121 23.000000
v -3.748417 2.928881 23.000000
v -3.217087 3.506059 23.000000
v -2.598004 3.987912 23.000000
v -1.908053 4.361294 23.000000
v -1.166056 4.616022 23.000000
v -0.392252 4.745147 23.000000
v 0.392252 4.745147 23.000000
v 1.166056 4.616022 23.000000
v 1.908053 4.361294 23.000000
v 2.598004 3.987912 23.000000
v 3.217087 3.506059 23.000000
v 3.748417 2.928881 23.000000
v 4.177500 2.272121 23.000000
v 4.492632 1.553693 23.000000
v 4.685216 0.793195 23.000000
v 5.000000 0.011371 22.750000
v 4.935251 0.813427 22.750000
v 4.742682 1.594711 22.750000
v 4.427280 2.334987 22.750000
v 3.997214 3.015082 22.750000
v 3.463622 3.617383 22.750000
v 2.840324 4.126290 22.750000
v 2.143463 4.528623 22.750000
v 1.391087 4.813961 22.750000
v 0.602683 4.974915 22.750000
v -0.201330 5.007316 22.750000
v -1.000128 4.910324 22.750000
v -1.773024 4.686452 22.750000
v -2.500000 4.341498 22.750000
v -3.162227 3.884396 22.750000
v -3.742554 3.326984 22.750000
v -4.225950 2.683700 22.750000
v -4.599897 1.971204 22.750000
v -4.854709 1.207949 22.750000
v -4.983787 0.413704 22.750000
v -4.983787 -0.390962 22.750000
v -4.854709 -1.185208 22.750000
v -4.599897 -1.948462 22.750000
v -4.225950 -2.660958 22.750000
v -3.742554 -3.304243 22.750000
v -3.162227 -3.861654 22.750000
v -2.500000 -4.318756 22.750000
v -1.773024 -4.663710 22.750000
v -1.000128 -4.887583 22.750000
v -0.201330 -4.984574 22.750000
v 0.602683 -4.952174 22.750000
v 1.391087 -4.791220 22.750000
v 2.143463 -4.505881 22.750000
v 2.840324 -4.103549 22.750000
v 3.463622 -3.594642 22.750000
v 3.997214 -2.992341 22.750000
v 4.427280 -2.312245 22.750000
v 4.742682 -1.571969 22.750000
v 4.935251 -0.790686 22.750000
v -1.562432 -0.112328 23.000000
v -1.507061 0.308253 23.000000
v -1.344723 0.700172 23.000000
v -1.086480 1.036720 23.000000
v -0.749932 1.294963 23.000000
v -0.358013 1.457301 23.000000
v 0.062568 1.512672 23.000000
v 0.483149 1.457301 23.000000
v 0.875068 1.294963 23.000000
v 1.211617 1.036720 23.000000
v 1.469860 0.700172 23.000000
v 1.632198 0.308253 23.000000
v 1.687568 -0.112328 23.000000
v 1.632198 -0.532909 23.000000
v 1.469860 -0.924828 23.000000
v 1.211617 -1.261377 23.000000
v 0.875068 -1.519620 23.000000
v 0.483149 -1.681958 23.000000
v 0.062568 -1.737328 23.000000
v -0.358013 -1.681958 23.000000
v -0.749932 -1.519620 23.000000
v -1.086480 -1.261377 23.000000
v -1.344723 -0.924828 23.000000
v -1.507061 -0.532909 23.000000
v 5.000000 0.011371 3.000000
v 4.935251 0.813427 3.000000
v 4.742682 1.594711 3.000000
v 4.427280 2.334987 3.000000
v 3.997214 3.015082 3.000000
v 3.463622 3.617383 3.000000
v 2.840324 4.126290 3.000000
v 2.143463 4.528623 3.000000
v 1.391087 4.813961 3.000000
v 0.602683 4.974915 3.000000
v -0.201330 5.007316 3.000000
v -1.000128 4.910324 3.000000
v -1.773024 4.686452 3.000000
v -2.500000 4.341498 3.000000
v -3.162227 3.884396 3.000000
v -3.742554 3.326984 3.000000
v -4.225950 2.683700 3.000000
v -4.599897 1.971204 3.000000
v -4.854709 1.207949 3.000000
v -4.983787 0.413704 3.000000
v -4.983787 -0.390962 3.000000
v -4.854709 -1.185208 3.000000
v -4.599897 -1.948462 3.000000
v -4.225950 -2.660958 3.000000
v -3.742554 -3.304243 3.000000
v -3.162227 -3.861654 3.000000
v -2.500000 -4.318756 3.000000
v -1.773024 -4.663710 3.000000
v -1.000128 -4.887583 3.000000
v -0.201330 -4.984574 3.000000
v 0.602683 -4.952174 3.000000
v 1.391087 -4.791220 3.000000
v 2.143463 -4.505881 3.000000
v 2.840324 -4.103549 3.000000
v 3.463622 -3.594642 3.000000
v 3.997214 -2.992341 3.000000
v 4.427280 -2.312245 3.000000
v 4.742682 -1.571969 3.000000
v 4.935251 -0.790686 3.000000
v 4.983787 -0.390962 12.875000
v 4.983787 0.413704 12.875000
v 4.854709 1.207949 12.875000
v 4.599897 1.971204 12.875000
v 4.225950 2.683700 12.875000
v 3.742554 3.326984 12.875000
v 3.162227 3.884396 12.875000
v 2.500000 4.341498 12.875000
v 1.773024 4.686452 12.875000
v 1.000128 4.910324 12.875000
v 0.201330 5.007316 12.875000
v -0.602683 4.974915 12.875000
v -1.391087 4.813961 12.875000
v -2.143463 4.528623 12.875000
v -2.840324 4.126290 12.875000
v -3.463622 3.617383 12.875000
v -3.997214 3.015082 12.875000
v -4.427280 2.334987 12.875000
v -4.742682 1.594711 12.875000
v -4.935251 0.813427 12.875000
v -5.000000 0.011371 12.875000
v -4.935251 -0.790686 12.875000
v -4.742682 -1.571969 12.875000
v -4.427280 -2.312245 12.875000
v -3.997214 -2.992341 12.875000
v -3.463622 -3.594642 12.875000
v -2.840324 -4.103549 12.875000
v -2.143463 -4.505881 12.875000
v -1.391087 -4.791220 12.875000
v -0.602683 -4.952174 12.875000
v 0.201330 -4.984574 12.875000
v 1.000128 -4.887583 12.875000
v 1.773024 -4.663710 12.875000
v 2.500000 -4.318756 12.875000
v 3.162227 -3.861654 12.875000
v 3.742554 -3.304243 12.875000
v 4.225950 -2.660958 12.875000
v 4.599897 -1.948462 12.875000
v 4.854709 -1.185208 12.875000
v -1.201932 -0.112328 22.639500
v -1.158845 0.214948 22.639500
v -1.032521 0.519922 22.639500
v -0.831568 0.781808 22.639500
v -0.569682 0.982761 22.639500
v -0.264708 1.109085 22.639500
v 0.062568 1.152172 22.639500
v 0.389845 1.109085 22.639500
v 0.694818 0.982761 22.639500
v 0.956705 0.781808 22.639500
v 1.157658 0.519922 22.639500
v 1.283982 0.214948 22.639500
v 1.327068 -0.112328 22.639500
v 1.283982 -0.439605 22.639500
v 1.157658 -0.744578 22.639500
v 0.956705 -1.006465 22.639500
v 0.694818 -1.207418 22.639500
v 0.389845 -1.333742 22.639500
v 0.062568 -1.376828 22.639500
v -0.264708 -1.333742 22.639500
v -0.569682 -1.207418 22.639500
v -0.831568 -1.006465 22.639500
v -1.032521 -0.744578 22.639500
v -1.158845 -0.439605 22.639500
v -1.201932 -0.112328 18.000000
v -1.158845 0.214948 18.000000
v -1.032521 0.519922 18.000000
v -0.831568 0.781808 18.000000
v -0.569682 0.982761 18.000000
v -0.264708 1.109085 18.000000
v 0.062568 1.152172 18.000000
v 0.389845 1.109085 18.000000
v 0.694818 0.982761 18.000000
v 0.956705 0.781808 18.000000
v 1.157658 0.519922 18.000000
v 1.283982 0.214948 18.000000
v 1.327068 -0.112328 18.000000
v 1.283982 -0.439605 18.000000
v 1.157658 -0.744578 18.000000
v 0.956705 -1.006465 18.000000
v 0.694818 -1.207418 18.000000
v 0.389845 -1.333742 18.000000
v 0.062568 -1.376828 18.000000
v -0.264708 -1.333742 18.000000
v -0.569682 -1.207418 18.000000
v -0.831568 -1.006465 18.000000
v -1.032521 -0.744578 18.000000
v -1.158845 -0.439605 18.000000
v 4.000000 0.011371 3.000000
v 3.935718 0.725598 3.000000
v 3.744939 1.416870 3.000000
v 3.433795 2.062968 3.000000
v 3.012286 2.643126 3.000000
v 2.493959 3.138697 3.000000
v 1.895475 3.533753 3.000000
v 1.236068 3.815597 3.000000
v 0.536933 3.975170 3.000000
v -0.179459 4.007343 3.000000
v -0.890084 3.911082 3.000000
v -1.572100 3.689482 3.000000
v -2.203588 3.349664 3.000000
v -2.764251 2.902550 3.000000
v -3.236068 2.362512 3.000000
v -3.603875 1.746906 3.000000
v -3.855851 1.075518 3.000000
v -3.983897 0.369928 3.000000
v -3.983897 -0.347187 3.000000
v -3.855851 -1.052777 3.000000
v -3.603875 -1.724164 3.000000
v -3.236068 -2.339770 3.000000
v -2.764251 -2.879809 3.000000
v -2.203588 -3.326922 3.000000
v -1.572100 -3.666740 3.000000
v -0.890084 -3.888341 3.000000
v -0.179459 -3.984602 3.000000
v 0.536933 -3.952428 3.000000
v 1.236068 -3.792855 3.000000
v 1.895475 -3.511011 3.000000
v 2.493959 -3.115955 3.000000
v 3.012286 -2.620384 3.000000
v 3.433795 -2.040226 3.000000
v 3.744939 -1.394129 3.000000
v 3.935718 -0.702857 3.000000
v -0.000000 0.011371 5.000000
v -3.490520 0.011371 3.579982
v -2.897833 0.011371 4.074624
v -2.236068 0.011371 4.472136
v -1.520999 0.011371 4.763041
v -0.769673 0.011371 4.940405
v -2.790471 2.108274 3.579982
v 2.207563 2.715145 3.579982
v 2.207563 -2.692403 3.579982
v -2.790471 -2.085532 3.579982
v 3.479201 -0.269499 3.579982
v 2.888436 -0.221808 4.074624
v 2.228817 -0.168558 4.472136
v 1.516067 -0.111019 4.763041
v 0.767178 -0.050562 4.940405
v 0.767178 0.073304 4.940405
v 1.516067 0.133760 4.763041
v 2.228817 0.191299 4.472136
v 2.888436 0.244549 4.074624
v 3.479201 0.292241 3.579982
v 3.389092 -0.823965 3.579982
v 2.813627 -0.682126 4.074624
v 2.171092 -0.523755 4.472136
v 1.476802 -0.352628 4.763041
v 0.747308 -0.172824 4.940405
v 3.211207 -1.356797 3.579982
v 2.665947 -1.124483 4.074624
v 2.057137 -0.865093 4.472136
v 1.399288 -0.584810 4.763041
v 0.708084 -0.290316 4.940405
v 2.950153 -1.854193 3.579982
v 2.449220 -1.537422 4.074624
v 1.889902 -1.183731 4.472136
v 1.285534 -0.801552 4.763041
v 0.650520 -0.399993 4.940405
v 2.612692 -2.303272 3.579982
v 2.169059 -1.910248 4.074624
v 1.673721 -1.471417 4.472136
v 1.138484 -0.997238 4.763041
v 0.576109 -0.499017 4.940405
v 1.745260 -3.011508 3.579982
v 1.448917 -2.498226 4.074624
v 1.118034 -1.925121 4.472136
v 0.760500 -1.305853 4.763041
v 0.384837 -0.655186 4.940405
v 0.486776 -0.584822 4.940405
v 0.961949 -1.166803 4.763041
v 1.414191 -1.720699 4.472136
v 1.832721 -2.233305 4.074624
v 1.237755 -3.252322 3.579982
v 1.027586 -2.698150 4.074624
v 0.792921 -2.079389 4.472136
v 0.539354 -1.410788 4.763041
v 0.272930 -0.708286 4.940405
v 0.698194 -3.408608 3.579982
v 0.579641 -2.827899 4.074624
v 0.447271 -2.179508 4.472136
v 0.304239 -1.478890 4.763041
v 0.153954 -0.742748 4.940405
v 0.140549 -3.476318 3.579982
v 0.116684 -2.884112 4.074624
v 0.090037 -2.222884 4.472136
v 0.061244 -1.508395 4.763041
v 0.030992 -0.757679 4.940405
v -0.420736 -3.453699 3.579982
v -0.349295 -2.865334 4.074624
v -0.269528 -2.208394 4.472136
v -0.183336 -1.498539 4.763041
v -0.092774 -0.752691 4.940405
v -0.971124 -3.341337 3.579982
v -0.806228 -2.772051 4.074624
v -0.622113 -2.136413 4.472136
v -0.423169 -1.449577 4.763041
v -0.214137 -0.727915 4.940405
v -1.496360 -3.142141 3.579982
v -1.242280 -2.606678 4.074624
v -0.958586 -2.008806 4.472136
v -0.652041 -1.362777 4.763041
v -0.329953 -0.683991 4.940405
v -1.982841 -2.861271 3.579982
v -1.646157 -2.373499 4.074624
v -1.270231 -1.828877 4.472136
v -0.864026 -1.240387 4.763041
v -0.437224 -0.622058 4.940405
v -2.417968 -2.506001 3.579982
v -2.007400 -2.078554 4.074624
v -1.548979 -1.601287 4.472136
v -1.053633 -1.085578 4.763041
v -0.533172 -0.543720 4.940405
v -3.090702 -1.610755 3.579982
v -2.565904 -1.335320 4.074624
v -1.979940 -1.027782 4.472136
v -1.346778 -0.695473 4.763041
v -0.681512 -0.346314 4.940405
v -0.615310 -0.451005 4.940405
v -1.215952 -0.902358 4.763041
v -1.787608 -1.331930 4.472136
v -2.316652 -1.729480 4.074624
v -3.310885 -1.093965 3.579982
v -2.748700 -0.906280 4.074624
v -2.120992 -0.696720 4.472136
v -1.442723 -0.470281 4.763041
v -0.730063 -0.232360 4.940405
v -3.445319 -0.548548 3.579982
v -2.860307 -0.453474 4.074624
v -2.207111 -0.347320 4.472136
v -1.501303 -0.232615 4.763041
v -0.759706 -0.112094 4.940405
v -3.445319 0.571290 3.579982
v -2.860307 0.476216 4.074624
v -2.207111 0.370061 4.472136
v -1.501303 0.255356 4.763041
v -0.759706 0.134835 4.940405
v -3.310885 1.116707 3.579982
v -2.748700 0.929022 4.074624
v -2.120992 0.719462 4.472136
v -1.442723 0.493023 4.763041
v -0.730063 0.255102 4.940405
v -3.090702 1.633496 3.579982
v -2.565904 1.358061 4.074624
v -1.979940 1.050523 4.472136
v -1.346778 0.718214 4.763041
v -0.681512 0.369056 4.940405
v -2.316652 1.752222 4.074624
v -1.787608 1.354671 4.472136
v -1.215952 0.925099 4.763041
v -0.615310 0.473746 4.940405
v -1.982841 2.884012 3.579982
v -1.646157 2.396241 4.074624
v -1.270231 1.851619 4.472136
v -0.864026 1.263129 4.763041
v -0.437224 0.644800 4.940405
v -0.533172 0.566461 4.940405
v -1.053633 1.108319 4.763041
v -1.548979 1.624028 4.472136
v -2.007400 2.101295 4.074624
v -2.417968 2.528742 3.579982
v -1.496360 3.164883 3.579982
v -1.242280 2.629419 4.074624
v -0.958586 2.031547 4.472136
v -0.652041 1.385518 4.763041
v -0.329953 0.706733 4.940405
v -0.971124 3.364078 3.579982
v -0.806228 2.794792 4.074624
v -0.622113 2.159155 4.472136
v -0.423169 1.472318 4.763041
v -0.214137 0.750656 4.940405
v -0.420736 3.476441 3.579982
v -0.349295 2.888075 4.074624
v -0.269528 2.231135 4.472136
v -0.183336 1.521280 4.763041
v -0.092774 0.775432 4.940405
v 0.140549 3.499060 3.579982
v 0.116684 2.906854 4.074624
v 0.090037 2.245625 4.472136
v 0.061244 1.531137 4.763041
v 0.030992 0.780420 4.940405
v 0.698194 3.431350 3.579982
v 0.579641 2.850641 4.074624
v 0.447271 2.202249 4.472136
v 0.304239 1.501632 4.763041
v 0.153954 0.765490 4.940405
v 1.237755 3.275064 3.579982
v 1.027586 2.720892 4.074624
v 0.792921 2.102131 4.472136
v 0.539354 1.433530 4.763041
v 0.272930 0.731028 4.940405
v 1.745260 3.034250 3.579982
v 1.448917 2.520968 4.074624
v 1.118034 1.947862 4.472136
v 0.760500 1.328595 4.763041
v 0.384837 0.677927 4.940405
v 1.832721 2.256047 4.074624
v 1.414191 1.743440 4.472136
v 0.961949 1.189544 4.763041
v 0.486776 0.607564 4.940405
v 2.950153 1.876934 3.579982
v 2.449220 1.560164 4.074624
v 1.889902 1.206473 4.472136
v 1.285534 0.824293 4.763041
v 0.650520 0.422735 4.940405
v 0.576109 0.521759 4.940405
v 1.138484 1.019980 4.763041
v 1.673721 1.494158 4.472136
v 2.169059 1.932990 4.074624
v 2.612692 2.326014 3.579982
v 3.211207 1.379538 3.579982
v 2.665947 1.147225 4.074624
v 2.057137 0.887835 4.472136
v 1.399288 0.607552 4.763041
v 0.708084 0.313057 4.940405
v 3.389092 0.846707 3.579982
v 2.813627 0.704868 4.074624
v 2.171092 0.546497 4.472136
v 1.476802 0.375370 4.763041
v 0.747308 0.195566 4.940405
vt 0.017678 -1.450920 0.000000
vt -0.017678 -1.452987 0.000000
vt 0.017678 -1.531526 0.000000
vt -0.017678 -1.531526 0.000000
vt 0.017678 1.531526 0.000000
vt -0.017678 1.531526 0.000000
vt -0.017678 1.452987 0.000000
vt -0.017678 -1.374447 0.000000
vt 0.017678 -1.370313 0.000000
vt -0.017678 -1.295907 0.000000
vt 0.017678 -1.289706 0.000000
vt -0.017678 -1.217367 0.000000
vt 0.017678 -1.209100 0.000000
vt -0.017678 -1.138827 0.000000
vt 0.017678 -1.128493 0.000000
vt -0.017678 -1.060288 0.000000
vt 0.017678 -1.047886 0.000000
vt -0.017678 -0.981748 0.000000
vt 0.017678 -0.967280 0.000000
vt -0.017678 -0.903208 0.000000
vt 0.017678 -0.886673 0.000000
vt -0.017678 -0.824668 0.000000
vt 0.017678 -0.806067 0.000000
vt -0.017678 -0.746128 0.000000
vt 0.017678 -0.725460 0.000000
vt -0.017678 -0.667588 0.000000
vt 0.017678 -0.644853 0.000000
vt -0.017678 -0.589049 0.000000
vt 0.017678 -0.564247 0.000000
vt -0.017678 -0.510509 0.000000
vt 0.017678 -0.483640 0.000000
vt -0.017678 -0.431969 0.000000
vt 0.017678 -0.403033 0.000000
vt -0.017678 -0.353429 0.000000
vt 0.017678 -0.322427 0.000000
vt -0.017678 -0.274889 0.000000
vt 0.017678 -0.241820 0.000000
vt -0.017678 -0.196350 0.000000
vt 0.017678 -0.161213 0.000000
vt -0.017678 -0.117810 0.000000
vt 0.017678 -0.080607 0.000000
vt -0.017678 -0.039270 0.000000
vt 0.017678 -0.000000 0.000000
vt -0.017678 0.039270 0.000000
vt 0.017678 0.080607 0.000000
vt -0.017678 0.117810 0.000000
vt 0.017678 0.161213 0.000000
vt -0.017678 0.196350 0.000000
vt 0.017678 0.241820 0.000000
vt -0.017678 0.274889 0.000000
vt 0.017678 0.322427 0.000000
vt -0.017678 0.353429 0.000000
vt 0.017678 0.403033 0.000000
vt -0.017678 0.431969 0.000000
vt 0.017678 0.483640 0.000000
vt -0.017678 0.510509 0.000000
vt 0.017678 0.564247 0.000000
vt -0.017678 0.589049 0.000000
vt 0.017678 0.644853 0.000000
vt -0.017678 0.667588 0.000000
vt 0.017678 0.725460 0.000000
vt -0.017678 0.746128 0.000000
vt 0.017678 0.806067 0.000000
vt -0.017678 0.824668 0.000000
vt 0.017678 0.886673 0.000000
vt -0.017678 0.903208 0.000000
vt 0.017678 0.967280 0.000000
vt -0.017678 0.981748 0.000000
vt 0.017678 1.047886 0.000000
vt -0.017678 1.060288 0.000000
vt 0.017678 1.128493 0.000000
vt -0.017678 1.138827 0.000000
vt 0.017678 1.209100 0.000000
vt -0.017678 1.217367 0.000000
vt 0.017678 1.289706 0.000000
vt -0.017678 1.295907 0.000000
vt 0.017678 1.370313 0.000000
vt -0.017678 1.374447 0.000000
vt 0.017678 1.450920 0.000000
vt 0.650706 -0.029688 0.000000
vt 0.968522 -0.078182 0.000000
vt 0.656243 0.012370 0.000000
vt 0.975000 0.000000 0.000000
vt 0.968522 0.078182 0.000000
vt 0.949263 -0.154232 0.000000
vt 0.634472 -0.068880 0.000000
vt 0.917750 -0.226075 0.000000
vt 0.874842 -0.291751 0.000000
vt 0.608648 -0.102535 0.000000
vt 0.821709 -0.349469 0.000000
vt 0.574993 -0.128359 0.000000
vt 0.759800 -0.397654 0.000000
vt 0.690805 -0.434992 0.000000
vt 0.535801 -0.144593 0.000000
vt 0.616606 -0.460465 0.000000
vt 0.539225 -0.473378 0.000000
vt 0.493743 -0.150130 0.000000
vt 0.460775 -0.473378 0.000000
vt 0.451685 -0.144593 0.000000
vt 0.383394 -0.460465 0.000000
vt 0.309195 -0.434992 0.000000
vt 0.412493 -0.128359 0.000000
vt 0.240200 -0.397654 0.000000
vt 0.178291 -0.349469 0.000000
vt 0.378838 -0.102535 0.000000
vt 0.125158 -0.291751 0.000000
vt 0.353014 -0.068880 0.000000
vt 0.082250 -0.226075 0.000000
vt 0.050737 -0.154232 0.000000
vt 0.336780 -0.029688 0.000000
vt 0.031478 -0.078182 0.000000
vt 0.331243 0.012370 0.000000
vt 0.025000 0.000000 0.000000
vt 0.031478 0.078182 0.000000
vt 0.336780 0.054428 0.000000
vt 0.050737 0.154232 0.000000
vt 0.082250 0.226075 0.000000
vt 0.353014 0.093620 0.000000
vt 0.125158 0.291751 0.000000
vt 0.378838 0.127275 0.000000
vt 0.178291 0.349469 0.000000
vt 0.240200 0.397654 0.000000
vt 0.412493 0.153099 0.000000
vt 0.309195 0.434992 0.000000
vt 0.451685 0.169333 0.000000
vt 0.383394 0.460465 0.000000
vt 0.460775 0.473378 0.000000
vt 0.493743 0.174870 0.000000
vt 0.539225 0.473378 0.000000
vt 0.535801 0.169333 0.000000
vt 0.616606 0.460465 0.000000
vt 0.690805 0.434992 0.000000
vt 0.574993 0.153099 0.000000
vt 0.759800 0.397654 0.000000
vt 0.608648 0.127275 0.000000
vt 0.821709 0.349469 0.000000
vt 0.874842 0.291751 0.000000
vt 0.634472 0.093620 0.000000
vt 0.917750 0.226075 0.000000
vt 0.650706 0.054428 0.000000
vt 0.949263 0.154232 0.000000
vt -1.000000 -0.080554 0.000000
vt -0.012500 -0.040277 0.000000
vt -1.000000 0.000000 0.000000
vt -0.012500 0.040277 0.000000
vt -1.000000 0.080554 0.000000
vt -0.012500 0.120830 0.000000
vt -1.000000 0.161107 0.000000
vt -0.012500 0.201384 0.000000
vt -1.000000 0.241661 0.000000
vt -0.012500 0.281938 0.000000
vt -1.000000 0.322215 0.000000
vt -0.012500 0.362491 0.000000
vt -1.000000 0.402768 0.000000
vt -0.012500 0.443045 0.000000
vt -1.000000 0.483322 0.000000
vt -0.012500 0.523599 0.000000
vt -1.000000 0.563876 0.000000
vt -0.012500 0.604152 0.000000
vt -1.000000 0.644429 0.000000
vt -0.012500 0.684706 0.000000
vt -1.000000 0.724983 0.000000
vt -0.012500 0.765260 0.000000
vt -1.000000 0.805537 0.000000
vt -0.012500 0.845813 0.000000
vt -1.000000 0.886090 0.000000
vt -0.012500 0.926367 0.000000
vt -1.000000 0.966644 0.000000
vt -0.012500 1.006921 0.000000
vt -1.000000 1.047198 0.000000
vt -0.012500 1.087474 0.000000
vt -1.000000 1.127751 0.000000
vt -0.012500 1.168028 0.000000
vt -1.000000 1.208305 0.000000
vt -0.012500 1.248582 0.000000
vt -1.000000 1.288859 0.000000
vt -0.012500 1.329135 0.000000
vt -1.000000 1.369412 0.000000
vt -0.012500 1.409689 0.000000
vt -1.000000 1.449966 0.000000
vt -0.012500 1.490243 0.000000
vt -1.000000 1.530519 0.000000
vt -0.012500 1.570796 0.000000
vt -1.000000 1.611073 0.000000
vt -1.000000 -1.530519 0.000000
vt -0.012500 -1.570796 0.000000
vt -0.012500 -1.490243 0.000000
vt -1.000000 -1.449966 0.000000
vt -0.012500 -1.409689 0.000000
vt -1.000000 -1.369412 0.000000
vt -0.012500 -1.329135 0.000000
vt -1.000000 -1.288859 0.000000
vt -0.012500 -1.248582 0.000000
vt -1.000000 -1.208305 0.000000
vt -0.012500 -1.168028 0.000000
vt -1.000000 -1.127751 0.000000
vt -0.012500 -1.087474 0.000000
vt -1.000000 -1.047198 0.000000
vt -0.012500 -1.006921 0.000000
vt -1.000000 -0.966644 0.000000
vt -0.012500 -0.926367 0.000000
vt -1.000000 -0.886090 0.000000
vt -0.012500 -0.845813 0.000000
vt -1.000000 -0.805537 0.000000
vt -0.012500 -0.765260 0.000000
vt -1.000000 -0.724983 0.000000
vt -0.012500 -0.684706 0.000000
vt -1.000000 -0.644429 0.000000
vt -0.012500 -0.604152 0.000000
vt -1.000000 -0.563876 0.000000
vt -0.012500 -0.523599 0.000000
vt -1.000000 -0.483322 0.000000
vt -0.012500 -0.443045 0.000000
vt -1.000000 -0.402768 0.000000
vt -0.012500 -0.362491 0.000000
vt -1.000000 -0.322215 0.000000
vt -0.012500 -0.281938 0.000000
vt -1.000000 -0.241661 0.000000
vt -0.012500 -0.201384 0.000000
vt -1.000000 -0.161107 0.000000
vt -0.012500 -0.120830 0.000000
vt 0.975000 0.080554 0.000000
vt 0.975000 -0.000000 0.000000
vt 0.975000 -0.080554 0.000000
vt 0.975000 -0.161107 0.000000
vt 0.975000 -0.241661 0.000000
vt 0.975000 -0.322215 0.000000
vt 0.975000 -0.402768 0.000000
vt 0.975000 -0.483322 0.000000
vt 0.975000 -0.563876 0.000000
vt 0.975000 -0.644429 0.000000
vt 0.975000 -0.724983 0.000000
vt 0.975000 -0.805537 0.000000
vt 0.975000 -0.886090 0.000000
vt 0.975000 -0.966644 0.000000
vt 0.975000 -1.047198 0.000000
vt 0.975000 -1.127751 0.000000
vt 0.975000 -1.208305 0.000000
vt 0.975000 -1.288859 0.000000
vt 0.975000 -1.369412 0.000000
vt 0.975000 -1.449966 0.000000
vt 0.975000 -1.530519 0.000000
vt 0.975000 -1.611073 0.000000
vt 0.975000 1.530519 0.000000
vt 0.975000 1.449966 0.000000
vt 0.975000 1.369412 0.000000
vt 0.975000 1.288859 0.000000
vt 0.975000 1.208305 0.000000
vt 0.975000 1.127751 0.000000
vt 0.975000 1.047198 0.000000
vt 0.975000 0.966644 0.000000
vt 0.975000 0.886090 0.000000
vt 0.975000 0.805537 0.000000
vt 0.975000 0.724983 0.000000
vt 0.975000 0.644429 0.000000
vt 0.975000 0.563876 0.000000
vt 0.975000 0.483322 0.000000
vt 0.975000 0.402768 0.000000
vt 0.975000 0.322215 0.000000
vt 0.975000 0.241661 0.000000
vt 0.975000 0.161107 0.000000
vt -0.025491 -0.037823 0.000000
vt 0.025491 -0.037823 0.000000
vt -0.025491 -0.000000 0.000000
vt 0.025491 0.000000 0.000000
vt -0.025491 0.037823 0.000000
vt 0.025491 0.037823 0.000000
vt -0.025491 0.075647 0.000000
vt 0.025491 0.075647 0.000000
vt -0.025491 0.113470 0.000000
vt 0.025491 0.113470 0.000000
vt -0.025491 0.151294 0.000000
vt 0.025491 0.151294 0.000000
vt -0.025491 0.189117 0.000000
vt 0.025491 0.189117 0.000000
vt -0.025491 0.226941 0.000000
vt 0.025491 0.226941 0.000000
vt -0.025491 0.264764 0.000000
vt 0.025491 0.264764 0.000000
vt -0.025491 0.302588 0.000000
vt 0.025491 0.302588 0.000000
vt -0.025491 0.340411 0.000000
vt 0.025491 0.340411 0.000000
vt -0.025491 0.378235 0.000000
vt 0.025491 0.378235 0.000000
vt -0.025491 0.416058 0.000000
vt 0.025491 0.416058 0.000000
vt -0.025491 0.453882 0.000000
vt 0.025491 0.453882 0.000000
vt -0.025491 -0.453882 0.000000
vt 0.025491 -0.453882 0.000000
vt -0.025491 -0.416058 0.000000
vt 0.025491 -0.416058 0.000000
vt -0.025491 -0.378235 0.000000
vt 0.025491 -0.378235 0.000000
vt -0.025491 -0.340411 0.000000
vt 0.025491 -0.340411 0.000000
vt -0.025491 -0.302588 0.000000
vt 0.025491 -0.302588 0.000000
vt -0.025491 -0.264764 0.000000
vt 0.025491 -0.264764 0.000000
vt -0.025491 -0.226941 0.000000
vt 0.025491 -0.226941 0.000000
vt -0.025491 -0.189117 0.000000
vt 0.025491 -0.189117 0.000000
vt -0.025491 -0.151294 0.000000
vt 0.025491 -0.151294 0.000000
vt -0.025491 -0.113470 0.000000
vt 0.025491 -0.113470 0.000000
vt -0.025491 -0.075647 0.000000
vt 0.025491 -0.075647 0.000000
vt -0.213950 -0.033105 0.000000
vt 0.250000 -0.033105 0.000000
vt -0.213950 -0.000000 0.000000
vt 0.250000 0.000000 0.000000
vt -0.213950 0.033105 0.000000
vt 0.250000 0.033105 0.000000
vt -0.213950 0.066209 0.000000
vt 0.250000 0.066209 0.000000
vt -0.213950 0.099314 0.000000
vt 0.250000 0.099314 0.000000
vt -0.213950 0.132418 0.000000
vt 0.250000 0.132418 0.000000
vt -0.213950 0.165523 0.000000
vt 0.250000 0.165523 0.000000
vt -0.213950 0.198627 0.000000
vt 0.250000 0.198627 0.000000
vt -0.213950 0.231732 0.000000
vt 0.250000 0.231732 0.000000
vt -0.213950 0.264836 0.000000
vt 0.250000 0.264836 0.000000
vt -0.213950 0.297941 0.000000
vt 0.250000 0.297941 0.000000
vt -0.213950 0.331045 0.000000
vt 0.250000 0.331045 0.000000
vt -0.213950 0.364150 0.000000
vt 0.250000 0.364150 0.000000
vt -0.213950 0.397254 0.000000
vt 0.250000 0.397254 0.000000
vt -0.213950 -0.397254 0.000000
vt 0.250000 -0.397254 0.000000
vt -0.213950 -0.364150 0.000000
vt 0.250000 -0.364150 0.000000
vt -0.213950 -0.331045 0.000000
vt 0.250000 -0.331045 0.000000
vt -0.213950 -0.297941 0.000000
vt 0.250000 -0.297941 0.000000
vt -0.213950 -0.264836 0.000000
vt 0.250000 -0.264836 0.000000
vt -0.213950 -0.231732 0.000000
vt 0.250000 -0.231732 0.000000
vt -0.213950 -0.198627 0.000000
vt 0.250000 -0.198627 0.000000
vt -0.213950 -0.165523 0.000000
vt 0.250000 -0.165523 0.000000
vt -0.213950 -0.132418 0.000000
vt 0.250000 -0.132418 0.000000
vt -0.213950 -0.099314 0.000000
vt 0.250000 -0.099314 0.000000
vt -0.213950 -0.066209 0.000000
vt 0.250000 -0.066209 0.000000
vt -0.122141 -0.032728 0.000000
vt 0.122141 -0.032728 0.000000
vt -0.126450 0.000000 0.000000
vt 0.126450 0.000000 0.000000
vt -0.122141 0.032728 0.000000
vt 0.122141 0.032728 0.000000
vt -0.109509 0.063225 0.000000
vt 0.109509 0.063225 0.000000
vt -0.089414 0.089414 0.000000
vt 0.089414 0.089414 0.000000
vt -0.063225 0.109509 0.000000
vt 0.063225 0.109509 0.000000
vt -0.032728 0.122141 0.000000
vt 0.032728 0.122141 0.000000
vt -0.000000 0.126450 0.000000
vt 0.109509 -0.063225 0.000000
vt -0.109509 -0.063225 0.000000
vt 0.089414 -0.089414 0.000000
vt -0.089414 -0.089414 0.000000
vt 0.063225 -0.109509 0.000000
vt -0.063225 -0.109509 0.000000
vt 0.032728 -0.122141 0.000000
vt -0.032728 -0.122141 0.000000
vt 0.000000 -0.126450 0.000000
vt 0.093525 -0.080206 0.000000
vt 0.100000 0.000000 0.000000
vt 0.000000 0.000000 0.000000
vt 0.093525 0.080206 0.000000
vt -0.006428 0.071423 0.000000
vt 0.074268 0.158334 0.000000
vt -0.025506 0.140550 0.000000
vt 0.042728 0.232362 0.000000
vt -0.056620 0.205160 0.000000
vt -0.000279 0.300371 0.000000
vt -0.098771 0.263175 0.000000
vt -0.053638 0.360601 0.000000
vt -0.150604 0.312733 0.000000
vt -0.115968 0.411492 0.000000
vt -0.210453 0.352238 0.000000
vt -0.185654 0.451725 0.000000
vt -0.276393 0.380423 0.000000
vt -0.260891 0.480259 0.000000
vt -0.346307 0.396380 0.000000
vt -0.339732 0.496354 0.000000
vt -0.417946 0.399597 0.000000
vt -0.420133 0.499594 0.000000
vt -0.500013 0.489895 0.000000
vt -0.489008 0.389971 0.000000
vt -0.577302 0.467508 0.000000
vt -0.557210 0.367811 0.000000
vt -0.650000 0.433013 0.000000
vt -0.620359 0.333829 0.000000
vt -0.716223 0.387302 0.000000
vt -0.676425 0.289118 0.000000
vt -0.774255 0.331561 0.000000
vt -0.723607 0.235114 0.000000
vt -0.822595 0.267233 0.000000
vt -0.760388 0.173553 0.000000
vt -0.859990 0.195983 0.000000
vt -0.785585 0.106415 0.000000
vt -0.885471 0.119658 0.000000
vt -0.798390 0.035856 0.000000
vt -0.898379 0.040233 0.000000
vt -0.898379 -0.040233 0.000000
vt -0.798390 -0.035856 0.000000
vt -0.885471 -0.119658 0.000000
vt -0.785585 -0.106415 0.000000
vt -0.859990 -0.195983 0.000000
vt -0.760388 -0.173553 0.000000
vt -0.822595 -0.267233 0.000000
vt -0.723607 -0.235114 0.000000
vt -0.774255 -0.331561 0.000000
vt -0.676425 -0.289118 0.000000
vt -0.716223 -0.387302 0.000000
vt -0.620359 -0.333829 0.000000
vt -0.650000 -0.433013 0.000000
vt -0.557210 -0.367811 0.000000
vt -0.577302 -0.467508 0.000000
vt -0.489008 -0.389971 0.000000
vt -0.500013 -0.489895 0.000000
vt -0.417946 -0.399597 0.000000
vt -0.420133 -0.499594 0.000000
vt -0.339732 -0.496354 0.000000
vt -0.346307 -0.396380 0.000000
vt -0.260891 -0.480259 0.000000
vt -0.276393 -0.380423 0.000000
vt -0.185654 -0.451725 0.000000
vt -0.210453 -0.352238 0.000000
vt -0.115968 -0.411492 0.000000
vt -0.150604 -0.312733 0.000000
vt -0.053638 -0.360601 0.000000
vt -0.098771 -0.263175 0.000000
vt -0.000279 -0.300371 0.000000
vt -0.056620 -0.205160 0.000000
vt 0.042728 -0.232362 0.000000
vt -0.025506 -0.140550 0.000000
vt 0.074268 -0.158334 0.000000
vt -0.006428 -0.071423 0.000000
vt -0.321751 0.040142 0.000000
vt -0.399025 0.018012 0.000000
vt -0.321751 0.000000 0.000000
vt -0.399025 -0.018012 0.000000
vt -0.321751 -0.040142 0.000000
vt -0.399025 -0.054037 0.000000
vt -0.321751 -0.080284 0.000000
vt -0.399025 -0.090062 0.000000
vt -0.321751 -0.120425 0.000000
vt -0.399025 -0.126086 0.000000
vt -0.321751 -0.160567 0.000000
vt -0.399025 -0.162111 0.000000
vt -0.399025 -0.198136 0.000000
vt -0.476300 -0.162111 0.000000
vt -0.476300 -0.198136 0.000000
vt -0.553574 -0.162111 0.000000
vt -0.553574 -0.198136 0.000000
vt -0.630849 -0.162111 0.000000
vt -0.630849 -0.198136 0.000000
vt -0.708124 -0.162111 0.000000
vt -0.708124 -0.198136 0.000000
vt -0.785398 -0.162111 0.000000
vt -0.399025 0.054037 0.000000
vt -0.321751 0.080284 0.000000
vt -0.399025 0.090062 0.000000
vt -0.321751 0.120425 0.000000
vt -0.399025 0.126086 0.000000
vt -0.321751 0.160567 0.000000
vt -0.399025 0.162111 0.000000
vt -0.399025 0.198136 0.000000
vt -0.476300 0.198136 0.000000
vt -0.476300 0.234160 0.000000
vt -0.553574 0.234160 0.000000
vt -0.553574 0.270185 0.000000
vt -0.630849 0.270185 0.000000
vt -0.630849 0.306210 0.000000
vt -0.708124 0.306210 0.000000
vt -0.708124 0.342235 0.000000
vt -0.785398 0.342235 0.000000
vt -0.321751 0.200709 0.000000
vt -0.399025 0.234160 0.000000
vt -0.476300 0.270185 0.000000
vt -0.553574 0.306210 0.000000
vt -0.630849 0.342235 0.000000
vt -0.708124 0.378259 0.000000
vt -0.785398 0.378259 0.000000
vt -0.321751 0.240851 0.000000
vt -0.399025 0.270185 0.000000
vt -0.476300 0.306210 0.000000
vt -0.553574 0.342235 0.000000
vt -0.630849 0.378259 0.000000
vt -0.708124 0.414284 0.000000
vt -0.785398 0.414284 0.000000
vt -0.321751 0.280993 0.000000
vt -0.399025 0.306210 0.000000
vt -0.476300 0.342235 0.000000
vt -0.553574 0.378259 0.000000
vt -0.630849 0.414284 0.000000
vt -0.708124 0.450309 0.000000
vt -0.785398 0.450309 0.000000
vt -0.321751 0.321134 0.000000
vt -0.399025 0.342235 0.000000
vt -0.476300 0.378259 0.000000
vt -0.553574 0.414284 0.000000
vt -0.630849 0.450309 0.000000
vt -0.708124 0.486333 0.000000
vt -0.785398 0.486333 0.000000
vt -0.321751 0.361276 0.000000
vt -0.399025 0.378259 0.000000
vt -0.476300 0.414284 0.000000
vt -0.553574 0.450309 0.000000
vt -0.630849 0.486333 0.000000
vt -0.708124 0.522358 0.000000
vt -0.785398 0.522358 0.000000
vt -0.321751 0.401418 0.000000
vt -0.399025 0.414284 0.000000
vt -0.476300 0.450309 0.000000
vt -0.553574 0.486333 0.000000
vt -0.630849 0.522358 0.000000
vt -0.708124 0.558383 0.000000
vt -0.785398 0.558383 0.000000
vt -0.321751 0.441560 0.000000
vt -0.399025 0.450309 0.000000
vt -0.476300 0.486333 0.000000
vt -0.553574 0.522358 0.000000
vt -0.630849 0.558383 0.000000
vt -0.708124 0.594407 0.000000
vt -0.785398 0.594407 0.000000
vt -0.321751 0.481702 0.000000
vt -0.399025 0.486333 0.000000
vt -0.476300 0.522358 0.000000
vt -0.553574 0.558383 0.000000
vt -0.630849 0.594407 0.000000
vt -0.708124 0.630432 0.000000
vt -0.785398 0.630432 0.000000
vt -0.321751 0.521843 0.000000
vt -0.399025 0.522358 0.000000
vt -0.476300 0.558383 0.000000
vt -0.553574 0.594407 0.000000
vt -0.630849 0.630432 0.000000
vt -0.708124 0.666457 0.000000
vt -0.785398 0.666457 0.000000
vt -0.399025 0.558383 0.000000
vt -0.321751 0.561985 0.000000
vt -0.399025 0.594407 0.000000
vt -0.321751 0.602127 0.000000
vt -0.399025 0.630432 0.000000
vt -0.321751 0.642269 0.000000
vt -0.399025 0.666457 0.000000
vt -0.321751 0.682411 0.000000
vt -0.399025 0.702481 0.000000
vt -0.399025 -0.702481 0.000000
vt -0.321751 -0.722552 0.000000
vt -0.321751 -0.682411 0.000000
vt -0.399025 -0.666457 0.000000
vt -0.321751 -0.642269 0.000000
vt -0.399025 -0.630432 0.000000
vt -0.321751 -0.602127 0.000000
vt -0.399025 -0.594407 0.000000
vt -0.321751 -0.561985 0.000000
vt -0.399025 -0.558383 0.000000
vt -0.321751 -0.521843 0.000000
vt -0.399025 -0.522358 0.000000
vt -0.399025 -0.486333 0.000000
vt -0.476300 -0.486333 0.000000
vt -0.476300 -0.450309 0.000000
vt -0.553574 -0.450309 0.000000
vt -0.553574 -0.414284 0.000000
vt -0.630849 -0.414284 0.000000
vt -0.630849 -0.378259 0.000000
vt -0.708124 -0.378259 0.000000
vt -0.708124 -0.342235 0.000000
vt -0.785398 -0.342235 0.000000
vt -0.321751 -0.481702 0.000000
vt -0.399025 -0.450309 0.000000
vt -0.476300 -0.414284 0.000000
vt -0.553574 -0.378259 0.000000
vt -0.630849 -0.342235 0.000000
vt -0.708124 -0.306210 0.000000
vt -0.785398 -0.306210 0.000000
vt -0.321751 -0.441560 0.000000
vt -0.399025 -0.414284 0.000000
vt -0.476300 -0.378259 0.000000
vt -0.553574 -0.342235 0.000000
vt -0.630849 -0.306210 0.000000
vt -0.708124 -0.270185 0.000000
vt -0.785398 -0.270185 0.000000
vt -0.321751 -0.401418 0.000000
vt -0.399025 -0.378259 0.000000
vt -0.476300 -0.342235 0.000000
vt -0.553574 -0.306210 0.000000
vt -0.630849 -0.270185 0.000000
vt -0.708124 -0.234160 0.000000
vt -0.785398 -0.234160 0.000000
vt -0.321751 -0.361276 0.000000
vt -0.399025 -0.342235 0.000000
vt -0.476300 -0.306210 0.000000
vt -0.553574 -0.270185 0.000000
vt -0.630849 -0.234160 0.000000
vt -0.785398 -0.198136 0.000000
vt -0.321751 -0.321134 0.000000
vt -0.399025 -0.306210 0.000000
vt -0.476300 -0.270185 0.000000
vt -0.553574 -0.234160 0.000000
vt -0.321751 -0.280993 0.000000
vt -0.399025 -0.270185 0.000000
vt -0.476300 -0.234160 0.000000
vt -0.321751 -0.240851 0.000000
vt -0.399025 -0.234160 0.000000
vt -0.321751 -0.200709 0.000000
vt -0.708124 0.702481 0.000000
vt -0.785398 0.702481 0.000000
vt -0.785398 0.306210 0.000000
vt -0.708124 0.270185 0.000000
vt -0.785398 0.270185 0.000000
vt -0.708124 0.234160 0.000000
vt -0.708124 0.198136 0.000000
vt -0.785398 0.198136 0.000000
vt -0.708124 0.162111 0.000000
vt -0.785398 0.162111 0.000000
vt -0.708124 0.126086 0.000000
vt -0.785398 0.126086 0.000000
vt -0.708124 0.090062 0.000000
vt -0.785398 0.090062 0.000000
vt -0.708124 0.054037 0.000000
vt -0.785398 0.054037 0.000000
vt -0.708124 0.018012 0.000000
vt -0.785398 0.018012 0.000000
vt -0.708124 -0.018012 0.000000
vt -0.785398 -0.018012 0.000000
vt -0.708124 -0.054037 0.000000
vt -0.785398 -0.054037 0.000000
vt -0.708124 -0.090062 0.000000
vt -0.785398 -0.090062 0.000000
vt -0.708124 -0.126086 0.000000
vt -0.785398 -0.126086 0.000000
vt -0.785398 -0.378259 0.000000
vt -0.708124 -0.414284 0.000000
vt -0.785398 -0.414284 0.000000
vt -0.708124 -0.450309 0.000000
vt -0.785398 -0.450309 0.000000
vt -0.708124 -0.486333 0.000000
vt -0.785398 -0.486333 0.000000
vt -0.708124 -0.522358 0.000000
vt -0.785398 -0.522358 0.000000
vt -0.708124 -0.558383 0.000000
vt -0.785398 -0.558383 0.000000
vt -0.708124 -0.594407 0.000000
vt -0.785398 -0.594407 0.000000
vt -0.708124 -0.630432 0.000000
vt -0.785398 -0.630432 0.000000
vt -0.708124 -0.666457 0.000000
vt -0.785398 -0.666457 0.000000
vt -0.708124 -0.702481 0.000000
vt -0.476300 0.702481 0.000000
vt -0.476300 0.666457 0.000000
vt -0.476300 0.630432 0.000000
vt -0.476300 0.594407 0.000000
vt -0.553574 0.702481 0.000000
vt -0.553574 0.666457 0.000000
vt -0.553574 0.630432 0.000000
vt -0.476300 -0.702481 0.000000
vt -0.476300 -0.666457 0.000000
vt -0.476300 -0.630432 0.000000
vt -0.476300 -0.594407 0.000000
vt -0.476300 -0.558383 0.000000
vt -0.476300 -0.522358 0.000000
vt -0.630849 0.702481 0.000000
vt -0.630849 0.666457 0.000000
vt -0.553574 -0.702481 0.000000
vt -0.553574 -0.666457 0.000000
vt -0.553574 -0.630432 0.000000
vt -0.553574 -0.594407 0.000000
vt -0.553574 -0.558383 0.000000
vt -0.553574 -0.522358 0.000000
vt -0.553574 -0.486333 0.000000
vt -0.630849 -0.702481 0.000000
vt -0.630849 -0.666457 0.000000
vt -0.630849 -0.630432 0.000000
vt -0.630849 -0.594407 0.000000
vt -0.630849 -0.558383 0.000000
vt -0.630849 -0.522358 0.000000
vt -0.630849 -0.486333 0.000000
vt -0.630849 -0.450309 0.000000
vt -0.785398 0.234160 0.000000
vt -0.476300 0.018012 0.000000
vt -0.476300 -0.018012 0.000000
vt -0.476300 -0.054037 0.000000
vt -0.476300 -0.090062 0.000000
vt -0.476300 -0.126086 0.000000
vt -0.553574 0.018012 0.000000
vt -0.553574 -0.018012 0.000000
vt -0.553574 -0.054037 0.000000
vt -0.553574 -0.090062 0.000000
vt -0.553574 -0.126086 0.000000
vt -0.476300 0.054037 0.000000
vt -0.476300 0.090062 0.000000
vt -0.476300 0.126086 0.000000
vt -0.476300 0.162111 0.000000
vt -0.630849 0.018012 0.000000
vt -0.630849 -0.018012 0.000000
vt -0.630849 -0.054037 0.000000
vt -0.630849 -0.090062 0.000000
vt -0.630849 -0.126086 0.000000
vt -0.553574 0.054037 0.000000
vt -0.553574 0.090062 0.000000
vt -0.553574 0.126086 0.000000
vt -0.553574 0.162111 0.000000
vt -0.553574 0.198136 0.000000
vt -0.630849 0.054037 0.000000
vt -0.630849 0.090062 0.000000
vt -0.630849 0.126086 0.000000
vt -0.630849 0.162111 0.000000
vt -0.630849 0.198136 0.000000
vt -0.630849 0.234160 0.000000
vn 0.069746 -0.011639 0.070711
vn 0.069795 -0.011343 0.070711
vn 0.070711 0.000000 0.070711
vn 0.070711 0.000000 0.070711
vn 0.069795 0.011343 0.070711
vn 0.067072 -0.022392 0.070711
vn 0.066879 -0.022960 0.070711
vn 0.062611 -0.032861 0.070711
vn 0.062188 -0.033655 0.070711
vn 0.056529 -0.042479 0.070711
vn 0.055801 -0.043431 0.070711
vn 0.048983 -0.050997 0.070711
vn 0.047891 -0.052024 0.070711
vn 0.040168 -0.058194 0.070711
vn 0.038675 -0.059197 0.070711
vn 0.030313 -0.063884 0.070711
vn 0.028404 -0.064755 0.070711
vn 0.019673 -0.067919 0.070711
vn 0.017358 -0.068547 0.070711
vn 0.008523 -0.070195 0.070711
vn 0.005839 -0.070469 0.070711
vn -0.002847 -0.070653 0.070711
vn -0.005839 -0.070469 0.070711
vn -0.014144 -0.069282 0.070711
vn -0.017358 -0.068547 0.070711
vn -0.025074 -0.066116 0.070711
vn -0.028404 -0.064755 0.070711
vn -0.035355 -0.061237 0.070711
vn -0.038675 -0.059197 0.070711
vn -0.044721 -0.054773 0.070711
vn -0.047891 -0.052024 0.070711
vn -0.052928 -0.046890 0.070711
vn -0.055801 -0.043431 0.070711
vn -0.059764 -0.037792 0.070711
vn -0.062188 -0.033655 0.070711
vn -0.065052 -0.027716 0.070711
vn -0.066879 -0.022960 0.070711
vn -0.068656 -0.016922 0.070711
vn -0.069746 -0.011639 0.070711
vn -0.070481 -0.005690 0.070711
vn -0.070711 0.000000 0.070711
vn -0.070481 0.005690 0.070711
vn -0.069746 0.011639 0.070711
vn -0.068656 0.016922 0.070711
vn -0.066879 0.022960 0.070711
vn -0.065052 0.027716 0.070711
vn -0.062188 0.033655 0.070711
vn -0.059764 0.037792 0.070711
vn -0.055801 0.043431 0.070711
vn -0.052928 0.046890 0.070711
vn -0.047891 0.052024 0.070711
vn -0.044721 0.054773 0.070711
vn -0.038675 0.059197 0.070711
vn -0.035355 0.061237 0.070711
vn -0.028404 0.064755 0.070711
vn -0.025074 0.066116 0.070711
vn -0.017358 0.068547 0.070711
vn -0.014144 0.069282 0.070711
vn -0.005839 0.070469 0.070711
vn -0.002847 0.070653 0.070711
vn 0.005839 0.070469 0.070711
vn 0.008523 0.070195 0.070711
vn 0.017358 0.068547 0.070711
vn 0.019673 0.067919 0.070711
vn 0.028404 0.064755 0.070711
vn 0.030313 0.063884 0.070711
vn 0.038675 0.059197 0.070711
vn 0.040168 0.058194 0.070711
vn 0.047891 0.052024 0.070711
vn 0.048983 0.050997 0.070711
vn 0.055801 0.043431 0.070711
vn 0.056529 0.042479 0.070711
vn 0.062188 0.033655 0.070711
vn 0.062611 0.032861 0.070711
vn 0.066879 0.022960 0.070711
vn 0.067072 0.022392 0.070711
vn 0.069746 0.011639 0.070711
vn 0.000000 0.000000 0.100000
vn 0.000000 0.000000 0.100000
vn 0.000000 0.000000 0.100000
vn 0.000000 0.000000 0.100000
vn 0.000000 0.000000 0.100000
vn 0.000000 0.000000 0.100000
vn 0.000000 0.000000 0.100000
vn 0.000000 0.000000 0.100000
vn 0.000000 0.000000 0.100000
vn 0.000000 0.000000 0.100000
vn 0.000000 0.000000 0.100000
vn 0.000000 0.000000 0.100000
vn 0.000000 0.000000 0.100000
vn 0.000000 0.000000 0.100000
vn 0.000000 0.000000 0.100000
vn 0.000000 0.000000 0.100000
vn 0.000000 0.000000 0.100000
vn 0.000000 0.000000 0.100000
vn 0.000000 0.000000 0.100000
vn 0.000000 0.000000 0.100000
vn 0.000000 0.000000 0.100000
vn 0.000000 0.000000 0.100000
vn 0.000000 0.000000 0.100000
vn 0.000000 0.000000 0.100000
vn 0.000000 0.000000 0.100000
vn 0.000000 0.000000 0.100000
vn 0.000000 0.000000 0.100000
vn 0.000000 0.000000 0.100000
vn 0.000000 0.000000 0.100000
vn 0.000000 0.000000 0.100000
vn 0.000000 0.000000 0.100000
vn 0.000000 0.000000 0.100000
vn 0.000000 0.000000 0.100000
vn 0.000000 0.000000 0.100000
vn 0.000000 0.000000 0.100000
vn 0.000000 0.000000 0.100000
vn 0.000000 0.000000 0.100000
vn 0.000000 0.000000 0.100000
vn 0.000000 0.000000 0.100000
vn 0.000000 0.000000 0.100000
vn 0.000000 0.000000 0.100000
vn 0.000000 0.000000 0.100000
vn 0.000000 0.000000 0.100000
vn 0.000000 0.000000 0.100000
vn 0.000000 0.000000 0.100000
vn 0.000000 0.000000 0.100000
vn 0.000000 0.000000 0.100000
vn 0.000000 0.000000 0.100000
vn 0.000000 0.000000 0.100000
vn 0.000000 0.000000 0.100000
vn 0.000000 0.000000 0.100000
vn 0.000000 0.000000 0.100000
vn 0.000000 0.000000 0.100000
vn 0.000000 0.000000 0.100000
vn 0.000000 0.000000 0.100000
vn 0.000000 0.000000 0.100000
vn 0.000000 0.000000 0.100000
vn 0.000000 0.000000 0.100000
vn 0.000000 0.000000 0.100000
vn 0.000000 0.000000 0.100000
vn 0.000000 0.000000 0.100000
vn 0.000000 0.000000 0.100000
vn 0.098705 0.016041 -0.000000
vn 0.099676 0.008047 -0.000000
vn 0.100000 0.000000 0.000000
vn 0.099676 -0.008047 0.000000
vn 0.098705 -0.016041 0.000000
vn 0.097094 -0.023932 0.000000
vn 0.094854 -0.031667 0.000000
vn 0.091998 -0.039197 0.000000
vn 0.088546 -0.046472 0.000000
vn 0.084519 -0.053447 0.000000
vn 0.079944 -0.060074 0.000000
vn 0.074851 -0.066312 0.000000
vn 0.069272 -0.072120 0.000000
vn 0.063245 -0.077460 0.000000
vn 0.056806 -0.082298 0.000000
vn 0.050000 -0.086603 0.000000
vn 0.042869 -0.090345 0.000000
vn 0.035460 -0.093502 0.000000
vn 0.027822 -0.096052 0.000000
vn 0.020003 -0.097979 0.000000
vn 0.012054 -0.099271 0.000000
vn 0.004027 -0.099919 0.000000
vn -0.004027 -0.099919 0.000000
vn -0.012054 -0.099271 0.000000
vn -0.020003 -0.097979 0.000000
vn -0.027822 -0.096052 0.000000
vn -0.035460 -0.093502 0.000000
vn -0.042869 -0.090345 0.000000
vn -0.050000 -0.086603 0.000000
vn -0.056806 -0.082298 0.000000
vn -0.063245 -0.077460 0.000000
vn -0.069272 -0.072120 0.000000
vn -0.074851 -0.066312 0.000000
vn -0.079944 -0.060074 0.000000
vn -0.084519 -0.053447 0.000000
vn -0.088546 -0.046472 0.000000
vn -0.091998 -0.039197 0.000000
vn -0.094854 -0.031667 0.000000
vn -0.097094 -0.023932 0.000000
vn -0.098705 -0.016041 0.000000
vn -0.099676 -0.008047 0.000000
vn -0.100000 -0.000000 0.000000
vn -0.099676 0.008047 -0.000000
vn -0.098705 0.016041 -0.000000
vn -0.097094 0.023932 -0.000000
vn -0.094854 0.031667 -0.000000
vn -0.091998 0.039197 -0.000000
vn -0.088546 0.046472 -0.000000
vn -0.084519 0.053447 -0.000000
vn -0.079944 0.060074 -0.000000
vn -0.074851 0.066312 -0.000000
vn -0.069272 0.072120 -0.000000
vn -0.063245 0.077460 -0.000000
vn -0.056806 0.082298 -0.000000
vn -0.050000 0.086603 -0.000000
vn -0.042869 0.090345 -0.000000
vn -0.035460 0.093502 -0.000000
vn -0.027822 0.096052 -0.000000
vn -0.020003 0.097979 -0.000000
vn -0.012054 0.099271 -0.000000
vn -0.004027 0.099919 -0.000000
vn 0.004027 0.099919 -0.000000
vn 0.012054 0.099271 -0.000000
vn 0.020003 0.097979 -0.000000
vn 0.027822 0.096052 -0.000000
vn 0.035460 0.093502 -0.000000
vn 0.042869 0.090345 -0.000000
vn 0.050000 0.086603 -0.000000
vn 0.056806 0.082298 -0.000000
vn 0.063245 0.077460 -0.000000
vn 0.069272 0.072120 -0.000000
vn 0.074851 0.066312 -0.000000
vn 0.079944 0.060074 -0.000000
vn 0.084519 0.053447 -0.000000
vn 0.088546 0.046472 -0.000000
vn 0.091998 0.039197 -0.000000
vn 0.094854 0.031667 -0.000000
vn 0.097094 0.023932 -0.000000
vn 0.098705 -0.016041 0.000000
vn 0.100000 0.000000 -0.000000
vn 0.098705 0.016041 -0.000000
vn 0.094854 0.031667 -0.000000
vn 0.088546 0.046472 -0.000000
vn 0.079944 0.060074 -0.000000
vn 0.069272 0.072120 -0.000000
vn 0.056806 0.082298 -0.000000
vn 0.042869 0.090345 -0.000000
vn 0.027822 0.096052 -0.000000
vn 0.012054 0.099271 -0.000000
vn -0.004027 0.099919 -0.000000
vn -0.020003 0.097979 -0.000000
vn -0.035460 0.093502 -0.000000
vn -0.050000 0.086603 -0.000000
vn -0.063245 0.077460 -0.000000
vn -0.074851 0.066312 -0.000000
vn -0.084519 0.053447 -0.000000
vn -0.091998 0.039197 -0.000000
vn -0.097094 0.023932 -0.000000
vn -0.099676 0.008047 -0.000000
vn -0.099676 -0.008047 0.000000
vn -0.097094 -0.023932 0.000000
vn -0.091998 -0.039197 0.000000
vn -0.084519 -0.053447 0.000000
vn -0.074851 -0.066312 0.000000
vn -0.063245 -0.077460 0.000000
vn -0.050000 -0.086603 0.000000
vn -0.035460 -0.093502 0.000000
vn -0.020003 -0.097979 0.000000
vn -0.004027 -0.099919 0.000000
vn 0.012054 -0.099271 0.000000
vn 0.027822 -0.096052 0.000000
vn 0.042869 -0.090345 0.000000
vn 0.056806 -0.082298 0.000000
vn 0.069272 -0.072120 0.000000
vn 0.079944 -0.060074 0.000000
vn 0.088546 -0.046472 0.000000
vn 0.094854 -0.031667 0.000000
vn 0.068301 0.018301 0.070711
vn 0.068301 0.018301 0.070711
vn 0.070711 0.000000 0.070711
vn 0.070711 0.000000 0.070711
vn 0.068301 -0.018301 0.070711
vn 0.068301 -0.018301 0.070711
vn 0.061237 -0.035355 0.070711
vn 0.061237 -0.035355 0.070711
vn 0.050000 -0.050000 0.070711
vn 0.050000 -0.050000 0.070711
vn 0.035355 -0.061237 0.070711
vn 0.035355 -0.061237 0.070711
vn 0.018301 -0.068301 0.070711
vn 0.018301 -0.068301 0.070711
vn 0.000000 -0.070711 0.070711
vn 0.000000 -0.070711 0.070711
vn -0.018301 -0.068301 0.070711
vn -0.018301 -0.068301 0.070711
vn -0.035355 -0.061237 0.070711
vn -0.035355 -0.061237 0.070711
vn -0.050000 -0.050000 0.070711
vn -0.050000 -0.050000 0.070711
vn -0.061237 -0.035355 0.070711
vn -0.061237 -0.035355 0.070711
vn -0.068301 -0.018301 0.070711
vn -0.068301 -0.018301 0.070711
vn -0.070711 0.000000 0.070711
vn -0.070711 0.000000 0.070711
vn -0.068301 0.018301 0.070711
vn -0.068301 0.018301 0.070711
vn -0.061237 0.035355 0.070711
vn -0.061237 0.035355 0.070711
vn -0.050000 0.050000 0.070711
vn -0.050000 0.050000 0.070711
vn -0.035355 0.061237 0.070711
vn -0.035355 0.061237 0.070711
vn -0.018301 0.068301 0.070711
vn -0.018301 0.068301 0.070711
vn -0.000000 0.070711 0.070711
vn -0.000000 0.070711 0.070711
vn 0.018301 0.068301 0.070711
vn 0.018301 0.068301 0.070711
vn 0.035355 0.061237 0.070711
vn 0.035355 0.061237 0.070711
vn 0.050000 0.050000 0.070711
vn 0.050000 0.050000 0.070711
vn 0.061237 0.035355 0.070711
vn 0.061237 0.035355 0.070711
vn 0.096593 0.025882 -0.000000
vn 0.096593 0.025882 -0.000000
vn 0.100000 0.000000 0.000000
vn 0.100000 0.000000 0.000000
vn 0.096593 -0.025882 0.000000
vn 0.096593 -0.025882 0.000000
vn 0.086603 -0.050000 0.000000
vn 0.086603 -0.050000 0.000000
vn 0.070711 -0.070711 0.000000
vn 0.070711 -0.070711 0.000000
vn 0.050000 -0.086603 0.000000
vn 0.050000 -0.086603 0.000000
vn 0.025882 -0.096593 0.000000
vn 0.025882 -0.096593 0.000000
vn 0.000000 -0.100000 0.000000
vn 0.000000 -0.100000 0.000000
vn -0.025882 -0.096593 0.000000
vn -0.025882 -0.096593 0.000000
vn -0.050000 -0.086603 0.000000
vn -0.050000 -0.086603 0.000000
vn -0.070711 -0.070711 0.000000
vn -0.070711 -0.070711 0.000000
vn -0.086603 -0.050000 0.000000
vn -0.086603 -0.050000 0.000000
vn -0.096593 -0.025882 0.000000
vn -0.096593 -0.025882 0.000000
vn -0.100000 -0.000000 0.000000
vn -0.100000 -0.000000 0.000000
vn -0.096593 0.025882 -0.000000
vn -0.096593 0.025882 -0.000000
vn -0.086603 0.050000 -0.000000
vn -0.086603 0.050000 -0.000000
vn -0.070711 0.070711 -0.000000
vn -0.070711 0.070711 -0.000000
vn -0.050000 0.086603 -0.000000
vn -0.050000 0.086603 -0.000000
vn -0.025882 0.096593 -0.000000
vn -0.025882 0.096593 -0.000000
vn -0.000000 0.100000 -0.000000
vn -0.000000 0.100000 -0.000000
vn 0.025882 0.096593 -0.000000
vn 0.025882 0.096593 -0.000000
vn 0.050000 0.086603 -0.000000
vn 0.050000 0.086603 -0.000000
vn 0.070711 0.070711 -0.000000
vn 0.070711 0.070711 -0.000000
vn 0.086603 0.050000 -0.000000
vn 0.086603 0.050000 -0.000000
vn 0.000000 0.000000 0.100000
vn 0.000000 0.000000 0.100000
vn 0.000000 0.000000 0.100000
vn 0.000000 0.000000 0.100000
vn 0.000000 0.000000 0.100000
vn 0.000000 0.000000 0.100000
vn 0.000000 0.000000 0.100000
vn 0.000000 0.000000 0.100000
vn 0.000000 0.000000 0.100000
vn 0.000000 0.000000 0.100000
vn 0.000000 0.000000 0.100000
vn 0.000000 0.000000 0.100000
vn 0.000000 0.000000 0.100000
vn 0.000000 0.000000 0.100000
vn 0.000000 0.000000 0.100000
vn 0.000000 0.000000 0.100000
vn 0.000000 0.000000 0.100000
vn 0.000000 0.000000 0.100000
vn 0.000000 0.000000 0.100000
vn 0.000000 0.000000 0.100000
vn 0.000000 0.000000 0.100000
vn 0.000000 0.000000 0.100000
vn 0.000000 0.000000 0.100000
vn 0.000000 0.000000 0.100000
vn 0.000000 -0.000000 -0.100000
vn 0.000000 -0.000000 -0.100000
vn 0.000000 -0.000000 -0.100000
vn 0.000000 -0.000000 -0.100000
vn 0.000000 -0.000000 -0.100000
vn 0.000000 -0.000000 -0.100000
vn 0.000000 -0.000000 -0.100000
vn 0.000000 -0.000000 -0.100000
vn 0.000000 -0.000000 -0.100000
vn 0.000000 -0.000000 -0.100000
vn 0.000000 -0.000000 -0.100000
vn 0.000000 -0.000000 -0.100000
vn 0.000000 -0.000000 -0.100000
vn 0.000000 -0.000000 -0.100000
vn 0.000000 -0.000000 -0.100000
vn 0.000000 -0.000000 -0.100000
vn 0.000000 -0.000000 -0.100000
vn 0.000000 -0.000000 -0.100000
vn 0.000000 -0.000000 -0.100000
vn 0.000000 -0.000000 -0.100000
vn 0.000000 -0.000000 -0.100000
vn 0.000000 -0.000000 -0.100000
vn 0.000000 -0.000000 -0.100000
vn 0.000000 -0.000000 -0.100000
vn 0.000000 -0.000000 -0.100000
vn 0.000000 -0.000000 -0.100000
vn 0.000000 -0.000000 -0.100000
vn 0.000000 -0.000000 -0.100000
vn 0.000000 -0.000000 -0.100000
vn 0.000000 -0.000000 -0.100000
vn 0.000000 -0.000000 -0.100000
vn 0.000000 -0.000000 -0.100000
vn 0.000000 -0.000000 -0.100000
vn 0.000000 -0.000000 -0.100000
vn 0.000000 -0.000000 -0.100000
vn 0.000000 -0.000000 -0.100000
vn 0.000000 -0.000000 -0.100000
vn 0.000000 -0.000000 -0.100000
vn 0.000000 -0.000000 -0.100000
vn 0.000000 -0.000000 -0.100000
vn 0.000000 -0.000000 -0.100000
vn 0.000000 -0.000000 -0.100000
vn 0.000000 -0.000000 -0.100000
vn 0.000000 -0.000000 -0.100000
vn 0.000000 -0.000000 -0.100000
vn 0.000000 -0.000000 -0.100000
vn 0.000000 -0.000000 -0.100000
vn 0.000000 -0.000000 -0.100000
vn 0.000000 -0.000000 -0.100000
vn 0.000000 -0.000000 -0.100000
vn 0.000000 -0.000000 -0.100000
vn 0.000000 -0.000000 -0.100000
vn 0.000000 -0.000000 -0.100000
vn 0.000000 -0.000000 -0.100000
vn 0.000000 -0.000000 -0.100000
vn 0.000000 -0.000000 -0.100000
vn 0.000000 -0.000000 -0.100000
vn 0.000000 -0.000000 -0.100000
vn 0.000000 -0.000000 -0.100000
vn 0.000000 -0.000000 -0.100000
vn 0.000000 -0.000000 -0.100000
vn 0.000000 -0.000000 -0.100000
vn 0.000000 -0.000000 -0.100000
vn 0.000000 -0.000000 -0.100000
vn 0.000000 -0.000000 -0.100000
vn 0.000000 -0.000000 -0.100000
vn 0.000000 -0.000000 -0.100000
vn 0.000000 -0.000000 -0.100000
vn 0.000000 -0.000000 -0.100000
vn 0.000000 -0.000000 -0.100000
vn 0.000000 -0.000000 -0.100000
vn 0.000000 -0.000000 -0.100000
vn 0.000000 -0.000000 -0.100000
vn 0.000000 -0.000000 -0.100000
vn -0.078714 0.014285 -0.060000
vn -0.069584 0.005617 -0.071600
vn -0.080000 -0.000000 -0.060000
vn -0.069584 -0.005617 -0.071600
vn -0.078714 -0.014285 -0.060000
vn -0.067782 -0.016707 -0.071600
vn -0.074899 -0.028110 -0.060000
vn -0.064224 -0.027363 -0.071600
vn -0.068676 -0.041032 -0.060000
vn -0.059003 -0.037311 -0.071600
vn -0.060246 -0.052635 -0.060000
vn -0.052254 -0.046293 -0.071600
vn -0.044151 -0.054075 -0.071600
vn -0.043381 -0.038432 -0.081492
vn -0.036654 -0.044894 -0.081492
vn -0.033474 -0.029656 -0.089443
vn -0.028284 -0.034641 -0.089443
vn -0.022770 -0.020172 -0.095261
vn -0.019239 -0.023563 -0.095261
vn -0.011522 -0.010208 -0.098808
vn -0.009736 -0.011924 -0.098808
vn -0.000000 -0.000000 -0.100000
vn -0.067782 0.016707 -0.071600
vn -0.074899 0.028110 -0.060000
vn -0.064224 0.027363 -0.071600
vn -0.068676 0.041032 -0.060000
vn -0.059003 0.037311 -0.071600
vn -0.060246 0.052635 -0.060000
vn -0.052254 0.046293 -0.071600
vn -0.044151 0.054075 -0.071600
vn -0.036654 0.044894 -0.081492
vn -0.028978 0.050192 -0.081492
vn -0.022361 0.038730 -0.089443
vn -0.015858 0.041815 -0.089443
vn -0.010787 0.028443 -0.095261
vn -0.006085 0.029805 -0.095261
vn -0.003079 0.015082 -0.098808
vn -0.000620 0.015381 -0.098808
vn -0.049879 0.062547 -0.060000
vn -0.034905 0.060458 -0.071600
vn -0.020552 0.054190 -0.081492
vn -0.008945 0.043818 -0.089443
vn -0.001225 0.030395 -0.095261
vn 0.001855 0.015281 -0.098808
vn -0.037909 0.070448 -0.060000
vn -0.024755 0.065274 -0.071600
vn -0.011593 0.056785 -0.081492
vn -0.001801 0.044685 -0.089443
vn 0.003667 0.030198 -0.095261
vn 0.004283 0.014786 -0.098808
vn -0.024721 0.076085 -0.060000
vn -0.013964 0.068400 -0.071600
vn -0.002334 0.057910 -0.081492
vn 0.005391 0.044395 -0.089443
vn 0.008463 0.029219 -0.095261
vn 0.006599 0.013907 -0.098808
vn -0.010739 0.079276 -0.060000
vn -0.002811 0.069754 -0.071600
vn 0.006986 0.057534 -0.081492
vn 0.012442 0.042956 -0.089443
vn 0.013041 0.027483 -0.095261
vn 0.008744 0.012669 -0.098808
vn 0.003589 0.079919 -0.060000
vn 0.008415 0.069301 -0.071600
vn 0.016125 0.055668 -0.081492
vn 0.019172 0.040404 -0.089443
vn 0.017281 0.025035 -0.095261
vn 0.010663 0.011102 -0.098808
vn 0.017802 0.077994 -0.060000
vn 0.019422 0.067054 -0.071600
vn 0.024846 0.052361 -0.081492
vn 0.025405 0.036805 -0.089443
vn 0.021073 0.021939 -0.095261
vn 0.012306 0.009248 -0.098808
vn 0.031442 0.073562 -0.060000
vn 0.029927 0.063070 -0.071600
vn 0.032923 0.047697 -0.081492
vn 0.030980 0.032253 -0.089443
vn 0.024319 0.018275 -0.095261
vn 0.013630 0.007154 -0.098808
vn 0.044072 0.066766 -0.060000
vn 0.039657 0.057453 -0.071600
vn 0.040148 0.041798 -0.081492
vn 0.035752 0.026866 -0.089443
vn 0.026936 0.014137 -0.095261
vn 0.014601 0.004875 -0.098808
vn 0.055285 0.057824 -0.060000
vn 0.048359 0.050347 -0.071600
vn 0.046333 0.034817 -0.081492
vn 0.039599 0.020783 -0.089443
vn 0.028854 0.009633 -0.095261
vn 0.015194 0.002469 -0.098808
vn 0.055809 0.041938 -0.071600
vn 0.064721 0.047023 -0.060000
vn 0.061814 0.032443 -0.071600
vn 0.072078 0.034711 -0.060000
vn 0.066218 0.022107 -0.071600
vn 0.077117 0.021283 -0.060000
vn 0.068906 0.011198 -0.071600
vn 0.079678 0.007171 -0.060000
vn 0.069810 -0.000000 -0.071600
vn 0.079678 -0.007171 -0.060000
vn 0.068906 -0.011198 -0.071600
vn 0.077117 -0.021283 -0.060000
vn 0.066218 -0.022107 -0.071600
vn 0.072078 -0.034711 -0.060000
vn 0.061814 -0.032443 -0.071600
vn 0.064721 -0.047023 -0.060000
vn 0.055809 -0.041938 -0.071600
vn 0.055285 -0.057824 -0.060000
vn 0.048359 -0.050347 -0.071600
vn 0.039657 -0.057453 -0.071600
vn 0.032923 -0.047697 -0.081492
vn 0.024846 -0.052361 -0.081492
vn 0.019172 -0.040404 -0.089443
vn 0.012442 -0.042956 -0.089443
vn 0.008463 -0.029219 -0.095261
vn 0.003667 -0.030198 -0.095261
vn 0.001855 -0.015281 -0.098808
vn -0.000620 -0.015381 -0.098808
vn 0.044072 -0.066766 -0.060000
vn 0.029927 -0.063070 -0.071600
vn 0.016125 -0.055668 -0.081492
vn 0.005391 -0.044395 -0.089443
vn -0.001225 -0.030395 -0.095261
vn -0.003079 -0.015082 -0.098808
vn 0.031442 -0.073562 -0.060000
vn 0.019422 -0.067054 -0.071600
vn 0.006986 -0.057534 -0.081492
vn -0.001801 -0.044685 -0.089443
vn -0.006085 -0.029805 -0.095261
vn -0.005459 -0.014393 -0.098808
vn 0.017802 -0.077994 -0.060000
vn 0.008415 -0.069301 -0.071600
vn -0.002334 -0.057910 -0.081492
vn -0.008945 -0.043818 -0.089443
vn -0.010787 -0.028443 -0.095261
vn -0.007697 -0.013331 -0.098808
vn 0.003589 -0.079919 -0.060000
vn -0.002811 -0.069754 -0.071600
vn -0.011593 -0.056785 -0.081492
vn -0.015858 -0.041815 -0.089443
vn -0.015210 -0.026344 -0.095261
vn -0.010739 -0.079276 -0.060000
vn -0.013964 -0.068400 -0.071600
vn -0.020552 -0.054190 -0.081492
vn -0.022361 -0.038730 -0.089443
vn -0.024721 -0.076085 -0.060000
vn -0.024755 -0.065274 -0.071600
vn -0.028978 -0.050192 -0.081492
vn -0.037909 -0.070448 -0.060000
vn -0.034905 -0.060458 -0.071600
vn -0.049879 -0.062547 -0.060000
vn 0.015393 -0.000000 -0.098808
vn -0.005459 0.014393 -0.098808
vn -0.007697 0.013331 -0.098808
vn -0.009736 0.011924 -0.098808
vn -0.011522 0.010208 -0.098808
vn -0.013010 0.008227 -0.098808
vn -0.014162 0.006034 -0.098808
vn -0.014946 0.003684 -0.098808
vn -0.015344 0.001239 -0.098808
vn -0.015344 -0.001239 -0.098808
vn -0.014946 -0.003684 -0.098808
vn -0.014162 -0.006034 -0.098808
vn -0.013010 -0.008227 -0.098808
vn 0.004283 -0.014786 -0.098808
vn 0.006599 -0.013907 -0.098808
vn 0.008744 -0.012669 -0.098808
vn 0.010663 -0.011102 -0.098808
vn 0.012306 -0.009248 -0.098808
vn 0.013630 -0.007154 -0.098808
vn 0.014601 -0.004875 -0.098808
vn 0.015194 -0.002469 -0.098808
vn 0.057957 -0.000000 -0.081492
vn 0.057206 0.009297 -0.081492
vn 0.054974 0.018353 -0.081492
vn 0.051318 0.026934 -0.081492
vn 0.044721 -0.000000 -0.089443
vn 0.044142 0.007174 -0.089443
vn 0.042420 0.014162 -0.089443
vn 0.057206 -0.009297 -0.081492
vn 0.054974 -0.018353 -0.081492
vn 0.051318 -0.026934 -0.081492
vn 0.046333 -0.034817 -0.081492
vn 0.040148 -0.041798 -0.081492
vn 0.030420 -0.000000 -0.095261
vn 0.030026 0.004880 -0.095261
vn 0.044142 -0.007174 -0.089443
vn 0.042420 -0.014162 -0.089443
vn 0.039599 -0.020783 -0.089443
vn 0.035752 -0.026866 -0.089443
vn 0.030980 -0.032253 -0.089443
vn 0.025405 -0.036805 -0.089443
vn 0.030026 -0.004880 -0.095261
vn 0.028854 -0.009633 -0.095261
vn 0.026936 -0.014137 -0.095261
vn 0.024319 -0.018275 -0.095261
vn 0.021073 -0.021939 -0.095261
vn 0.017281 -0.025035 -0.095261
vn 0.013041 -0.027483 -0.095261
vn -0.057769 0.004664 -0.081492
vn -0.057769 -0.004664 -0.081492
vn -0.056273 -0.013870 -0.081492
vn -0.053319 -0.022717 -0.081492
vn -0.048984 -0.030976 -0.081492
vn -0.044576 0.003599 -0.089443
vn -0.044576 -0.003599 -0.089443
vn -0.043422 -0.010703 -0.089443
vn -0.041143 -0.017529 -0.089443
vn -0.037798 -0.023902 -0.089443
vn -0.056273 0.013870 -0.081492
vn -0.053319 0.022717 -0.081492
vn -0.048984 0.030976 -0.081492
vn -0.043381 0.038432 -0.081492
vn -0.030321 0.002448 -0.095261
vn -0.030321 -0.002448 -0.095261
vn -0.029536 -0.007280 -0.095261
vn -0.027986 -0.011924 -0.095261
vn -0.025711 -0.016258 -0.095261
vn -0.043422 0.010703 -0.089443
vn -0.041143 0.017529 -0.089443
vn -0.037798 0.023902 -0.089443
vn -0.033474 0.029656 -0.089443
vn -0.028284 0.034641 -0.089443
vn -0.029536 0.007280 -0.095261
vn -0.027986 0.011924 -0.095261
vn -0.025711 0.016258 -0.095261
vn -0.022770 0.020172 -0.095261
vn -0.019239 0.023563 -0.095261
vn -0.015210 0.026344 -0.095261
usemtl Brass_-_Matte
f 2/1/1 77/2/2 1/3/3
f 1/3/3 77/2/2 39/4/4
f 1/5/3 39/6/4 40/7/5
f 77/2/2 2/1/1 76/8/6
f 76/8/6 2/1/1 3/9/7
f 76/8/6 3/9/7 75/10/8
f 75/10/8 3/9/7 4/11/9
f 75/10/8 4/11/9 74/12/10
f 74/12/10 4/11/9 5/13/11
f 74/12/10 5/13/11 73/14/12
f 73/14/12 5/13/11 6/15/13
f 73/14/12 6/15/13 72/16/14
f 72/16/14 6/15/13 7/17/15
f 72/16/14 7/17/15 71/18/16
f 71/18/16 7/17/15 8/19/17
f 71/18/16 8/19/17 70/20/18
f 70/20/18 8/19/17 9/21/19
f 70/20/18 9/21/19 69/22/20
f 69/22/20 9/21/19 10/23/21
f 69/22/20 10/23/21 68/24/22
f 68/24/22 10/23/21 11/25/23
f 68/24/22 11/25/23 67/26/24
f 67/26/24 11/25/23 12/27/25
f 67/26/24 12/27/25 66/28/26
f 66/28/26 12/27/25 13/29/27
f 66/28/26 13/29/27 65/30/28
f 65/30/28 13/29/27 14/31/29
f 65/30/28 14/31/29 64/32/30
f 64/32/30 14/31/29 15/33/31
f 64/32/30 15/33/31 63/34/32
f 63/34/32 15/33/31 16/35/33
f 63/34/32 16/35/33 62/36/34
f 62/36/34 16/35/33 17/37/35
f 62/36/34 17/37/35 61/38/36
f 61/38/36 17/37/35 18/39/37
f 61/38/36 18/39/37 60/40/38
f 60/40/38 18/39/37 19/41/39
f 60/40/38 19/41/39 59/42/40
f 59/42/40 19/41/39 20/43/41
f 59/42/40 20/43/41 58/44/42
f 58/44/42 20/43/41 21/45/43
f 58/44/42 21/45/43 57/46/44
f 57/46/44 21/45/43 22/47/45
f 57/46/44 22/47/45 56/48/46
f 56/48/46 22/47/45 23/49/47
f 56/48/46 23/49/47 55/50/48
f 55/50/48 23/49/47 24/51/49
f 55/50/48 24/51/49 54/52/50
f 54/52/50 24/51/49 25/53/51
f 54/52/50 25/53/51 53/54/52
f 53/54/52 25/53/51 26/55/53
f 53/54/52 26/55/53 52/56/54
f 52/56/54 26/55/53 27/57/55
f 52/56/54 27/57/55 51/58/56
f 51/58/56 27/57/55 28/59/57
f 51/58/56 28/59/57 50/60/58
f 50/60/58 28/59/57 29/61/59
f 50/60/58 29/61/59 49/62/60
f 49/62/60 29/61/59 30/63/61
f 49/62/60 30/63/61 48/64/62
f 48/64/62 30/63/61 31/65/63
f 48/64/62 31/65/63 47/66/64
f 47/66/64 31/65/63 32/67/65
f 47/66/64 32/67/65 46/68/66
f 46/68/66 32/67/65 33/69/67
f 46/68/66 33/69/67 45/70/68
f 45/70/68 33/69/67 34/71/69
f 45/70/68 34/71/69 44/72/70
f 44/72/70 34/71/69 35/73/71
f 44/72/70 35/73/71 43/74/72
f 43/74/72 35/73/71 36/75/73
f 43/74/72 36/75/73 42/76/74
f 42/76/74 36/75/73 37/77/75
f 42/76/74 37/77/75 41/78/76
f 41/78/76 37/77/75 38/79/77
f 41/78/76 38/79/77 40/7/5
f 40/7/5 38/79/77 1/5/3
f 79/80/78 21/81/79 78/82/80
f 78/82/80 21/81/79 20/83/81
f 78/82/80 20/83/81 19/84/82
f 21/81/79 79/80/78 22/85/83
f 22/85/83 79/80/78 80/86/84
f 22/85/83 80/86/84 23/87/85
f 23/87/85 80/86/84 24/88/86
f 24/88/86 80/86/84 81/89/87
f 24/88/86 81/89/87 25/90/88
f 25/90/88 81/89/87 82/91/89
f 25/90/88 82/91/89 26/92/90
f 26/92/90 82/91/89 27/93/91
f 27/93/91 82/91/89 83/94/92
f 27/93/91 83/94/92 28/95/93
f 28/95/93 83/94/92 29/96/94
f 29/96/94 83/94/92 84/97/95
f 29/96/94 84/97/95 30/98/96
f 30/98/96 84/97/95 85/99/97
f 30/98/96 85/99/97 31/100/98
f 31/100/98 85/99/97 32/101/99
f 32/101/99 85/99/97 86/102/100
f 32/101/99 86/102/100 33/103/101
f 33/103/101 86/102/100 34/104/102
f 34/104/102 86/102/100 87/105/103
f 34/104/102 87/105/103 35/106/104
f 35/106/104 87/105/103 88/107/105
f 35/106/104 88/107/105 36/108/106
f 36/108/106 88/107/105 37/109/107
f 37/109/107 88/107/105 89/110/108
f 37/109/107 89/110/108 38/111/109
f 38/111/109 89/110/108 90/112/110
f 38/111/109 90/112/110 1/113/111
f 1/113/111 90/112/110 2/114/112
f 2/114/112 90/112/110 91/115/113
f 2/114/112 91/115/113 3/116/114
f 3/116/114 91/115/113 4/117/115
f 4/117/115 91/115/113 92/118/116
f 4/117/115 92/118/116 5/119/117
f 5/119/117 92/118/116 93/120/118
f 5/119/117 93/120/118 6/121/119
f 6/121/119 93/120/118 7/122/120
f 7/122/120 93/120/118 94/123/121
f 7/122/120 94/123/121 8/124/122
f 8/124/122 94/123/121 95/125/123
f 8/124/122 95/125/123 9/126/124
f 9/126/124 95/125/123 10/127/125
f 10/127/125 95/125/123 96/128/126
f 10/127/125 96/128/126 11/129/127
f 11/129/127 96/128/126 97/130/128
f 11/129/127 97/130/128 12/131/129
f 12/131/129 97/130/128 13/132/130
f 13/132/130 97/130/128 98/133/131
f 13/132/130 98/133/131 14/134/132
f 14/134/132 98/133/131 99/135/133
f 14/134/132 99/135/133 15/136/134
f 15/136/134 99/135/133 16/137/135
f 16/137/135 99/135/133 100/138/136
f 16/137/135 100/138/136 17/139/137
f 17/139/137 100/138/136 101/140/138
f 17/139/137 101/140/138 18/141/139
f 18/141/139 101/140/138 19/84/82
f 19/84/82 101/140/138 78/82/80
f 103/142/140 142/143/141 102/144/142
f 102/144/142 142/143/141 141/145/143
f 102/144/142 141/145/143 140/146/144
f 140/146/144 141/145/143 179/147/145
f 140/146/144 179/147/145 139/148/146
f 139/148/146 179/147/145 178/149/147
f 139/148/146 178/149/147 138/150/148
f 138/150/148 178/149/147 177/151/149
f 138/150/148 177/151/149 137/152/150
f 137/152/150 177/151/149 176/153/151
f 137/152/150 176/153/151 136/154/152
f 136/154/152 176/153/151 175/155/153
f 136/154/152 175/155/153 135/156/154
f 135/156/154 175/155/153 174/157/155
f 135/156/154 174/157/155 134/158/156
f 134/158/156 174/157/155 173/159/157
f 134/158/156 173/159/157 133/160/158
f 133/160/158 173/159/157 172/161/159
f 133/160/158 172/161/159 132/162/160
f 132/162/160 172/161/159 171/163/161
f 132/162/160 171/163/161 131/164/162
f 131/164/162 171/163/161 170/165/163
f 131/164/162 170/165/163 130/166/164
f 130/166/164 170/165/163 169/167/165
f 130/166/164 169/167/165 129/168/166
f 129/168/166 169/167/165 168/169/167
f 129/168/166 168/169/167 128/170/168
f 128/170/168 168/169/167 167/171/169
f 128/170/168 167/171/169 127/172/170
f 127/172/170 167/171/169 166/173/171
f 127/172/170 166/173/171 126/174/172
f 126/174/172 166/173/171 165/175/173
f 126/174/172 165/175/173 125/176/174
f 125/176/174 165/175/173 164/177/175
f 125/176/174 164/177/175 124/178/176
f 124/178/176 164/177/175 163/179/177
f 124/178/176 163/179/177 123/180/178
f 123/180/178 163/179/177 162/181/179
f 123/180/178 162/181/179 122/182/180
f 122/182/180 162/181/179 161/183/181
f 122/182/180 161/183/181 121/184/182
f 121/185/182 161/186/181 160/187/183
f 121/185/182 160/187/183 120/188/184
f 120/188/184 160/187/183 159/189/185
f 120/188/184 159/189/185 119/190/186
f 119/190/186 159/189/185 158/191/187
f 119/190/186 158/191/187 118/192/188
f 118/192/188 158/191/187 157/193/189
f 118/192/188 157/193/189 117/194/190
f 117/194/190 157/193/189 156/195/191
f 117/194/190 156/195/191 116/196/192
f 116/196/192 156/195/191 155/197/193
f 116/196/192 155/197/193 115/198/194
f 115/198/194 155/197/193 154/199/195
f 115/198/194 154/199/195 114/200/196
f 114/200/196 154/199/195 153/201/197
f 114/200/196 153/201/197 113/202/198
f 113/202/198 153/201/197 152/203/199
f 113/202/198 152/203/199 112/204/200
f 112/204/200 152/203/199 151/205/201
f 112/204/200 151/205/201 111/206/202
f 111/206/202 151/205/201 150/207/203
f 111/206/202 150/207/203 110/208/204
f 110/208/204 150/207/203 149/209/205
f 110/208/204 149/209/205 109/210/206
f 109/210/206 149/209/205 148/211/207
f 109/210/206 148/211/207 108/212/208
f 108/212/208 148/211/207 147/213/209
f 108/212/208 147/213/209 107/214/210
f 107/214/210 147/213/209 146/215/211
f 107/214/210 146/215/211 106/216/212
f 106/216/212 146/215/211 145/217/213
f 106/216/212 145/217/213 105/218/214
f 105/218/214 145/217/213 144/219/215
f 105/218/214 144/219/215 104/220/216
f 104/220/216 144/219/215 143/221/217
f 104/220/216 143/221/217 103/142/140
f 103/142/140 143/221/217 142/143/141
f 77/222/218 141/145/143 39/223/219
f 39/223/219 141/145/143 142/143/141
f 39/223/219 142/143/141 40/224/220
f 40/224/220 142/143/141 143/221/217
f 40/224/220 143/221/217 41/225/221
f 41/225/221 143/221/217 144/219/215
f 41/225/221 144/219/215 42/226/222
f 42/226/222 144/219/215 145/217/213
f 42/226/222 145/217/213 43/227/223
f 43/227/223 145/217/213 146/215/211
f 43/227/223 146/215/211 44/228/224
f 44/228/224 146/215/211 147/213/209
f 44/228/224 147/213/209 45/229/225
f 45/229/225 147/213/209 148/211/207
f 45/229/225 148/211/207 46/230/226
f 46/230/226 148/211/207 149/209/205
f 46/230/226 149/209/205 47/231/227
f 47/231/227 149/209/205 150/207/203
f 47/231/227 150/207/203 48/232/228
f 48/232/228 150/207/203 151/205/201
f 48/232/228 151/205/201 49/233/229
f 49/233/229 151/205/201 152/203/199
f 49/233/229 152/203/199 50/234/230
f 50/234/230 152/203/199 153/201/197
f 50/234/230 153/201/197 51/235/231
f 51/235/231 153/201/197 154/199/195
f 51/235/231 154/199/195 52/236/232
f 52/236/232 154/199/195 155/197/193
f 52/236/232 155/197/193 53/237/233
f 53/237/233 155/197/193 156/195/191
f 53/237/233 156/195/191 54/238/234
f 54/238/234 156/195/191 157/193/189
f 54/238/234 157/193/189 55/239/235
f 55/239/235 157/193/189 158/191/187
f 55/239/235 158/191/187 56/240/236
f 56/240/236 158/191/187 159/189/185
f 56/240/236 159/189/185 57/241/237
f 57/241/237 159/189/185 160/187/183
f 57/241/237 160/187/183 58/242/238
f 58/242/238 160/187/183 161/186/181
f 58/242/238 161/186/181 59/243/239
f 59/244/239 161/183/181 162/181/179
f 59/244/239 162/181/179 60/245/240
f 60/245/240 162/181/179 163/179/177
f 60/245/240 163/179/177 61/246/241
f 61/246/241 163/179/177 164/177/175
f 61/246/241 164/177/175 62/247/242
f 62/247/242 164/177/175 165/175/173
f 62/247/242 165/175/173 63/248/243
f 63/248/243 165/175/173 166/173/171
f 63/248/243 166/173/171 64/249/244
f 64/249/244 166/173/171 167/171/169
f 64/249/244 167/171/169 65/250/245
f 65/250/245 167/171/169 168/169/167
f 65/250/245 168/169/167 66/251/246
f 66/251/246 168/169/167 169/167/165
f 66/251/246 169/167/165 67/252/247
f 67/252/247 169/167/165 170/165/163
f 67/252/247 170/165/163 68/253/248
f 68/253/248 170/165/163 171/163/161
f 68/253/248 171/163/161 69/254/249
f 69/254/249 171/163/161 172/161/159
f 69/254/249 172/161/159 70/255/250
f 70/255/250 172/161/159 173/159/157
f 70/255/250 173/159/157 71/256/251
f 71/256/251 173/159/157 174/157/155
f 71/256/251 174/157/155 72/257/252
f 72/257/252 174/157/155 175/155/153
f 72/257/252 175/155/153 73/258/253
f 73/258/253 175/155/153 176/153/151
f 73/258/253 176/153/151 74/259/254
f 74/259/254 176/153/151 177/151/149
f 74/259/254 177/151/149 75/260/255
f 75/260/255 177/151/149 178/149/147
f 75/260/255 178/149/147 76/261/256
f 76/261/256 178/149/147 179/147/145
f 76/261/256 179/147/145 77/222/218
f 77/222/218 179/147/145 141/145/143
f 101/262/257 203/263/258 78/264/259
f 78/264/259 203/263/258 180/265/260
f 78/264/259 180/265/260 79/266/261
f 79/266/261 180/265/260 181/267/262
f 79/266/261 181/267/262 80/268/263
f 80/268/263 181/267/262 182/269/264
f 80/268/263 182/269/264 81/270/265
f 81/270/265 182/269/264 183/271/266
f 81/270/265 183/271/266 82/272/267
f 82/272/267 183/271/266 184/273/268
f 82/272/267 184/273/268 83/274/269
f 83/274/269 184/273/268 185/275/270
f 83/274/269 185/275/270 84/276/271
f 84/276/271 185/275/270 186/277/272
f 84/276/271 186/277/272 85/278/273
f 85/278/273 186/277/272 187/279/274
f 85/278/273 187/279/274 86/280/275
f 86/280/275 187/279/274 188/281/276
f 86/280/275 188/281/276 87/282/277
f 87/282/277 188/281/276 189/283/278
f 87/282/277 189/283/278 88/284/279
f 88/284/279 189/283/278 190/285/280
f 88/284/279 190/285/280 89/286/281
f 89/286/281 190/285/280 191/287/282
f 89/286/281 191/287/282 90/288/283
f 90/288/283 191/287/282 192/289/284
f 90/290/283 192/291/284 91/292/285
f 91/292/285 192/291/284 193/293/286
f 91/292/285 193/293/286 92/294/287
f 92/294/287 193/293/286 194/295/288
f 92/294/287 194/295/288 93/296/289
f 93/296/289 194/295/288 195/297/290
f 93/296/289 195/297/290 94/298/291
f 94/298/291 195/297/290 196/299/292
f 94/298/291 196/299/292 95/300/293
f 95/300/293 196/299/292 197/301/294
f 95/300/293 197/301/294 96/302/295
f 96/302/295 197/301/294 198/303/296
f 96/302/295 198/303/296 97/304/297
f 97/304/297 198/303/296 199/305/298
f 97/304/297 199/305/298 98/306/299
f 98/306/299 199/305/298 200/307/300
f 98/306/299 200/307/300 99/308/301
f 99/308/301 200/307/300 201/309/302
f 99/308/301 201/309/302 100/310/303
f 100/310/303 201/309/302 202/311/304
f 100/310/303 202/311/304 101/262/257
f 101/262/257 202/311/304 203/263/258
f 203/312/305 227/313/306 180/314/307
f 180/314/307 227/313/306 204/315/308
f 180/314/307 204/315/308 181/316/309
f 181/316/309 204/315/308 205/317/310
f 181/316/309 205/317/310 182/318/311
f 182/318/311 205/317/310 206/319/312
f 182/318/311 206/319/312 183/320/313
f 183/320/313 206/319/312 207/321/314
f 183/320/313 207/321/314 184/322/315
f 184/322/315 207/321/314 208/323/316
f 184/322/315 208/323/316 185/324/317
f 185/324/317 208/323/316 209/325/318
f 185/324/317 209/325/318 186/326/319
f 186/326/319 209/325/318 210/327/320
f 186/326/319 210/327/320 187/328/321
f 187/328/321 210/327/320 211/329/322
f 187/328/321 211/329/322 188/330/323
f 188/330/323 211/329/322 212/331/324
f 188/330/323 212/331/324 189/332/325
f 189/332/325 212/331/324 213/333/326
f 189/332/325 213/333/326 190/334/327
f 190/334/327 213/333/326 214/335/328
f 190/334/327 214/335/328 191/336/329
f 191/336/329 214/335/328 215/337/330
f 191/336/329 215/337/330 192/338/331
f 192/338/331 215/337/330 216/339/332
f 192/340/331 216/341/332 193/342/333
f 193/342/333 216/341/332 217/343/334
f 193/342/333 217/343/334 194/344/335
f 194/344/335 217/343/334 218/345/336
f 194/344/335 218/345/336 195/346/337
f 195/346/337 218/345/336 219/347/338
f 195/346/337 219/347/338 196/348/339
f 196/348/339 219/347/338 220/349/340
f 196/348/339 220/349/340 197/350/341
f 197/350/341 220/349/340 221/351/342
f 197/350/341 221/351/342 198/352/343
f 198/352/343 221/351/342 222/353/344
f 198/352/343 222/353/344 199/354/345
f 199/354/345 222/353/344 223/355/346
f 199/354/345 223/355/346 200/356/347
f 200/356/347 223/355/346 224/357/348
f 200/356/347 224/357/348 201/358/349
f 201/358/349 224/357/348 225/359/350
f 201/358/349 225/359/350 202/360/351
f 202/360/351 225/359/350 226/361/352
f 202/360/351 226/361/352 203/312/305
f 203/312/305 226/361/352 227/313/306
f 227/362/353 217/363/354 204/364/355
f 204/364/355 217/363/354 216/365/356
f 204/364/355 216/365/356 205/366/357
f 205/366/357 216/365/356 215/367/358
f 205/366/357 215/367/358 206/368/359
f 206/368/359 215/367/358 214/369/360
f 206/368/359 214/369/360 207/370/361
f 207/370/361 214/369/360 213/371/362
f 207/370/361 213/371/362 208/372/363
f 208/372/363 213/371/362 212/373/364
f 208/372/363 212/373/364 209/374/365
f 209/374/365 212/373/364 211/375/366
f 209/374/365 211/375/366 210/376/367
f 217/363/354 227/362/353 218/377/368
f 218/377/368 227/362/353 226/378/369
f 218/377/368 226/378/369 219/379/370
f 219/379/370 226/378/369 225/380/371
f 219/379/370 225/380/371 220/381/372
f 220/381/372 225/380/371 224/382/373
f 220/381/372 224/382/373 221/383/374
f 221/383/374 224/382/373 223/384/375
f 221/383/374 223/384/375 222/385/376
f 103/386/377 102/387/378 228/388/379
f 228/388/379 102/387/378 140/389/380
f 228/388/379 140/389/380 262/390/381
f 262/390/381 140/389/380 139/391/382
f 262/390/381 139/391/382 261/392/383
f 261/392/383 139/391/382 138/393/384
f 261/392/383 138/393/384 260/394/385
f 260/394/385 138/393/384 137/395/386
f 260/394/385 137/395/386 259/396/387
f 259/396/387 137/395/386 136/397/388
f 259/396/387 136/397/388 258/398/389
f 258/398/389 136/397/388 135/399/390
f 258/398/389 135/399/390 257/400/391
f 257/400/391 135/399/390 134/401/392
f 257/400/391 134/401/392 256/402/393
f 256/402/393 134/401/392 133/403/394
f 256/402/393 133/403/394 255/404/395
f 255/404/395 133/403/394 132/405/396
f 255/404/395 132/405/396 254/406/397
f 254/406/397 132/405/396 131/407/398
f 254/406/397 131/407/398 130/408/399
f 254/406/397 130/408/399 253/409/400
f 253/409/400 130/408/399 129/410/401
f 253/409/400 129/410/401 252/411/402
f 252/411/402 129/410/401 128/412/403
f 252/411/402 128/412/403 251/413/404
f 251/413/404 128/412/403 127/414/405
f 251/413/404 127/414/405 250/415/406
f 250/415/406 127/414/405 126/416/407
f 250/415/406 126/416/407 249/417/408
f 249/417/408 126/416/407 125/418/409
f 249/417/408 125/418/409 248/419/410
f 248/419/410 125/418/409 124/420/411
f 248/419/410 124/420/411 247/421/412
f 247/421/412 124/420/411 123/422/413
f 247/421/412 123/422/413 246/423/414
f 246/423/414 123/422/413 122/424/415
f 246/423/414 122/424/415 121/425/416
f 246/423/414 121/425/416 245/426/417
f 245/426/417 121/425/416 120/427/418
f 245/426/417 120/427/418 244/428/419
f 244/428/419 120/427/418 119/429/420
f 244/428/419 119/429/420 243/430/421
f 243/430/421 119/429/420 118/431/422
f 243/430/421 118/431/422 242/432/423
f 242/432/423 118/431/422 117/433/424
f 242/432/423 117/433/424 241/434/425
f 241/434/425 117/433/424 116/435/426
f 241/434/425 116/435/426 240/436/427
f 240/436/427 116/435/426 115/437/428
f 240/436/427 115/437/428 239/438/429
f 239/438/429 115/437/428 114/439/430
f 239/438/429 114/439/430 238/440/431
f 238/440/431 114/439/430 113/441/432
f 238/440/431 113/441/432 237/442/433
f 237/442/433 113/441/432 112/443/434
f 237/442/433 112/443/434 111/444/435
f 237/442/433 111/444/435 236/445/436
f 236/445/436 111/444/435 110/446/437
f 236/445/436 110/446/437 235/447/438
f 235/447/438 110/446/437 109/448/439
f 235/447/438 109/448/439 234/449/440
f 234/449/440 109/448/439 108/450/441
f 234/449/440 108/450/441 233/451/442
f 233/451/442 108/450/441 107/452/443
f 233/451/442 107/452/443 232/453/444
f 232/453/444 107/452/443 106/454/445
f 232/453/444 106/454/445 231/455/446
f 231/455/446 106/454/445 105/456/447
f 231/455/446 105/456/447 230/457/448
f 230/457/448 105/456/447 104/458/449
f 230/457/448 104/458/449 229/459/450
f 229/459/450 104/458/449 103/386/377
f 229/459/450 103/386/377 228/388/379
f 262/460/451 273/461/452 228/462/453
f 228/462/453 273/461/452 282/463/454
f 228/462/453 282/463/454 229/464/455
f 229/464/455 282/463/454 454/465/456
f 229/464/455 454/465/456 230/466/457
f 230/466/457 454/465/456 449/467/458
f 230/466/457 449/467/458 231/468/459
f 231/468/459 449/467/458 439/469/460
f 231/468/459 439/469/460 232/470/461
f 232/470/461 439/469/460 448/471/462
f 232/470/461 448/471/462 270/472/463
f 270/472/463 448/471/462 447/473/464
f 270/472/463 447/473/464 435/474/465
f 435/474/465 447/473/464 446/475/466
f 435/474/465 446/475/466 436/476/467
f 436/476/467 446/475/466 445/477/468
f 436/476/467 445/477/468 437/478/469
f 437/478/469 445/477/468 444/479/470
f 437/478/469 444/479/470 438/480/471
f 438/480/471 444/479/470 263/481/472
f 273/461/452 262/460/451 283/482/473
f 283/482/473 262/460/451 261/483/474
f 283/482/473 261/483/474 288/484/475
f 288/484/475 261/483/474 260/485/476
f 288/484/475 260/485/476 293/486/477
f 293/486/477 260/485/476 259/487/478
f 293/486/477 259/487/478 298/488/479
f 298/488/479 259/487/478 271/489/480
f 298/488/479 271/489/480 311/490/481
f 311/490/481 271/489/480 304/491/482
f 311/490/481 304/491/482 305/492/483
f 305/492/483 304/491/482 314/493/484
f 305/492/483 314/493/484 315/494/485
f 315/494/485 314/493/484 320/495/486
f 315/494/485 320/495/486 321/496/487
f 321/496/487 320/495/486 326/497/488
f 321/496/487 326/497/488 263/498/472
f 259/487/478 258/499/489 271/489/480
f 271/489/480 258/499/489 303/500/490
f 271/489/480 303/500/490 304/491/482
f 304/491/482 303/500/490 313/501/491
f 304/491/482 313/501/491 314/493/484
f 314/493/484 313/501/491 319/502/492
f 314/493/484 319/502/492 320/495/486
f 320/495/486 319/502/492 325/503/493
f 320/495/486 325/503/493 326/497/488
f 326/497/488 325/503/493 331/504/494
f 326/497/488 331/504/494 263/505/472
f 258/499/489 257/506/495 303/500/490
f 303/500/490 257/506/495 312/507/496
f 303/500/490 312/507/496 313/501/491
f 313/501/491 312/507/496 318/508/497
f 313/501/491 318/508/497 319/502/492
f 319/502/492 318/508/497 324/509/498
f 319/502/492 324/509/498 325/503/493
f 325/503/493 324/509/498 330/510/499
f 325/503/493 330/510/499 331/504/494
f 331/504/494 330/510/499 336/511/500
f 331/504/494 336/511/500 263/512/472
f 257/506/495 256/513/501 312/507/496
f 312/507/496 256/513/501 317/514/502
f 312/507/496 317/514/502 318/508/497
f 318/508/497 317/514/502 323/515/503
f 318/508/497 323/515/503 324/509/498
f 324/509/498 323/515/503 329/516/504
f 324/509/498 329/516/504 330/510/499
f 330/510/499 329/516/504 335/517/505
f 330/510/499 335/517/505 336/511/500
f 336/511/500 335/517/505 341/518/506
f 336/511/500 341/518/506 263/519/472
f 256/513/501 255/520/507 317/514/502
f 317/514/502 255/520/507 322/521/508
f 317/514/502 322/521/508 323/515/503
f 323/515/503 322/521/508 328/522/509
f 323/515/503 328/522/509 329/516/504
f 329/516/504 328/522/509 334/523/510
f 329/516/504 334/523/510 335/517/505
f 335/517/505 334/523/510 340/524/511
f 335/517/505 340/524/511 341/518/506
f 341/518/506 340/524/511 346/525/512
f 341/518/506 346/525/512 263/526/472
f 255/520/507 254/527/513 322/521/508
f 322/521/508 254/527/513 327/528/514
f 322/521/508 327/528/514 328/522/509
f 328/522/509 327/528/514 333/529/515
f 328/522/509 333/529/515 334/523/510
f 334/523/510 333/529/515 339/530/516
f 334/523/510 339/530/516 340/524/511
f 340/524/511 339/530/516 345/531/517
f 340/524/511 345/531/517 346/525/512
f 346/525/512 345/531/517 351/532/518
f 346/525/512 351/532/518 263/533/472
f 254/527/513 253/534/519 327/528/514
f 327/528/514 253/534/519 332/535/520
f 327/528/514 332/535/520 333/529/515
f 333/529/515 332/535/520 338/536/521
f 333/529/515 338/536/521 339/530/516
f 339/530/516 338/536/521 344/537/522
f 339/530/516 344/537/522 345/531/517
f 345/531/517 344/537/522 350/538/523
f 345/531/517 350/538/523 351/532/518
f 351/532/518 350/538/523 357/539/524
f 351/532/518 357/539/524 263/540/472
f 253/534/519 252/541/525 332/535/520
f 332/535/520 252/541/525 337/542/526
f 332/535/520 337/542/526 338/536/521
f 338/536/521 337/542/526 343/543/527
f 338/536/521 343/543/527 344/537/522
f 344/537/522 343/543/527 349/544/528
f 344/537/522 349/544/528 350/538/523
f 350/538/523 349/544/528 358/545/529
f 350/538/523 358/545/529 357/539/524
f 357/539/524 358/545/529 356/546/530
f 357/539/524 356/546/530 263/547/472
f 252/541/525 251/548/531 337/542/526
f 337/542/526 251/548/531 342/549/532
f 337/542/526 342/549/532 343/543/527
f 343/543/527 342/549/532 348/550/533
f 343/543/527 348/550/533 349/544/528
f 349/544/528 348/550/533 359/551/534
f 349/544/528 359/551/534 358/545/529
f 358/545/529 359/551/534 355/552/535
f 358/545/529 355/552/535 356/546/530
f 356/546/530 355/552/535 365/553/536
f 356/546/530 365/553/536 263/554/472
f 251/548/531 250/555/537 342/549/532
f 342/549/532 250/555/537 347/556/538
f 342/549/532 347/556/538 348/550/533
f 348/550/533 347/556/538 360/557/539
f 348/550/533 360/557/539 359/551/534
f 359/551/534 360/557/539 354/558/540
f 359/551/534 354/558/540 355/552/535
f 355/552/535 354/558/540 364/559/541
f 355/552/535 364/559/541 365/553/536
f 365/553/536 364/559/541 370/560/542
f 365/553/536 370/560/542 263/561/472
f 347/556/538 250/555/537 272/562/543
f 272/562/543 250/555/537 249/563/544
f 272/562/543 249/563/544 352/564/545
f 352/564/545 249/563/544 248/565/546
f 352/564/545 248/565/546 361/566/547
f 361/566/547 248/565/546 247/567/548
f 361/566/547 247/567/548 366/568/549
f 366/568/549 247/567/548 246/569/550
f 366/568/549 246/569/550 264/570/551
f 264/571/551 246/572/550 245/573/552
f 264/571/551 245/573/552 371/574/553
f 371/574/553 245/573/552 244/575/554
f 371/574/553 244/575/554 376/576/555
f 376/576/555 244/575/554 243/577/556
f 376/576/555 243/577/556 381/578/557
f 381/578/557 243/577/556 242/579/558
f 381/578/557 242/579/558 269/580/559
f 269/580/559 242/579/558 241/581/560
f 269/580/559 241/581/560 399/582/561
f 399/582/561 241/581/560 390/583/562
f 399/582/561 390/583/562 391/584/563
f 391/584/563 390/583/562 401/585/564
f 391/584/563 401/585/564 402/586/565
f 402/586/565 401/585/564 407/587/566
f 402/586/565 407/587/566 408/588/567
f 408/588/567 407/587/566 413/589/568
f 408/588/567 413/589/568 414/590/569
f 414/590/569 413/589/568 419/591/570
f 414/590/569 419/591/570 263/592/472
f 241/581/560 240/593/571 390/583/562
f 390/583/562 240/593/571 400/594/572
f 390/583/562 400/594/572 401/585/564
f 401/585/564 400/594/572 406/595/573
f 401/585/564 406/595/573 407/587/566
f 407/587/566 406/595/573 412/596/574
f 407/587/566 412/596/574 413/589/568
f 413/589/568 412/596/574 418/597/575
f 413/589/568 418/597/575 419/591/570
f 419/591/570 418/597/575 424/598/576
f 419/591/570 424/598/576 263/599/472
f 240/593/571 239/600/577 400/594/572
f 400/594/572 239/600/577 405/601/578
f 400/594/572 405/601/578 406/595/573
f 406/595/573 405/601/578 411/602/579
f 406/595/573 411/602/579 412/596/574
f 412/596/574 411/602/579 417/603/580
f 412/596/574 417/603/580 418/597/575
f 418/597/575 417/603/580 423/604/581
f 418/597/575 423/604/581 424/598/576
f 424/598/576 423/604/581 429/605/582
f 424/598/576 429/605/582 263/606/472
f 239/600/577 238/607/583 405/601/578
f 405/601/578 238/607/583 410/608/584
f 405/601/578 410/608/584 411/602/579
f 411/602/579 410/608/584 416/609/585
f 411/602/579 416/609/585 417/603/580
f 417/603/580 416/609/585 422/610/586
f 417/603/580 422/610/586 423/604/581
f 423/604/581 422/610/586 428/611/587
f 423/604/581 428/611/587 429/605/582
f 429/605/582 428/611/587 434/612/588
f 429/605/582 434/612/588 263/613/472
f 238/607/583 237/614/589 410/608/584
f 410/608/584 237/614/589 415/615/590
f 410/608/584 415/615/590 416/609/585
f 416/609/585 415/615/590 421/616/591
f 416/609/585 421/616/591 422/610/586
f 422/610/586 421/616/591 427/617/592
f 422/610/586 427/617/592 428/611/587
f 428/611/587 427/617/592 433/618/593
f 428/611/587 433/618/593 434/612/588
f 434/612/588 433/618/593 438/480/471
f 434/612/588 438/480/471 263/619/472
f 237/614/589 236/620/594 415/615/590
f 415/615/590 236/620/594 420/621/595
f 415/615/590 420/621/595 421/616/591
f 421/616/591 420/621/595 426/622/596
f 421/616/591 426/622/596 427/617/592
f 427/617/592 426/622/596 432/623/597
f 427/617/592 432/623/597 433/618/593
f 433/618/593 432/623/597 437/478/469
f 433/618/593 437/478/469 438/480/471
f 236/620/594 235/624/598 420/621/595
f 420/621/595 235/624/598 425/625/599
f 420/621/595 425/625/599 426/622/596
f 426/622/596 425/625/599 431/626/600
f 426/622/596 431/626/600 432/623/597
f 432/623/597 431/626/600 436/476/467
f 432/623/597 436/476/467 437/478/469
f 235/624/598 234/627/601 425/625/599
f 425/625/599 234/627/601 430/628/602
f 425/625/599 430/628/602 431/626/600
f 431/626/600 430/628/602 435/474/465
f 431/626/600 435/474/465 436/476/467
f 234/627/601 233/629/603 430/628/602
f 430/628/602 233/629/603 270/472/463
f 430/628/602 270/472/463 435/474/465
f 233/629/603 232/470/461 270/472/463
f 268/630/604 263/631/472 370/560/542
f 321/496/487 263/632/472 316/633/605
f 316/633/605 263/634/472 307/635/606
f 308/636/607 263/637/472 302/638/608
f 302/638/608 263/639/472 297/640/609
f 297/640/609 263/641/472 292/642/610
f 292/642/610 263/643/472 287/644/611
f 287/644/611 263/645/472 277/646/612
f 277/646/612 263/647/472 278/648/613
f 278/648/613 263/649/472 458/650/614
f 458/650/614 263/651/472 453/652/615
f 453/652/615 263/653/472 443/654/616
f 443/654/616 263/655/472 444/479/470
f 414/590/569 263/656/472 409/657/617
f 409/657/617 263/658/472 404/659/618
f 404/659/618 263/660/472 394/661/619
f 394/661/619 263/662/472 395/663/620
f 395/663/620 263/664/472 389/665/621
f 389/665/621 263/666/472 385/667/622
f 385/667/622 263/668/472 380/669/623
f 380/669/623 263/670/472 375/671/624
f 375/671/624 263/672/472 268/673/604
f 264/570/551 265/674/625 366/568/549
f 366/568/549 265/674/625 367/675/626
f 366/568/549 367/675/626 361/566/547
f 361/566/547 367/675/626 362/676/627
f 361/566/547 362/676/627 352/564/545
f 352/564/545 362/676/627 353/677/628
f 352/564/545 353/677/628 272/562/543
f 272/562/543 353/677/628 360/557/539
f 272/562/543 360/557/539 347/556/538
f 265/674/625 266/678/629 367/675/626
f 367/675/626 266/678/629 368/679/630
f 367/675/626 368/679/630 362/676/627
f 362/676/627 368/679/630 363/680/631
f 362/676/627 363/680/631 353/677/628
f 353/677/628 363/680/631 354/558/540
f 353/677/628 354/558/540 360/557/539
f 265/681/625 264/571/551 372/682/632
f 372/682/632 264/571/551 371/574/553
f 372/682/632 371/574/553 377/683/633
f 377/683/633 371/574/553 376/576/555
f 377/683/633 376/576/555 382/684/634
f 382/684/634 376/576/555 381/578/557
f 382/684/634 381/578/557 386/685/635
f 386/685/635 381/578/557 269/580/559
f 386/685/635 269/580/559 398/686/636
f 398/686/636 269/580/559 399/582/561
f 398/686/636 399/582/561 391/584/563
f 266/678/629 267/687/637 368/679/630
f 368/679/630 267/687/637 369/688/638
f 368/679/630 369/688/638 363/680/631
f 363/680/631 369/688/638 364/559/541
f 363/680/631 364/559/541 354/558/540
f 266/689/629 265/681/625 373/690/639
f 373/690/639 265/681/625 372/682/632
f 373/690/639 372/682/632 378/691/640
f 378/691/640 372/682/632 377/683/633
f 378/691/640 377/683/633 383/692/641
f 383/692/641 377/683/633 382/684/634
f 383/692/641 382/684/634 387/693/642
f 387/693/642 382/684/634 386/685/635
f 387/693/642 386/685/635 397/694/643
f 397/694/643 386/685/635 398/686/636
f 397/694/643 398/686/636 392/695/644
f 392/695/644 398/686/636 391/584/563
f 392/695/644 391/584/563 402/586/565
f 267/687/637 268/630/604 369/688/638
f 369/688/638 268/630/604 370/560/542
f 369/688/638 370/560/542 364/559/541
f 267/696/637 266/689/629 374/697/645
f 374/697/645 266/689/629 373/690/639
f 374/697/645 373/690/639 379/698/646
f 379/698/646 373/690/639 378/691/640
f 379/698/646 378/691/640 384/699/647
f 384/699/647 378/691/640 383/692/641
f 384/699/647 383/692/641 388/700/648
f 388/700/648 383/692/641 387/693/642
f 388/700/648 387/693/642 396/701/649
f 396/701/649 387/693/642 397/694/643
f 396/701/649 397/694/643 393/702/650
f 393/702/650 397/694/643 392/695/644
f 393/702/650 392/695/644 403/703/651
f 403/703/651 392/695/644 402/586/565
f 403/703/651 402/586/565 408/588/567
f 268/673/604 267/696/637 375/671/624
f 375/671/624 267/696/637 374/697/645
f 375/671/624 374/697/645 380/669/623
f 380/669/623 374/697/645 379/698/646
f 380/669/623 379/698/646 385/667/622
f 385/667/622 379/698/646 384/699/647
f 385/667/622 384/699/647 389/665/621
f 389/665/621 384/699/647 388/700/648
f 389/665/621 388/700/648 395/663/620
f 395/663/620 388/700/648 396/701/649
f 395/663/620 396/701/649 394/661/619
f 394/661/619 396/701/649 393/702/650
f 394/661/619 393/702/650 404/659/618
f 404/659/618 393/702/650 403/703/651
f 404/659/618 403/703/651 409/657/617
f 409/657/617 403/703/651 408/588/567
f 409/657/617 408/588/567 414/590/569
f 307/635/606 263/704/472 308/636/607
f 273/461/452 274/705/652 282/463/454
f 282/463/454 274/705/652 281/706/653
f 282/463/454 281/706/653 454/465/456
f 454/465/456 281/706/653 455/707/654
f 454/465/456 455/707/654 449/467/458
f 449/467/458 455/707/654 450/708/655
f 449/467/458 450/708/655 439/469/460
f 439/469/460 450/708/655 440/709/656
f 439/469/460 440/709/656 448/471/462
f 448/471/462 440/709/656 447/473/464
f 274/705/652 275/710/657 281/706/653
f 281/706/653 275/710/657 280/711/658
f 281/706/653 280/711/658 455/707/654
f 455/707/654 280/711/658 456/712/659
f 455/707/654 456/712/659 450/708/655
f 450/708/655 456/712/659 451/713/660
f 450/708/655 451/713/660 440/709/656
f 440/709/656 451/713/660 441/714/661
f 440/709/656 441/714/661 447/473/464
f 447/473/464 441/714/661 446/475/466
f 274/705/652 273/461/452 284/715/662
f 284/715/662 273/461/452 283/482/473
f 284/715/662 283/482/473 289/716/663
f 289/716/663 283/482/473 288/484/475
f 289/716/663 288/484/475 294/717/664
f 294/717/664 288/484/475 293/486/477
f 294/717/664 293/486/477 299/718/665
f 299/718/665 293/486/477 298/488/479
f 299/718/665 298/488/479 311/490/481
f 275/710/657 276/719/666 280/711/658
f 280/711/658 276/719/666 279/720/667
f 280/711/658 279/720/667 456/712/659
f 456/712/659 279/720/667 457/721/668
f 456/712/659 457/721/668 451/713/660
f 451/713/660 457/721/668 452/722/669
f 451/713/660 452/722/669 441/714/661
f 441/714/661 452/722/669 442/723/670
f 441/714/661 442/723/670 446/475/466
f 446/475/466 442/723/670 445/477/468
f 275/710/657 274/705/652 285/724/671
f 285/724/671 274/705/652 284/715/662
f 285/724/671 284/715/662 290/725/672
f 290/725/672 284/715/662 289/716/663
f 290/725/672 289/716/663 295/726/673
f 295/726/673 289/716/663 294/717/664
f 295/726/673 294/717/664 300/727/674
f 300/727/674 294/717/664 299/718/665
f 300/727/674 299/718/665 310/728/675
f 310/728/675 299/718/665 311/490/481
f 310/728/675 311/490/481 305/492/483
f 276/719/666 277/646/612 279/720/667
f 279/720/667 277/646/612 278/648/613
f 279/720/667 278/648/613 457/721/668
f 457/721/668 278/648/613 458/650/614
f 457/721/668 458/650/614 452/722/669
f 452/722/669 458/650/614 453/652/615
f 452/722/669 453/652/615 442/723/670
f 442/723/670 453/652/615 443/654/616
f 442/723/670 443/654/616 445/477/468
f 445/477/468 443/654/616 444/479/470
f 276/719/666 275/710/657 286/729/676
f 286/729/676 275/710/657 285/724/671
f 286/729/676 285/724/671 291/730/677
f 291/730/677 285/724/671 290/725/672
f 291/730/677 290/725/672 296/731/678
f 296/731/678 290/725/672 295/726/673
f 296/731/678 295/726/673 301/732/679
f 301/732/679 295/726/673 300/727/674
f 301/732/679 300/727/674 309/733/680
f 309/733/680 300/727/674 310/728/675
f 309/733/680 310/728/675 306/734/681
f 306/734/681 310/728/675 305/492/483
f 306/734/681 305/492/483 315/494/485
f 277/646/612 276/719/666 287/644/611
f 287/644/611 276/719/666 286/729/676
f 287/644/611 286/729/676 292/642/610
f 292/642/610 286/729/676 291/730/677
f 292/642/610 291/730/677 297/640/609
f 297/640/609 291/730/677 296/731/678
f 297/640/609 296/731/678 302/638/608
f 302/638/608 296/731/678 301/732/679
f 302/638/608 301/732/679 308/636/607
f 308/636/607 301/732/679 309/733/680
f 308/636/607 309/733/680 307/635/606
f 307/635/606 309/733/680 306/734/681
f 307/635/606 306/734/681 316/633/605
f 316/633/605 306/734/681 315/494/485
f 316/633/605 315/494/485 321/496/487
g Body1:1

v -1.400932 -0.112328 175.000000
v -1.351064 0.266453 175.000000
v -1.204860 0.619422 175.000000
v -0.972282 0.922522 175.000000
v -0.669182 1.155100 175.000000
v -0.316213 1.301304 175.000000
v 0.062568 1.351172 175.000000
v 0.441350 1.301304 175.000000
v 0.794318 1.155100 175.000000
v 1.097419 0.922522 175.000000
v 1.329997 0.619422 175.000000
v 1.476201 0.266453 175.000000
v 1.526068 -0.112328 175.000000
v 1.476201 -0.491110 175.000000
v 1.329997 -0.844078 175.000000
v 1.097419 -1.147179 175.000000
v 0.794318 -1.379757 175.000000
v 0.441350 -1.525961 175.000000
v 0.062568 -1.575828 175.000000
v -0.316213 -1.525961 175.000000
v -0.669182 -1.379757 175.000000
v -0.972282 -1.147179 175.000000
v -1.204860 -0.844078 175.000000
v -1.351064 -0.491110 175.000000
v -1.400932 -0.112328 18.000000
v -1.351064 -0.491110 18.000000
v -1.204860 -0.844078 18.000000
v -0.972282 -1.147179 18.000000
v -0.669182 -1.379757 18.000000
v -0.316213 -1.525961 18.000000
v 0.062568 -1.575828 18.000000
v 0.441350 -1.525961 18.000000
v 0.794318 -1.379757 18.000000
v 1.097419 -1.147179 18.000000
v 1.329997 -0.844078 18.000000
v 1.476201 -0.491110 18.000000
v 1.526068 -0.112328 18.000000
v 1.476201 0.266453 18.000000
v 1.329997 0.619422 18.000000
v 1.097419 0.922522 18.000000
v 0.794318 1.155100 18.000000
v 0.441350 1.301304 18.000000
v 0.062568 1.351172 18.000000
v -0.316213 1.301304 18.000000
v -0.669182 1.155100 18.000000
v -0.972282 0.922522 18.000000
v -1.204860 0.619422 18.000000
v -1.351064 0.266453 18.000000
v -1.400932 -0.112328 166.736842
v -1.400932 -0.112328 158.473684
v -1.400932 -0.112328 150.210526
v -1.400932 -0.112328 141.947368
v -1.400932 -0.112328 133.684211
v -1.400932 -0.112328 125.421053
v -1.400932 -0.112328 117.157895
v -1.400932 -0.112328 108.894737
v -1.400932 -0.112328 100.631579
v -1.400932 -0.112328 92.368421
v -1.400932 -0.112328 84.105263
v -1.400932 -0.112328 75.842105
v -1.400932 -0.112328 67.578947
v -1.400932 -0.112328 59.315789
v -1.400932 -0.112328 51.052632
v -1.400932 -0.112328 42.789474
v -1.400932 -0.112328 34.526316
v -1.400932 -0.112328 26.263158
v -1.351064 0.266453 166.736842
v -1.351064 0.266453 158.473684
v -1.351064 0.266453 150.210526
v -1.351064 0.266453 141.947368
v -1.351064 0.266453 133.684211
v -1.351064 0.266453 125.421053
v -1.351064 0.266453 117.157895
v -1.351064 0.266453 108.894737
v -1.351064 0.266453 100.631579
v -1.351064 0.266453 92.368421
v -1.351064 0.266453 84.105263
v -1.351064 0.266453 75.842105
v -1.351064 0.266453 67.578947
v -1.351064 0.266453 59.315789
v -1.351064 0.266453 51.052632
v -1.351064 0.266453 42.789474
v -1.351064 0.266453 34.526316
v -1.351064 0.266453 26.263158
v -1.204860 0.619422 166.736842
v -1.204860 0.619422 158.473684
v -1.204860 0.619422 150.210526
v -1.204860 0.619422 141.947368
v -1.204860 0.619422 133.684211
v -1.204860 0.619422 125.421053
v -1.204860 0.619422 117.157895
v -1.204860 0.619422 108.894737
v -1.204860 0.619422 100.631579
v -1.204860 0.619422 92.368421
v -1.204860 0.619422 84.105263
v -1.204860 0.619422 75.842105
v -1.204860 0.619422 67.578947
v -1.204860 0.619422 59.315789
v -1.204860 0.619422 51.052632
v -1.204860 0.619422 42.789474
v -1.204860 0.619422 34.526316
v -1.204860 0.619422 26.263158
v -0.972282 0.922522 166.736842
v -0.972282 0.922522 158.473684
v -0.972282 0.922522 150.210526
v -0.972282 0.922522 141.947368
v -0.972282 0.922522 133.684211
v -0.972282 0.922522 125.421053
v -0.972282 0.922522 117.157895
v -0.972282 0.922522 108.894737
v -0.972282 0.922522 100.631579
v -0.972282 0.922522 92.368421
v -0.972282 0.922522 84.105263
v -0.972282 0.922522 75.842105
v -0.972282 0.922522 67.578947
v -0.972282 0.922522 59.315789
v -0.972282 0.922522 51.052632
v -0.972282 0.922522 42.789474
v -0.972282 0.922522 34.526316
v -0.972282 0.922522 26.263158
v -0.669182 1.155100 166.736842
v -0.669182 1.155100 158.473684
v -0.669182 1.155100 150.210526
v -0.669182 1.155100 141.947368
v -0.669182 1.155100 133.684211
v -0.669182 1.155100 125.421053
v -0.669182 1.155100 117.157895
v -0.669182 1.155100 108.894737
v -0.669182 1.155100 100.631579
v -0.669182 1.155100 92.368421
v -0.669182 1.155100 84.105263
v -0.669182 1.155100 75.842105
v -0.669182 1.155100 67.578947
v -0.669182 1.155100 59.315789
v -0.669182 1.155100 51.052632
v -0.669182 1.155100 42.789474
v -0.669182 1.155100 34.526316
v -0.669182 1.155100 26.263158
v -0.316213 1.301304 166.736842
v -0.316213 1.301304 158.473684
v -0.316213 1.301304 150.210526
v -0.316213 1.301304 141.947368
v -0.316213 1.301304 133.684211
v -0.316213 1.301304 125.421053
v -0.316213 1.301304 117.157895
v -0.316213 1.301304 108.894737
v -0.316213 1.301304 100.631579
v -0.316213 1.301304 92.368421
v -0.316213 1.301304 84.105263
v -0.316213 1.301304 75.842105
v -0.316213 1.301304 67.578947
v -0.316213 1.301304 59.315789
v -0.316213 1.301304 51.052632
v -0.316213 1.301304 42.789474
v -0.316213 1.301304 34.526316
v -0.316213 1.301304 26.263158
v 0.062568 1.351172 166.736842
v 0.062568 1.351172 158.473684
v 0.062568 1.351172 150.210526
v 0.062568 1.351172 141.947368
v 0.062568 1.351172 133.684211
v 0.062568 1.351172 125.421053
v 0.062568 1.351172 117.157895
v 0.062568 1.351172 108.894737
v 0.062568 1.351172 100.631579
v 0.062568 1.351172 92.368421
v 0.062568 1.351172 84.105263
v 0.062568 1.351172 75.842105
v 0.062568 1.351172 67.578947
v 0.062568 1.351172 59.315789
v 0.062568 1.351172 51.052632
v 0.062568 1.351172 42.789474
v 0.062568 1.351172 34.526316
v 0.062568 1.351172 26.263158
v 0.441350 1.301304 166.736842
v 0.441350 1.301304 158.473684
v 0.441350 1.301304 150.210526
v 0.441350 1.301304 141.947368
v 0.441350 1.301304 133.684211
v 0.441350 1.301304 125.421053
v 0.441350 1.301304 117.157895
v 0.441350 1.301304 108.894737
v 0.441350 1.301304 100.631579
v 0.441350 1.301304 92.368421
v 0.441350 1.301304 84.105263
v 0.441350 1.301304 75.842105
v 0.441350 1.301304 67.578947
v 0.441350 1.301304 59.315789
v 0.441350 1.301304 51.052632
v 0.441350 1.301304 42.789474
v 0.441350 1.301304 34.526316
v 0.441350 1.301304 26.263158
v 0.794318 1.155100 166.736842
v 0.794318 1.155100 158.473684
v 0.794318 1.155100 150.210526
v 0.794318 1.155100 141.947368
v 0.794318 1.155100 133.684211
v 0.794318 1.155100 125.421053
v 0.794318 1.155100 117.157895
v 0.794318 1.155100 108.894737
v 0.794318 1.155100 100.631579
v 0.794318 1.155100 92.368421
v 0.794318 1.155100 84.105263
v 0.794318 1.155100 75.842105
v 0.794318 1.155100 67.578947
v 0.794318 1.155100 59.315789
v 0.794318 1.155100 51.052632
v 0.794318 1.155100 42.789474
v 0.794318 1.155100 34.526316
v 0.794318 1.155100 26.263158
v 1.097419 0.922522 166.736842
v 1.097419 0.922522 158.473684
v 1.097419 0.922522 150.210526
v 1.097419 0.922522 141.947368
v 1.097419 0.922522 133.684211
v 1.097419 0.922522 125.421053
v 1.097419 0.922522 117.157895
v 1.097419 0.922522 108.894737
v 1.097419 0.922522 100.631579
v 1.097419 0.922522 92.368421
v 1.097419 0.922522 84.105263
v 1.097419 0.922522 75.842105
v 1.097419 0.922522 67.578947
v 1.097419 0.922522 59.315789
v 1.097419 0.922522 51.052632
v 1.097419 0.922522 42.789474
v 1.097419 0.922522 34.526316
v 1.097419 0.922522 26.263158
v 1.329997 0.619422 166.736842
v 1.329997 0.619422 158.473684
v 1.329997 0.619422 150.210526
v 1.329997 0.619422 141.947368
v 1.329997 0.619422 133.684211
v 1.329997 0.619422 125.421053
v 1.329997 0.619422 117.157895
v 1.329997 0.619422 108.894737
v 1.329997 0.619422 100.631579
v 1.329997 0.619422 92.368421
v 1.329997 0.619422 84.105263
v 1.329997 0.619422 75.842105
v 1.329997 0.619422 67.578947
v 1.329997 0.619422 59.315789
v 1.329997 0.619422 51.052632
v 1.329997 0.619422 42.789474
v 1.329997 0.619422 34.526316
v 1.329997 0.619422 26.263158
v 1.476201 0.266453 166.736842
v 1.476201 0.266453 158.473684
v 1.476201 0.266453 150.210526
v 1.476201 0.266453 141.947368
v 1.476201 0.266453 133.684211
v 1.476201 0.266453 125.421053
v 1.476201 0.266453 117.157895
v 1.476201 0.266453 108.894737
v 1.476201 0.266453 100.631579
v 1.476201 0.266453 92.368421
v 1.476201 0.266453 84.105263
v 1.476201 0.266453 75.842105
v 1.476201 0.266453 67.578947
v 1.476201 0.266453 59.315789
v 1.476201 0.266453 51.052632
v 1.476201 0.266453 42.789474
v 1.476201 0.266453 34.526316
v 1.476201 0.266453 26.263158
v 1.526068 -0.112328 166.736842
v 1.526068 -0.112328 158.473684
v 1.526068 -0.112328 150.210526
v 1.526068 -0.112328 141.947368
v 1.526068 -0.112328 133.684211
v 1.526068 -0.112328 125.421053
v 1.526068 -0.112328 117.157895
v 1.526068 -0.112328 108.894737
v 1.526068 -0.112328 100.631579
v 1.526068 -0.112328 92.368421
v 1.526068 -0.112328 84.105263
v 1.526068 -0.112328 75.842105
v 1.526068 -0.112328 67.578947
v 1.526068 -0.112328 59.315789
v 1.526068 -0.112328 51.052632
v 1.526068 -0.112328 42.789474
v 1.526068 -0.112328 34.526316
v 1.526068 -0.112328 26.263158
v 1.476201 -0.491110 166.736842
v 1.476201 -0.491110 158.473684
v 1.476201 -0.491110 150.210526
v 1.476201 -0.491110 141.947368
v 1.476201 -0.491110 133.684211
v 1.476201 -0.491110 125.421053
v 1.476201 -0.491110 117.157895
v 1.476201 -0.491110 108.894737
v 1.476201 -0.491110 100.631579
v 1.476201 -0.491110 92.368421
v 1.476201 -0.491110 84.105263
v 1.476201 -0.491110 75.842105
v 1.476201 -0.491110 67.578947
v 1.476201 -0.491110 59.315789
v 1.476201 -0.491110 51.052632
v 1.476201 -0.491110 42.789474
v 1.476201 -0.491110 34.526316
v 1.476201 -0.491110 26.263158
v 1.329997 -0.844078 166.736842
v 1.329997 -0.844078 158.473684
v 1.329997 -0.844078 150.210526
v 1.329997 -0.844078 141.947368
v 1.329997 -0.844078 133.684211
v 1.329997 -0.844078 125.421053
v 1.329997 -0.844078 117.157895
v 1.329997 -0.844078 108.894737
v 1.329997 -0.844078 100.631579
v 1.329997 -0.844078 92.368421
v 1.329997 -0.844078 84.105263
v 1.329997 -0.844078 75.842105
v 1.329997 -0.844078 67.578947
v 1.329997 -0.844078 59.315789
v 1.329997 -0.844078 51.052632
v 1.329997 -0.844078 42.789474
v 1.329997 -0.844078 34.526316
v 1.329997 -0.844078 26.263158
v 1.097419 -1.147179 166.736842
v 1.097419 -1.147179 158.473684
v 1.097419 -1.147179 150.210526
v 1.097419 -1.147179 141.947368
v 1.097419 -1.147179 133.684211
v 1.097419 -1.147179 125.421053
v 1.097419 -1.147179 117.157895
v 1.097419 -1.147179 108.894737
v 1.097419 -1.147179 100.631579
v 1.097419 -1.147179 92.368421
v 1.097419 -1.147179 84.105263
v 1.097419 -1.147179 75.842105
v 1.097419 -1.147179 67.578947
v 1.097419 -1.147179 59.315789
v 1.097419 -1.147179 51.052632
v 1.097419 -1.147179 42.789474
v 1.097419 -1.147179 34.526316
v 1.097419 -1.147179 26.263158
v 0.794318 -1.379757 166.736842
v 0.794318 -1.379757 158.473684
v 0.794318 -1.379757 150.210526
v 0.794318 -1.379757 141.947368
v 0.794318 -1.379757 133.684211
v 0.794318 -1.379757 125.421053
v 0.794318 -1.379757 117.157895
v 0.794318 -1.379757 108.894737
v 0.794318 -1.379757 100.631579
v 0.794318 -1.379757 92.368421
v 0.794318 -1.379757 84.105263
v 0.794318 -1.379757 75.842105
v 0.794318 -1.379757 67.578947
v 0.794318 -1.379757 59.315789
v 0.794318 -1.379757 51.052632
v 0.794318 -1.379757 42.789474
v 0.794318 -1.379757 34.526316
v 0.794318 -1.379757 26.263158
v 0.441350 -1.525961 166.736842
v 0.441350 -1.525961 158.473684
v 0.441350 -1.525961 150.210526
v 0.441350 -1.525961 141.947368
v 0.441350 -1.525961 133.684211
v 0.441350 -1.525961 125.421053
v 0.441350 -1.525961 117.157895
v 0.441350 -1.525961 108.894737
v 0.441350 -1.525961 100.631579
v 0.441350 -1.525961 92.368421
v 0.441350 -1.525961 84.105263
v 0.441350 -1.525961 75.842105
v 0.441350 -1.525961 67.578947
v 0.441350 -1.525961 59.315789
v 0.441350 -1.525961 51.052632
v 0.441350 -1.525961 42.789474
v 0.441350 -1.525961 34.526316
v 0.441350 -1.525961 26.263158
v 0.062568 -1.575828 166.736842
v 0.062568 -1.575828 158.473684
v 0.062568 -1.575828 150.210526
v 0.062568 -1.575828 141.947368
v 0.062568 -1.575828 133.684211
v 0.062568 -1.575828 125.421053
v 0.062568 -1.575828 117.157895
v 0.062568 -1.575828 108.894737
v 0.062568 -1.575828 100.631579
v 0.062568 -1.575828 92.368421
v 0.062568 -1.575828 84.105263
v 0.062568 -1.575828 75.842105
v 0.062568 -1.575828 67.578947
v 0.062568 -1.575828 59.315789
v 0.062568 -1.575828 51.052632
v 0.062568 -1.575828 42.789474
v 0.062568 -1.575828 34.526316
v 0.062568 -1.575828 26.263158
v -0.316213 -1.525961 166.736842
v -0.316213 -1.525961 158.473684
v -0.316213 -1.525961 150.210526
v -0.316213 -1.525961 141.947368
v -0.316213 -1.525961 133.684211
v -0.316213 -1.525961 125.421053
v -0.316213 -1.525961 117.157895
v -0.316213 -1.525961 108.894737
v -0.316213 -1.525961 100.631579
v -0.316213 -1.525961 92.368421
v -0.316213 -1.525961 84.105263
v -0.316213 -1.525961 75.842105
v -0.316213 -1.525961 67.578947
v -0.316213 -1.525961 59.315789
v -0.316213 -1.525961 51.052632
v -0.316213 -1.525961 42.789474
v -0.316213 -1.525961 34.526316
v -0.316213 -1.525961 26.263158
v -0.669182 -1.379757 166.736842
v -0.669182 -1.379757 158.473684
v -0.669182 -1.379757 150.210526
v -0.669182 -1.379757 141.947368
v -0.669182 -1.379757 133.684211
v -0.669182 -1.379757 125.421053
v -0.669182 -1.379757 117.157895
v -0.669182 -1.379757 108.894737
v -0.669182 -1.379757 100.631579
v -0.669182 -1.379757 92.368421
v -0.669182 -1.379757 84.105263
v -0.669182 -1.379757 75.842105
v -0.669182 -1.379757 67.578947
v -0.669182 -1.379757 59.315789
v -0.669182 -1.379757 51.052632
v -0.669182 -1.379757 42.789474
v -0.669182 -1.379757 34.526316
v -0.669182 -1.379757 26.263158
v -0.972282 -1.147179 166.736842
v -0.972282 -1.147179 158.473684
v -0.972282 -1.147179 150.210526
v -0.972282 -1.147179 141.947368
v -0.972282 -1.147179 133.684211
v -0.972282 -1.147179 125.421053
v -0.972282 -1.147179 117.157895
v -0.972282 -1.147179 108.894737
v -0.972282 -1.147179 100.631579
v -0.972282 -1.147179 92.368421
v -0.972282 -1.147179 84.105263
v -0.972282 -1.147179 75.842105
v -0.972282 -1.147179 67.578947
v -0.972282 -1.147179 59.315789
v -0.972282 -1.147179 51.052632
v -0.972282 -1.147179 42.789474
v -0.972282 -1.147179 34.526316
v -0.972282 -1.147179 26.263158
v -1.204860 -0.844078 166.736842
v -1.204860 -0.844078 158.473684
v -1.204860 -0.844078 150.210526
v -1.204860 -0.844078 141.947368
v -1.204860 -0.844078 133.684211
v -1.204860 -0.844078 125.421053
v -1.204860 -0.844078 117.157895
v -1.204860 -0.844078 108.894737
v -1.204860 -0.844078 100.631579
v -1.204860 -0.844078 92.368421
v -1.204860 -0.844078 84.105263
v -1.204860 -0.844078 75.842105
v -1.204860 -0.844078 67.578947
v -1.204860 -0.844078 59.315789
v -1.204860 -0.844078 51.052632
v -1.204860 -0.844078 42.789474
v -1.204860 -0.844078 34.526316
v -1.204860 -0.844078 26.263158
v -1.351064 -0.491110 166.736842
v -1.351064 -0.491110 158.473684
v -1.351064 -0.491110 150.210526
v -1.351064 -0.491110 141.947368
v -1.351064 -0.491110 133.684211
v -1.351064 -0.491110 125.421053
v -1.351064 -0.491110 117.157895
v -1.351064 -0.491110 108.894737
v -1.351064 -0.491110 100.631579
v -1.351064 -0.491110 92.368421
v -1.351064 -0.491110 84.105263
v -1.351064 -0.491110 75.842105
v -1.351064 -0.491110 67.578947
v -1.351064 -0.491110 59.315789
v -1.351064 -0.491110 51.052632
v -1.351064 -0.491110 42.789474
v -1.351064 -0.491110 34.526316
v -1.351064 -0.491110 26.263158
vt -15.700000 0.421458 0.000000
vt -14.873684 0.421458 0.000000
vt -15.700000 0.459772 0.000000
vt -14.873684 0.459772 0.000000
vt -15.700000 -0.459772 0.000000
vt -14.873684 -0.459772 0.000000
vt -15.700000 -0.421458 0.000000
vt -14.873684 -0.421458 0.000000
vt -15.700000 -0.383143 0.000000
vt -14.873684 -0.383143 0.000000
vt -15.700000 -0.344829 0.000000
vt -14.873684 -0.344829 0.000000
vt -15.700000 -0.306515 0.000000
vt -14.873684 -0.306515 0.000000
vt -15.700000 -0.268200 0.000000
vt -14.873684 -0.268200 0.000000
vt -15.700000 -0.229886 0.000000
vt -14.873684 -0.229886 0.000000
vt -15.700000 -0.191572 0.000000
vt -14.873684 -0.191572 0.000000
vt -15.700000 -0.153257 0.000000
vt -14.873684 -0.153257 0.000000
vt -15.700000 -0.114943 0.000000
vt -14.873684 -0.114943 0.000000
vt -15.700000 -0.076629 0.000000
vt -14.873684 -0.076629 0.000000
vt -15.700000 -0.038314 0.000000
vt -14.873684 -0.038314 0.000000
vt -15.700000 0.000000 0.000000
vt -14.873684 0.000000 0.000000
vt -15.700000 0.038314 0.000000
vt -14.873684 0.038314 0.000000
vt -15.700000 0.076629 0.000000
vt -14.873684 0.076629 0.000000
vt -15.700000 0.114943 0.000000
vt -14.873684 0.114943 0.000000
vt -15.700000 0.153257 0.000000
vt -14.873684 0.153257 0.000000
vt -15.700000 0.191572 0.000000
vt -14.873684 0.191572 0.000000
vt -15.700000 0.229886 0.000000
vt -14.873684 0.229886 0.000000
vt -15.700000 0.268200 0.000000
vt -14.873684 0.268200 0.000000
vt -15.700000 0.306515 0.000000
vt -14.873684 0.306515 0.000000
vt -15.700000 0.344829 0.000000
vt -14.873684 0.344829 0.000000
vt -15.700000 0.383143 0.000000
vt -14.873684 0.383143 0.000000
vt -0.000000 -0.421458 0.000000
vt -0.826316 -0.421458 0.000000
vt -0.000000 -0.459772 0.000000
vt -0.826316 -0.459772 0.000000
vt -0.000000 0.459772 0.000000
vt -0.826316 0.459772 0.000000
vt -0.000000 0.421458 0.000000
vt -0.826316 0.421458 0.000000
vt -0.000000 0.383143 0.000000
vt -0.826316 0.383143 0.000000
vt -0.000000 0.344829 0.000000
vt -0.826316 0.344829 0.000000
vt -0.000000 0.306515 0.000000
vt -0.826316 0.306515 0.000000
vt -0.000000 0.268200 0.000000
vt -0.826316 0.268200 0.000000
vt -0.000000 0.229886 0.000000
vt -0.826316 0.229886 0.000000
vt -0.000000 0.191572 0.000000
vt -0.826316 0.191572 0.000000
vt -0.000000 0.153257 0.000000
vt -0.826316 0.153257 0.000000
vt -0.000000 0.114943 0.000000
vt -0.826316 0.114943 0.000000
vt -0.000000 0.076629 0.000000
vt -0.826316 0.076629 0.000000
vt -0.000000 0.038314 0.000000
vt -0.826316 0.038314 0.000000
vt -0.000000 0.000000 0.000000
vt -0.826316 0.000000 0.000000
vt -0.000000 -0.038314 0.000000
vt -0.826316 -0.038314 0.000000
vt -0.000000 -0.076629 0.000000
vt -0.826316 -0.076629 0.000000
vt -0.000000 -0.114943 0.000000
vt -0.826316 -0.114943 0.000000
vt -0.000000 -0.153257 0.000000
vt -0.826316 -0.153257 0.000000
vt -0.000000 -0.191572 0.000000
vt -0.826316 -0.191572 0.000000
vt -0.000000 -0.229886 0.000000
vt -0.826316 -0.229886 0.000000
vt -0.000000 -0.268200 0.000000
vt -0.826316 -0.268200 0.000000
vt -0.000000 -0.306515 0.000000
vt -0.826316 -0.306515 0.000000
vt -0.000000 -0.344829 0.000000
vt -0.826316 -0.344829 0.000000
vt -0.000000 -0.383143 0.000000
vt -0.826316 -0.383143 0.000000
vt -14.047368 -0.459772 0.000000
vt -14.047368 -0.421458 0.000000
vt -14.047368 -0.383143 0.000000
vt -14.047368 -0.344829 0.000000
vt -14.047368 -0.306515 0.000000
vt -14.047368 -0.268200 0.000000
vt -14.047368 -0.229886 0.000000
vt -14.047368 -0.191572 0.000000
vt -14.047368 -0.153257 0.000000
vt -14.047368 -0.114943 0.000000
vt -14.047368 -0.076629 0.000000
vt -14.047368 -0.038314 0.000000
vt -14.047368 0.000000 0.000000
vt -14.047368 0.038314 0.000000
vt -14.047368 0.076629 0.000000
vt -14.047368 0.114943 0.000000
vt -14.047368 0.153257 0.000000
vt -14.047368 0.191572 0.000000
vt -14.047368 0.229886 0.000000
vt -14.047368 0.268200 0.000000
vt -14.047368 0.306515 0.000000
vt -14.047368 0.344829 0.000000
vt -14.047368 0.383143 0.000000
vt -14.047368 0.421458 0.000000
vt -14.047368 0.459772 0.000000
vt -13.221053 -0.459772 0.000000
vt -13.221053 -0.421458 0.000000
vt -13.221053 -0.383143 0.000000
vt -13.221053 -0.344829 0.000000
vt -13.221053 -0.306515 0.000000
vt -13.221053 -0.268200 0.000000
vt -13.221053 -0.229886 0.000000
vt -13.221053 -0.191572 0.000000
vt -13.221053 -0.153257 0.000000
vt -13.221053 -0.114943 0.000000
vt -13.221053 -0.076629 0.000000
vt -13.221053 -0.038314 0.000000
vt -13.221053 0.000000 0.000000
vt -13.221053 0.038314 0.000000
vt -13.221053 0.076629 0.000000
vt -13.221053 0.114943 0.000000
vt -13.221053 0.153257 0.000000
vt -13.221053 0.191572 0.000000
vt -13.221053 0.229886 0.000000
vt -13.221053 0.268200 0.000000
vt -13.221053 0.306515 0.000000
vt -13.221053 0.344829 0.000000
vt -13.221053 0.383143 0.000000
vt -13.221053 0.421458 0.000000
vt -13.221053 0.459772 0.000000
vt -12.394737 -0.459772 0.000000
vt -12.394737 -0.421458 0.000000
vt -12.394737 -0.383143 0.000000
vt -12.394737 -0.344829 0.000000
vt -12.394737 -0.306515 0.000000
vt -12.394737 -0.268200 0.000000
vt -12.394737 -0.229886 0.000000
vt -12.394737 -0.191572 0.000000
vt -12.394737 -0.153257 0.000000
vt -12.394737 -0.114943 0.000000
vt -12.394737 -0.076629 0.000000
vt -12.394737 -0.038314 0.000000
vt -12.394737 0.000000 0.000000
vt -12.394737 0.038314 0.000000
vt -12.394737 0.076629 0.000000
vt -12.394737 0.114943 0.000000
vt -12.394737 0.153257 0.000000
vt -12.394737 0.191572 0.000000
vt -12.394737 0.229886 0.000000
vt -12.394737 0.268200 0.000000
vt -12.394737 0.306515 0.000000
vt -12.394737 0.344829 0.000000
vt -12.394737 0.383143 0.000000
vt -12.394737 0.421458 0.000000
vt -12.394737 0.459772 0.000000
vt -11.568421 -0.459772 0.000000
vt -11.568421 -0.421458 0.000000
vt -11.568421 -0.383143 0.000000
vt -11.568421 -0.344829 0.000000
vt -11.568421 -0.306515 0.000000
vt -11.568421 -0.268200 0.000000
vt -11.568421 -0.229886 0.000000
vt -11.568421 -0.191572 0.000000
vt -11.568421 -0.153257 0.000000
vt -11.568421 -0.114943 0.000000
vt -11.568421 -0.076629 0.000000
vt -11.568421 -0.038314 0.000000
vt -11.568421 0.000000 0.000000
vt -11.568421 0.038314 0.000000
vt -11.568421 0.076629 0.000000
vt -11.568421 0.114943 0.000000
vt -11.568421 0.153257 0.000000
vt -11.568421 0.191572 0.000000
vt -11.568421 0.229886 0.000000
vt -11.568421 0.268200 0.000000
vt -11.568421 0.306515 0.000000
vt -11.568421 0.344829 0.000000
vt -11.568421 0.383143 0.000000
vt -11.568421 0.421458 0.000000
vt -11.568421 0.459772 0.000000
vt -10.742105 -0.459772 0.000000
vt -10.742105 -0.421458 0.000000
vt -10.742105 -0.383143 0.000000
vt -10.742105 -0.344829 0.000000
vt -10.742105 -0.306515 0.000000
vt -10.742105 -0.268200 0.000000
vt -10.742105 -0.229886 0.000000
vt -10.742105 -0.191572 0.000000
vt -10.742105 -0.153257 0.000000
vt -10.742105 -0.114943 0.000000
vt -10.742105 -0.076629 0.000000
vt -10.742105 -0.038314 0.000000
vt -10.742105 0.000000 0.000000
vt -10.742105 0.038314 0.000000
vt -10.742105 0.076629 0.000000
vt -10.742105 0.114943 0.000000
vt -10.742105 0.153257 0.000000
vt -10.742105 0.191572 0.000000
vt -10.742105 0.229886 0.000000
vt -10.742105 0.268200 0.000000
vt -10.742105 0.306515 0.000000
vt -10.742105 0.344829 0.000000
vt -10.742105 0.383143 0.000000
vt -10.742105 0.421458 0.000000
vt -10.742105 0.459772 0.000000
vt -9.915789 -0.459772 0.000000
vt -9.915789 -0.421458 0.000000
vt -9.915789 -0.383143 0.000000
vt -9.915789 -0.344829 0.000000
vt -9.915789 -0.306515 0.000000
vt -9.915789 -0.268200 0.000000
vt -9.915789 -0.229886 0.000000
vt -9.915789 -0.191572 0.000000
vt -9.915789 -0.153257 0.000000
vt -9.915789 -0.114943 0.000000
vt -9.915789 -0.076629 0.000000
vt -9.915789 -0.038314 0.000000
vt -9.915789 0.000000 0.000000
vt -9.915789 0.038314 0.000000
vt -9.915789 0.076629 0.000000
vt -9.915789 0.114943 0.000000
vt -9.915789 0.153257 0.000000
vt -9.915789 0.191572 0.000000
vt -9.915789 0.229886 0.000000
vt -9.915789 0.268200 0.000000
vt -9.915789 0.306515 0.000000
vt -9.915789 0.344829 0.000000
vt -9.915789 0.383143 0.000000
vt -9.915789 0.421458 0.000000
vt -9.915789 0.459772 0.000000
vt -9.089474 -0.459772 0.000000
vt -9.089474 -0.421458 0.000000
vt -9.089474 -0.383143 0.000000
vt -9.089474 -0.344829 0.000000
vt -9.089474 -0.306515 0.000000
vt -9.089474 -0.268200 0.000000
vt -9.089474 -0.229886 0.000000
vt -9.089474 -0.191572 0.000000
vt -9.089474 -0.153257 0.000000
vt -9.089474 -0.114943 0.000000
vt -9.089474 -0.076629 0.000000
vt -9.089474 -0.038314 0.000000
vt -9.089474 0.000000 0.000000
vt -9.089474 0.038314 0.000000
vt -9.089474 0.076629 0.000000
vt -9.089474 0.114943 0.000000
vt -9.089474 0.153257 0.000000
vt -9.089474 0.191572 0.000000
vt -9.089474 0.229886 0.000000
vt -9.089474 0.268200 0.000000
vt -9.089474 0.306515 0.000000
vt -9.089474 0.344829 0.000000
vt -9.089474 0.383143 0.000000
vt -9.089474 0.421458 0.000000
vt -9.089474 0.459772 0.000000
vt -8.263158 -0.459772 0.000000
vt -8.263158 -0.421458 0.000000
vt -8.263158 -0.383143 0.000000
vt -8.263158 -0.344829 0.000000
vt -8.263158 -0.306515 0.000000
vt -8.263158 -0.268200 0.000000
vt -8.263158 -0.229886 0.000000
vt -8.263158 -0.191572 0.000000
vt -8.263158 -0.153257 0.000000
vt -8.263158 -0.114943 0.000000
vt -8.263158 -0.076629 0.000000
vt -8.263158 -0.038314 0.000000
vt -8.263158 0.000000 0.000000
vt -8.263158 0.038314 0.000000
vt -8.263158 0.076629 0.000000
vt -8.263158 0.114943 0.000000
vt -8.263158 0.153257 0.000000
vt -8.263158 0.191572 0.000000
vt -8.263158 0.229886 0.000000
vt -8.263158 0.268200 0.000000
vt -8.263158 0.306515 0.000000
vt -8.263158 0.344829 0.000000
vt -8.263158 0.383143 0.000000
vt -8.263158 0.421458 0.000000
vt -8.263158 0.459772 0.000000
vt -7.436842 -0.459772 0.000000
vt -7.436842 -0.421458 0.000000
vt -7.436842 -0.383143 0.000000
vt -7.436842 -0.344829 0.000000
vt -7.436842 -0.306515 0.000000
vt -7.436842 -0.268200 0.000000
vt -7.436842 -0.229886 0.000000
vt -7.436842 -0.191572 0.000000
vt -7.436842 -0.153257 0.000000
vt -7.436842 -0.114943 0.000000
vt -7.436842 -0.076629 0.000000
vt -7.436842 -0.038314 0.000000
vt -7.436842 0.000000 0.000000
vt -7.436842 0.038314 0.000000
vt -7.436842 0.076629 0.000000
vt -7.436842 0.114943 0.000000
vt -7.436842 0.153257 0.000000
vt -7.436842 0.191572 0.000000
vt -7.436842 0.229886 0.000000
vt -7.436842 0.268200 0.000000
vt -7.436842 0.306515 0.000000
vt -7.436842 0.344829 0.000000
vt -7.436842 0.383143 0.000000
vt -7.436842 0.421458 0.000000
vt -7.436842 0.459772 0.000000
vt -6.610526 -0.459772 0.000000
vt -6.610526 -0.421458 0.000000
vt -6.610526 -0.383143 0.000000
vt -6.610526 -0.344829 0.000000
vt -6.610526 -0.306515 0.000000
vt -6.610526 -0.268200 0.000000
vt -6.610526 -0.229886 0.000000
vt -6.610526 -0.191572 0.000000
vt -6.610526 -0.153257 0.000000
vt -6.610526 -0.114943 0.000000
vt -6.610526 -0.076629 0.000000
vt -6.610526 -0.038314 0.000000
vt -6.610526 0.000000 0.000000
vt -6.610526 0.038314 0.000000
vt -6.610526 0.076629 0.000000
vt -6.610526 0.114943 0.000000
vt -6.610526 0.153257 0.000000
vt -6.610526 0.191572 0.000000
vt -6.610526 0.229886 0.000000
vt -6.610526 0.268200 0.000000
vt -6.610526 0.306515 0.000000
vt -6.610526 0.344829 0.000000
vt -6.610526 0.383143 0.000000
vt -6.610526 0.421458 0.000000
vt -6.610526 0.459772 0.000000
vt -5.784211 -0.459772 0.000000
vt -5.784211 -0.421458 0.000000
vt -5.784211 -0.383143 0.000000
vt -5.784211 -0.344829 0.000000
vt -5.784211 -0.306515 0.000000
vt -5.784211 -0.268200 0.000000
vt -5.784211 -0.229886 0.000000
vt -5.784211 -0.191572 0.000000
vt -5.784211 -0.153257 0.000000
vt -5.784211 -0.114943 0.000000
vt -5.784211 -0.076629 0.000000
vt -5.784211 -0.038314 0.000000
vt -5.784211 0.000000 0.000000
vt -5.784211 0.038314 0.000000
vt -5.784211 0.076629 0.000000
vt -5.784211 0.114943 0.000000
vt -5.784211 0.153257 0.000000
vt -5.784211 0.191572 0.000000
vt -5.784211 0.229886 0.000000
vt -5.784211 0.268200 0.000000
vt -5.784211 0.306515 0.000000
vt -5.784211 0.344829 0.000000
vt -5.784211 0.383143 0.000000
vt -5.784211 0.421458 0.000000
vt -5.784211 0.459772 0.000000
vt -4.957895 -0.459772 0.000000
vt -4.957895 -0.421458 0.000000
vt -4.957895 -0.383143 0.000000
vt -4.957895 -0.344829 0.000000
vt -4.957895 -0.306515 0.000000
vt -4.957895 -0.268200 0.000000
vt -4.957895 -0.229886 0.000000
vt -4.957895 -0.191572 0.000000
vt -4.957895 -0.153257 0.000000
vt -4.957895 -0.114943 0.000000
vt -4.957895 -0.076629 0.000000
vt -4.957895 -0.038314 0.000000
vt -4.957895 0.000000 0.000000
vt -4.957895 0.038314 0.000000
vt -4.957895 0.076629 0.000000
vt -4.957895 0.114943 0.000000
vt -4.957895 0.153257 0.000000
vt -4.957895 0.191572 0.000000
vt -4.957895 0.229886 0.000000
vt -4.957895 0.268200 0.000000
vt -4.957895 0.306515 0.000000
vt -4.957895 0.344829 0.000000
vt -4.957895 0.383143 0.000000
vt -4.957895 0.421458 0.000000
vt -4.957895 0.459772 0.000000
vt -4.131579 -0.459772 0.000000
vt -4.131579 -0.421458 0.000000
vt -4.131579 -0.383143 0.000000
vt -4.131579 -0.344829 0.000000
vt -4.131579 -0.306515 0.000000
vt -4.131579 -0.268200 0.000000
vt -4.131579 -0.229886 0.000000
vt -4.131579 -0.191572 0.000000
vt -4.131579 -0.153257 0.000000
vt -4.131579 -0.114943 0.000000
vt -4.131579 -0.076629 0.000000
vt -4.131579 -0.038314 0.000000
vt -4.131579 0.000000 0.000000
vt -4.131579 0.038314 0.000000
vt -4.131579 0.076629 0.000000
vt -4.131579 0.114943 0.000000
vt -4.131579 0.153257 0.000000
vt -4.131579 0.191572 0.000000
vt -4.131579 0.229886 0.000000
vt -4.131579 0.268200 0.000000
vt -4.131579 0.306515 0.000000
vt -4.131579 0.344829 0.000000
vt -4.131579 0.383143 0.000000
vt -4.131579 0.421458 0.000000
vt -4.131579 0.459772 0.000000
vt -3.305263 -0.459772 0.000000
vt -3.305263 -0.421458 0.000000
vt -3.305263 -0.383143 0.000000
vt -3.305263 -0.344829 0.000000
vt -3.305263 -0.306515 0.000000
vt -3.305263 -0.268200 0.000000
vt -3.305263 -0.229886 0.000000
vt -3.305263 -0.191572 0.000000
vt -3.305263 -0.153257 0.000000
vt -3.305263 -0.114943 0.000000
vt -3.305263 -0.076629 0.000000
vt -3.305263 -0.038314 0.000000
vt -3.305263 0.000000 0.000000
vt -3.305263 0.038314 0.000000
vt -3.305263 0.076629 0.000000
vt -3.305263 0.114943 0.000000
vt -3.305263 0.153257 0.000000
vt -3.305263 0.191572 0.000000
vt -3.305263 0.229886 0.000000
vt -3.305263 0.268200 0.000000
vt -3.305263 0.306515 0.000000
vt -3.305263 0.344829 0.000000
vt -3.305263 0.383143 0.000000
vt -3.305263 0.421458 0.000000
vt -3.305263 0.459772 0.000000
vt -2.478947 -0.459772 0.000000
vt -2.478947 -0.421458 0.000000
vt -2.478947 -0.383143 0.000000
vt -2.478947 -0.344829 0.000000
vt -2.478947 -0.306515 0.000000
vt -2.478947 -0.268200 0.000000
vt -2.478947 -0.229886 0.000000
vt -2.478947 -0.191572 0.000000
vt -2.478947 -0.153257 0.000000
vt -2.478947 -0.114943 0.000000
vt -2.478947 -0.076629 0.000000
vt -2.478947 -0.038314 0.000000
vt -2.478947 0.000000 0.000000
vt -2.478947 0.038314 0.000000
vt -2.478947 0.076629 0.000000
vt -2.478947 0.114943 0.000000
vt -2.478947 0.153257 0.000000
vt -2.478947 0.191572 0.000000
vt -2.478947 0.229886 0.000000
vt -2.478947 0.268200 0.000000
vt -2.478947 0.306515 0.000000
vt -2.478947 0.344829 0.000000
vt -2.478947 0.383143 0.000000
vt -2.478947 0.421458 0.000000
vt -2.478947 0.459772 0.000000
vt -1.652632 -0.459772 0.000000
vt -1.652632 -0.421458 0.000000
vt -1.652632 -0.383143 0.000000
vt -1.652632 -0.344829 0.000000
vt -1.652632 -0.306515 0.000000
vt -1.652632 -0.268200 0.000000
vt -1.652632 -0.229886 0.000000
vt -1.652632 -0.191572 0.000000
vt -1.652632 -0.153257 0.000000
vt -1.652632 -0.114943 0.000000
vt -1.652632 -0.076629 0.000000
vt -1.652632 -0.038314 0.000000
vt -1.652632 0.000000 0.000000
vt -1.652632 0.038314 0.000000
vt -1.652632 0.076629 0.000000
vt -1.652632 0.114943 0.000000
vt -1.652632 0.153257 0.000000
vt -1.652632 0.191572 0.000000
vt -1.652632 0.229886 0.000000
vt -1.652632 0.268200 0.000000
vt -1.652632 0.306515 0.000000
vt -1.652632 0.344829 0.000000
vt -1.652632 0.383143 0.000000
vt -1.652632 0.421458 0.000000
vt -1.652632 0.459772 0.000000
vt -0.141363 -0.037878 0.000000
vt 0.141363 -0.037878 0.000000
vt -0.146350 0.000000 0.000000
vt 0.146350 0.000000 0.000000
vt -0.141363 0.037878 0.000000
vt 0.141363 0.037878 0.000000
vt -0.126743 0.073175 0.000000
vt 0.126743 0.073175 0.000000
vt -0.103485 0.103485 0.000000
vt 0.103485 0.103485 0.000000
vt -0.073175 0.126743 0.000000
vt 0.073175 0.126743 0.000000
vt -0.037878 0.141363 0.000000
vt 0.037878 0.141363 0.000000
vt 0.000000 0.146350 0.000000
vt 0.126743 -0.073175 0.000000
vt -0.126743 -0.073175 0.000000
vt 0.103485 -0.103485 0.000000
vt -0.103485 -0.103485 0.000000
vt 0.073175 -0.126743 0.000000
vt -0.073175 -0.126743 0.000000
vt 0.037878 -0.141363 0.000000
vt -0.037878 -0.141363 0.000000
vt 0.000000 -0.146350 0.000000
vt 0.141363 0.037878 0.000000
vt -0.141363 0.037878 0.000000
vt 0.146350 0.000000 0.000000
vt -0.146350 0.000000 0.000000
vt 0.141363 -0.037878 0.000000
vt -0.141363 -0.037878 0.000000
vt 0.126743 -0.073175 0.000000
vt -0.126743 -0.073175 0.000000
vt 0.103485 -0.103485 0.000000
vt -0.103485 -0.103485 0.000000
vt 0.073175 -0.126743 0.000000
vt -0.073175 -0.126743 0.000000
vt 0.037878 -0.141363 0.000000
vt -0.037878 -0.141363 0.000000
vt -0.000000 -0.146350 0.000000
vt -0.126743 0.073175 0.000000
vt 0.126743 0.073175 0.000000
vt -0.103485 0.103485 0.000000
vt 0.103485 0.103485 0.000000
vt -0.073175 0.126743 0.000000
vt 0.073175 0.126743 0.000000
vt -0.037878 0.141363 0.000000
vt 0.037878 0.141363 0.000000
vt -0.000000 0.146350 0.000000
vn -0.096593 0.025882 -0.000000
vn -0.096593 0.025882 -0.000000
vn -0.100000 -0.000000 0.000000
vn -0.100000 -0.000000 0.000000
vn -0.096593 -0.025882 0.000000
vn -0.096593 -0.025882 0.000000
vn -0.086603 -0.050000 0.000000
vn -0.086603 -0.050000 0.000000
vn -0.070711 -0.070711 0.000000
vn -0.070711 -0.070711 0.000000
vn -0.050000 -0.086603 0.000000
vn -0.050000 -0.086603 0.000000
vn -0.025882 -0.096593 0.000000
vn -0.025882 -0.096593 0.000000
vn 0.000000 -0.100000 0.000000
vn 0.000000 -0.100000 0.000000
vn 0.025882 -0.096593 0.000000
vn 0.025882 -0.096593 0.000000
vn 0.050000 -0.086603 0.000000
vn 0.050000 -0.086603 0.000000
vn 0.070711 -0.070711 0.000000
vn 0.070711 -0.070711 0.000000
vn 0.086603 -0.050000 0.000000
vn 0.086603 -0.050000 0.000000
vn 0.096593 -0.025882 0.000000
vn 0.096593 -0.025882 0.000000
vn 0.100000 0.000000 -0.000000
vn 0.100000 0.000000 -0.000000
vn 0.096593 0.025882 -0.000000
vn 0.096593 0.025882 -0.000000
vn 0.086603 0.050000 -0.000000
vn 0.086603 0.050000 -0.000000
vn 0.070711 0.070711 -0.000000
vn 0.070711 0.070711 -0.000000
vn 0.050000 0.086603 -0.000000
vn 0.050000 0.086603 -0.000000
vn 0.025882 0.096593 -0.000000
vn 0.025882 0.096593 -0.000000
vn 0.000000 0.100000 -0.000000
vn 0.000000 0.100000 -0.000000
vn -0.025882 0.096593 -0.000000
vn -0.025882 0.096593 -0.000000
vn -0.050000 0.086603 -0.000000
vn -0.050000 0.086603 -0.000000
vn -0.070711 0.070711 -0.000000
vn -0.070711 0.070711 -0.000000
vn -0.086603 0.050000 -0.000000
vn -0.086603 0.050000 -0.000000
vn -0.096593 -0.025882 0.000000
vn -0.096593 -0.025882 0.000000
vn -0.100000 -0.000000 0.000000
vn -0.100000 -0.000000 0.000000
vn -0.096593 0.025882 -0.000000
vn -0.096593 0.025882 -0.000000
vn -0.086603 0.050000 -0.000000
vn -0.086603 0.050000 -0.000000
vn -0.070711 0.070711 -0.000000
vn -0.070711 0.070711 -0.000000
vn -0.050000 0.086603 -0.000000
vn -0.050000 0.086603 -0.000000
vn -0.025882 0.096593 -0.000000
vn -0.025882 0.096593 -0.000000
vn 0.000000 0.100000 -0.000000
vn 0.000000 0.100000 -0.000000
vn 0.025882 0.096593 -0.000000
vn 0.025882 0.096593 -0.000000
vn 0.050000 0.086603 -0.000000
vn 0.050000 0.086603 -0.000000
vn 0.070711 0.070711 -0.000000
vn 0.070711 0.070711 -0.000000
vn 0.086603 0.050000 -0.000000
vn 0.086603 0.050000 -0.000000
vn 0.096593 0.025882 -0.000000
vn 0.096593 0.025882 -0.000000
vn 0.100000 0.000000 -0.000000
vn 0.100000 0.000000 -0.000000
vn 0.096593 -0.025882 0.000000
vn 0.096593 -0.025882 0.000000
vn 0.086603 -0.050000 0.000000
vn 0.086603 -0.050000 0.000000
vn 0.070711 -0.070711 0.000000
vn 0.070711 -0.070711 0.000000
vn 0.050000 -0.086603 0.000000
vn 0.050000 -0.086603 0.000000
vn 0.025882 -0.096593 0.000000
vn 0.025882 -0.096593 0.000000
vn 0.000000 -0.100000 0.000000
vn 0.000000 -0.100000 0.000000
vn -0.025882 -0.096593 0.000000
vn -0.025882 -0.096593 0.000000
vn -0.050000 -0.086603 0.000000
vn -0.050000 -0.086603 0.000000
vn -0.070711 -0.070711 0.000000
vn -0.070711 -0.070711 0.000000
vn -0.086603 -0.050000 0.000000
vn -0.086603 -0.050000 0.000000
vn -0.100000 -0.000000 0.000000
vn -0.096593 -0.025882 0.000000
vn -0.086603 -0.050000 0.000000
vn -0.070711 -0.070711 0.000000
vn -0.050000 -0.086603 0.000000
vn -0.025882 -0.096593 0.000000
vn 0.000000 -0.100000 0.000000
vn 0.025882 -0.096593 0.000000
vn 0.050000 -0.086603 0.000000
vn 0.070711 -0.070711 0.000000
vn 0.086603 -0.050000 0.000000
vn 0.096593 -0.025882 0.000000
vn 0.100000 0.000000 -0.000000
vn 0.096593 0.025882 -0.000000
vn 0.086603 0.050000 -0.000000
vn 0.070711 0.070711 -0.000000
vn 0.050000 0.086603 -0.000000
vn 0.025882 0.096593 -0.000000
vn 0.000000 0.100000 -0.000000
vn -0.025882 0.096593 -0.000000
vn -0.050000 0.086603 -0.000000
vn -0.070711 0.070711 -0.000000
vn -0.086603 0.050000 -0.000000
vn -0.096593 0.025882 -0.000000
vn -0.100000 -0.000000 0.000000
vn -0.096593 -0.025882 0.000000
vn -0.086603 -0.050000 0.000000
vn -0.070711 -0.070711 0.000000
vn -0.050000 -0.086603 0.000000
vn -0.025882 -0.096593 0.000000
vn 0.000000 -0.100000 0.000000
vn 0.025882 -0.096593 0.000000
vn 0.050000 -0.086603 0.000000
vn 0.070711 -0.070711 0.000000
vn 0.086603 -0.050000 0.000000
vn 0.096593 -0.025882 0.000000
vn 0.100000 0.000000 -0.000000
vn 0.096593 0.025882 -0.000000
vn 0.086603 0.050000 -0.000000
vn 0.070711 0.070711 -0.000000
vn 0.050000 0.086603 -0.000000
vn 0.025882 0.096593 -0.000000
vn 0.000000 0.100000 -0.000000
vn -0.025882 0.096593 -0.000000
vn -0.050000 0.086603 -0.000000
vn -0.070711 0.070711 -0.000000
vn -0.086603 0.050000 -0.000000
vn -0.096593 0.025882 -0.000000
vn -0.100000 -0.000000 0.000000
vn -0.096593 -0.025882 0.000000
vn -0.086603 -0.050000 0.000000
vn -0.070711 -0.070711 0.000000
vn -0.050000 -0.086603 0.000000
vn -0.025882 -0.096593 0.000000
vn 0.000000 -0.100000 0.000000
vn 0.025882 -0.096593 0.000000
vn 0.050000 -0.086603 0.000000
vn 0.070711 -0.070711 0.000000
vn 0.086603 -0.050000 0.000000
vn 0.096593 -0.025882 0.000000
vn 0.100000 0.000000 -0.000000
vn 0.096593 0.025882 -0.000000
vn 0.086603 0.050000 -0.000000
vn 0.070711 0.070711 -0.000000
vn 0.050000 0.086603 -0.000000
vn 0.025882 0.096593 -0.000000
vn 0.000000 0.100000 -0.000000
vn -0.025882 0.096593 -0.000000
vn -0.050000 0.086603 -0.000000
vn -0.070711 0.070711 -0.000000
vn -0.086603 0.050000 -0.000000
vn -0.096593 0.025882 -0.000000
vn -0.100000 -0.000000 0.000000
vn -0.096593 -0.025882 0.000000
vn -0.086603 -0.050000 0.000000
vn -0.070711 -0.070711 0.000000
vn -0.050000 -0.086603 0.000000
vn -0.025882 -0.096593 0.000000
vn 0.000000 -0.100000 0.000000
vn 0.025882 -0.096593 0.000000
vn 0.050000 -0.086603 0.000000
vn 0.070711 -0.070711 0.000000
vn 0.086603 -0.050000 0.000000
vn 0.096593 -0.025882 0.000000
vn 0.100000 0.000000 -0.000000
vn 0.096593 0.025882 -0.000000
vn 0.086603 0.050000 -0.000000
vn 0.070711 0.070711 -0.000000
vn 0.050000 0.086603 -0.000000
vn 0.025882 0.096593 -0.000000
vn 0.000000 0.100000 -0.000000
vn -0.025882 0.096593 -0.000000
vn -0.050000 0.086603 -0.000000
vn -0.070711 0.070711 -0.000000
vn -0.086603 0.050000 -0.000000
vn -0.096593 0.025882 -0.000000
vn -0.100000 -0.000000 0.000000
vn -0.096593 -0.025882 0.000000
vn -0.086603 -0.050000 0.000000
vn -0.070711 -0.070711 0.000000
vn -0.050000 -0.086603 0.000000
vn -0.025882 -0.096593 0.000000
vn 0.000000 -0.100000 0.000000
vn 0.025882 -0.096593 0.000000
vn 0.050000 -0.086603 0.000000
vn 0.070711 -0.070711 0.000000
vn 0.086603 -0.050000 0.000000
vn 0.096593 -0.025882 0.000000
vn 0.100000 0.000000 -0.000000
vn 0.096593 0.025882 -0.000000
vn 0.086603 0.050000 -0.000000
vn 0.070711 0.070711 -0.000000
vn 0.050000 0.086603 -0.000000
vn 0.025882 0.096593 -0.000000
vn 0.000000 0.100000 -0.000000
vn -0.025882 0.096593 -0.000000
vn -0.050000 0.086603 -0.000000
vn -0.070711 0.070711 -0.000000
vn -0.086603 0.050000 -0.000000
vn -0.096593 0.025882 -0.000000
vn -0.100000 -0.000000 0.000000
vn -0.096593 -0.025882 0.000000
vn -0.086603 -0.050000 0.000000
vn -0.070711 -0.070711 0.000000
vn -0.050000 -0.086603 0.000000
vn -0.025882 -0.096593 0.000000
vn 0.000000 -0.100000 0.000000
vn 0.025882 -0.096593 0.000000
vn 0.050000 -0.086603 0.000000
vn 0.070711 -0.070711 0.000000
vn 0.086603 -0.050000 0.000000
vn 0.096593 -0.025882 0.000000
vn 0.100000 0.000000 -0.000000
vn 0.096593 0.025882 -0.000000
vn 0.086603 0.050000 -0.000000
vn 0.070711 0.070711 -0.000000
vn 0.050000 0.086603 -0.000000
vn 0.025882 0.096593 -0.000000
vn 0.000000 0.100000 -0.000000
vn -0.025882 0.096593 -0.000000
vn -0.050000 0.086603 -0.000000
vn -0.070711 0.070711 -0.000000
vn -0.086603 0.050000 -0.000000
vn -0.096593 0.025882 -0.000000
vn -0.100000 -0.000000 0.000000
vn -0.096593 -0.025882 0.000000
vn -0.086603 -0.050000 0.000000
vn -0.070711 -0.070711 0.000000
vn -0.050000 -0.086603 0.000000
vn -0.025882 -0.096593 0.000000
vn 0.000000 -0.100000 0.000000
vn 0.025882 -0.096593 0.000000
vn 0.050000 -0.086603 0.000000
vn 0.070711 -0.070711 0.000000
vn 0.086603 -0.050000 0.000000
vn 0.096593 -0.025882 0.000000
vn 0.100000 0.000000 -0.000000
vn 0.096593 0.025882 -0.000000
vn 0.086603 0.050000 -0.000000
vn 0.070711 0.070711 -0.000000
vn 0.050000 0.086603 -0.000000
vn 0.025882 0.096593 -0.000000
vn 0.000000 0.100000 -0.000000
vn -0.025882 0.096593 -0.000000
vn -0.050000 0.086603 -0.000000
vn -0.070711 0.070711 -0.000000
vn -0.086603 0.050000 -0.000000
vn -0.096593 0.025882 -0.000000
vn -0.100000 -0.000000 0.000000
vn -0.096593 -0.025882 0.000000
vn -0.086603 -0.050000 0.000000
vn -0.070711 -0.070711 0.000000
vn -0.050000 -0.086603 0.000000
vn -0.025882 -0.096593 0.000000
vn 0.000000 -0.100000 0.000000
vn 0.025882 -0.096593 0.000000
vn 0.050000 -0.086603 0.000000
vn 0.070711 -0.070711 0.000000
vn 0.086603 -0.050000 0.000000
vn 0.096593 -0.025882 0.000000
vn 0.100000 0.000000 -0.000000
vn 0.096593 0.025882 -0.000000
vn 0.086603 0.050000 -0.000000
vn 0.070711 0.070711 -0.000000
vn 0.050000 0.086603 -0.000000
vn 0.025882 0.096593 -0.000000
vn 0.000000 0.100000 -0.000000
vn -0.025882 0.096593 -0.000000
vn -0.050000 0.086603 -0.000000
vn -0.070711 0.070711 -0.000000
vn -0.086603 0.050000 -0.000000
vn -0.096593 0.025882 -0.000000
vn -0.100000 -0.000000 0.000000
vn -0.096593 -0.025882 0.000000
vn -0.086603 -0.050000 0.000000
vn -0.070711 -0.070711 0.000000
vn -0.050000 -0.086603 0.000000
vn -0.025882 -0.096593 0.000000
vn 0.000000 -0.100000 0.000000
vn 0.025882 -0.096593 0.000000
vn 0.050000 -0.086603 0.000000
vn 0.070711 -0.070711 0.000000
vn 0.086603 -0.050000 0.000000
vn 0.096593 -0.025882 0.000000
vn 0.100000 0.000000 -0.000000
vn 0.096593 0.025882 -0.000000
vn 0.086603 0.050000 -0.000000
vn 0.070711 0.070711 -0.000000
vn 0.050000 0.086603 -0.000000
vn 0.025882 0.096593 -0.000000
vn 0.000000 0.100000 -0.000000
vn -0.025882 0.096593 -0.000000
vn -0.050000 0.086603 -0.000000
vn -0.070711 0.070711 -0.000000
vn -0.086603 0.050000 -0.000000
vn -0.096593 0.025882 -0.000000
vn -0.100000 -0.000000 0.000000
vn -0.096593 -0.025882 0.000000
vn -0.086603 -0.050000 0.000000
vn -0.070711 -0.070711 0.000000
vn -0.050000 -0.086603 0.000000
vn -0.025882 -0.096593 0.000000
vn 0.000000 -0.100000 0.000000
vn 0.025882 -0.096593 0.000000
vn 0.050000 -0.086603 0.000000
vn 0.070711 -0.070711 0.000000
vn 0.086603 -0.050000 0.000000
vn 0.096593 -0.025882 0.000000
vn 0.100000 0.000000 -0.000000
vn 0.096593 0.025882 -0.000000
vn 0.086603 0.050000 -0.000000
vn 0.070711 0.070711 -0.000000
vn 0.050000 0.086603 -0.000000
vn 0.025882 0.096593 -0.000000
vn 0.000000 0.100000 -0.000000
vn -0.025882 0.096593 -0.000000
vn -0.050000 0.086603 -0.000000
vn -0.070711 0.070711 -0.000000
vn -0.086603 0.050000 -0.000000
vn -0.096593 0.025882 -0.000000
vn -0.100000 -0.000000 0.000000
vn -0.096593 -0.025882 0.000000
vn -0.086603 -0.050000 0.000000
vn -0.070711 -0.070711 0.000000
vn -0.050000 -0.086603 0.000000
vn -0.025882 -0.096593 0.000000
vn 0.000000 -0.100000 0.000000
vn 0.025882 -0.096593 0.000000
vn 0.050000 -0.086603 0.000000
vn 0.070711 -0.070711 0.000000
vn 0.086603 -0.050000 0.000000
vn 0.096593 -0.025882 0.000000
vn 0.100000 0.000000 -0.000000
vn 0.096593 0.025882 -0.000000
vn 0.086603 0.050000 -0.000000
vn 0.070711 0.070711 -0.000000
vn 0.050000 0.086603 -0.000000
vn 0.025882 0.096593 -0.000000
vn 0.000000 0.100000 -0.000000
vn -0.025882 0.096593 -0.000000
vn -0.050000 0.086603 -0.000000
vn -0.070711 0.070711 -0.000000
vn -0.086603 0.050000 -0.000000
vn -0.096593 0.025882 -0.000000
vn -0.100000 -0.000000 0.000000
vn -0.096593 -0.025882 0.000000
vn -0.086603 -0.050000 0.000000
vn -0.070711 -0.070711 0.000000
vn -0.050000 -0.086603 0.000000
vn -0.025882 -0.096593 0.000000
vn 0.000000 -0.100000 0.000000
vn 0.025882 -0.096593 0.000000
vn 0.050000 -0.086603 0.000000
vn 0.070711 -0.070711 0.000000
vn 0.086603 -0.050000 0.000000
vn 0.096593 -0.025882 0.000000
vn 0.100000 0.000000 -0.000000
vn 0.096593 0.025882 -0.000000
vn 0.086603 0.050000 -0.000000
vn 0.070711 0.070711 -0.000000
vn 0.050000 0.086603 -0.000000
vn 0.025882 0.096593 -0.000000
vn 0.000000 0.100000 -0.000000
vn -0.025882 0.096593 -0.000000
vn -0.050000 0.086603 -0.000000
vn -0.070711 0.070711 -0.000000
vn -0.086603 0.050000 -0.000000
vn -0.096593 0.025882 -0.000000
vn -0.100000 -0.000000 0.000000
vn -0.096593 -0.025882 0.000000
vn -0.086603 -0.050000 0.000000
vn -0.070711 -0.070711 0.000000
vn -0.050000 -0.086603 0.000000
vn -0.025882 -0.096593 0.000000
vn 0.000000 -0.100000 0.000000
vn 0.025882 -0.096593 0.000000
vn 0.050000 -0.086603 0.000000
vn 0.070711 -0.070711 0.000000
vn 0.086603 -0.050000 0.000000
vn 0.096593 -0.025882 0.000000
vn 0.100000 0.000000 -0.000000
vn 0.096593 0.025882 -0.000000
vn 0.086603 0.050000 -0.000000
vn 0.070711 0.070711 -0.000000
vn 0.050000 0.086603 -0.000000
vn 0.025882 0.096593 -0.000000
vn 0.000000 0.100000 -0.000000
vn -0.025882 0.096593 -0.000000
vn -0.050000 0.086603 -0.000000
vn -0.070711 0.070711 -0.000000
vn -0.086603 0.050000 -0.000000
vn -0.096593 0.025882 -0.000000
vn -0.100000 -0.000000 0.000000
vn -0.096593 -0.025882 0.000000
vn -0.086603 -0.050000 0.000000
vn -0.070711 -0.070711 0.000000
vn -0.050000 -0.086603 0.000000
vn -0.025882 -0.096593 0.000000
vn 0.000000 -0.100000 0.000000
vn 0.025882 -0.096593 0.000000
vn 0.050000 -0.086603 0.000000
vn 0.070711 -0.070711 0.000000
vn 0.086603 -0.050000 0.000000
vn 0.096593 -0.025882 0.000000
vn 0.100000 0.000000 -0.000000
vn 0.096593 0.025882 -0.000000
vn 0.086603 0.050000 -0.000000
vn 0.070711 0.070711 -0.000000
vn 0.050000 0.086603 -0.000000
vn 0.025882 0.096593 -0.000000
vn 0.000000 0.100000 -0.000000
vn -0.025882 0.096593 -0.000000
vn -0.050000 0.086603 -0.000000
vn -0.070711 0.070711 -0.000000
vn -0.086603 0.050000 -0.000000
vn -0.096593 0.025882 -0.000000
vn -0.100000 -0.000000 0.000000
vn -0.096593 -0.025882 0.000000
vn -0.086603 -0.050000 0.000000
vn -0.070711 -0.070711 0.000000
vn -0.050000 -0.086603 0.000000
vn -0.025882 -0.096593 0.000000
vn 0.000000 -0.100000 0.000000
vn 0.025882 -0.096593 0.000000
vn 0.050000 -0.086603 0.000000
vn 0.070711 -0.070711 0.000000
vn 0.086603 -0.050000 0.000000
vn 0.096593 -0.025882 0.000000
vn 0.100000 0.000000 -0.000000
vn 0.096593 0.025882 -0.000000
vn 0.086603 0.050000 -0.000000
vn 0.070711 0.070711 -0.000000
vn 0.050000 0.086603 -0.000000
vn 0.025882 0.096593 -0.000000
vn 0.000000 0.100000 -0.000000
vn -0.025882 0.096593 -0.000000
vn -0.050000 0.086603 -0.000000
vn -0.070711 0.070711 -0.000000
vn -0.086603 0.050000 -0.000000
vn -0.096593 0.025882 -0.000000
vn -0.100000 -0.000000 0.000000
vn -0.096593 -0.025882 0.000000
vn -0.086603 -0.050000 0.000000
vn -0.070711 -0.070711 0.000000
vn -0.050000 -0.086603 0.000000
vn -0.025882 -0.096593 0.000000
vn 0.000000 -0.100000 0.000000
vn 0.025882 -0.096593 0.000000
vn 0.050000 -0.086603 0.000000
vn 0.070711 -0.070711 0.000000
vn 0.086603 -0.050000 0.000000
vn 0.096593 -0.025882 0.000000
vn 0.100000 0.000000 -0.000000
vn 0.096593 0.025882 -0.000000
vn 0.086603 0.050000 -0.000000
vn 0.070711 0.070711 -0.000000
vn 0.050000 0.086603 -0.000000
vn 0.025882 0.096593 -0.000000
vn 0.000000 0.100000 -0.000000
vn -0.025882 0.096593 -0.000000
vn -0.050000 0.086603 -0.000000
vn -0.070711 0.070711 -0.000000
vn -0.086603 0.050000 -0.000000
vn -0.096593 0.025882 -0.000000
vn -0.000000 0.000000 0.100000
vn -0.000000 0.000000 0.100000
vn -0.000000 0.000000 0.100000
vn -0.000000 0.000000 0.100000
vn -0.000000 0.000000 0.100000
vn -0.000000 0.000000 0.100000
vn -0.000000 0.000000 0.100000
vn -0.000000 0.000000 0.100000
vn -0.000000 0.000000 0.100000
vn -0.000000 0.000000 0.100000
vn -0.000000 0.000000 0.100000
vn -0.000000 0.000000 0.100000
vn -0.000000 0.000000 0.100000
vn -0.000000 0.000000 0.100000
vn -0.000000 0.000000 0.100000
vn -0.000000 0.000000 0.100000
vn -0.000000 0.000000 0.100000
vn -0.000000 0.000000 0.100000
vn -0.000000 0.000000 0.100000
vn -0.000000 0.000000 0.100000
vn -0.000000 0.000000 0.100000
vn -0.000000 0.000000 0.100000
vn -0.000000 0.000000 0.100000
vn -0.000000 0.000000 0.100000
vn 0.000000 -0.000000 -0.100000
vn 0.000000 -0.000000 -0.100000
vn 0.000000 -0.000000 -0.100000
vn 0.000000 -0.000000 -0.100000
vn 0.000000 -0.000000 -0.100000
vn 0.000000 -0.000000 -0.100000
vn 0.000000 -0.000000 -0.100000
vn 0.000000 -0.000000 -0.100000
vn 0.000000 -0.000000 -0.100000
vn 0.000000 -0.000000 -0.100000
vn 0.000000 -0.000000 -0.100000
vn 0.000000 -0.000000 -0.100000
vn 0.000000 -0.000000 -0.100000
vn 0.000000 -0.000000 -0.100000
vn 0.000000 -0.000000 -0.100000
vn 0.000000 -0.000000 -0.100000
vn 0.000000 -0.000000 -0.100000
vn 0.000000 -0.000000 -0.100000
vn 0.000000 -0.000000 -0.100000
vn 0.000000 -0.000000 -0.100000
vn 0.000000 -0.000000 -0.100000
vn 0.000000 -0.000000 -0.100000
vn 0.000000 -0.000000 -0.100000
vn 0.000000 -0.000000 -0.100000
usemtl Stainless_Steel_-_Satin
f 460/735/682 525/736/683 459/737/684
f 459/737/684 525/736/683 507/738/685
f 459/739/684 507/740/685 482/741/686
f 482/741/686 507/740/685 921/742/687
f 482/741/686 921/742/687 481/743/688
f 481/743/688 921/742/687 903/744/689
f 481/743/688 903/744/689 480/745/690
f 480/745/690 903/744/689 885/746/691
f 480/745/690 885/746/691 479/747/692
f 479/747/692 885/746/691 867/748/693
f 479/747/692 867/748/693 478/749/694
f 478/749/694 867/748/693 849/750/695
f 478/749/694 849/750/695 477/751/696
f 477/751/696 849/750/695 831/752/697
f 477/751/696 831/752/697 476/753/698
f 476/753/698 831/752/697 813/754/699
f 476/753/698 813/754/699 475/755/700
f 475/755/700 813/754/699 795/756/701
f 475/755/700 795/756/701 474/757/702
f 474/757/702 795/756/701 777/758/703
f 474/757/702 777/758/703 473/759/704
f 473/759/704 777/758/703 759/760/705
f 473/759/704 759/760/705 472/761/706
f 472/761/706 759/760/705 741/762/707
f 472/761/706 741/762/707 471/763/708
f 471/763/708 741/762/707 723/764/709
f 471/763/708 723/764/709 470/765/710
f 470/765/710 723/764/709 705/766/711
f 470/765/710 705/766/711 469/767/712
f 469/767/712 705/766/711 687/768/713
f 469/767/712 687/768/713 468/769/714
f 468/769/714 687/768/713 669/770/715
f 468/769/714 669/770/715 467/771/716
f 467/771/716 669/770/715 651/772/717
f 467/771/716 651/772/717 466/773/718
f 466/773/718 651/772/717 633/774/719
f 466/773/718 633/774/719 465/775/720
f 465/775/720 633/774/719 615/776/721
f 465/775/720 615/776/721 464/777/722
f 464/777/722 615/776/721 597/778/723
f 464/777/722 597/778/723 463/779/724
f 463/779/724 597/778/723 579/780/725
f 463/779/724 579/780/725 462/781/726
f 462/781/726 579/780/725 561/782/727
f 462/781/726 561/782/727 461/783/728
f 461/783/728 561/782/727 543/784/729
f 461/783/728 543/784/729 460/735/682
f 460/735/682 543/784/729 525/736/683
f 484/785/730 938/786/731 483/787/732
f 483/787/732 938/786/731 524/788/733
f 483/789/732 524/790/733 506/791/734
f 506/791/734 524/790/733 542/792/735
f 506/791/734 542/792/735 505/793/736
f 505/793/736 542/792/735 560/794/737
f 505/793/736 560/794/737 504/795/738
f 504/795/738 560/794/737 578/796/739
f 504/795/738 578/796/739 503/797/740
f 503/797/740 578/796/739 596/798/741
f 503/797/740 596/798/741 502/799/742
f 502/799/742 596/798/741 614/800/743
f 502/799/742 614/800/743 501/801/744
f 501/801/744 614/800/743 632/802/745
f 501/801/744 632/802/745 500/803/746
f 500/803/746 632/802/745 650/804/747
f 500/803/746 650/804/747 499/805/748
f 499/805/748 650/804/747 668/806/749
f 499/805/748 668/806/749 498/807/750
f 498/807/750 668/806/749 686/808/751
f 498/807/750 686/808/751 497/809/752
f 497/809/752 686/808/751 704/810/753
f 497/809/752 704/810/753 496/811/754
f 496/811/754 704/810/753 722/812/755
f 496/811/754 722/812/755 495/813/756
f 495/813/756 722/812/755 740/814/757
f 495/813/756 740/814/757 494/815/758
f 494/815/758 740/814/757 758/816/759
f 494/815/758 758/816/759 493/817/760
f 493/817/760 758/816/759 776/818/761
f 493/817/760 776/818/761 492/819/762
f 492/819/762 776/818/761 794/820/763
f 492/819/762 794/820/763 491/821/764
f 491/821/764 794/820/763 812/822/765
f 491/821/764 812/822/765 490/823/766
f 490/823/766 812/822/765 830/824/767
f 490/823/766 830/824/767 489/825/768
f 489/825/768 830/824/767 848/826/769
f 489/825/768 848/826/769 488/827/770
f 488/827/770 848/826/769 866/828/771
f 488/827/770 866/828/771 487/829/772
f 487/829/772 866/828/771 884/830/773
f 487/829/772 884/830/773 486/831/774
f 486/831/774 884/830/773 902/832/775
f 486/831/774 902/832/775 485/833/776
f 485/833/776 902/832/775 920/834/777
f 485/833/776 920/834/777 484/785/730
f 484/785/730 920/834/777 938/786/731
f 507/740/685 508/835/778 921/742/687
f 921/742/687 508/835/778 922/836/779
f 921/742/687 922/836/779 903/744/689
f 903/744/689 922/836/779 904/837/780
f 903/744/689 904/837/780 885/746/691
f 885/746/691 904/837/780 886/838/781
f 885/746/691 886/838/781 867/748/693
f 867/748/693 886/838/781 868/839/782
f 867/748/693 868/839/782 849/750/695
f 849/750/695 868/839/782 850/840/783
f 849/750/695 850/840/783 831/752/697
f 831/752/697 850/840/783 832/841/784
f 831/752/697 832/841/784 813/754/699
f 813/754/699 832/841/784 814/842/785
f 813/754/699 814/842/785 795/756/701
f 795/756/701 814/842/785 796/843/786
f 795/756/701 796/843/786 777/758/703
f 777/758/703 796/843/786 778/844/787
f 777/758/703 778/844/787 759/760/705
f 759/760/705 778/844/787 760/845/788
f 759/760/705 760/845/788 741/762/707
f 741/762/707 760/845/788 742/846/789
f 741/762/707 742/846/789 723/764/709
f 723/764/709 742/846/789 724/847/790
f 723/764/709 724/847/790 705/766/711
f 705/766/711 724/847/790 706/848/791
f 705/766/711 706/848/791 687/768/713
f 687/768/713 706/848/791 688/849/792
f 687/768/713 688/849/792 669/770/715
f 669/770/715 688/849/792 670/850/793
f 669/770/715 670/850/793 651/772/717
f 651/772/717 670/850/793 652/851/794
f 651/772/717 652/851/794 633/774/719
f 633/774/719 652/851/794 634/852/795
f 633/774/719 634/852/795 615/776/721
f 615/776/721 634/852/795 616/853/796
f 615/776/721 616/853/796 597/778/723
f 597/778/723 616/853/796 598/854/797
f 597/778/723 598/854/797 579/780/725
f 579/780/725 598/854/797 580/855/798
f 579/780/725 580/855/798 561/782/727
f 561/782/727 580/855/798 562/856/799
f 561/782/727 562/856/799 543/784/729
f 543/784/729 562/856/799 544/857/800
f 543/784/729 544/857/800 525/736/683
f 525/736/683 544/857/800 526/858/801
f 525/736/683 526/858/801 507/738/685
f 507/738/685 526/858/801 508/859/778
f 508/835/778 509/860/802 922/836/779
f 922/836/779 509/860/802 923/861/803
f 922/836/779 923/861/803 904/837/780
f 904/837/780 923/861/803 905/862/804
f 904/837/780 905/862/804 886/838/781
f 886/838/781 905/862/804 887/863/805
f 886/838/781 887/863/805 868/839/782
f 868/839/782 887/863/805 869/864/806
f 868/839/782 869/864/806 850/840/783
f 850/840/783 869/864/806 851/865/807
f 850/840/783 851/865/807 832/841/784
f 832/841/784 851/865/807 833/866/808
f 832/841/784 833/866/808 814/842/785
f 814/842/785 833/866/808 815/867/809
f 814/842/785 815/867/809 796/843/786
f 796/843/786 815/867/809 797/868/810
f 796/843/786 797/868/810 778/844/787
f 778/844/787 797/868/810 779/869/811
f 778/844/787 779/869/811 760/845/788
f 760/845/788 779/869/811 761/870/812
f 760/845/788 761/870/812 742/846/789
f 742/846/789 761/870/812 743/871/813
f 742/846/789 743/871/813 724/847/790
f 724/847/790 743/871/813 725/872/814
f 724/847/790 725/872/814 706/848/791
f 706/848/791 725/872/814 707/873/815
f 706/848/791 707/873/815 688/849/792
f 688/849/792 707/873/815 689/874/816
f 688/849/792 689/874/816 670/850/793
f 670/850/793 689/874/816 671/875/817
f 670/850/793 671/875/817 652/851/794
f 652/851/794 671/875/817 653/876/818
f 652/851/794 653/876/818 634/852/795
f 634/852/795 653/876/818 635/877/819
f 634/852/795 635/877/819 616/853/796
f 616/853/796 635/877/819 617/878/820
f 616/853/796 617/878/820 598/854/797
f 598/854/797 617/878/820 599/879/821
f 598/854/797 599/879/821 580/855/798
f 580/855/798 599/879/821 581/880/822
f 580/855/798 581/880/822 562/856/799
f 562/856/799 581/880/822 563/881/823
f 562/856/799 563/881/823 544/857/800
f 544/857/800 563/881/823 545/882/824
f 544/857/800 545/882/824 526/858/801
f 526/858/801 545/882/824 527/883/825
f 526/858/801 527/883/825 508/859/778
f 508/859/778 527/883/825 509/884/802
f 509/860/802 510/885/826 923/861/803
f 923/861/803 510/885/826 924/886/827
f 923/861/803 924/886/827 905/862/804
f 905/862/804 924/886/827 906/887/828
f 905/862/804 906/887/828 887/863/805
f 887/863/805 906/887/828 888/888/829
f 887/863/805 888/888/829 869/864/806
f 869/864/806 888/888/829 870/889/830
f 869/864/806 870/889/830 851/865/807
f 851/865/807 870/889/830 852/890/831
f 851/865/807 852/890/831 833/866/808
f 833/866/808 852/890/831 834/891/832
f 833/866/808 834/891/832 815/867/809
f 815/867/809 834/891/832 816/892/833
f 815/867/809 816/892/833 797/868/810
f 797/868/810 816/892/833 798/893/834
f 797/868/810 798/893/834 779/869/811
f 779/869/811 798/893/834 780/894/835
f 779/869/811 780/894/835 761/870/812
f 761/870/812 780/894/835 762/895/836
f 761/870/812 762/895/836 743/871/813
f 743/871/813 762/895/836 744/896/837
f 743/871/813 744/896/837 725/872/814
f 725/872/814 744/896/837 726/897/838
f 725/872/814 726/897/838 707/873/815
f 707/873/815 726/897/838 708/898/839
f 707/873/815 708/898/839 689/874/816
f 689/874/816 708/898/839 690/899/840
f 689/874/816 690/899/840 671/875/817
f 671/875/817 690/899/840 672/900/841
f 671/875/817 672/900/841 653/876/818
f 653/876/818 672/900/841 654/901/842
f 653/876/818 654/901/842 635/877/819
f 635/877/819 654/901/842 636/902/843
f 635/877/819 636/902/843 617/878/820
f 617/878/820 636/902/843 618/903/844
f 617/878/820 618/903/844 599/879/821
f 599/879/821 618/903/844 600/904/845
f 599/879/821 600/904/845 581/880/822
f 581/880/822 600/904/845 582/905/846
f 581/880/822 582/905/846 563/881/823
f 563/881/823 582/905/846 564/906/847
f 563/881/823 564/906/847 545/882/824
f 545/882/824 564/906/847 546/907/848
f 545/882/824 546/907/848 527/883/825
f 527/883/825 546/907/848 528/908/849
f 527/883/825 528/908/849 509/884/802
f 509/884/802 528/908/849 510/909/826
f 510/885/826 511/910/850 924/886/827
f 924/886/827 511/910/850 925/911/851
f 924/886/827 925/911/851 906/887/828
f 906/887/828 925/911/851 907/912/852
f 906/887/828 907/912/852 888/888/829
f 888/888/829 907/912/852 889/913/853
f 888/888/829 889/913/853 870/889/830
f 870/889/830 889/913/853 871/914/854
f 870/889/830 871/914/854 852/890/831
f 852/890/831 871/914/854 853/915/855
f 852/890/831 853/915/855 834/891/832
f 834/891/832 853/915/855 835/916/856
f 834/891/832 835/916/856 816/892/833
f 816/892/833 835/916/856 817/917/857
f 816/892/833 817/917/857 798/893/834
f 798/893/834 817/917/857 799/918/858
f 798/893/834 799/918/858 780/894/835
f 780/894/835 799/918/858 781/919/859
f 780/894/835 781/919/859 762/895/836
f 762/895/836 781/919/859 763/920/860
f 762/895/836 763/920/860 744/896/837
f 744/896/837 763/920/860 745/921/861
f 744/896/837 745/921/861 726/897/838
f 726/897/838 745/921/861 727/922/862
f 726/897/838 727/922/862 708/898/839
f 708/898/839 727/922/862 709/923/863
f 708/898/839 709/923/863 690/899/840
f 690/899/840 709/923/863 691/924/864
f 690/899/840 691/924/864 672/900/841
f 672/900/841 691/924/864 673/925/865
f 672/900/841 673/925/865 654/901/842
f 654/901/842 673/925/865 655/926/866
f 654/901/842 655/926/866 636/902/843
f 636/902/843 655/926/866 637/927/867
f 636/902/843 637/927/867 618/903/844
f 618/903/844 637/927/867 619/928/868
f 618/903/844 619/928/868 600/904/845
f 600/904/845 619/928/868 601/929/869
f 600/904/845 601/929/869 582/905/846
f 582/905/846 601/929/869 583/930/870
f 582/905/846 583/930/870 564/906/847
f 564/906/847 583/930/870 565/931/871
f 564/906/847 565/931/871 546/907/848
f 546/907/848 565/931/871 547/932/872
f 546/907/848 547/932/872 528/908/849
f 528/908/849 547/932/872 529/933/873
f 528/908/849 529/933/873 510/909/826
f 510/909/826 529/933/873 511/934/850
f 511/910/850 512/935/874 925/911/851
f 925/911/851 512/935/874 926/936/875
f 925/911/851 926/936/875 907/912/852
f 907/912/852 926/936/875 908/937/876
f 907/912/852 908/937/876 889/913/853
f 889/913/853 908/937/876 890/938/877
f 889/913/853 890/938/877 871/914/854
f 871/914/854 890/938/877 872/939/878
f 871/914/854 872/939/878 853/915/855
f 853/915/855 872/939/878 854/940/879
f 853/915/855 854/940/879 835/916/856
f 835/916/856 854/940/879 836/941/880
f 835/916/856 836/941/880 817/917/857
f 817/917/857 836/941/880 818/942/881
f 817/917/857 818/942/881 799/918/858
f 799/918/858 818/942/881 800/943/882
f 799/918/858 800/943/882 781/919/859
f 781/919/859 800/943/882 782/944/883
f 781/919/859 782/944/883 763/920/860
f 763/920/860 782/944/883 764/945/884
f 763/920/860 764/945/884 745/921/861
f 745/921/861 764/945/884 746/946/885
f 745/921/861 746/946/885 727/922/862
f 727/922/862 746/946/885 728/947/886
f 727/922/862 728/947/886 709/923/863
f 709/923/863 728/947/886 710/948/887
f 709/923/863 710/948/887 691/924/864
f 691/924/864 710/948/887 692/949/888
f 691/924/864 692/949/888 673/925/865
f 673/925/865 692/949/888 674/950/889
f 673/925/865 674/950/889 655/926/866
f 655/926/866 674/950/889 656/951/890
f 655/926/866 656/951/890 637/927/867
f 637/927/867 656/951/890 638/952/891
f 637/927/867 638/952/891 619/928/868
f 619/928/868 638/952/891 620/953/892
f 619/928/868 620/953/892 601/929/869
f 601/929/869 620/953/892 602/954/893
f 601/929/869 602/954/893 583/930/870
f 583/930/870 602/954/893 584/955/894
f 583/930/870 584/955/894 565/931/871
f 565/931/871 584/955/894 566/956/895
f 565/931/871 566/956/895 547/932/872
f 547/932/872 566/956/895 548/957/896
f 547/932/872 548/957/896 529/933/873
f 529/933/873 548/957/896 530/958/897
f 529/933/873 530/958/897 511/934/850
f 511/934/850 530/958/897 512/959/874
f 512/935/874 513/960/898 926/936/875
f 926/936/875 513/960/898 927/961/899
f 926/936/875 927/961/899 908/937/876
f 908/937/876 927/961/899 909/962/900
f 908/937/876 909/962/900 890/938/877
f 890/938/877 909/962/900 891/963/901
f 890/938/877 891/963/901 872/939/878
f 872/939/878 891/963/901 873/964/902
f 872/939/878 873/964/902 854/940/879
f 854/940/879 873/964/902 855/965/903
f 854/940/879 855/965/903 836/941/880
f 836/941/880 855/965/903 837/966/904
f 836/941/880 837/966/904 818/942/881
f 818/942/881 837/966/904 819/967/905
f 818/942/881 819/967/905 800/943/882
f 800/943/882 819/967/905 801/968/906
f 800/943/882 801/968/906 782/944/883
f 782/944/883 801/968/906 783/969/907
f 782/944/883 783/969/907 764/945/884
f 764/945/884 783/969/907 765/970/908
f 764/945/884 765/970/908 746/946/885
f 746/946/885 765/970/908 747/971/909
f 746/946/885 747/971/909 728/947/886
f 728/947/886 747/971/909 729/972/910
f 728/947/886 729/972/910 710/948/887
f 710/948/887 729/972/910 711/973/911
f 710/948/887 711/973/911 692/949/888
f 692/949/888 711/973/911 693/974/912
f 692/949/888 693/974/912 674/950/889
f 674/950/889 693/974/912 675/975/913
f 674/950/889 675/975/913 656/951/890
f 656/951/890 675/975/913 657/976/914
f 656/951/890 657/976/914 638/952/891
f 638/952/891 657/976/914 639/977/915
f 638/952/891 639/977/915 620/953/892
f 620/953/892 639/977/915 621/978/916
f 620/953/892 621/978/916 602/954/893
f 602/954/893 621/978/916 603/979/917
f 602/954/893 603/979/917 584/955/894
f 584/955/894 603/979/917 585/980/918
f 584/955/894 585/980/918 566/956/895
f 566/956/895 585/980/918 567/981/919
f 566/956/895 567/981/919 548/957/896
f 548/957/896 567/981/919 549/982/920
f 548/957/896 549/982/920 530/958/897
f 530/958/897 549/982/920 531/983/921
f 530/958/897 531/983/921 512/959/874
f 512/959/874 531/983/921 513/984/898
f 513/960/898 514/985/922 927/961/899
f 927/961/899 514/985/922 928/986/923
f 927/961/899 928/986/923 909/962/900
f 909/962/900 928/986/923 910/987/924
f 909/962/900 910/987/924 891/963/901
f 891/963/901 910/987/924 892/988/925
f 891/963/901 892/988/925 873/964/902
f 873/964/902 892/988/925 874/989/926
f 873/964/902 874/989/926 855/965/903
f 855/965/903 874/989/926 856/990/927
f 855/965/903 856/990/927 837/966/904
f 837/966/904 856/990/927 838/991/928
f 837/966/904 838/991/928 819/967/905
f 819/967/905 838/991/928 820/992/929
f 819/967/905 820/992/929 801/968/906
f 801/968/906 820/992/929 802/993/930
f 801/968/906 802/993/930 783/969/907
f 783/969/907 802/993/930 784/994/931
f 783/969/907 784/994/931 765/970/908
f 765/970/908 784/994/931 766/995/932
f 765/970/908 766/995/932 747/971/909
f 747/971/909 766/995/932 748/996/933
f 747/971/909 748/996/933 729/972/910
f 729/972/910 748/996/933 730/997/934
f 729/972/910 730/997/934 711/973/911
f 711/973/911 730/997/934 712/998/935
f 711/973/911 712/998/935 693/974/912
f 693/974/912 712/998/935 694/999/936
f 693/974/912 694/999/936 675/975/913
f 675/975/913 694/999/936 676/1000/937
f 675/975/913 676/1000/937 657/976/914
f 657/976/914 676/1000/937 658/1001/938
f 657/976/914 658/1001/938 639/977/915
f 639/977/915 658/1001/938 640/1002/939
f 639/977/915 640/1002/939 621/978/916
f 621/978/916 640/1002/939 622/1003/940
f 621/978/916 622/1003/940 603/979/917
f 603/979/917 622/1003/940 604/1004/941
f 603/979/917 604/1004/941 585/980/918
f 585/980/918 604/1004/941 586/1005/942
f 585/980/918 586/1005/942 567/981/919
f 567/981/919 586/1005/942 568/1006/943
f 567/981/919 568/1006/943 549/982/920
f 549/982/920 568/1006/943 550/1007/944
f 549/982/920 550/1007/944 531/983/921
f 531/983/921 550/1007/944 532/1008/945
f 531/983/921 532/1008/945 513/984/898
f 513/984/898 532/1008/945 514/1009/922
f 514/985/922 515/1010/946 928/986/923
f 928/986/923 515/1010/946 929/1011/947
f 928/986/923 929/1011/947 910/987/924
f 910/987/924 929/1011/947 911/1012/948
f 910/987/924 911/1012/948 892/988/925
f 892/988/925 911/1012/948 893/1013/949
f 892/988/925 893/1013/949 874/989/926
f 874/989/926 893/1013/949 875/1014/950
f 874/989/926 875/1014/950 856/990/927
f 856/990/927 875/1014/950 857/1015/951
f 856/990/927 857/1015/951 838/991/928
f 838/991/928 857/1015/951 839/1016/952
f 838/991/928 839/1016/952 820/992/929
f 820/992/929 839/1016/952 821/1017/953
f 820/992/929 821/1017/953 802/993/930
f 802/993/930 821/1017/953 803/1018/954
f 802/993/930 803/1018/954 784/994/931
f 784/994/931 803/1018/954 785/1019/955
f 784/994/931 785/1019/955 766/995/932
f 766/995/932 785/1019/955 767/1020/956
f 766/995/932 767/1020/956 748/996/933
f 748/996/933 767/1020/956 749/1021/957
f 748/996/933 749/1021/957 730/997/934
f 730/997/934 749/1021/957 731/1022/958
f 730/997/934 731/1022/958 712/998/935
f 712/998/935 731/1022/958 713/1023/959
f 712/998/935 713/1023/959 694/999/936
f 694/999/936 713/1023/959 695/1024/960
f 694/999/936 695/1024/960 676/1000/937
f 676/1000/937 695/1024/960 677/1025/961
f 676/1000/937 677/1025/961 658/1001/938
f 658/1001/938 677/1025/961 659/1026/962
f 658/1001/938 659/1026/962 640/1002/939
f 640/1002/939 659/1026/962 641/1027/963
f 640/1002/939 641/1027/963 622/1003/940
f 622/1003/940 641/1027/963 623/1028/964
f 622/1003/940 623/1028/964 604/1004/941
f 604/1004/941 623/1028/964 605/1029/965
f 604/1004/941 605/1029/965 586/1005/942
f 586/1005/942 605/1029/965 587/1030/966
f 586/1005/942 587/1030/966 568/1006/943
f 568/1006/943 587/1030/966 569/1031/967
f 568/1006/943 569/1031/967 550/1007/944
f 550/1007/944 569/1031/967 551/1032/968
f 550/1007/944 551/1032/968 532/1008/945
f 532/1008/945 551/1032/968 533/1033/969
f 532/1008/945 533/1033/969 514/1009/922
f 514/1009/922 533/1033/969 515/1034/946
f 515/1010/946 516/1035/970 929/1011/947
f 929/1011/947 516/1035/970 930/1036/971
f 929/1011/947 930/1036/971 911/1012/948
f 911/1012/948 930/1036/971 912/1037/972
f 911/1012/948 912/1037/972 893/1013/949
f 893/1013/949 912/1037/972 894/1038/973
f 893/1013/949 894/1038/973 875/1014/950
f 875/1014/950 894/1038/973 876/1039/974
f 875/1014/950 876/1039/974 857/1015/951
f 857/1015/951 876/1039/974 858/1040/975
f 857/1015/951 858/1040/975 839/1016/952
f 839/1016/952 858/1040/975 840/1041/976
f 839/1016/952 840/1041/976 821/1017/953
f 821/1017/953 840/1041/976 822/1042/977
f 821/1017/953 822/1042/977 803/1018/954
f 803/1018/954 822/1042/977 804/1043/978
f 803/1018/954 804/1043/978 785/1019/955
f 785/1019/955 804/1043/978 786/1044/979
f 785/1019/955 786/1044/979 767/1020/956
f 767/1020/956 786/1044/979 768/1045/980
f 767/1020/956 768/1045/980 749/1021/957
f 749/1021/957 768/1045/980 750/1046/981
f 749/1021/957 750/1046/981 731/1022/958
f 731/1022/958 750/1046/981 732/1047/982
f 731/1022/958 732/1047/982 713/1023/959
f 713/1023/959 732/1047/982 714/1048/983
f 713/1023/959 714/1048/983 695/1024/960
f 695/1024/960 714/1048/983 696/1049/984
f 695/1024/960 696/1049/984 677/1025/961
f 677/1025/961 696/1049/984 678/1050/985
f 677/1025/961 678/1050/985 659/1026/962
f 659/1026/962 678/1050/985 660/1051/986
f 659/1026/962 660/1051/986 641/1027/963
f 641/1027/963 660/1051/986 642/1052/987
f 641/1027/963 642/1052/987 623/1028/964
f 623/1028/964 642/1052/987 624/1053/988
f 623/1028/964 624/1053/988 605/1029/965
f 605/1029/965 624/1053/988 606/1054/989
f 605/1029/965 606/1054/989 587/1030/966
f 587/1030/966 606/1054/989 588/1055/990
f 587/1030/966 588/1055/990 569/1031/967
f 569/1031/967 588/1055/990 570/1056/991
f 569/1031/967 570/1056/991 551/1032/968
f 551/1032/968 570/1056/991 552/1057/992
f 551/1032/968 552/1057/992 533/1033/969
f 533/1033/969 552/1057/992 534/1058/993
f 533/1033/969 534/1058/993 515/1034/946
f 515/1034/946 534/1058/993 516/1059/970
f 516/1035/970 517/1060/994 930/1036/971
f 930/1036/971 517/1060/994 931/1061/995
f 930/1036/971 931/1061/995 912/1037/972
f 912/1037/972 931/1061/995 913/1062/996
f 912/1037/972 913/1062/996 894/1038/973
f 894/1038/973 913/1062/996 895/1063/997
f 894/1038/973 895/1063/997 876/1039/974
f 876/1039/974 895/1063/997 877/1064/998
f 876/1039/974 877/1064/998 858/1040/975
f 858/1040/975 877/1064/998 859/1065/999
f 858/1040/975 859/1065/999 840/1041/976
f 840/1041/976 859/1065/999 841/1066/1000
f 840/1041/976 841/1066/1000 822/1042/977
f 822/1042/977 841/1066/1000 823/1067/1001
f 822/1042/977 823/1067/1001 804/1043/978
f 804/1043/978 823/1067/1001 805/1068/1002
f 804/1043/978 805/1068/1002 786/1044/979
f 786/1044/979 805/1068/1002 787/1069/1003
f 786/1044/979 787/1069/1003 768/1045/980
f 768/1045/980 787/1069/1003 769/1070/1004
f 768/1045/980 769/1070/1004 750/1046/981
f 750/1046/981 769/1070/1004 751/1071/1005
f 750/1046/981 751/1071/1005 732/1047/982
f 732/1047/982 751/1071/1005 733/1072/1006
f 732/1047/982 733/1072/1006 714/1048/983
f 714/1048/983 733/1072/1006 715/1073/1007
f 714/1048/983 715/1073/1007 696/1049/984
f 696/1049/984 715/1073/1007 697/1074/1008
f 696/1049/984 697/1074/1008 678/1050/985
f 678/1050/985 697/1074/1008 679/1075/1009
f 678/1050/985 679/1075/1009 660/1051/986
f 660/1051/986 679/1075/1009 661/1076/1010
f 660/1051/986 661/1076/1010 642/1052/987
f 642/1052/987 661/1076/1010 643/1077/1011
f 642/1052/987 643/1077/1011 624/1053/988
f 624/1053/988 643/1077/1011 625/1078/1012
f 624/1053/988 625/1078/1012 606/1054/989
f 606/1054/989 625/1078/1012 607/1079/1013
f 606/1054/989 607/1079/1013 588/1055/990
f 588/1055/990 607/1079/1013 589/1080/1014
f 588/1055/990 589/1080/1014 570/1056/991
f 570/1056/991 589/1080/1014 571/1081/1015
f 570/1056/991 571/1081/1015 552/1057/992
f 552/1057/992 571/1081/1015 553/1082/1016
f 552/1057/992 553/1082/1016 534/1058/993
f 534/1058/993 553/1082/1016 535/1083/1017
f 534/1058/993 535/1083/1017 516/1059/970
f 516/1059/970 535/1083/1017 517/1084/994
f 517/1060/994 518/1085/1018 931/1061/995
f 931/1061/995 518/1085/1018 932/1086/1019
f 931/1061/995 932/1086/1019 913/1062/996
f 913/1062/996 932/1086/1019 914/1087/1020
f 913/1062/996 914/1087/1020 895/1063/997
f 895/1063/997 914/1087/1020 896/1088/1021
f 895/1063/997 896/1088/1021 877/1064/998
f 877/1064/998 896/1088/1021 878/1089/1022
f 877/1064/998 878/1089/1022 859/1065/999
f 859/1065/999 878/1089/1022 860/1090/1023
f 859/1065/999 860/1090/1023 841/1066/1000
f 841/1066/1000 860/1090/1023 842/1091/1024
f 841/1066/1000 842/1091/1024 823/1067/1001
f 823/1067/1001 842/1091/1024 824/1092/1025
f 823/1067/1001 824/1092/1025 805/1068/1002
f 805/1068/1002 824/1092/1025 806/1093/1026
f 805/1068/1002 806/1093/1026 787/1069/1003
f 787/1069/1003 806/1093/1026 788/1094/1027
f 787/1069/1003 788/1094/1027 769/1070/1004
f 769/1070/1004 788/1094/1027 770/1095/1028
f 769/1070/1004 770/1095/1028 751/1071/1005
f 751/1071/1005 770/1095/1028 752/1096/1029
f 751/1071/1005 752/1096/1029 733/1072/1006
f 733/1072/1006 752/1096/1029 734/1097/1030
f 733/1072/1006 734/1097/1030 715/1073/1007
f 715/1073/1007 734/1097/1030 716/1098/1031
f 715/1073/1007 716/1098/1031 697/1074/1008
f 697/1074/1008 716/1098/1031 698/1099/1032
f 697/1074/1008 698/1099/1032 679/1075/1009
f 679/1075/1009 698/1099/1032 680/1100/1033
f 679/1075/1009 680/1100/1033 661/1076/1010
f 661/1076/1010 680/1100/1033 662/1101/1034
f 661/1076/1010 662/1101/1034 643/1077/1011
f 643/1077/1011 662/1101/1034 644/1102/1035
f 643/1077/1011 644/1102/1035 625/1078/1012
f 625/1078/1012 644/1102/1035 626/1103/1036
f 625/1078/1012 626/1103/1036 607/1079/1013
f 607/1079/1013 626/1103/1036 608/1104/1037
f 607/1079/1013 608/1104/1037 589/1080/1014
f 589/1080/1014 608/1104/1037 590/1105/1038
f 589/1080/1014 590/1105/1038 571/1081/1015
f 571/1081/1015 590/1105/1038 572/1106/1039
f 571/1081/1015 572/1106/1039 553/1082/1016
f 553/1082/1016 572/1106/1039 554/1107/1040
f 553/1082/1016 554/1107/1040 535/1083/1017
f 535/1083/1017 554/1107/1040 536/1108/1041
f 535/1083/1017 536/1108/1041 517/1084/994
f 517/1084/994 536/1108/1041 518/1109/1018
f 518/1085/1018 519/1110/1042 932/1086/1019
f 932/1086/1019 519/1110/1042 933/1111/1043
f 932/1086/1019 933/1111/1043 914/1087/1020
f 914/1087/1020 933/1111/1043 915/1112/1044
f 914/1087/1020 915/1112/1044 896/1088/1021
f 896/1088/1021 915/1112/1044 897/1113/1045
f 896/1088/1021 897/1113/1045 878/1089/1022
f 878/1089/1022 897/1113/1045 879/1114/1046
f 878/1089/1022 879/1114/1046 860/1090/1023
f 860/1090/1023 879/1114/1046 861/1115/1047
f 860/1090/1023 861/1115/1047 842/1091/1024
f 842/1091/1024 861/1115/1047 843/1116/1048
f 842/1091/1024 843/1116/1048 824/1092/1025
f 824/1092/1025 843/1116/1048 825/1117/1049
f 824/1092/1025 825/1117/1049 806/1093/1026
f 806/1093/1026 825/1117/1049 807/1118/1050
f 806/1093/1026 807/1118/1050 788/1094/1027
f 788/1094/1027 807/1118/1050 789/1119/1051
f 788/1094/1027 789/1119/1051 770/1095/1028
f 770/1095/1028 789/1119/1051 771/1120/1052
f 770/1095/1028 771/1120/1052 752/1096/1029
f 752/1096/1029 771/1120/1052 753/1121/1053
f 752/1096/1029 753/1121/1053 734/1097/1030
f 734/1097/1030 753/1121/1053 735/1122/1054
f 734/1097/1030 735/1122/1054 716/1098/1031
f 716/1098/1031 735/1122/1054 717/1123/1055
f 716/1098/1031 717/1123/1055 698/1099/1032
f 698/1099/1032 717/1123/1055 699/1124/1056
f 698/1099/1032 699/1124/1056 680/1100/1033
f 680/1100/1033 699/1124/1056 681/1125/1057
f 680/1100/1033 681/1125/1057 662/1101/1034
f 662/1101/1034 681/1125/1057 663/1126/1058
f 662/1101/1034 663/1126/1058 644/1102/1035
f 644/1102/1035 663/1126/1058 645/1127/1059
f 644/1102/1035 645/1127/1059 626/1103/1036
f 626/1103/1036 645/1127/1059 627/1128/1060
f 626/1103/1036 627/1128/1060 608/1104/1037
f 608/1104/1037 627/1128/1060 609/1129/1061
f 608/1104/1037 609/1129/1061 590/1105/1038
f 590/1105/1038 609/1129/1061 591/1130/1062
f 590/1105/1038 591/1130/1062 572/1106/1039
f 572/1106/1039 591/1130/1062 573/1131/1063
f 572/1106/1039 573/1131/1063 554/1107/1040
f 554/1107/1040 573/1131/1063 555/1132/1064
f 554/1107/1040 555/1132/1064 536/1108/1041
f 536/1108/1041 555/1132/1064 537/1133/1065
f 536/1108/1041 537/1133/1065 518/1109/1018
f 518/1109/1018 537/1133/1065 519/1134/1042
f 519/1110/1042 520/1135/1066 933/1111/1043
f 933/1111/1043 520/1135/1066 934/1136/1067
f 933/1111/1043 934/1136/1067 915/1112/1044
f 915/1112/1044 934/1136/1067 916/1137/1068
f 915/1112/1044 916/1137/1068 897/1113/1045
f 897/1113/1045 916/1137/1068 898/1138/1069
f 897/1113/1045 898/1138/1069 879/1114/1046
f 879/1114/1046 898/1138/1069 880/1139/1070
f 879/1114/1046 880/1139/1070 861/1115/1047
f 861/1115/1047 880/1139/1070 862/1140/1071
f 861/1115/1047 862/1140/1071 843/1116/1048
f 843/1116/1048 862/1140/1071 844/1141/1072
f 843/1116/1048 844/1141/1072 825/1117/1049
f 825/1117/1049 844/1141/1072 826/1142/1073
f 825/1117/1049 826/1142/1073 807/1118/1050
f 807/1118/1050 826/1142/1073 808/1143/1074
f 807/1118/1050 808/1143/1074 789/1119/1051
f 789/1119/1051 808/1143/1074 790/1144/1075
f 789/1119/1051 790/1144/1075 771/1120/1052
f 771/1120/1052 790/1144/1075 772/1145/1076
f 771/1120/1052 772/1145/1076 753/1121/1053
f 753/1121/1053 772/1145/1076 754/1146/1077
f 753/1121/1053 754/1146/1077 735/1122/1054
f 735/1122/1054 754/1146/1077 736/1147/1078
f 735/1122/1054 736/1147/1078 717/1123/1055
f 717/1123/1055 736/1147/1078 718/1148/1079
f 717/1123/1055 718/1148/1079 699/1124/1056
f 699/1124/1056 718/1148/1079 700/1149/1080
f 699/1124/1056 700/1149/1080 681/1125/1057
f 681/1125/1057 700/1149/1080 682/1150/1081
f 681/1125/1057 682/1150/1081 663/1126/1058
f 663/1126/1058 682/1150/1081 664/1151/1082
f 663/1126/1058 664/1151/1082 645/1127/1059
f 645/1127/1059 664/1151/1082 646/1152/1083
f 645/1127/1059 646/1152/1083 627/1128/1060
f 627/1128/1060 646/1152/1083 628/1153/1084
f 627/1128/1060 628/1153/1084 609/1129/1061
f 609/1129/1061 628/1153/1084 610/1154/1085
f 609/1129/1061 610/1154/1085 591/1130/1062
f 591/1130/1062 610/1154/1085 592/1155/1086
f 591/1130/1062 592/1155/1086 573/1131/1063
f 573/1131/1063 592/1155/1086 574/1156/1087
f 573/1131/1063 574/1156/1087 555/1132/1064
f 555/1132/1064 574/1156/1087 556/1157/1088
f 555/1132/1064 556/1157/1088 537/1133/1065
f 537/1133/1065 556/1157/1088 538/1158/1089
f 537/1133/1065 538/1158/1089 519/1134/1042
f 519/1134/1042 538/1158/1089 520/1159/1066
f 520/1135/1066 521/1160/1090 934/1136/1067
f 934/1136/1067 521/1160/1090 935/1161/1091
f 934/1136/1067 935/1161/1091 916/1137/1068
f 916/1137/1068 935/1161/1091 917/1162/1092
f 916/1137/1068 917/1162/1092 898/1138/1069
f 898/1138/1069 917/1162/1092 899/1163/1093
f 898/1138/1069 899/1163/1093 880/1139/1070
f 880/1139/1070 899/1163/1093 881/1164/1094
f 880/1139/1070 881/1164/1094 862/1140/1071
f 862/1140/1071 881/1164/1094 863/1165/1095
f 862/1140/1071 863/1165/1095 844/1141/1072
f 844/1141/1072 863/1165/1095 845/1166/1096
f 844/1141/1072 845/1166/1096 826/1142/1073
f 826/1142/1073 845/1166/1096 827/1167/1097
f 826/1142/1073 827/1167/1097 808/1143/1074
f 808/1143/1074 827/1167/1097 809/1168/1098
f 808/1143/1074 809/1168/1098 790/1144/1075
f 790/1144/1075 809/1168/1098 791/1169/1099
f 790/1144/1075 791/1169/1099 772/1145/1076
f 772/1145/1076 791/1169/1099 773/1170/1100
f 772/1145/1076 773/1170/1100 754/1146/1077
f 754/1146/1077 773/1170/1100 755/1171/1101
f 754/1146/1077 755/1171/1101 736/1147/1078
f 736/1147/1078 755/1171/1101 737/1172/1102
f 736/1147/1078 737/1172/1102 718/1148/1079
f 718/1148/1079 737/1172/1102 719/1173/1103
f 718/1148/1079 719/1173/1103 700/1149/1080
f 700/1149/1080 719/1173/1103 701/1174/1104
f 700/1149/1080 701/1174/1104 682/1150/1081
f 682/1150/1081 701/1174/1104 683/1175/1105
f 682/1150/1081 683/1175/1105 664/1151/1082
f 664/1151/1082 683/1175/1105 665/1176/1106
f 664/1151/1082 665/1176/1106 646/1152/1083
f 646/1152/1083 665/1176/1106 647/1177/1107
f 646/1152/1083 647/1177/1107 628/1153/1084
f 628/1153/1084 647/1177/1107 629/1178/1108
f 628/1153/1084 629/1178/1108 610/1154/1085
f 610/1154/1085 629/1178/1108 611/1179/1109
f 610/1154/1085 611/1179/1109 592/1155/1086
f 592/1155/1086 611/1179/1109 593/1180/1110
f 592/1155/1086 593/1180/1110 574/1156/1087
f 574/1156/1087 593/1180/1110 575/1181/1111
f 574/1156/1087 575/1181/1111 556/1157/1088
f 556/1157/1088 575/1181/1111 557/1182/1112
f 556/1157/1088 557/1182/1112 538/1158/1089
f 538/1158/1089 557/1182/1112 539/1183/1113
f 538/1158/1089 539/1183/1113 520/1159/1066
f 520/1159/1066 539/1183/1113 521/1184/1090
f 521/1160/1090 522/1185/1114 935/1161/1091
f 935/1161/1091 522/1185/1114 936/1186/1115
f 935/1161/1091 936/1186/1115 917/1162/1092
f 917/1162/1092 936/1186/1115 918/1187/1116
f 917/1162/1092 918/1187/1116 899/1163/1093
f 899/1163/1093 918/1187/1116 900/1188/1117
f 899/1163/1093 900/1188/1117 881/1164/1094
f 881/1164/1094 900/1188/1117 882/1189/1118
f 881/1164/1094 882/1189/1118 863/1165/1095
f 863/1165/1095 882/1189/1118 864/1190/1119
f 863/1165/1095 864/1190/1119 845/1166/1096
f 845/1166/1096 864/1190/1119 846/1191/1120
f 845/1166/1096 846/1191/1120 827/1167/1097
f 827/1167/1097 846/1191/1120 828/1192/1121
f 827/1167/1097 828/1192/1121 809/1168/1098
f 809/1168/1098 828/1192/1121 810/1193/1122
f 809/1168/1098 810/1193/1122 791/1169/1099
f 791/1169/1099 810/1193/1122 792/1194/1123
f 791/1169/1099 792/1194/1123 773/1170/1100
f 773/1170/1100 792/1194/1123 774/1195/1124
f 773/1170/1100 774/1195/1124 755/1171/1101
f 755/1171/1101 774/1195/1124 756/1196/1125
f 755/1171/1101 756/1196/1125 737/1172/1102
f 737/1172/1102 756/1196/1125 738/1197/1126
f 737/1172/1102 738/1197/1126 719/1173/1103
f 719/1173/1103 738/1197/1126 720/1198/1127
f 719/1173/1103 720/1198/1127 701/1174/1104
f 701/1174/1104 720/1198/1127 702/1199/1128
f 701/1174/1104 702/1199/1128 683/1175/1105
f 683/1175/1105 702/1199/1128 684/1200/1129
f 683/1175/1105 684/1200/1129 665/1176/1106
f 665/1176/1106 684/1200/1129 666/1201/1130
f 665/1176/1106 666/1201/1130 647/1177/1107
f 647/1177/1107 666/1201/1130 648/1202/1131
f 647/1177/1107 648/1202/1131 629/1178/1108
f 629/1178/1108 648/1202/1131 630/1203/1132
f 629/1178/1108 630/1203/1132 611/1179/1109
f 611/1179/1109 630/1203/1132 612/1204/1133
f 611/1179/1109 612/1204/1133 593/1180/1110
f 593/1180/1110 612/1204/1133 594/1205/1134
f 593/1180/1110 594/1205/1134 575/1181/1111
f 575/1181/1111 594/1205/1134 576/1206/1135
f 575/1181/1111 576/1206/1135 557/1182/1112
f 557/1182/1112 576/1206/1135 558/1207/1136
f 557/1182/1112 558/1207/1136 539/1183/1113
f 539/1183/1113 558/1207/1136 540/1208/1137
f 539/1183/1113 540/1208/1137 521/1184/1090
f 521/1184/1090 540/1208/1137 522/1209/1114
f 522/1185/1114 523/1210/1138 936/1186/1115
f 936/1186/1115 523/1210/1138 937/1211/1139
f 936/1186/1115 937/1211/1139 918/1187/1116
f 918/1187/1116 937/1211/1139 919/1212/1140
f 918/1187/1116 919/1212/1140 900/1188/1117
f 900/1188/1117 919/1212/1140 901/1213/1141
f 900/1188/1117 901/1213/1141 882/1189/1118
f 882/1189/1118 901/1213/1141 883/1214/1142
f 882/1189/1118 883/1214/1142 864/1190/1119
f 864/1190/1119 883/1214/1142 865/1215/1143
f 864/1190/1119 865/1215/1143 846/1191/1120
f 846/1191/1120 865/1215/1143 847/1216/1144
f 846/1191/1120 847/1216/1144 828/1192/1121
f 828/1192/1121 847/1216/1144 829/1217/1145
f 828/1192/1121 829/1217/1145 810/1193/1122
f 810/1193/1122 829/1217/1145 811/1218/1146
f 810/1193/1122 811/1218/1146 792/1194/1123
f 792/1194/1123 811/1218/1146 793/1219/1147
f 792/1194/1123 793/1219/1147 774/1195/1124
f 774/1195/1124 793/1219/1147 775/1220/1148
f 774/1195/1124 775/1220/1148 756/1196/1125
f 756/1196/1125 775/1220/1148 757/1221/1149
f 756/1196/1125 757/1221/1149 738/1197/1126
f 738/1197/1126 757/1221/1149 739/1222/1150
f 738/1197/1126 739/1222/1150 720/1198/1127
f 720/1198/1127 739/1222/1150 721/1223/1151
f 720/1198/1127 721/1223/1151 702/1199/1128
f 702/1199/1128 721/1223/1151 703/1224/1152
f 702/1199/1128 703/1224/1152 684/1200/1129
f 684/1200/1129 703/1224/1152 685/1225/1153
f 684/1200/1129 685/1225/1153 666/1201/1130
f 666/1201/1130 685/1225/1153 667/1226/1154
f 666/1201/1130 667/1226/1154 648/1202/1131
f 648/1202/1131 667/1226/1154 649/1227/1155
f 648/1202/1131 649/1227/1155 630/1203/1132
f 630/1203/1132 649/1227/1155 631/1228/1156
f 630/1203/1132 631/1228/1156 612/1204/1133
f 612/1204/1133 631/1228/1156 613/1229/1157
f 612/1204/1133 613/1229/1157 594/1205/1134
f 594/1205/1134 613/1229/1157 595/1230/1158
f 594/1205/1134 595/1230/1158 576/1206/1135
f 576/1206/1135 595/1230/1158 577/1231/1159
f 576/1206/1135 577/1231/1159 558/1207/1136
f 558/1207/1136 577/1231/1159 559/1232/1160
f 558/1207/1136 559/1232/1160 540/1208/1137
f 540/1208/1137 559/1232/1160 541/1233/1161
f 540/1208/1137 541/1233/1161 522/1209/1114
f 522/1209/1114 541/1233/1161 523/1234/1138
f 523/1210/1138 524/788/733 937/1211/1139
f 937/1211/1139 524/788/733 938/786/731
f 937/1211/1139 938/786/731 919/1212/1140
f 919/1212/1140 938/786/731 920/834/777
f 919/1212/1140 920/834/777 901/1213/1141
f 901/1213/1141 920/834/777 902/832/775
f 901/1213/1141 902/832/775 883/1214/1142
f 883/1214/1142 902/832/775 884/830/773
f 883/1214/1142 884/830/773 865/1215/1143
f 865/1215/1143 884/830/773 866/828/771
f 865/1215/1143 866/828/771 847/1216/1144
f 847/1216/1144 866/828/771 848/826/769
f 847/1216/1144 848/826/769 829/1217/1145
f 829/1217/1145 848/826/769 830/824/767
f 829/1217/1145 830/824/767 811/1218/1146
f 811/1218/1146 830/824/767 812/822/765
f 811/1218/1146 812/822/765 793/1219/1147
f 793/1219/1147 812/822/765 794/820/763
f 793/1219/1147 794/820/763 775/1220/1148
f 775/1220/1148 794/820/763 776/818/761
f 775/1220/1148 776/818/761 757/1221/1149
f 757/1221/1149 776/818/761 758/816/759
f 757/1221/1149 758/816/759 739/1222/1150
f 739/1222/1150 758/816/759 740/814/757
f 739/1222/1150 740/814/757 721/1223/1151
f 721/1223/1151 740/814/757 722/812/755
f 721/1223/1151 722/812/755 703/1224/1152
f 703/1224/1152 722/812/755 704/810/753
f 703/1224/1152 704/810/753 685/1225/1153
f 685/1225/1153 704/810/753 686/808/751
f 685/1225/1153 686/808/751 667/1226/1154
f 667/1226/1154 686/808/751 668/806/749
f 667/1226/1154 668/806/749 649/1227/1155
f 649/1227/1155 668/806/749 650/804/747
f 649/1227/1155 650/804/747 631/1228/1156
f 631/1228/1156 650/804/747 632/802/745
f 631/1228/1156 632/802/745 613/1229/1157
f 613/1229/1157 632/802/745 614/800/743
f 613/1229/1157 614/800/743 595/1230/1158
f 595/1230/1158 614/800/743 596/798/741
f 595/1230/1158 596/798/741 577/1231/1159
f 577/1231/1159 596/798/741 578/796/739
f 577/1231/1159 578/796/739 559/1232/1160
f 559/1232/1160 578/796/739 560/794/737
f 559/1232/1160 560/794/737 541/1233/1161
f 541/1233/1161 560/794/737 542/792/735
f 541/1233/1161 542/792/735 523/1234/1138
f 523/1234/1138 542/792/735 524/790/733
f 482/1235/1162 472/1236/1163 459/1237/1164
f 459/1237/1164 472/1236/1163 471/1238/1165
f 459/1237/1164 471/1238/1165 460/1239/1166
f 460/1239/1166 471/1238/1165 470/1240/1167
f 460/1239/1166 470/1240/1167 461/1241/1168
f 461/1241/1168 470/1240/1167 469/1242/1169
f 461/1241/1168 469/1242/1169 462/1243/1170
f 462/1243/1170 469/1242/1169 468/1244/1171
f 462/1243/1170 468/1244/1171 463/1245/1172
f 463/1245/1172 468/1244/1171 467/1246/1173
f 463/1245/1172 467/1246/1173 464/1247/1174
f 464/1247/1174 467/1246/1173 466/1248/1175
f 464/1247/1174 466/1248/1175 465/1249/1176
f 472/1236/1163 482/1235/1162 473/1250/1177
f 473/1250/1177 482/1235/1162 481/1251/1178
f 473/1250/1177 481/1251/1178 474/1252/1179
f 474/1252/1179 481/1251/1178 480/1253/1180
f 474/1252/1179 480/1253/1180 475/1254/1181
f 475/1254/1181 480/1253/1180 479/1255/1182
f 475/1254/1181 479/1255/1182 476/1256/1183
f 476/1256/1183 479/1255/1182 478/1257/1184
f 476/1256/1183 478/1257/1184 477/1258/1185
f 506/1259/1186 496/1260/1187 483/1261/1188
f 483/1261/1188 496/1260/1187 495/1262/1189
f 483/1261/1188 495/1262/1189 484/1263/1190
f 484/1263/1190 495/1262/1189 494/1264/1191
f 484/1263/1190 494/1264/1191 485/1265/1192
f 485/1265/1192 494/1264/1191 493/1266/1193
f 485/1265/1192 493/1266/1193 486/1267/1194
f 486/1267/1194 493/1266/1193 492/1268/1195
f 486/1267/1194 492/1268/1195 487/1269/1196
f 487/1269/1196 492/1268/1195 491/1270/1197
f 487/1269/1196 491/1270/1197 488/1271/1198
f 488/1271/1198 491/1270/1197 490/1272/1199
f 488/1271/1198 490/1272/1199 489/1273/1200
f 496/1260/1187 506/1259/1186 497/1274/1201
f 497/1274/1201 506/1259/1186 505/1275/1202
f 497/1274/1201 505/1275/1202 498/1276/1203
f 498/1276/1203 505/1275/1202 504/1277/1204
f 498/1276/1203 504/1277/1204 499/1278/1205
f 499/1278/1205 504/1277/1204 503/1279/1206
f 499/1278/1205 503/1279/1206 500/1280/1207
f 500/1280/1207 503/1279/1206 502/1281/1208
f 500/1280/1207 502/1281/1208 501/1282/1209
g Body1:2

v 4.750000 -0.236027 170.000000
v 4.685216 0.545797 170.000000
v 4.492632 1.306295 170.000000
v 4.177500 2.024723 170.000000
v 3.748417 2.681483 170.000000
v 3.217087 3.258661 170.000000
v 2.598004 3.740513 170.000000
v 1.908053 4.113896 170.000000
v 1.166056 4.368624 170.000000
v 0.392252 4.497749 170.000000
v -0.392252 4.497749 170.000000
v -1.166056 4.368624 170.000000
v -1.908053 4.113896 170.000000
v -2.598004 3.740513 170.000000
v -3.217087 3.258661 170.000000
v -3.748417 2.681483 170.000000
v -4.177500 2.024723 170.000000
v -4.492632 1.306295 170.000000
v -4.685216 0.545797 170.000000
v -4.750000 -0.236027 170.000000
v -4.685216 -1.017852 170.000000
v -4.492632 -1.778350 170.000000
v -4.177500 -2.496778 170.000000
v -3.748417 -3.153538 170.000000
v -3.217087 -3.730716 170.000000
v -2.598004 -4.212568 170.000000
v -1.908053 -4.585951 170.000000
v -1.166056 -4.840679 170.000000
v -0.392252 -4.969804 170.000000
v 0.392252 -4.969804 170.000000
v 1.166056 -4.840679 170.000000
v 1.908053 -4.585951 170.000000
v 2.598004 -4.212568 170.000000
v 3.217087 -3.730716 170.000000
v 3.748417 -3.153538 170.000000
v 4.177500 -2.496778 170.000000
v 4.492632 -1.778350 170.000000
v 4.685216 -1.017852 170.000000
v 5.000000 -0.236027 170.250000
v 4.935251 -1.038084 170.250000
v 4.742682 -1.819367 170.250000
v 4.427280 -2.559643 170.250000
v 3.997214 -3.239739 170.250000
v 3.463622 -3.842040 170.250000
v 2.840324 -4.350947 170.250000
v 2.143463 -4.753280 170.250000
v 1.391087 -5.038618 170.250000
v 0.602683 -5.199572 170.250000
v -0.201330 -5.231972 170.250000
v -1.000128 -5.134981 170.250000
v -1.773024 -4.911109 170.250000
v -2.500000 -4.566155 170.250000
v -3.162227 -4.109052 170.250000
v -3.742554 -3.551641 170.250000
v -4.225950 -2.908357 170.250000
v -4.599897 -2.195861 170.250000
v -4.854709 -1.432606 170.250000
v -4.983787 -0.638360 170.250000
v -4.983787 0.166305 170.250000
v -4.854709 0.960551 170.250000
v -4.599897 1.723806 170.250000
v -4.225950 2.436302 170.250000
v -3.742554 3.079586 170.250000
v -3.162227 3.636997 170.250000
v -2.500000 4.094100 170.250000
v -1.773024 4.439054 170.250000
v -1.000128 4.662926 170.250000
v -0.201330 4.759917 170.250000
v 0.602683 4.727517 170.250000
v 1.391087 4.566563 170.250000
v 2.143463 4.281225 170.250000
v 2.840324 3.878892 170.250000
v 3.463622 3.369985 170.250000
v 3.997214 2.767684 170.250000
v 4.427280 2.087588 170.250000
v 4.742682 1.347312 170.250000
v 4.935251 0.566029 170.250000
v -1.562432 -0.112328 170.000000
v -1.507061 -0.532909 170.000000
v -1.344723 -0.924828 170.000000
v -1.086480 -1.261377 170.000000
v -0.749932 -1.519620 170.000000
v -0.358013 -1.681958 170.000000
v 0.062568 -1.737328 170.000000
v 0.483149 -1.681958 170.000000
v 0.875068 -1.519620 170.000000
v 1.211617 -1.261377 170.000000
v 1.469860 -0.924828 170.000000
v 1.632198 -0.532909 170.000000
v 1.687568 -0.112328 170.000000
v 1.632198 0.308253 170.000000
v 1.469860 0.700172 170.000000
v 1.211617 1.036720 170.000000
v 0.875068 1.294963 170.000000
v 0.483149 1.457301 170.000000
v 0.062568 1.512672 170.000000
v -0.358013 1.457301 170.000000
v -0.749932 1.294963 170.000000
v -1.086480 1.036720 170.000000
v -1.344723 0.700172 170.000000
v -1.507061 0.308253 170.000000
v 5.000000 -0.236027 190.000000
v 4.935251 -1.038084 190.000000
v 4.742682 -1.819367 190.000000
v 4.427280 -2.559643 190.000000
v 3.997214 -3.239739 190.000000
v 3.463622 -3.842040 190.000000
v 2.840324 -4.350947 190.000000
v 2.143463 -4.753280 190.000000
v 1.391087 -5.038618 190.000000
v 0.602683 -5.199572 190.000000
v -0.201330 -5.231972 190.000000
v -1.000128 -5.134981 190.000000
v -1.773024 -4.911109 190.000000
v -2.500000 -4.566155 190.000000
v -3.162227 -4.109052 190.000000
v -3.742554 -3.551641 190.000000
v -4.225950 -2.908357 190.000000
v -4.599897 -2.195861 190.000000
v -4.854709 -1.432606 190.000000
v -4.983787 -0.638360 190.000000
v -4.983787 0.166305 190.000000
v -4.854709 0.960551 190.000000
v -4.599897 1.723806 190.000000
v -4.225950 2.436302 190.000000
v -3.742554 3.079586 190.000000
v -3.162227 3.636997 190.000000
v -2.500000 4.094100 190.000000
v -1.773024 4.439054 190.000000
v -1.000128 4.662926 190.000000
v -0.201330 4.759917 190.000000
v 0.602683 4.727517 190.000000
v 1.391087 4.566563 190.000000
v 2.143463 4.281225 190.000000
v 2.840324 3.878892 190.000000
v 3.463622 3.369985 190.000000
v 3.997214 2.767684 190.000000
v 4.427280 2.087588 190.000000
v 4.742682 1.347312 190.000000
v 4.935251 0.566029 190.000000
v 4.983787 0.166305 180.125000
v 4.983787 -0.638360 180.125000
v 4.854709 -1.432606 180.125000
v 4.599897 -2.195861 180.125000
v 4.225950 -2.908357 180.125000
v 3.742554 -3.551641 180.125000
v 3.162227 -4.109052 180.125000
v 2.500000 -4.566155 180.125000
v 1.773024 -4.911109 180.125000
v 1.000128 -5.134981 180.125000
v 0.201330 -5.231972 180.125000
v -0.602683 -5.199572 180.125000
v -1.391087 -5.038618 180.125000
v -2.143463 -4.753280 180.125000
v -2.840324 -4.350947 180.125000
v -3.463622 -3.842040 180.125000
v -3.997214 -3.239739 180.125000
v -4.427280 -2.559643 180.125000
v -4.742682 -1.819367 180.125000
v -4.935251 -1.038084 180.125000
v -5.000000 -0.236027 180.125000
v -4.935251 0.566029 180.125000
v -4.742682 1.347312 180.125000
v -4.427280 2.087588 180.125000
v -3.997214 2.767684 180.125000
v -3.463622 3.369985 180.125000
v -2.840324 3.878892 180.125000
v -2.143463 4.281225 180.125000
v -1.391087 4.566563 180.125000
v -0.602683 4.727517 180.125000
v 0.201330 4.759917 180.125000
v 1.000128 4.662926 180.125000
v 1.773024 4.439054 180.125000
v 2.500000 4.094100 180.125000
v 3.162227 3.636997 180.125000
v 3.742554 3.079586 180.125000
v 4.225950 2.436302 180.125000
v 4.599897 1.723806 180.125000
v 4.854709 0.960551 180.125000
v -1.201932 -0.112328 170.360500
v -1.158845 -0.439605 170.360500
v -1.032521 -0.744578 170.360500
v -0.831568 -1.006465 170.360500
v -0.569682 -1.207418 170.360500
v -0.264708 -1.333742 170.360500
v 0.062568 -1.376828 170.360500
v 0.389845 -1.333742 170.360500
v 0.694818 -1.207418 170.360500
v 0.956705 -1.006465 170.360500
v 1.157658 -0.744578 170.360500
v 1.283982 -0.439605 170.360500
v 1.327068 -0.112328 170.360500
v 1.283982 0.214948 170.360500
v 1.157658 0.519922 170.360500
v 0.956705 0.781808 170.360500
v 0.694818 0.982761 170.360500
v 0.389845 1.109085 170.360500
v 0.062568 1.152172 170.360500
v -0.264708 1.109085 170.360500
v -0.569682 0.982761 170.360500
v -0.831568 0.781808 170.360500
v -1.032521 0.519922 170.360500
v -1.158845 0.214948 170.360500
v -1.201932 -0.112328 175.000000
v -1.158845 -0.439605 175.000000
v -1.032521 -0.744578 175.000000
v -0.831568 -1.006465 175.000000
v -0.569682 -1.207418 175.000000
v -0.264708 -1.333742 175.000000
v 0.062568 -1.376828 175.000000
v 0.389845 -1.333742 175.000000
v 0.694818 -1.207418 175.000000
v 0.956705 -1.006465 175.000000
v 1.157658 -0.744578 175.000000
v 1.283982 -0.439605 175.000000
v 1.327068 -0.112328 175.000000
v 1.283982 0.214948 175.000000
v 1.157658 0.519922 175.000000
v 0.956705 0.781808 175.000000
v 0.694818 0.982761 175.000000
v 0.389845 1.109085 175.000000
v 0.062568 1.152172 175.000000
v -0.264708 1.109085 175.000000
v -0.569682 0.982761 175.000000
v -0.831568 0.781808 175.000000
v -1.032521 0.519922 175.000000
v -1.158845 0.214948 175.000000
v 4.000000 -0.236027 190.000000
v 3.935718 -0.950255 190.000000
v 3.744939 -1.641527 190.000000
v 3.433795 -2.287625 190.000000
v 3.012286 -2.867782 190.000000
v 2.493959 -3.363353 190.000000
v 1.895475 -3.758410 190.000000
v 1.236068 -4.040254 190.000000
v 0.536933 -4.199827 190.000000
v -0.179459 -4.232000 190.000000
v -0.890084 -4.135739 190.000000
v -1.572100 -3.914139 190.000000
v -2.203588 -3.574321 190.000000
v -2.764251 -3.127207 190.000000
v -3.236068 -2.587169 190.000000
v -3.603875 -1.971562 190.000000
v -3.855851 -1.300175 190.000000
v -3.983897 -0.594585 190.000000
v -3.983897 0.122530 190.000000
v -3.855851 0.828120 190.000000
v -3.603875 1.499507 190.000000
v -3.236068 2.115114 190.000000
v -2.764251 2.655152 190.000000
v -2.203588 3.102266 190.000000
v -1.572100 3.442084 190.000000
v -0.890084 3.663684 190.000000
v -0.179459 3.759945 190.000000
v 0.536933 3.727772 190.000000
v 1.236068 3.568199 190.000000
v 1.895475 3.286355 190.000000
v 2.493959 2.891298 190.000000
v 3.012286 2.395727 190.000000
v 3.433795 1.815570 190.000000
v 3.744939 1.169472 190.000000
v 3.935718 0.478200 190.000000
v -0.000000 -0.236027 188.000000
v -3.490520 -0.236027 189.420018
v -2.897833 -0.236027 188.925376
v -2.236068 -0.236027 188.527864
v -1.520999 -0.236027 188.236959
v -0.769673 -0.236027 188.059595
v -2.790471 -2.332930 189.420018
v 2.207563 -2.939802 189.420018
v 2.207563 2.467747 189.420018
v -2.790471 1.860875 189.420018
v 3.479201 0.044843 189.420018
v 2.888436 -0.002849 188.925376
v 2.228817 -0.056099 188.527864
v 1.516067 -0.113638 188.236959
v 0.767178 -0.174095 188.059595
v 0.767178 -0.297960 188.059595
v 1.516067 -0.358417 188.236959
v 2.228817 -0.415956 188.527864
v 2.888436 -0.469206 188.925376
v 3.479201 -0.516898 189.420018
v 3.389092 0.599309 189.420018
v 2.813627 0.457469 188.925376
v 2.171092 0.299099 188.527864
v 1.476802 0.127972 188.236959
v 0.747308 -0.051833 188.059595
v 3.211207 1.132140 189.420018
v 2.665947 0.899826 188.925376
v 2.057137 0.640436 188.527864
v 1.399288 0.360154 188.236959
v 0.708084 0.065659 188.059595
v 2.950153 1.629536 189.420018
v 2.449220 1.312765 188.925376
v 1.889902 0.959074 188.527864
v 1.285534 0.576895 188.236959
v 0.650520 0.175337 188.059595
v 2.612692 2.078615 189.420018
v 2.169059 1.685591 188.925376
v 1.673721 1.246760 188.527864
v 1.138484 0.772582 188.236959
v 0.576109 0.274360 188.059595
v 1.745260 2.786852 189.420018
v 1.448917 2.273570 188.925376
v 1.118034 1.700464 188.527864
v 0.760500 1.081197 188.236959
v 0.384837 0.430529 188.059595
v 0.486776 0.360165 188.059595
v 0.961949 0.942146 188.236959
v 1.414191 1.496042 188.527864
v 1.832721 2.008648 188.925376
v 1.237755 3.027665 189.420018
v 1.027586 2.473494 188.925376
v 0.792921 1.854732 188.527864
v 0.539354 1.186132 188.236959
v 0.272930 0.483630 188.059595
v 0.698194 3.183951 189.420018
v 0.579641 2.603242 188.925376
v 0.447271 1.954851 188.527864
v 0.304239 1.254234 188.236959
v 0.153954 0.518091 188.059595
v 0.140549 3.251662 189.420018
v 0.116684 2.659456 188.925376
v 0.090037 1.998227 188.527864
v 0.061244 1.283738 188.236959
v 0.030992 0.533022 188.059595
v -0.420736 3.229043 189.420018
v -0.349295 2.640677 188.925376
v -0.269528 1.983737 188.527864
v -0.183336 1.273882 188.236959
v -0.092774 0.528034 188.059595
v -0.971124 3.116680 189.420018
v -0.806228 2.547394 188.925376
v -0.622113 1.911756 188.527864
v -0.423169 1.224920 188.236959
v -0.214137 0.503258 188.059595
v -1.496360 2.917484 189.420018
v -1.242280 2.382021 188.925376
v -0.958586 1.784149 188.527864
v -0.652041 1.138120 188.236959
v -0.329953 0.459334 188.059595
v -1.982841 2.636614 189.420018
v -1.646157 2.148842 188.925376
v -1.270231 1.604220 188.527864
v -0.864026 1.015731 188.236959
v -0.437224 0.397401 188.059595
v -2.417968 2.281344 189.420018
v -2.007400 1.853897 188.925376
v -1.548979 1.376630 188.527864
v -1.053633 0.860921 188.236959
v -0.533172 0.319063 188.059595
v -3.090702 1.386098 189.420018
v -2.565904 1.110663 188.925376
v -1.979940 0.803125 188.527864
v -1.346778 0.470816 188.236959
v -0.681512 0.121658 188.059595
v -0.615310 0.226348 188.059595
v -1.215952 0.677701 188.236959
v -1.787608 1.107273 188.527864
v -2.316652 1.504823 188.925376
v -3.310885 0.869308 189.420018
v -2.748700 0.681624 188.925376
v -2.120992 0.472064 188.527864
v -1.442723 0.245624 188.236959
v -0.730063 0.007703 188.059595
v -3.445319 0.323891 189.420018
v -2.860307 0.228818 188.925376
v -2.207111 0.122663 188.527864
v -1.501303 0.007958 188.236959
v -0.759706 -0.112563 188.059595
v -3.445319 -0.795946 189.420018
v -2.860307 -0.700873 188.925376
v -2.207111 -0.594718 188.527864
v -1.501303 -0.480013 188.236959
v -0.759706 -0.359492 188.059595
v -3.310885 -1.341363 189.420018
v -2.748700 -1.153679 188.925376
v -2.120992 -0.944119 188.527864
v -1.442723 -0.717679 188.236959
v -0.730063 -0.479758 188.059595
v -3.090702 -1.858153 189.420018
v -2.565904 -1.582718 188.925376
v -1.979940 -1.275180 188.527864
v -1.346778 -0.942871 188.236959
v -0.681512 -0.593713 188.059595
v -2.316652 -1.976878 188.925376
v -1.787608 -1.579328 188.527864
v -1.215952 -1.149756 188.236959
v -0.615310 -0.698403 188.059595
v -1.982841 -3.108669 189.420018
v -1.646157 -2.620897 188.925376
v -1.270231 -2.076275 188.527864
v -0.864026 -1.487786 188.236959
v -0.437224 -0.869456 188.059595
v -0.533172 -0.791118 188.059595
v -1.053633 -1.332976 188.236959
v -1.548979 -1.848685 188.527864
v -2.007400 -2.325952 188.925376
v -2.417968 -2.753399 189.420018
v -1.496360 -3.389539 189.420018
v -1.242280 -2.854076 188.925376
v -0.958586 -2.256204 188.527864
v -0.652041 -1.610175 188.236959
v -0.329953 -0.931389 188.059595
v -0.971124 -3.588735 189.420018
v -0.806228 -3.019449 188.925376
v -0.622113 -2.383811 188.527864
v -0.423169 -1.696975 188.236959
v -0.214137 -0.975313 188.059595
v -0.420736 -3.701098 189.420018
v -0.349295 -3.112732 188.925376
v -0.269528 -2.455792 188.527864
v -0.183336 -1.745937 188.236959
v -0.092774 -1.000089 188.059595
v 0.140549 -3.723717 189.420018
v 0.116684 -3.131511 188.925376
v 0.090037 -2.470282 188.527864
v 0.061244 -1.755793 188.236959
v 0.030992 -1.005077 188.059595
v 0.698194 -3.656006 189.420018
v 0.579641 -3.075297 188.925376
v 0.447271 -2.426906 188.527864
v 0.304239 -1.726289 188.236959
v 0.153954 -0.990146 188.059595
v 1.237755 -3.499720 189.420018
v 1.027586 -2.945549 188.925376
v 0.792921 -2.326787 188.527864
v 0.539354 -1.658187 188.236959
v 0.272930 -0.955685 188.059595
v 1.745260 -3.258907 189.420018
v 1.448917 -2.745625 188.925376
v 1.118034 -2.172519 188.527864
v 0.760500 -1.553252 188.236959
v 0.384837 -0.902584 188.059595
v 1.832721 -2.480703 188.925376
v 1.414191 -1.968097 188.527864
v 0.961949 -1.414201 188.236959
v 0.486776 -0.832220 188.059595
v 2.950153 -2.101591 189.420018
v 2.449220 -1.784820 188.925376
v 1.889902 -1.431129 188.527864
v 1.285534 -1.048950 188.236959
v 0.650520 -0.647392 188.059595
v 0.576109 -0.746415 188.059595
v 1.138484 -1.244637 188.236959
v 1.673721 -1.718815 188.527864
v 2.169059 -2.157646 188.925376
v 2.612692 -2.550670 189.420018
v 3.211207 -1.604195 189.420018
v 2.665947 -1.371881 188.925376
v 2.057137 -1.112491 188.527864
v 1.399288 -0.832208 188.236959
v 0.708084 -0.537714 188.059595
v 3.389092 -1.071364 189.420018
v 2.813627 -0.929524 188.925376
v 2.171092 -0.771154 188.527864
v 1.476802 -0.600026 188.236959
v 0.747308 -0.420222 188.059595
vt 0.017678 -1.450920 0.000000
vt -0.017678 -1.452987 0.000000
vt 0.017678 -1.531526 0.000000
vt -0.017678 -1.531526 0.000000
vt 0.017678 1.531526 0.000000
vt -0.017678 1.531526 0.000000
vt -0.017678 1.452987 0.000000
vt -0.017678 -1.374447 0.000000
vt 0.017678 -1.370313 0.000000
vt -0.017678 -1.295907 0.000000
vt 0.017678 -1.289706 0.000000
vt -0.017678 -1.217367 0.000000
vt 0.017678 -1.209100 0.000000
vt -0.017678 -1.138827 0.000000
vt 0.017678 -1.128493 0.000000
vt -0.017678 -1.060288 0.000000
vt 0.017678 -1.047886 0.000000
vt -0.017678 -0.981748 0.000000
vt 0.017678 -0.967280 0.000000
vt -0.017678 -0.903208 0.000000
vt 0.017678 -0.886673 0.000000
vt -0.017678 -0.824668 0.000000
vt 0.017678 -0.806067 0.000000
vt -0.017678 -0.746128 0.000000
vt 0.017678 -0.725460 0.000000
vt -0.017678 -0.667588 0.000000
vt 0.017678 -0.644853 0.000000
vt -0.017678 -0.589049 0.000000
vt 0.017678 -0.564247 0.000000
vt -0.017678 -0.510509 0.000000
vt 0.017678 -0.483640 0.000000
vt -0.017678 -0.431969 0.000000
vt 0.017678 -0.403033 0.000000
vt -0.017678 -0.353429 0.000000
vt 0.017678 -0.322427 0.000000
vt -0.017678 -0.274889 0.000000
vt 0.017678 -0.241820 0.000000
vt -0.017678 -0.196350 0.000000
vt 0.017678 -0.161213 0.000000
vt -0.017678 -0.117810 0.000000
vt 0.017678 -0.080607 0.000000
vt -0.017678 -0.039270 0.000000
vt 0.017678 -0.000000 0.000000
vt -0.017678 0.039270 0.000000
vt 0.017678 0.080607 0.000000
vt -0.017678 0.117810 0.000000
vt 0.017678 0.161213 0.000000
vt -0.017678 0.196350 0.000000
vt 0.017678 0.241820 0.000000
vt -0.017678 0.274889 0.000000
vt 0.017678 0.322427 0.000000
vt -0.017678 0.353429 0.000000
vt 0.017678 0.403033 0.000000
vt -0.017678 0.431969 0.000000
vt 0.017678 0.483640 0.000000
vt -0.017678 0.510509 0.000000
vt 0.017678 0.564247 0.000000
vt -0.017678 0.589049 0.000000
vt 0.017678 0.644853 0.000000
vt -0.017678 0.667588 0.000000
vt 0.017678 0.725460 0.000000
vt -0.017678 0.746128 0.000000
vt 0.017678 0.806067 0.000000
vt -0.017678 0.824668 0.000000
vt 0.017678 0.886673 0.000000
vt -0.017678 0.903208 0.000000
vt 0.017678 0.967280 0.000000
vt -0.017678 0.981748 0.000000
vt 0.017678 1.047886 0.000000
vt -0.017678 1.060288 0.000000
vt 0.017678 1.128493 0.000000
vt -0.017678 1.138827 0.000000
vt 0.017678 1.209100 0.000000
vt -0.017678 1.217367 0.000000
vt 0.017678 1.289706 0.000000
vt -0.017678 1.295907 0.000000
vt 0.017678 1.370313 0.000000
vt -0.017678 1.374447 0.000000
vt 0.017678 1.450920 0.000000
vt 0.650706 -0.029688 0.000000
vt 0.968522 -0.078182 0.000000
vt 0.656243 0.012370 0.000000
vt 0.975000 0.000000 0.000000
vt 0.968522 0.078182 0.000000
vt 0.949263 -0.154232 0.000000
vt 0.634472 -0.068880 0.000000
vt 0.917750 -0.226075 0.000000
vt 0.874842 -0.291751 0.000000
vt 0.608648 -0.102535 0.000000
vt 0.821709 -0.349469 0.000000
vt 0.574993 -0.128359 0.000000
vt 0.759800 -0.397654 0.000000
vt 0.690805 -0.434992 0.000000
vt 0.535801 -0.144593 0.000000
vt 0.616606 -0.460465 0.000000
vt 0.539225 -0.473378 0.000000
vt 0.493743 -0.150130 0.000000
vt 0.460775 -0.473378 0.000000
vt 0.451685 -0.144593 0.000000
vt 0.383394 -0.460465 0.000000
vt 0.309195 -0.434992 0.000000
vt 0.412493 -0.128359 0.000000
vt 0.240200 -0.397654 0.000000
vt 0.178291 -0.349469 0.000000
vt 0.378838 -0.102535 0.000000
vt 0.125158 -0.291751 0.000000
vt 0.353014 -0.068880 0.000000
vt 0.082250 -0.226075 0.000000
vt 0.050737 -0.154232 0.000000
vt 0.336780 -0.029688 0.000000
vt 0.031478 -0.078182 0.000000
vt 0.331243 0.012370 0.000000
vt 0.025000 0.000000 0.000000
vt 0.031478 0.078182 0.000000
vt 0.336780 0.054428 0.000000
vt 0.050737 0.154232 0.000000
vt 0.082250 0.226075 0.000000
vt 0.353014 0.093620 0.000000
vt 0.125158 0.291751 0.000000
vt 0.378838 0.127275 0.000000
vt 0.178291 0.349469 0.000000
vt 0.240200 0.397654 0.000000
vt 0.412493 0.153099 0.000000
vt 0.309195 0.434992 0.000000
vt 0.451685 0.169333 0.000000
vt 0.383394 0.460465 0.000000
vt 0.460775 0.473378 0.000000
vt 0.493743 0.174870 0.000000
vt 0.539225 0.473378 0.000000
vt 0.535801 0.169333 0.000000
vt 0.616606 0.460465 0.000000
vt 0.690805 0.434992 0.000000
vt 0.574993 0.153099 0.000000
vt 0.759800 0.397654 0.000000
vt 0.608648 0.127275 0.000000
vt 0.821709 0.349469 0.000000
vt 0.874842 0.291751 0.000000
vt 0.634472 0.093620 0.000000
vt 0.917750 0.226075 0.000000
vt 0.650706 0.054428 0.000000
vt 0.949263 0.154232 0.000000
vt -1.000000 -0.080554 0.000000
vt -0.012500 -0.040277 0.000000
vt -1.000000 0.000000 0.000000
vt -0.012500 0.040277 0.000000
vt -1.000000 0.080554 0.000000
vt -0.012500 0.120830 0.000000
vt -1.000000 0.161107 0.000000
vt -0.012500 0.201384 0.000000
vt -1.000000 0.241661 0.000000
vt -0.012500 0.281938 0.000000
vt -1.000000 0.322215 0.000000
vt -0.012500 0.362491 0.000000
vt -1.000000 0.402768 0.000000
vt -0.012500 0.443045 0.000000
vt -1.000000 0.483322 0.000000
vt -0.012500 0.523599 0.000000
vt -1.000000 0.563876 0.000000
vt -0.012500 0.604152 0.000000
vt -1.000000 0.644429 0.000000
vt -0.012500 0.684706 0.000000
vt -1.000000 0.724983 0.000000
vt -0.012500 0.765260 0.000000
vt -1.000000 0.805537 0.000000
vt -0.012500 0.845813 0.000000
vt -1.000000 0.886090 0.000000
vt -0.012500 0.926367 0.000000
vt -1.000000 0.966644 0.000000
vt -0.012500 1.006921 0.000000
vt -1.000000 1.047198 0.000000
vt -0.012500 1.087474 0.000000
vt -1.000000 1.127751 0.000000
vt -0.012500 1.168028 0.000000
vt -1.000000 1.208305 0.000000
vt -0.012500 1.248582 0.000000
vt -1.000000 1.288859 0.000000
vt -0.012500 1.329135 0.000000
vt -1.000000 1.369412 0.000000
vt -0.012500 1.409689 0.000000
vt -1.000000 1.449966 0.000000
vt -0.012500 1.490243 0.000000
vt -1.000000 1.530519 0.000000
vt -0.012500 1.570796 0.000000
vt -1.000000 1.611073 0.000000
vt -1.000000 -1.530519 0.000000
vt -0.012500 -1.570796 0.000000
vt -0.012500 -1.490243 0.000000
vt -1.000000 -1.449966 0.000000
vt -0.012500 -1.409689 0.000000
vt -1.000000 -1.369412 0.000000
vt -0.012500 -1.329135 0.000000
vt -1.000000 -1.288859 0.000000
vt -0.012500 -1.248582 0.000000
vt -1.000000 -1.208305 0.000000
vt -0.012500 -1.168028 0.000000
vt -1.000000 -1.127751 0.000000
vt -0.012500 -1.087474 0.000000
vt -1.000000 -1.047198 0.000000
vt -0.012500 -1.006921 0.000000
vt -1.000000 -0.966644 0.000000
vt -0.012500 -0.926367 0.000000
vt -1.000000 -0.886090 0.000000
vt -0.012500 -0.845813 0.000000
vt -1.000000 -0.805537 0.000000
vt -0.012500 -0.765260 0.000000
vt -1.000000 -0.724983 0.000000
vt -0.012500 -0.684706 0.000000
vt -1.000000 -0.644429 0.000000
vt -0.012500 -0.604152 0.000000
vt -1.000000 -0.563876 0.000000
vt -0.012500 -0.523599 0.000000
vt -1.000000 -0.483322 0.000000
vt -0.012500 -0.443045 0.000000
vt -1.000000 -0.402768 0.000000
vt -0.012500 -0.362491 0.000000
vt -1.000000 -0.322215 0.000000
vt -0.012500 -0.281938 0.000000
vt -1.000000 -0.241661 0.000000
vt -0.012500 -0.201384 0.000000
vt -1.000000 -0.161107 0.000000
vt -0.012500 -0.120830 0.000000
vt 0.975000 0.080554 0.000000
vt 0.975000 -0.000000 0.000000
vt 0.975000 -0.080554 0.000000
vt 0.975000 -0.161107 0.000000
vt 0.975000 -0.241661 0.000000
vt 0.975000 -0.322215 0.000000
vt 0.975000 -0.402768 0.000000
vt 0.975000 -0.483322 0.000000
vt 0.975000 -0.563876 0.000000
vt 0.975000 -0.644429 0.000000
vt 0.975000 -0.724983 0.000000
vt 0.975000 -0.805537 0.000000
vt 0.975000 -0.886090 0.000000
vt 0.975000 -0.966644 0.000000
vt 0.975000 -1.047198 0.000000
vt 0.975000 -1.127751 0.000000
vt 0.975000 -1.208305 0.000000
vt 0.975000 -1.288859 0.000000
vt 0.975000 -1.369412 0.000000
vt 0.975000 -1.449966 0.000000
vt 0.975000 -1.530519 0.000000
vt 0.975000 -1.611073 0.000000
vt 0.975000 1.530519 0.000000
vt 0.975000 1.449966 0.000000
vt 0.975000 1.369412 0.000000
vt 0.975000 1.288859 0.000000
vt 0.975000 1.208305 0.000000
vt 0.975000 1.127751 0.000000
vt 0.975000 1.047198 0.000000
vt 0.975000 0.966644 0.000000
vt 0.975000 0.886090 0.000000
vt 0.975000 0.805537 0.000000
vt 0.975000 0.724983 0.000000
vt 0.975000 0.644429 0.000000
vt 0.975000 0.563876 0.000000
vt 0.975000 0.483322 0.000000
vt 0.975000 0.402768 0.000000
vt 0.975000 0.322215 0.000000
vt 0.975000 0.241661 0.000000
vt 0.975000 0.161107 0.000000
vt -0.025491 -0.037823 0.000000
vt 0.025491 -0.037823 0.000000
vt -0.025491 -0.000000 0.000000
vt 0.025491 0.000000 0.000000
vt -0.025491 0.037823 0.000000
vt 0.025491 0.037823 0.000000
vt -0.025491 0.075647 0.000000
vt 0.025491 0.075647 0.000000
vt -0.025491 0.113470 0.000000
vt 0.025491 0.113470 0.000000
vt -0.025491 0.151294 0.000000
vt 0.025491 0.151294 0.000000
vt -0.025491 0.189117 0.000000
vt 0.025491 0.189117 0.000000
vt -0.025491 0.226941 0.000000
vt 0.025491 0.226941 0.000000
vt -0.025491 0.264764 0.000000
vt 0.025491 0.264764 0.000000
vt -0.025491 0.302588 0.000000
vt 0.025491 0.302588 0.000000
vt -0.025491 0.340411 0.000000
vt 0.025491 0.340411 0.000000
vt -0.025491 0.378235 0.000000
vt 0.025491 0.378235 0.000000
vt -0.025491 0.416058 0.000000
vt 0.025491 0.416058 0.000000
vt -0.025491 0.453882 0.000000
vt 0.025491 0.453882 0.000000
vt -0.025491 -0.453882 0.000000
vt 0.025491 -0.453882 0.000000
vt -0.025491 -0.416058 0.000000
vt 0.025491 -0.416058 0.000000
vt -0.025491 -0.378235 0.000000
vt 0.025491 -0.378235 0.000000
vt -0.025491 -0.340411 0.000000
vt 0.025491 -0.340411 0.000000
vt -0.025491 -0.302588 0.000000
vt 0.025491 -0.302588 0.000000
vt -0.025491 -0.264764 0.000000
vt 0.025491 -0.264764 0.000000
vt -0.025491 -0.226941 0.000000
vt 0.025491 -0.226941 0.000000
vt -0.025491 -0.189117 0.000000
vt 0.025491 -0.189117 0.000000
vt -0.025491 -0.151294 0.000000
vt 0.025491 -0.151294 0.000000
vt -0.025491 -0.113470 0.000000
vt 0.025491 -0.113470 0.000000
vt -0.025491 -0.075647 0.000000
vt 0.025491 -0.075647 0.000000
vt -0.213950 -0.033105 0.000000
vt 0.250000 -0.033105 0.000000
vt -0.213950 -0.000000 0.000000
vt 0.250000 0.000000 0.000000
vt -0.213950 0.033105 0.000000
vt 0.250000 0.033105 0.000000
vt -0.213950 0.066209 0.000000
vt 0.250000 0.066209 0.000000
vt -0.213950 0.099314 0.000000
vt 0.250000 0.099314 0.000000
vt -0.213950 0.132418 0.000000
vt 0.250000 0.132418 0.000000
vt -0.213950 0.165523 0.000000
vt 0.250000 0.165523 0.000000
vt -0.213950 0.198627 0.000000
vt 0.250000 0.198627 0.000000
vt -0.213950 0.231732 0.000000
vt 0.250000 0.231732 0.000000
vt -0.213950 0.264836 0.000000
vt 0.250000 0.264836 0.000000
vt -0.213950 0.297941 0.000000
vt 0.250000 0.297941 0.000000
vt -0.213950 0.331045 0.000000
vt 0.250000 0.331045 0.000000
vt -0.213950 0.364150 0.000000
vt 0.250000 0.364150 0.000000
vt -0.213950 0.397254 0.000000
vt 0.250000 0.397254 0.000000
vt -0.213950 -0.397254 0.000000
vt 0.250000 -0.397254 0.000000
vt -0.213950 -0.364150 0.000000
vt 0.250000 -0.364150 0.000000
vt -0.213950 -0.331045 0.000000
vt 0.250000 -0.331045 0.000000
vt -0.213950 -0.297941 0.000000
vt 0.250000 -0.297941 0.000000
vt -0.213950 -0.264836 0.000000
vt 0.250000 -0.264836 0.000000
vt -0.213950 -0.231732 0.000000
vt 0.250000 -0.231732 0.000000
vt -0.213950 -0.198627 0.000000
vt 0.250000 -0.198627 0.000000
vt -0.213950 -0.165523 0.000000
vt 0.250000 -0.165523 0.000000
vt -0.213950 -0.132418 0.000000
vt 0.250000 -0.132418 0.000000
vt -0.213950 -0.099314 0.000000
vt 0.250000 -0.099314 0.000000
vt -0.213950 -0.066209 0.000000
vt 0.250000 -0.066209 0.000000
vt -0.122141 -0.032728 0.000000
vt 0.122141 -0.032728 0.000000
vt -0.126450 0.000000 0.000000
vt 0.126450 0.000000 0.000000
vt -0.122141 0.032728 0.000000
vt 0.122141 0.032728 0.000000
vt -0.109509 0.063225 0.000000
vt 0.109509 0.063225 0.000000
vt -0.089414 0.089414 0.000000
vt 0.089414 0.089414 0.000000
vt -0.063225 0.109509 0.000000
vt 0.063225 0.109509 0.000000
vt -0.032728 0.122141 0.000000
vt 0.032728 0.122141 0.000000
vt -0.000000 0.126450 0.000000
vt 0.109509 -0.063225 0.000000
vt -0.109509 -0.063225 0.000000
vt 0.089414 -0.089414 0.000000
vt -0.089414 -0.089414 0.000000
vt 0.063225 -0.109509 0.000000
vt -0.063225 -0.109509 0.000000
vt 0.032728 -0.122141 0.000000
vt -0.032728 -0.122141 0.000000
vt 0.000000 -0.126450 0.000000
vt 0.093525 -0.080206 0.000000
vt 0.100000 0.000000 0.000000
vt 0.000000 0.000000 0.000000
vt 0.093525 0.080206 0.000000
vt -0.006428 0.071423 0.000000
vt 0.074268 0.158334 0.000000
vt -0.025506 0.140550 0.000000
vt 0.042728 0.232362 0.000000
vt -0.056620 0.205160 0.000000
vt -0.000279 0.300371 0.000000
vt -0.098771 0.263175 0.000000
vt -0.053638 0.360601 0.000000
vt -0.150604 0.312733 0.000000
vt -0.115968 0.411492 0.000000
vt -0.210453 0.352238 0.000000
vt -0.185654 0.451725 0.000000
vt -0.276393 0.380423 0.000000
vt -0.260891 0.480259 0.000000
vt -0.346307 0.396380 0.000000
vt -0.339732 0.496354 0.000000
vt -0.417946 0.399597 0.000000
vt -0.420133 0.499594 0.000000
vt -0.500013 0.489895 0.000000
vt -0.489008 0.389971 0.000000
vt -0.577302 0.467508 0.000000
vt -0.557210 0.367811 0.000000
vt -0.650000 0.433013 0.000000
vt -0.620359 0.333829 0.000000
vt -0.716223 0.387302 0.000000
vt -0.676425 0.289118 0.000000
vt -0.774255 0.331561 0.000000
vt -0.723607 0.235114 0.000000
vt -0.822595 0.267233 0.000000
vt -0.760388 0.173553 0.000000
vt -0.859990 0.195983 0.000000
vt -0.785585 0.106415 0.000000
vt -0.885471 0.119658 0.000000
vt -0.798390 0.035856 0.000000
vt -0.898379 0.040233 0.000000
vt -0.898379 -0.040233 0.000000
vt -0.798390 -0.035856 0.000000
vt -0.885471 -0.119658 0.000000
vt -0.785585 -0.106415 0.000000
vt -0.859990 -0.195983 0.000000
vt -0.760388 -0.173553 0.000000
vt -0.822595 -0.267233 0.000000
vt -0.723607 -0.235114 0.000000
vt -0.774255 -0.331561 0.000000
vt -0.676425 -0.289118 0.000000
vt -0.716223 -0.387302 0.000000
vt -0.620359 -0.333829 0.000000
vt -0.650000 -0.433013 0.000000
vt -0.557210 -0.367811 0.000000
vt -0.577302 -0.467508 0.000000
vt -0.489008 -0.389971 0.000000
vt -0.500013 -0.489895 0.000000
vt -0.417946 -0.399597 0.000000
vt -0.420133 -0.499594 0.000000
vt -0.339732 -0.496354 0.000000
vt -0.346307 -0.396380 0.000000
vt -0.260891 -0.480259 0.000000
vt -0.276393 -0.380423 0.000000
vt -0.185654 -0.451725 0.000000
vt -0.210453 -0.352238 0.000000
vt -0.115968 -0.411492 0.000000
vt -0.150604 -0.312733 0.000000
vt -0.053638 -0.360601 0.000000
vt -0.098771 -0.263175 0.000000
vt -0.000279 -0.300371 0.000000
vt -0.056620 -0.205160 0.000000
vt 0.042728 -0.232362 0.000000
vt -0.025506 -0.140550 0.000000
vt 0.074268 -0.158334 0.000000
vt -0.006428 -0.071423 0.000000
vt -0.321751 0.040142 0.000000
vt -0.399025 0.018012 0.000000
vt -0.321751 0.000000 0.000000
vt -0.399025 -0.018012 0.000000
vt -0.321751 -0.040142 0.000000
vt -0.399025 -0.054037 0.000000
vt -0.321751 -0.080284 0.000000
vt -0.399025 -0.090062 0.000000
vt -0.321751 -0.120425 0.000000
vt -0.399025 -0.126086 0.000000
vt -0.321751 -0.160567 0.000000
vt -0.399025 -0.162111 0.000000
vt -0.399025 -0.198136 0.000000
vt -0.476300 -0.162111 0.000000
vt -0.476300 -0.198136 0.000000
vt -0.553574 -0.162111 0.000000
vt -0.553574 -0.198136 0.000000
vt -0.630849 -0.162111 0.000000
vt -0.630849 -0.198136 0.000000
vt -0.708124 -0.162111 0.000000
vt -0.708124 -0.198136 0.000000
vt -0.785398 -0.162111 0.000000
vt -0.399025 0.054037 0.000000
vt -0.321751 0.080284 0.000000
vt -0.399025 0.090062 0.000000
vt -0.321751 0.120425 0.000000
vt -0.399025 0.126086 0.000000
vt -0.321751 0.160567 0.000000
vt -0.399025 0.162111 0.000000
vt -0.399025 0.198136 0.000000
vt -0.476300 0.198136 0.000000
vt -0.476300 0.234160 0.000000
vt -0.553574 0.234160 0.000000
vt -0.553574 0.270185 0.000000
vt -0.630849 0.270185 0.000000
vt -0.630849 0.306210 0.000000
vt -0.708124 0.306210 0.000000
vt -0.708124 0.342235 0.000000
vt -0.785398 0.342235 0.000000
vt -0.321751 0.200709 0.000000
vt -0.399025 0.234160 0.000000
vt -0.476300 0.270185 0.000000
vt -0.553574 0.306210 0.000000
vt -0.630849 0.342235 0.000000
vt -0.708124 0.378259 0.000000
vt -0.785398 0.378259 0.000000
vt -0.321751 0.240851 0.000000
vt -0.399025 0.270185 0.000000
vt -0.476300 0.306210 0.000000
vt -0.553574 0.342235 0.000000
vt -0.630849 0.378259 0.000000
vt -0.708124 0.414284 0.000000
vt -0.785398 0.414284 0.000000
vt -0.321751 0.280993 0.000000
vt -0.399025 0.306210 0.000000
vt -0.476300 0.342235 0.000000
vt -0.553574 0.378259 0.000000
vt -0.630849 0.414284 0.000000
vt -0.708124 0.450309 0.000000
vt -0.785398 0.450309 0.000000
vt -0.321751 0.321134 0.000000
vt -0.399025 0.342235 0.000000
vt -0.476300 0.378259 0.000000
vt -0.553574 0.414284 0.000000
vt -0.630849 0.450309 0.000000
vt -0.708124 0.486333 0.000000
vt -0.785398 0.486333 0.000000
vt -0.321751 0.361276 0.000000
vt -0.399025 0.378259 0.000000
vt -0.476300 0.414284 0.000000
vt -0.553574 0.450309 0.000000
vt -0.630849 0.486333 0.000000
vt -0.708124 0.522358 0.000000
vt -0.785398 0.522358 0.000000
vt -0.321751 0.401418 0.000000
vt -0.399025 0.414284 0.000000
vt -0.476300 0.450309 0.000000
vt -0.553574 0.486333 0.000000
vt -0.630849 0.522358 0.000000
vt -0.708124 0.558383 0.000000
vt -0.785398 0.558383 0.000000
vt -0.321751 0.441560 0.000000
vt -0.399025 0.450309 0.000000
vt -0.476300 0.486333 0.000000
vt -0.553574 0.522358 0.000000
vt -0.630849 0.558383 0.000000
vt -0.708124 0.594407 0.000000
vt -0.785398 0.594407 0.000000
vt -0.321751 0.481702 0.000000
vt -0.399025 0.486333 0.000000
vt -0.476300 0.522358 0.000000
vt -0.553574 0.558383 0.000000
vt -0.630849 0.594407 0.000000
vt -0.708124 0.630432 0.000000
vt -0.785398 0.630432 0.000000
vt -0.321751 0.521843 0.000000
vt -0.399025 0.522358 0.000000
vt -0.476300 0.558383 0.000000
vt -0.553574 0.594407 0.000000
vt -0.630849 0.630432 0.000000
vt -0.708124 0.666457 0.000000
vt -0.785398 0.666457 0.000000
vt -0.399025 0.558383 0.000000
vt -0.321751 0.561985 0.000000
vt -0.399025 0.594407 0.000000
vt -0.321751 0.602127 0.000000
vt -0.399025 0.630432 0.000000
vt -0.321751 0.642269 0.000000
vt -0.399025 0.666457 0.000000
vt -0.321751 0.682411 0.000000
vt -0.399025 0.702481 0.000000
vt -0.399025 -0.702481 0.000000
vt -0.321751 -0.722552 0.000000
vt -0.321751 -0.682411 0.000000
vt -0.399025 -0.666457 0.000000
vt -0.321751 -0.642269 0.000000
vt -0.399025 -0.630432 0.000000
vt -0.321751 -0.602127 0.000000
vt -0.399025 -0.594407 0.000000
vt -0.321751 -0.561985 0.000000
vt -0.399025 -0.558383 0.000000
vt -0.321751 -0.521843 0.000000
vt -0.399025 -0.522358 0.000000
vt -0.399025 -0.486333 0.000000
vt -0.476300 -0.486333 0.000000
vt -0.476300 -0.450309 0.000000
vt -0.553574 -0.450309 0.000000
vt -0.553574 -0.414284 0.000000
vt -0.630849 -0.414284 0.000000
vt -0.630849 -0.378259 0.000000
vt -0.708124 -0.378259 0.000000
vt -0.708124 -0.342235 0.000000
vt -0.785398 -0.342235 0.000000
vt -0.321751 -0.481702 0.000000
vt -0.399025 -0.450309 0.000000
vt -0.476300 -0.414284 0.000000
vt -0.553574 -0.378259 0.000000
vt -0.630849 -0.342235 0.000000
vt -0.708124 -0.306210 0.000000
vt -0.785398 -0.306210 0.000000
vt -0.321751 -0.441560 0.000000
vt -0.399025 -0.414284 0.000000
vt -0.476300 -0.378259 0.000000
vt -0.553574 -0.342235 0.000000
vt -0.630849 -0.306210 0.000000
vt -0.708124 -0.270185 0.000000
vt -0.785398 -0.270185 0.000000
vt -0.321751 -0.401418 0.000000
vt -0.399025 -0.378259 0.000000
vt -0.476300 -0.342235 0.000000
vt -0.553574 -0.306210 0.000000
vt -0.630849 -0.270185 0.000000
vt -0.708124 -0.234160 0.000000
vt -0.785398 -0.234160 0.000000
vt -0.321751 -0.361276 0.000000
vt -0.399025 -0.342235 0.000000
vt -0.476300 -0.306210 0.000000
vt -0.553574 -0.270185 0.000000
vt -0.630849 -0.234160 0.000000
vt -0.785398 -0.198136 0.000000
vt -0.321751 -0.321134 0.000000
vt -0.399025 -0.306210 0.000000
vt -0.476300 -0.270185 0.000000
vt -0.553574 -0.234160 0.000000
vt -0.321751 -0.280993 0.000000
vt -0.399025 -0.270185 0.000000
vt -0.476300 -0.234160 0.000000
vt -0.321751 -0.240851 0.000000
vt -0.399025 -0.234160 0.000000
vt -0.321751 -0.200709 0.000000
vt -0.708124 0.702481 0.000000
vt -0.785398 0.702481 0.000000
vt -0.785398 0.306210 0.000000
vt -0.708124 0.270185 0.000000
vt -0.785398 0.270185 0.000000
vt -0.708124 0.234160 0.000000
vt -0.708124 0.198136 0.000000
vt -0.785398 0.198136 0.000000
vt -0.708124 0.162111 0.000000
vt -0.785398 0.162111 0.000000
vt -0.708124 0.126086 0.000000
vt -0.785398 0.126086 0.000000
vt -0.708124 0.090062 0.000000
vt -0.785398 0.090062 0.000000
vt -0.708124 0.054037 0.000000
vt -0.785398 0.054037 0.000000
vt -0.708124 0.018012 0.000000
vt -0.785398 0.018012 0.000000
vt -0.708124 -0.018012 0.000000
vt -0.785398 -0.018012 0.000000
vt -0.708124 -0.054037 0.000000
vt -0.785398 -0.054037 0.000000
vt -0.708124 -0.090062 0.000000
vt -0.785398 -0.090062 0.000000
vt -0.708124 -0.126086 0.000000
vt -0.785398 -0.126086 0.000000
vt -0.785398 -0.378259 0.000000
vt -0.708124 -0.414284 0.000000
vt -0.785398 -0.414284 0.000000
vt -0.708124 -0.450309 0.000000
vt -0.785398 -0.450309 0.000000
vt -0.708124 -0.486333 0.000000
vt -0.785398 -0.486333 0.000000
vt -0.708124 -0.522358 0.000000
vt -0.785398 -0.522358 0.000000
vt -0.708124 -0.558383 0.000000
vt -0.785398 -0.558383 0.000000
vt -0.708124 -0.594407 0.000000
vt -0.785398 -0.594407 0.000000
vt -0.708124 -0.630432 0.000000
vt -0.785398 -0.630432 0.000000
vt -0.708124 -0.666457 0.000000
vt -0.785398 -0.666457 0.000000
vt -0.708124 -0.702481 0.000000
vt -0.476300 0.702481 0.000000
vt -0.476300 0.666457 0.000000
vt -0.476300 0.630432 0.000000
vt -0.476300 0.594407 0.000000
vt -0.553574 0.702481 0.000000
vt -0.553574 0.666457 0.000000
vt -0.553574 0.630432 0.000000
vt -0.476300 -0.702481 0.000000
vt -0.476300 -0.666457 0.000000
vt -0.476300 -0.630432 0.000000
vt -0.476300 -0.594407 0.000000
vt -0.476300 -0.558383 0.000000
vt -0.476300 -0.522358 0.000000
vt -0.630849 0.702481 0.000000
vt -0.630849 0.666457 0.000000
vt -0.553574 -0.702481 0.000000
vt -0.553574 -0.666457 0.000000
vt -0.553574 -0.630432 0.000000
vt -0.553574 -0.594407 0.000000
vt -0.553574 -0.558383 0.000000
vt -0.553574 -0.522358 0.000000
vt -0.553574 -0.486333 0.000000
vt -0.630849 -0.702481 0.000000
vt -0.630849 -0.666457 0.000000
vt -0.630849 -0.630432 0.000000
vt -0.630849 -0.594407 0.000000
vt -0.630849 -0.558383 0.000000
vt -0.630849 -0.522358 0.000000
vt -0.630849 -0.486333 0.000000
vt -0.630849 -0.450309 0.000000
vt -0.785398 0.234160 0.000000
vt -0.476300 0.018012 0.000000
vt -0.476300 -0.018012 0.000000
vt -0.476300 -0.054037 0.000000
vt -0.476300 -0.090062 0.000000
vt -0.476300 -0.126086 0.000000
vt -0.553574 0.018012 0.000000
vt -0.553574 -0.018012 0.000000
vt -0.553574 -0.054037 0.000000
vt -0.553574 -0.090062 0.000000
vt -0.553574 -0.126086 0.000000
vt -0.476300 0.054037 0.000000
vt -0.476300 0.090062 0.000000
vt -0.476300 0.126086 0.000000
vt -0.476300 0.162111 0.000000
vt -0.630849 0.018012 0.000000
vt -0.630849 -0.018012 0.000000
vt -0.630849 -0.054037 0.000000
vt -0.630849 -0.090062 0.000000
vt -0.630849 -0.126086 0.000000
vt -0.553574 0.054037 0.000000
vt -0.553574 0.090062 0.000000
vt -0.553574 0.126086 0.000000
vt -0.553574 0.162111 0.000000
vt -0.553574 0.198136 0.000000
vt -0.630849 0.054037 0.000000
vt -0.630849 0.090062 0.000000
vt -0.630849 0.126086 0.000000
vt -0.630849 0.162111 0.000000
vt -0.630849 0.198136 0.000000
vt -0.630849 0.234160 0.000000
vn 0.069746 0.011639 -0.070711
vn 0.069795 0.011343 -0.070711
vn 0.070711 -0.000000 -0.070711
vn 0.070711 -0.000000 -0.070711
vn 0.069795 -0.011343 -0.070711
vn 0.067072 0.022392 -0.070711
vn 0.066879 0.022960 -0.070711
vn 0.062611 0.032861 -0.070711
vn 0.062188 0.033655 -0.070711
vn 0.056529 0.042479 -0.070711
vn 0.055801 0.043431 -0.070711
vn 0.048983 0.050997 -0.070711
vn 0.047891 0.052024 -0.070711
vn 0.040168 0.058194 -0.070711
vn 0.038675 0.059197 -0.070711
vn 0.030313 0.063884 -0.070711
vn 0.028404 0.064755 -0.070711
vn 0.019673 0.067919 -0.070711
vn 0.017358 0.068547 -0.070711
vn 0.008523 0.070195 -0.070711
vn 0.005839 0.070469 -0.070711
vn -0.002847 0.070653 -0.070711
vn -0.005839 0.070469 -0.070711
vn -0.014144 0.069282 -0.070711
vn -0.017358 0.068547 -0.070711
vn -0.025074 0.066116 -0.070711
vn -0.028404 0.064755 -0.070711
vn -0.035355 0.061237 -0.070711
vn -0.038675 0.059197 -0.070711
vn -0.044721 0.054773 -0.070711
vn -0.047891 0.052024 -0.070711
vn -0.052928 0.046890 -0.070711
vn -0.055801 0.043431 -0.070711
vn -0.059764 0.037792 -0.070711
vn -0.062188 0.033655 -0.070711
vn -0.065052 0.027716 -0.070711
vn -0.066879 0.022960 -0.070711
vn -0.068656 0.016922 -0.070711
vn -0.069746 0.011639 -0.070711
vn -0.070481 0.005690 -0.070711
vn -0.070711 -0.000000 -0.070711
vn -0.070481 -0.005690 -0.070711
vn -0.069746 -0.011639 -0.070711
vn -0.068656 -0.016922 -0.070711
vn -0.066879 -0.022960 -0.070711
vn -0.065052 -0.027716 -0.070711
vn -0.062188 -0.033655 -0.070711
vn -0.059764 -0.037792 -0.070711
vn -0.055801 -0.043431 -0.070711
vn -0.052928 -0.046890 -0.070711
vn -0.047891 -0.052024 -0.070711
vn -0.044721 -0.054773 -0.070711
vn -0.038675 -0.059197 -0.070711
vn -0.035355 -0.061237 -0.070711
vn -0.028404 -0.064755 -0.070711
vn -0.025074 -0.066116 -0.070711
vn -0.017358 -0.068547 -0.070711
vn -0.014144 -0.069282 -0.070711
vn -0.005839 -0.070469 -0.070711
vn -0.002847 -0.070653 -0.070711
vn 0.005839 -0.070469 -0.070711
vn 0.008523 -0.070195 -0.070711
vn 0.017358 -0.068547 -0.070711
vn 0.019673 -0.067919 -0.070711
vn 0.028404 -0.064755 -0.070711
vn 0.030313 -0.063884 -0.070711
vn 0.038675 -0.059197 -0.070711
vn 0.040168 -0.058194 -0.070711
vn 0.047891 -0.052024 -0.070711
vn 0.048983 -0.050997 -0.070711
vn 0.055801 -0.043431 -0.070711
vn 0.056529 -0.042479 -0.070711
vn 0.062188 -0.033655 -0.070711
vn 0.062611 -0.032861 -0.070711
vn 0.066879 -0.022960 -0.070711
vn 0.067072 -0.022392 -0.070711
vn 0.069746 -0.011639 -0.070711
vn 0.000000 -0.000000 -0.100000
vn 0.000000 -0.000000 -0.100000
vn 0.000000 -0.000000 -0.100000
vn 0.000000 -0.000000 -0.100000
vn 0.000000 -0.000000 -0.100000
vn 0.000000 -0.000000 -0.100000
vn 0.000000 -0.000000 -0.100000
vn 0.000000 -0.000000 -0.100000
vn 0.000000 -0.000000 -0.100000
vn 0.000000 -0.000000 -0.100000
vn 0.000000 -0.000000 -0.100000
vn 0.000000 -0.000000 -0.100000
vn 0.000000 -0.000000 -0.100000
vn 0.000000 -0.000000 -0.100000
vn 0.000000 -0.000000 -0.100000
vn 0.000000 -0.000000 -0.100000
vn 0.000000 -0.000000 -0.100000
vn 0.000000 -0.000000 -0.100000
vn 0.000000 -0.000000 -0.100000
vn 0.000000 -0.000000 -0.100000
vn 0.000000 -0.000000 -0.100000
vn 0.000000 -0.000000 -0.100000
vn 0.000000 -0.000000 -0.100000
vn 0.000000 -0.000000 -0.100000
vn 0.000000 -0.000000 -0.100000
vn 0.000000 -0.000000 -0.100000
vn 0.000000 -0.000000 -0.100000
vn 0.000000 -0.000000 -0.100000
vn 0.000000 -0.000000 -0.100000
vn 0.000000 -0.000000 -0.100000
vn 0.000000 -0.000000 -0.100000
vn 0.000000 -0.000000 -0.100000
vn 0.000000 -0.000000 -0.100000
vn 0.000000 -0.000000 -0.100000
vn 0.000000 -0.000000 -0.100000
vn 0.000000 -0.000000 -0.100000
vn 0.000000 -0.000000 -0.100000
vn 0.000000 -0.000000 -0.100000
vn 0.000000 -0.000000 -0.100000
vn 0.000000 -0.000000 -0.100000
vn 0.000000 -0.000000 -0.100000
vn 0.000000 -0.000000 -0.100000
vn 0.000000 -0.000000 -0.100000
vn 0.000000 -0.000000 -0.100000
vn 0.000000 -0.000000 -0.100000
vn 0.000000 -0.000000 -0.100000
vn 0.000000 -0.000000 -0.100000
vn 0.000000 -0.000000 -0.100000
vn 0.000000 -0.000000 -0.100000
vn 0.000000 -0.000000 -0.100000
vn 0.000000 -0.000000 -0.100000
vn 0.000000 -0.000000 -0.100000
vn 0.000000 -0.000000 -0.100000
vn 0.000000 -0.000000 -0.100000
vn 0.000000 -0.000000 -0.100000
vn 0.000000 -0.000000 -0.100000
vn 0.000000 -0.000000 -0.100000
vn 0.000000 -0.000000 -0.100000
vn 0.000000 -0.000000 -0.100000
vn 0.000000 -0.000000 -0.100000
vn 0.000000 -0.000000 -0.100000
vn 0.000000 -0.000000 -0.100000
vn 0.098705 -0.016041 0.000000
vn 0.099676 -0.008047 0.000000
vn 0.100000 0.000000 0.000000
vn 0.099676 0.008047 -0.000000
vn 0.098705 0.016041 -0.000000
vn 0.097094 0.023932 -0.000000
vn 0.094854 0.031667 -0.000000
vn 0.091998 0.039197 -0.000000
vn 0.088546 0.046472 -0.000000
vn 0.084519 0.053447 -0.000000
vn 0.079944 0.060074 -0.000000
vn 0.074851 0.066312 -0.000000
vn 0.069272 0.072120 -0.000000
vn 0.063245 0.077460 -0.000000
vn 0.056806 0.082298 -0.000000
vn 0.050000 0.086603 -0.000000
vn 0.042869 0.090345 -0.000000
vn 0.035460 0.093502 -0.000000
vn 0.027822 0.096052 -0.000000
vn 0.020003 0.097979 -0.000000
vn 0.012054 0.099271 -0.000000
vn 0.004027 0.099919 -0.000000
vn -0.004027 0.099919 -0.000000
vn -0.012054 0.099271 -0.000000
vn -0.020003 0.097979 -0.000000
vn -0.027822 0.096052 -0.000000
vn -0.035460 0.093502 -0.000000
vn -0.042869 0.090345 -0.000000
vn -0.050000 0.086603 -0.000000
vn -0.056806 0.082298 -0.000000
vn -0.063245 0.077460 -0.000000
vn -0.069272 0.072120 -0.000000
vn -0.074851 0.066312 -0.000000
vn -0.079944 0.060074 -0.000000
vn -0.084519 0.053447 -0.000000
vn -0.088546 0.046472 -0.000000
vn -0.091998 0.039197 -0.000000
vn -0.094854 0.031667 -0.000000
vn -0.097094 0.023932 -0.000000
vn -0.098705 0.016041 -0.000000
vn -0.099676 0.008047 -0.000000
vn -0.100000 0.000000 -0.000000
vn -0.099676 -0.008047 0.000000
vn -0.098705 -0.016041 0.000000
vn -0.097094 -0.023932 0.000000
vn -0.094854 -0.031667 0.000000
vn -0.091998 -0.039197 0.000000
vn -0.088546 -0.046472 0.000000
vn -0.084519 -0.053447 0.000000
vn -0.079944 -0.060074 0.000000
vn -0.074851 -0.066312 0.000000
vn -0.069272 -0.072120 0.000000
vn -0.063245 -0.077460 0.000000
vn -0.056806 -0.082298 0.000000
vn -0.050000 -0.086603 0.000000
vn -0.042869 -0.090345 0.000000
vn -0.035460 -0.093502 0.000000
vn -0.027822 -0.096052 0.000000
vn -0.020003 -0.097979 0.000000
vn -0.012054 -0.099271 0.000000
vn -0.004027 -0.099919 0.000000
vn 0.004027 -0.099919 0.000000
vn 0.012054 -0.099271 0.000000
vn 0.020003 -0.097979 0.000000
vn 0.027822 -0.096052 0.000000
vn 0.035460 -0.093502 0.000000
vn 0.042869 -0.090345 0.000000
vn 0.050000 -0.086603 0.000000
vn 0.056806 -0.082298 0.000000
vn 0.063245 -0.077460 0.000000
vn 0.069272 -0.072120 0.000000
vn 0.074851 -0.066312 0.000000
vn 0.079944 -0.060074 0.000000
vn 0.084519 -0.053447 0.000000
vn 0.088546 -0.046472 0.000000
vn 0.091998 -0.039197 0.000000
vn 0.094854 -0.031667 0.000000
vn 0.097094 -0.023932 0.000000
vn 0.098705 0.016041 -0.000000
vn 0.100000 -0.000000 0.000000
vn 0.098705 -0.016041 0.000000
vn 0.094854 -0.031667 0.000000
vn 0.088546 -0.046472 0.000000
vn 0.079944 -0.060074 0.000000
vn 0.069272 -0.072120 0.000000
vn 0.056806 -0.082298 0.000000
vn 0.042869 -0.090345 0.000000
vn 0.027822 -0.096052 0.000000
vn 0.012054 -0.099271 0.000000
vn -0.004027 -0.099919 0.000000
vn -0.020003 -0.097979 0.000000
vn -0.035460 -0.093502 0.000000
vn -0.050000 -0.086603 0.000000
vn -0.063245 -0.077460 0.000000
vn -0.074851 -0.066312 0.000000
vn -0.084519 -0.053447 0.000000
vn -0.091998 -0.039197 0.000000
vn -0.097094 -0.023932 0.000000
vn -0.099676 -0.008047 0.000000
vn -0.099676 0.008047 -0.000000
vn -0.097094 0.023932 -0.000000
vn -0.091998 0.039197 -0.000000
vn -0.084519 0.053447 -0.000000
vn -0.074851 0.066312 -0.000000
vn -0.063245 0.077460 -0.000000
vn -0.050000 0.086603 -0.000000
vn -0.035460 0.093502 -0.000000
vn -0.020003 0.097979 -0.000000
vn -0.004027 0.099919 -0.000000
vn 0.012054 0.099271 -0.000000
vn 0.027822 0.096052 -0.000000
vn 0.042869 0.090345 -0.000000
vn 0.056806 0.082298 -0.000000
vn 0.069272 0.072120 -0.000000
vn 0.079944 0.060074 -0.000000
vn 0.088546 0.046472 -0.000000
vn 0.094854 0.031667 -0.000000
vn 0.068301 -0.018301 -0.070711
vn 0.068301 -0.018301 -0.070711
vn 0.070711 -0.000000 -0.070711
vn 0.070711 -0.000000 -0.070711
vn 0.068301 0.018301 -0.070711
vn 0.068301 0.018301 -0.070711
vn 0.061237 0.035355 -0.070711
vn 0.061237 0.035355 -0.070711
vn 0.050000 0.050000 -0.070711
vn 0.050000 0.050000 -0.070711
vn 0.035355 0.061237 -0.070711
vn 0.035355 0.061237 -0.070711
vn 0.018301 0.068301 -0.070711
vn 0.018301 0.068301 -0.070711
vn 0.000000 0.070711 -0.070711
vn 0.000000 0.070711 -0.070711
vn -0.018301 0.068301 -0.070711
vn -0.018301 0.068301 -0.070711
vn -0.035355 0.061237 -0.070711
vn -0.035355 0.061237 -0.070711
vn -0.050000 0.050000 -0.070711
vn -0.050000 0.050000 -0.070711
vn -0.061237 0.035355 -0.070711
vn -0.061237 0.035355 -0.070711
vn -0.068301 0.018301 -0.070711
vn -0.068301 0.018301 -0.070711
vn -0.070711 -0.000000 -0.070711
vn -0.070711 -0.000000 -0.070711
vn -0.068301 -0.018301 -0.070711
vn -0.068301 -0.018301 -0.070711
vn -0.061237 -0.035355 -0.070711
vn -0.061237 -0.035355 -0.070711
vn -0.050000 -0.050000 -0.070711
vn -0.050000 -0.050000 -0.070711
vn -0.035355 -0.061237 -0.070711
vn -0.035355 -0.061237 -0.070711
vn -0.018301 -0.068301 -0.070711
vn -0.018301 -0.068301 -0.070711
vn -0.000000 -0.070711 -0.070711
vn -0.000000 -0.070711 -0.070711
vn 0.018301 -0.068301 -0.070711
vn 0.018301 -0.068301 -0.070711
vn 0.035355 -0.061237 -0.070711
vn 0.035355 -0.061237 -0.070711
vn 0.050000 -0.050000 -0.070711
vn 0.050000 -0.050000 -0.070711
vn 0.061237 -0.035355 -0.070711
vn 0.061237 -0.035355 -0.070711
vn 0.096593 -0.025882 0.000000
vn 0.096593 -0.025882 0.000000
vn 0.100000 0.000000 0.000000
vn 0.100000 0.000000 0.000000
vn 0.096593 0.025882 -0.000000
vn 0.096593 0.025882 -0.000000
vn 0.086603 0.050000 -0.000000
vn 0.086603 0.050000 -0.000000
vn 0.070711 0.070711 -0.000000
vn 0.070711 0.070711 -0.000000
vn 0.050000 0.086603 -0.000000
vn 0.050000 0.086603 -0.000000
vn 0.025882 0.096593 -0.000000
vn 0.025882 0.096593 -0.000000
vn 0.000000 0.100000 -0.000000
vn 0.000000 0.100000 -0.000000
vn -0.025882 0.096593 -0.000000
vn -0.025882 0.096593 -0.000000
vn -0.050000 0.086603 -0.000000
vn -0.050000 0.086603 -0.000000
vn -0.070711 0.070711 -0.000000
vn -0.070711 0.070711 -0.000000
vn -0.086603 0.050000 -0.000000
vn -0.086603 0.050000 -0.000000
vn -0.096593 0.025882 -0.000000
vn -0.096593 0.025882 -0.000000
vn -0.100000 0.000000 -0.000000
vn -0.100000 0.000000 -0.000000
vn -0.096593 -0.025882 0.000000
vn -0.096593 -0.025882 0.000000
vn -0.086603 -0.050000 0.000000
vn -0.086603 -0.050000 0.000000
vn -0.070711 -0.070711 0.000000
vn -0.070711 -0.070711 0.000000
vn -0.050000 -0.086603 0.000000
vn -0.050000 -0.086603 0.000000
vn -0.025882 -0.096593 0.000000
vn -0.025882 -0.096593 0.000000
vn -0.000000 -0.100000 0.000000
vn -0.000000 -0.100000 0.000000
vn 0.025882 -0.096593 0.000000
vn 0.025882 -0.096593 0.000000
vn 0.050000 -0.086603 0.000000
vn 0.050000 -0.086603 0.000000
vn 0.070711 -0.070711 0.000000
vn 0.070711 -0.070711 0.000000
vn 0.086603 -0.050000 0.000000
vn 0.086603 -0.050000 0.000000
vn 0.000000 -0.000000 -0.100000
vn 0.000000 -0.000000 -0.100000
vn 0.000000 -0.000000 -0.100000
vn 0.000000 -0.000000 -0.100000
vn 0.000000 -0.000000 -0.100000
vn 0.000000 -0.000000 -0.100000
vn 0.000000 -0.000000 -0.100000
vn 0.000000 -0.000000 -0.100000
vn 0.000000 -0.000000 -0.100000
vn 0.000000 -0.000000 -0.100000
vn 0.000000 -0.000000 -0.100000
vn 0.000000 -0.000000 -0.100000
vn 0.000000 -0.000000 -0.100000
vn 0.000000 -0.000000 -0.100000
vn 0.000000 -0.000000 -0.100000
vn 0.000000 -0.000000 -0.100000
vn 0.000000 -0.000000 -0.100000
vn 0.000000 -0.000000 -0.100000
vn 0.000000 -0.000000 -0.100000
vn 0.000000 -0.000000 -0.100000
vn 0.000000 -0.000000 -0.100000
vn 0.000000 -0.000000 -0.100000
vn 0.000000 -0.000000 -0.100000
vn 0.000000 -0.000000 -0.100000
vn 0.000000 0.000000 0.100000
vn 0.000000 0.000000 0.100000
vn 0.000000 0.000000 0.100000
vn 0.000000 0.000000 0.100000
vn 0.000000 0.000000 0.100000
vn 0.000000 0.000000 0.100000
vn 0.000000 0.000000 0.100000
vn 0.000000 0.000000 0.100000
vn 0.000000 0.000000 0.100000
vn 0.000000 0.000000 0.100000
vn 0.000000 0.000000 0.100000
vn 0.000000 0.000000 0.100000
vn 0.000000 0.000000 0.100000
vn 0.000000 0.000000 0.100000
vn 0.000000 0.000000 0.100000
vn 0.000000 0.000000 0.100000
vn 0.000000 0.000000 0.100000
vn 0.000000 0.000000 0.100000
vn 0.000000 0.000000 0.100000
vn 0.000000 0.000000 0.100000
vn 0.000000 0.000000 0.100000
vn 0.000000 0.000000 0.100000
vn 0.000000 0.000000 0.100000
vn 0.000000 0.000000 0.100000
vn 0.000000 0.000000 0.100000
vn 0.000000 0.000000 0.100000
vn 0.000000 0.000000 0.100000
vn 0.000000 0.000000 0.100000
vn 0.000000 0.000000 0.100000
vn 0.000000 0.000000 0.100000
vn 0.000000 0.000000 0.100000
vn 0.000000 0.000000 0.100000
vn 0.000000 0.000000 0.100000
vn 0.000000 0.000000 0.100000
vn 0.000000 0.000000 0.100000
vn 0.000000 0.000000 0.100000
vn 0.000000 0.000000 0.100000
vn 0.000000 0.000000 0.100000
vn 0.000000 0.000000 0.100000
vn 0.000000 0.000000 0.100000
vn 0.000000 0.000000 0.100000
vn 0.000000 0.000000 0.100000
vn 0.000000 0.000000 0.100000
vn 0.000000 0.000000 0.100000
vn 0.000000 0.000000 0.100000
vn 0.000000 0.000000 0.100000
vn 0.000000 0.000000 0.100000
vn 0.000000 0.000000 0.100000
vn 0.000000 0.000000 0.100000
vn 0.000000 0.000000 0.100000
vn 0.000000 0.000000 0.100000
vn 0.000000 0.000000 0.100000
vn 0.000000 0.000000 0.100000
vn 0.000000 0.000000 0.100000
vn 0.000000 0.000000 0.100000
vn 0.000000 0.000000 0.100000
vn 0.000000 0.000000 0.100000
vn 0.000000 0.000000 0.100000
vn 0.000000 0.000000 0.100000
vn 0.000000 0.000000 0.100000
vn 0.000000 0.000000 0.100000
vn 0.000000 0.000000 0.100000
vn 0.000000 0.000000 0.100000
vn 0.000000 0.000000 0.100000
vn 0.000000 0.000000 0.100000
vn 0.000000 0.000000 0.100000
vn 0.000000 0.000000 0.100000
vn 0.000000 0.000000 0.100000
vn 0.000000 0.000000 0.100000
vn 0.000000 0.000000 0.100000
vn 0.000000 0.000000 0.100000
vn 0.000000 0.000000 0.100000
vn 0.000000 0.000000 0.100000
vn 0.000000 0.000000 0.100000
vn -0.078714 -0.014285 0.060000
vn -0.069584 -0.005617 0.071600
vn -0.080000 0.000000 0.060000
vn -0.069584 0.005617 0.071600
vn -0.078714 0.014285 0.060000
vn -0.067782 0.016707 0.071600
vn -0.074899 0.028110 0.060000
vn -0.064224 0.027363 0.071600
vn -0.068676 0.041032 0.060000
vn -0.059003 0.037311 0.071600
vn -0.060246 0.052635 0.060000
vn -0.052254 0.046293 0.071600
vn -0.044151 0.054075 0.071600
vn -0.043381 0.038432 0.081492
vn -0.036654 0.044894 0.081492
vn -0.033474 0.029656 0.089443
vn -0.028284 0.034641 0.089443
vn -0.022770 0.020172 0.095261
vn -0.019239 0.023563 0.095261
vn -0.011522 0.010208 0.098808
vn -0.009736 0.011924 0.098808
vn -0.000000 0.000000 0.100000
vn -0.067782 -0.016707 0.071600
vn -0.074899 -0.028110 0.060000
vn -0.064224 -0.027363 0.071600
vn -0.068676 -0.041032 0.060000
vn -0.059003 -0.037311 0.071600
vn -0.060246 -0.052635 0.060000
vn -0.052254 -0.046293 0.071600
vn -0.044151 -0.054075 0.071600
vn -0.036654 -0.044894 0.081492
vn -0.028978 -0.050192 0.081492
vn -0.022361 -0.038730 0.089443
vn -0.015858 -0.041815 0.089443
vn -0.010787 -0.028443 0.095261
vn -0.006085 -0.029805 0.095261
vn -0.003079 -0.015082 0.098808
vn -0.000620 -0.015381 0.098808
vn -0.049879 -0.062547 0.060000
vn -0.034905 -0.060458 0.071600
vn -0.020552 -0.054190 0.081492
vn -0.008945 -0.043818 0.089443
vn -0.001225 -0.030395 0.095261
vn 0.001855 -0.015281 0.098808
vn -0.037909 -0.070448 0.060000
vn -0.024755 -0.065274 0.071600
vn -0.011593 -0.056785 0.081492
vn -0.001801 -0.044685 0.089443
vn 0.003667 -0.030198 0.095261
vn 0.004283 -0.014786 0.098808
vn -0.024721 -0.076085 0.060000
vn -0.013964 -0.068400 0.071600
vn -0.002334 -0.057910 0.081492
vn 0.005391 -0.044395 0.089443
vn 0.008463 -0.029219 0.095261
vn 0.006599 -0.013907 0.098808
vn -0.010739 -0.079276 0.060000
vn -0.002811 -0.069754 0.071600
vn 0.006986 -0.057534 0.081492
vn 0.012442 -0.042956 0.089443
vn 0.013041 -0.027483 0.095261
vn 0.008744 -0.012669 0.098808
vn 0.003589 -0.079919 0.060000
vn 0.008415 -0.069301 0.071600
vn 0.016125 -0.055668 0.081492
vn 0.019172 -0.040404 0.089443
vn 0.017281 -0.025035 0.095261
vn 0.010663 -0.011102 0.098808
vn 0.017802 -0.077994 0.060000
vn 0.019422 -0.067054 0.071600
vn 0.024846 -0.052361 0.081492
vn 0.025405 -0.036805 0.089443
vn 0.021073 -0.021939 0.095261
vn 0.012306 -0.009248 0.098808
vn 0.031442 -0.073562 0.060000
vn 0.029927 -0.063070 0.071600
vn 0.032923 -0.047697 0.081492
vn 0.030980 -0.032253 0.089443
vn 0.024319 -0.018275 0.095261
vn 0.013630 -0.007154 0.098808
vn 0.044072 -0.066766 0.060000
vn 0.039657 -0.057453 0.071600
vn 0.040148 -0.041798 0.081492
vn 0.035752 -0.026866 0.089443
vn 0.026936 -0.014137 0.095261
vn 0.014601 -0.004875 0.098808
vn 0.055285 -0.057824 0.060000
vn 0.048359 -0.050347 0.071600
vn 0.046333 -0.034817 0.081492
vn 0.039599 -0.020783 0.089443
vn 0.028854 -0.009633 0.095261
vn 0.015194 -0.002469 0.098808
vn 0.055809 -0.041938 0.071600
vn 0.064721 -0.047023 0.060000
vn 0.061814 -0.032443 0.071600
vn 0.072078 -0.034711 0.060000
vn 0.066218 -0.022107 0.071600
vn 0.077117 -0.021283 0.060000
vn 0.068906 -0.011198 0.071600
vn 0.079678 -0.007171 0.060000
vn 0.069810 0.000000 0.071600
vn 0.079678 0.007171 0.060000
vn 0.068906 0.011198 0.071600
vn 0.077117 0.021283 0.060000
vn 0.066218 0.022107 0.071600
vn 0.072078 0.034711 0.060000
vn 0.061814 0.032443 0.071600
vn 0.064721 0.047023 0.060000
vn 0.055809 0.041938 0.071600
vn 0.055285 0.057824 0.060000
vn 0.048359 0.050347 0.071600
vn 0.039657 0.057453 0.071600
vn 0.032923 0.047697 0.081492
vn 0.024846 0.052361 0.081492
vn 0.019172 0.040404 0.089443
vn 0.012442 0.042956 0.089443
vn 0.008463 0.029219 0.095261
vn 0.003667 0.030198 0.095261
vn 0.001855 0.015281 0.098808
vn -0.000620 0.015381 0.098808
vn 0.044072 0.066766 0.060000
vn 0.029927 0.063070 0.071600
vn 0.016125 0.055668 0.081492
vn 0.005391 0.044395 0.089443
vn -0.001225 0.030395 0.095261
vn -0.003079 0.015082 0.098808
vn 0.031442 0.073562 0.060000
vn 0.019422 0.067054 0.071600
vn 0.006986 0.057534 0.081492
vn -0.001801 0.044685 0.089443
vn -0.006085 0.029805 0.095261
vn -0.005459 0.014393 0.098808
vn 0.017802 0.077994 0.060000
vn 0.008415 0.069301 0.071600
vn -0.002334 0.057910 0.081492
vn -0.008945 0.043818 0.089443
vn -0.010787 0.028443 0.095261
vn -0.007697 0.013331 0.098808
vn 0.003589 0.079919 0.060000
vn -0.002811 0.069754 0.071600
vn -0.011593 0.056785 0.081492
vn -0.015858 0.041815 0.089443
vn -0.015210 0.026344 0.095261
vn -0.010739 0.079276 0.060000
vn -0.013964 0.068400 0.071600
vn -0.020552 0.054190 0.081492
vn -0.022361 0.038730 0.089443
vn -0.024721 0.076085 0.060000
vn -0.024755 0.065274 0.071600
vn -0.028978 0.050192 0.081492
vn -0.037909 0.070448 0.060000
vn -0.034905 0.060458 0.071600
vn -0.049879 0.062547 0.060000
vn 0.015393 0.000000 0.098808
vn -0.005459 -0.014393 0.098808
vn -0.007697 -0.013331 0.098808
vn -0.009736 -0.011924 0.098808
vn -0.011522 -0.010208 0.098808
vn -0.013010 -0.008227 0.098808
vn -0.014162 -0.006034 0.098808
vn -0.014946 -0.003684 0.098808
vn -0.015344 -0.001239 0.098808
vn -0.015344 0.001239 0.098808
vn -0.014946 0.003684 0.098808
vn -0.014162 0.006034 0.098808
vn -0.013010 0.008227 0.098808
vn 0.004283 0.014786 0.098808
vn 0.006599 0.013907 0.098808
vn 0.008744 0.012669 0.098808
vn 0.010663 0.011102 0.098808
vn 0.012306 0.009248 0.098808
vn 0.013630 0.007154 0.098808
vn 0.014601 0.004875 0.098808
vn 0.015194 0.002469 0.098808
vn 0.057957 0.000000 0.081492
vn 0.057206 -0.009297 0.081492
vn 0.054974 -0.018353 0.081492
vn 0.051318 -0.026934 0.081492
vn 0.044721 0.000000 0.089443
vn 0.044142 -0.007174 0.089443
vn 0.042420 -0.014162 0.089443
vn 0.057206 0.009297 0.081492
vn 0.054974 0.018353 0.081492
vn 0.051318 0.026934 0.081492
vn 0.046333 0.034817 0.081492
vn 0.040148 0.041798 0.081492
vn 0.030420 0.000000 0.095261
vn 0.030026 -0.004880 0.095261
vn 0.044142 0.007174 0.089443
vn 0.042420 0.014162 0.089443
vn 0.039599 0.020783 0.089443
vn 0.035752 0.026866 0.089443
vn 0.030980 0.032253 0.089443
vn 0.025405 0.036805 0.089443
vn 0.030026 0.004880 0.095261
vn 0.028854 0.009633 0.095261
vn 0.026936 0.014137 0.095261
vn 0.024319 0.018275 0.095261
vn 0.021073 0.021939 0.095261
vn 0.017281 0.025035 0.095261
vn 0.013041 0.027483 0.095261
vn -0.057769 -0.004664 0.081492
vn -0.057769 0.004664 0.081492
vn -0.056273 0.013870 0.081492
vn -0.053319 0.022717 0.081492
vn -0.048984 0.030976 0.081492
vn -0.044576 -0.003599 0.089443
vn -0.044576 0.003599 0.089443
vn -0.043422 0.010703 0.089443
vn -0.041143 0.017529 0.089443
vn -0.037798 0.023902 0.089443
vn -0.056273 -0.013870 0.081492
vn -0.053319 -0.022717 0.081492
vn -0.048984 -0.030976 0.081492
vn -0.043381 -0.038432 0.081492
vn -0.030321 -0.002448 0.095261
vn -0.030321 0.002448 0.095261
vn -0.029536 0.007280 0.095261
vn -0.027986 0.011924 0.095261
vn -0.025711 0.016258 0.095261
vn -0.043422 -0.010703 0.089443
vn -0.041143 -0.017529 0.089443
vn -0.037798 -0.023902 0.089443
vn -0.033474 -0.029656 0.089443
vn -0.028284 -0.034641 0.089443
vn -0.029536 -0.007280 0.095261
vn -0.027986 -0.011924 0.095261
vn -0.025711 -0.016258 0.095261
vn -0.022770 -0.020172 0.095261
vn -0.019239 -0.023563 0.095261
vn -0.015210 -0.026344 0.095261
usemtl Brass_-_Matte
f 940/1283/1210 1015/1284/1211 939/1285/1212
f 939/1285/1212 1015/1284/1211 977/1286/1213
f 939/1287/1212 977/1288/1213 978/1289/1214
f 1015/1284/1211 940/1283/1210 1014/1290/1215
f 1014/1290/1215 940/1283/1210 941/1291/1216
f 1014/1290/1215 941/1291/1216 1013/1292/1217
f 1013/1292/1217 941/1291/1216 942/1293/1218
f 1013/1292/1217 942/1293/1218 1012/1294/1219
f 1012/1294/1219 942/1293/1218 943/1295/1220
f 1012/1294/1219 943/1295/1220 1011/1296/1221
f 1011/1296/1221 943/1295/1220 944/1297/1222
f 1011/1296/1221 944/1297/1222 1010/1298/1223
f 1010/1298/1223 944/1297/1222 945/1299/1224
f 1010/1298/1223 945/1299/1224 1009/1300/1225
f 1009/1300/1225 945/1299/1224 946/1301/1226
f 1009/1300/1225 946/1301/1226 1008/1302/1227
f 1008/1302/1227 946/1301/1226 947/1303/1228
f 1008/1302/1227 947/1303/1228 1007/1304/1229
f 1007/1304/1229 947/1303/1228 948/1305/1230
f 1007/1304/1229 948/1305/1230 1006/1306/1231
f 1006/1306/1231 948/1305/1230 949/1307/1232
f 1006/1306/1231 949/1307/1232 1005/1308/1233
f 1005/1308/1233 949/1307/1232 950/1309/1234
f 1005/1308/1233 950/1309/1234 1004/1310/1235
f 1004/1310/1235 950/1309/1234 951/1311/1236
f 1004/1310/1235 951/1311/1236 1003/1312/1237
f 1003/1312/1237 951/1311/1236 952/1313/1238
f 1003/1312/1237 952/1313/1238 1002/1314/1239
f 1002/1314/1239 952/1313/1238 953/1315/1240
f 1002/1314/1239 953/1315/1240 1001/1316/1241
f 1001/1316/1241 953/1315/1240 954/1317/1242
f 1001/1316/1241 954/1317/1242 1000/1318/1243
f 1000/1318/1243 954/1317/1242 955/1319/1244
f 1000/1318/1243 955/1319/1244 999/1320/1245
f 999/1320/1245 955/1319/1244 956/1321/1246
f 999/1320/1245 956/1321/1246 998/1322/1247
f 998/1322/1247 956/1321/1246 957/1323/1248
f 998/1322/1247 957/1323/1248 997/1324/1249
f 997/1324/1249 957/1323/1248 958/1325/1250
f 997/1324/1249 958/1325/1250 996/1326/1251
f 996/1326/1251 958/1325/1250 959/1327/1252
f 996/1326/1251 959/1327/1252 995/1328/1253
f 995/1328/1253 959/1327/1252 960/1329/1254
f 995/1328/1253 960/1329/1254 994/1330/1255
f 994/1330/1255 960/1329/1254 961/1331/1256
f 994/1330/1255 961/1331/1256 993/1332/1257
f 993/1332/1257 961/1331/1256 962/1333/1258
f 993/1332/1257 962/1333/1258 992/1334/1259
f 992/1334/1259 962/1333/1258 963/1335/1260
f 992/1334/1259 963/1335/1260 991/1336/1261
f 991/1336/1261 963/1335/1260 964/1337/1262
f 991/1336/1261 964/1337/1262 990/1338/1263
f 990/1338/1263 964/1337/1262 965/1339/1264
f 990/1338/1263 965/1339/1264 989/1340/1265
f 989/1340/1265 965/1339/1264 966/1341/1266
f 989/1340/1265 966/1341/1266 988/1342/1267
f 988/1342/1267 966/1341/1266 967/1343/1268
f 988/1342/1267 967/1343/1268 987/1344/1269
f 987/1344/1269 967/1343/1268 968/1345/1270
f 987/1344/1269 968/1345/1270 986/1346/1271
f 986/1346/1271 968/1345/1270 969/1347/1272
f 986/1346/1271 969/1347/1272 985/1348/1273
f 985/1348/1273 969/1347/1272 970/1349/1274
f 985/1348/1273 970/1349/1274 984/1350/1275
f 984/1350/1275 970/1349/1274 971/1351/1276
f 984/1350/1275 971/1351/1276 983/1352/1277
f 983/1352/1277 971/1351/1276 972/1353/1278
f 983/1352/1277 972/1353/1278 982/1354/1279
f 982/1354/1279 972/1353/1278 973/1355/1280
f 982/1354/1279 973/1355/1280 981/1356/1281
f 981/1356/1281 973/1355/1280 974/1357/1282
f 981/1356/1281 974/1357/1282 980/1358/1283
f 980/1358/1283 974/1357/1282 975/1359/1284
f 980/1358/1283 975/1359/1284 979/1360/1285
f 979/1360/1285 975/1359/1284 976/1361/1286
f 979/1360/1285 976/1361/1286 978/1289/1214
f 978/1289/1214 976/1361/1286 939/1287/1212
f 1017/1362/1287 959/1363/1288 1016/1364/1289
f 1016/1364/1289 959/1363/1288 958/1365/1290
f 1016/1364/1289 958/1365/1290 957/1366/1291
f 959/1363/1288 1017/1362/1287 960/1367/1292
f 960/1367/1292 1017/1362/1287 1018/1368/1293
f 960/1367/1292 1018/1368/1293 961/1369/1294
f 961/1369/1294 1018/1368/1293 962/1370/1295
f 962/1370/1295 1018/1368/1293 1019/1371/1296
f 962/1370/1295 1019/1371/1296 963/1372/1297
f 963/1372/1297 1019/1371/1296 1020/1373/1298
f 963/1372/1297 1020/1373/1298 964/1374/1299
f 964/1374/1299 1020/1373/1298 965/1375/1300
f 965/1375/1300 1020/1373/1298 1021/1376/1301
f 965/1375/1300 1021/1376/1301 966/1377/1302
f 966/1377/1302 1021/1376/1301 967/1378/1303
f 967/1378/1303 1021/1376/1301 1022/1379/1304
f 967/1378/1303 1022/1379/1304 968/1380/1305
f 968/1380/1305 1022/1379/1304 1023/1381/1306
f 968/1380/1305 1023/1381/1306 969/1382/1307
f 969/1382/1307 1023/1381/1306 970/1383/1308
f 970/1383/1308 1023/1381/1306 1024/1384/1309
f 970/1383/1308 1024/1384/1309 971/1385/1310
f 971/1385/1310 1024/1384/1309 972/1386/1311
f 972/1386/1311 1024/1384/1309 1025/1387/1312
f 972/1386/1311 1025/1387/1312 973/1388/1313
f 973/1388/1313 1025/1387/1312 1026/1389/1314
f 973/1388/1313 1026/1389/1314 974/1390/1315
f 974/1390/1315 1026/1389/1314 975/1391/1316
f 975/1391/1316 1026/1389/1314 1027/1392/1317
f 975/1391/1316 1027/1392/1317 976/1393/1318
f 976/1393/1318 1027/1392/1317 1028/1394/1319
f 976/1393/1318 1028/1394/1319 939/1395/1320
f 939/1395/1320 1028/1394/1319 940/1396/1321
f 940/1396/1321 1028/1394/1319 1029/1397/1322
f 940/1396/1321 1029/1397/1322 941/1398/1323
f 941/1398/1323 1029/1397/1322 942/1399/1324
f 942/1399/1324 1029/1397/1322 1030/1400/1325
f 942/1399/1324 1030/1400/1325 943/1401/1326
f 943/1401/1326 1030/1400/1325 1031/1402/1327
f 943/1401/1326 1031/1402/1327 944/1403/1328
f 944/1403/1328 1031/1402/1327 945/1404/1329
f 945/1404/1329 1031/1402/1327 1032/1405/1330
f 945/1404/1329 1032/1405/1330 946/1406/1331
f 946/1406/1331 1032/1405/1330 1033/1407/1332
f 946/1406/1331 1033/1407/1332 947/1408/1333
f 947/1408/1333 1033/1407/1332 948/1409/1334
f 948/1409/1334 1033/1407/1332 1034/1410/1335
f 948/1409/1334 1034/1410/1335 949/1411/1336
f 949/1411/1336 1034/1410/1335 1035/1412/1337
f 949/1411/1336 1035/1412/1337 950/1413/1338
f 950/1413/1338 1035/1412/1337 951/1414/1339
f 951/1414/1339 1035/1412/1337 1036/1415/1340
f 951/1414/1339 1036/1415/1340 952/1416/1341
f 952/1416/1341 1036/1415/1340 1037/1417/1342
f 952/1416/1341 1037/1417/1342 953/1418/1343
f 953/1418/1343 1037/1417/1342 954/1419/1344
f 954/1419/1344 1037/1417/1342 1038/1420/1345
f 954/1419/1344 1038/1420/1345 955/1421/1346
f 955/1421/1346 1038/1420/1345 1039/1422/1347
f 955/1421/1346 1039/1422/1347 956/1423/1348
f 956/1423/1348 1039/1422/1347 957/1366/1291
f 957/1366/1291 1039/1422/1347 1016/1364/1289
f 1041/1424/1349 1080/1425/1350 1040/1426/1351
f 1040/1426/1351 1080/1425/1350 1079/1427/1352
f 1040/1426/1351 1079/1427/1352 1078/1428/1353
f 1078/1428/1353 1079/1427/1352 1117/1429/1354
f 1078/1428/1353 1117/1429/1354 1077/1430/1355
f 1077/1430/1355 1117/1429/1354 1116/1431/1356
f 1077/1430/1355 1116/1431/1356 1076/1432/1357
f 1076/1432/1357 1116/1431/1356 1115/1433/1358
f 1076/1432/1357 1115/1433/1358 1075/1434/1359
f 1075/1434/1359 1115/1433/1358 1114/1435/1360
f 1075/1434/1359 1114/1435/1360 1074/1436/1361
f 1074/1436/1361 1114/1435/1360 1113/1437/1362
f 1074/1436/1361 1113/1437/1362 1073/1438/1363
f 1073/1438/1363 1113/1437/1362 1112/1439/1364
f 1073/1438/1363 1112/1439/1364 1072/1440/1365
f 1072/1440/1365 1112/1439/1364 1111/1441/1366
f 1072/1440/1365 1111/1441/1366 1071/1442/1367
f 1071/1442/1367 1111/1441/1366 1110/1443/1368
f 1071/1442/1367 1110/1443/1368 1070/1444/1369
f 1070/1444/1369 1110/1443/1368 1109/1445/1370
f 1070/1444/1369 1109/1445/1370 1069/1446/1371
f 1069/1446/1371 1109/1445/1370 1108/1447/1372
f 1069/1446/1371 1108/1447/1372 1068/1448/1373
f 1068/1448/1373 1108/1447/1372 1107/1449/1374
f 1068/1448/1373 1107/1449/1374 1067/1450/1375
f 1067/1450/1375 1107/1449/1374 1106/1451/1376
f 1067/1450/1375 1106/1451/1376 1066/1452/1377
f 1066/1452/1377 1106/1451/1376 1105/1453/1378
f 1066/1452/1377 1105/1453/1378 1065/1454/1379
f 1065/1454/1379 1105/1453/1378 1104/1455/1380
f 1065/1454/1379 1104/1455/1380 1064/1456/1381
f 1064/1456/1381 1104/1455/1380 1103/1457/1382
f 1064/1456/1381 1103/1457/1382 1063/1458/1383
f 1063/1458/1383 1103/1457/1382 1102/1459/1384
f 1063/1458/1383 1102/1459/1384 1062/1460/1385
f 1062/1460/1385 1102/1459/1384 1101/1461/1386
f 1062/1460/1385 1101/1461/1386 1061/1462/1387
f 1061/1462/1387 1101/1461/1386 1100/1463/1388
f 1061/1462/1387 1100/1463/1388 1060/1464/1389
f 1060/1464/1389 1100/1463/1388 1099/1465/1390
f 1060/1464/1389 1099/1465/1390 1059/1466/1391
f 1059/1467/1391 1099/1468/1390 1098/1469/1392
f 1059/1467/1391 1098/1469/1392 1058/1470/1393
f 1058/1470/1393 1098/1469/1392 1097/1471/1394
f 1058/1470/1393 1097/1471/1394 1057/1472/1395
f 1057/1472/1395 1097/1471/1394 1096/1473/1396
f 1057/1472/1395 1096/1473/1396 1056/1474/1397
f 1056/1474/1397 1096/1473/1396 1095/1475/1398
f 1056/1474/1397 1095/1475/1398 1055/1476/1399
f 1055/1476/1399 1095/1475/1398 1094/1477/1400
f 1055/1476/1399 1094/1477/1400 1054/1478/1401
f 1054/1478/1401 1094/1477/1400 1093/1479/1402
f 1054/1478/1401 1093/1479/1402 1053/1480/1403
f 1053/1480/1403 1093/1479/1402 1092/1481/1404
f 1053/1480/1403 1092/1481/1404 1052/1482/1405
f 1052/1482/1405 1092/1481/1404 1091/1483/1406
f 1052/1482/1405 1091/1483/1406 1051/1484/1407
f 1051/1484/1407 1091/1483/1406 1090/1485/1408
f 1051/1484/1407 1090/1485/1408 1050/1486/1409
f 1050/1486/1409 1090/1485/1408 1089/1487/1410
f 1050/1486/1409 1089/1487/1410 1049/1488/1411
f 1049/1488/1411 1089/1487/1410 1088/1489/1412
f 1049/1488/1411 1088/1489/1412 1048/1490/1413
f 1048/1490/1413 1088/1489/1412 1087/1491/1414
f 1048/1490/1413 1087/1491/1414 1047/1492/1415
f 1047/1492/1415 1087/1491/1414 1086/1493/1416
f 1047/1492/1415 1086/1493/1416 1046/1494/1417
f 1046/1494/1417 1086/1493/1416 1085/1495/1418
f 1046/1494/1417 1085/1495/1418 1045/1496/1419
f 1045/1496/1419 1085/1495/1418 1084/1497/1420
f 1045/1496/1419 1084/1497/1420 1044/1498/1421
f 1044/1498/1421 1084/1497/1420 1083/1499/1422
f 1044/1498/1421 1083/1499/1422 1043/1500/1423
f 1043/1500/1423 1083/1499/1422 1082/1501/1424
f 1043/1500/1423 1082/1501/1424 1042/1502/1425
f 1042/1502/1425 1082/1501/1424 1081/1503/1426
f 1042/1502/1425 1081/1503/1426 1041/1424/1349
f 1041/1424/1349 1081/1503/1426 1080/1425/1350
f 1015/1504/1427 1079/1427/1352 977/1505/1428
f 977/1505/1428 1079/1427/1352 1080/1425/1350
f 977/1505/1428 1080/1425/1350 978/1506/1429
f 978/1506/1429 1080/1425/1350 1081/1503/1426
f 978/1506/1429 1081/1503/1426 979/1507/1430
f 979/1507/1430 1081/1503/1426 1082/1501/1424
f 979/1507/1430 1082/1501/1424 980/1508/1431
f 980/1508/1431 1082/1501/1424 1083/1499/1422
f 980/1508/1431 1083/1499/1422 981/1509/1432
f 981/1509/1432 1083/1499/1422 1084/1497/1420
f 981/1509/1432 1084/1497/1420 982/1510/1433
f 982/1510/1433 1084/1497/1420 1085/1495/1418
f 982/1510/1433 1085/1495/1418 983/1511/1434
f 983/1511/1434 1085/1495/1418 1086/1493/1416
f 983/1511/1434 1086/1493/1416 984/1512/1435
f 984/1512/1435 1086/1493/1416 1087/1491/1414
f 984/1512/1435 1087/1491/1414 985/1513/1436
f 985/1513/1436 1087/1491/1414 1088/1489/1412
f 985/1513/1436 1088/1489/1412 986/1514/1437
f 986/1514/1437 1088/1489/1412 1089/1487/1410
f 986/1514/1437 1089/1487/1410 987/1515/1438
f 987/1515/1438 1089/1487/1410 1090/1485/1408
f 987/1515/1438 1090/1485/1408 988/1516/1439
f 988/1516/1439 1090/1485/1408 1091/1483/1406
f 988/1516/1439 1091/1483/1406 989/1517/1440
f 989/1517/1440 1091/1483/1406 1092/1481/1404
f 989/1517/1440 1092/1481/1404 990/1518/1441
f 990/1518/1441 1092/1481/1404 1093/1479/1402
f 990/1518/1441 1093/1479/1402 991/1519/1442
f 991/1519/1442 1093/1479/1402 1094/1477/1400
f 991/1519/1442 1094/1477/1400 992/1520/1443
f 992/1520/1443 1094/1477/1400 1095/1475/1398
f 992/1520/1443 1095/1475/1398 993/1521/1444
f 993/1521/1444 1095/1475/1398 1096/1473/1396
f 993/1521/1444 1096/1473/1396 994/1522/1445
f 994/1522/1445 1096/1473/1396 1097/1471/1394
f 994/1522/1445 1097/1471/1394 995/1523/1446
f 995/1523/1446 1097/1471/1394 1098/1469/1392
f 995/1523/1446 1098/1469/1392 996/1524/1447
f 996/1524/1447 1098/1469/1392 1099/1468/1390
f 996/1524/1447 1099/1468/1390 997/1525/1448
f 997/1526/1448 1099/1465/1390 1100/1463/1388
f 997/1526/1448 1100/1463/1388 998/1527/1449
f 998/1527/1449 1100/1463/1388 1101/1461/1386
f 998/1527/1449 1101/1461/1386 999/1528/1450
f 999/1528/1450 1101/1461/1386 1102/1459/1384
f 999/1528/1450 1102/1459/1384 1000/1529/1451
f 1000/1529/1451 1102/1459/1384 1103/1457/1382
f 1000/1529/1451 1103/1457/1382 1001/1530/1452
f 1001/1530/1452 1103/1457/1382 1104/1455/1380
f 1001/1530/1452 1104/1455/1380 1002/1531/1453
f 1002/1531/1453 1104/1455/1380 1105/1453/1378
f 1002/1531/1453 1105/1453/1378 1003/1532/1454
f 1003/1532/1454 1105/1453/1378 1106/1451/1376
f 1003/1532/1454 1106/1451/1376 1004/1533/1455
f 1004/1533/1455 1106/1451/1376 1107/1449/1374
f 1004/1533/1455 1107/1449/1374 1005/1534/1456
f 1005/1534/1456 1107/1449/1374 1108/1447/1372
f 1005/1534/1456 1108/1447/1372 1006/1535/1457
f 1006/1535/1457 1108/1447/1372 1109/1445/1370
f 1006/1535/1457 1109/1445/1370 1007/1536/1458
f 1007/1536/1458 1109/1445/1370 1110/1443/1368
f 1007/1536/1458 1110/1443/1368 1008/1537/1459
f 1008/1537/1459 1110/1443/1368 1111/1441/1366
f 1008/1537/1459 1111/1441/1366 1009/1538/1460
f 1009/1538/1460 1111/1441/1366 1112/1439/1364
f 1009/1538/1460 1112/1439/1364 1010/1539/1461
f 1010/1539/1461 1112/1439/1364 1113/1437/1362
f 1010/1539/1461 1113/1437/1362 1011/1540/1462
f 1011/1540/1462 1113/1437/1362 1114/1435/1360
f 1011/1540/1462 1114/1435/1360 1012/1541/1463
f 1012/1541/1463 1114/1435/1360 1115/1433/1358
f 1012/1541/1463 1115/1433/1358 1013/1542/1464
f 1013/1542/1464 1115/1433/1358 1116/1431/1356
f 1013/1542/1464 1116/1431/1356 1014/1543/1465
f 1014/1543/1465 1116/1431/1356 1117/1429/1354
f 1014/1543/1465 1117/1429/1354 1015/1504/1427
f 1015/1504/1427 1117/1429/1354 1079/1427/1352
f 1039/1544/1466 1141/1545/1467 1016/1546/1468
f 1016/1546/1468 1141/1545/1467 1118/1547/1469
f 1016/1546/1468 1118/1547/1469 1017/1548/1470
f 1017/1548/1470 1118/1547/1469 1119/1549/1471
f 1017/1548/1470 1119/1549/1471 1018/1550/1472
f 1018/1550/1472 1119/1549/1471 1120/1551/1473
f 1018/1550/1472 1120/1551/1473 1019/1552/1474
f 1019/1552/1474 1120/1551/1473 1121/1553/1475
f 1019/1552/1474 1121/1553/1475 1020/1554/1476
f 1020/1554/1476 1121/1553/1475 1122/1555/1477
f 1020/1554/1476 1122/1555/1477 1021/1556/1478
f 1021/1556/1478 1122/1555/1477 1123/1557/1479
f 1021/1556/1478 1123/1557/1479 1022/1558/1480
f 1022/1558/1480 1123/1557/1479 1124/1559/1481
f 1022/1558/1480 1124/1559/1481 1023/1560/1482
f 1023/1560/1482 1124/1559/1481 1125/1561/1483
f 1023/1560/1482 1125/1561/1483 1024/1562/1484
f 1024/1562/1484 1125/1561/1483 1126/1563/1485
f 1024/1562/1484 1126/1563/1485 1025/1564/1486
f 1025/1564/1486 1126/1563/1485 1127/1565/1487
f 1025/1564/1486 1127/1565/1487 1026/1566/1488
f 1026/1566/1488 1127/1565/1487 1128/1567/1489
f 1026/1566/1488 1128/1567/1489 1027/1568/1490
f 1027/1568/1490 1128/1567/1489 1129/1569/1491
f 1027/1568/1490 1129/1569/1491 1028/1570/1492
f 1028/1570/1492 1129/1569/1491 1130/1571/1493
f 1028/1572/1492 1130/1573/1493 1029/1574/1494
f 1029/1574/1494 1130/1573/1493 1131/1575/1495
f 1029/1574/1494 1131/1575/1495 1030/1576/1496
f 1030/1576/1496 1131/1575/1495 1132/1577/1497
f 1030/1576/1496 1132/1577/1497 1031/1578/1498
f 1031/1578/1498 1132/1577/1497 1133/1579/1499
f 1031/1578/1498 1133/1579/1499 1032/1580/1500
f 1032/1580/1500 1133/1579/1499 1134/1581/1501
f 1032/1580/1500 1134/1581/1501 1033/1582/1502
f 1033/1582/1502 1134/1581/1501 1135/1583/1503
f 1033/1582/1502 1135/1583/1503 1034/1584/1504
f 1034/1584/1504 1135/1583/1503 1136/1585/1505
f 1034/1584/1504 1136/1585/1505 1035/1586/1506
f 1035/1586/1506 1136/1585/1505 1137/1587/1507
f 1035/1586/1506 1137/1587/1507 1036/1588/1508
f 1036/1588/1508 1137/1587/1507 1138/1589/1509
f 1036/1588/1508 1138/1589/1509 1037/1590/1510
f 1037/1590/1510 1138/1589/1509 1139/1591/1511
f 1037/1590/1510 1139/1591/1511 1038/1592/1512
f 1038/1592/1512 1139/1591/1511 1140/1593/1513
f 1038/1592/1512 1140/1593/1513 1039/1544/1466
f 1039/1544/1466 1140/1593/1513 1141/1545/1467
f 1141/1594/1514 1165/1595/1515 1118/1596/1516
f 1118/1596/1516 1165/1595/1515 1142/1597/1517
f 1118/1596/1516 1142/1597/1517 1119/1598/1518
f 1119/1598/1518 1142/1597/1517 1143/1599/1519
f 1119/1598/1518 1143/1599/1519 1120/1600/1520
f 1120/1600/1520 1143/1599/1519 1144/1601/1521
f 1120/1600/1520 1144/1601/1521 1121/1602/1522
f 1121/1602/1522 1144/1601/1521 1145/1603/1523
f 1121/1602/1522 1145/1603/1523 1122/1604/1524
f 1122/1604/1524 1145/1603/1523 1146/1605/1525
f 1122/1604/1524 1146/1605/1525 1123/1606/1526
f 1123/1606/1526 1146/1605/1525 1147/1607/1527
f 1123/1606/1526 1147/1607/1527 1124/1608/1528
f 1124/1608/1528 1147/1607/1527 1148/1609/1529
f 1124/1608/1528 1148/1609/1529 1125/1610/1530
f 1125/1610/1530 1148/1609/1529 1149/1611/1531
f 1125/1610/1530 1149/1611/1531 1126/1612/1532
f 1126/1612/1532 1149/1611/1531 1150/1613/1533
f 1126/1612/1532 1150/1613/1533 1127/1614/1534
f 1127/1614/1534 1150/1613/1533 1151/1615/1535
f 1127/1614/1534 1151/1615/1535 1128/1616/1536
f 1128/1616/1536 1151/1615/1535 1152/1617/1537
f 1128/1616/1536 1152/1617/1537 1129/1618/1538
f 1129/1618/1538 1152/1617/1537 1153/1619/1539
f 1129/1618/1538 1153/1619/1539 1130/1620/1540
f 1130/1620/1540 1153/1619/1539 1154/1621/1541
f 1130/1622/1540 1154/1623/1541 1131/1624/1542
f 1131/1624/1542 1154/1623/1541 1155/1625/1543
f 1131/1624/1542 1155/1625/1543 1132/1626/1544
f 1132/1626/1544 1155/1625/1543 1156/1627/1545
f 1132/1626/1544 1156/1627/1545 1133/1628/1546
f 1133/1628/1546 1156/1627/1545 1157/1629/1547
f 1133/1628/1546 1157/1629/1547 1134/1630/1548
f 1134/1630/1548 1157/1629/1547 1158/1631/1549
f 1134/1630/1548 1158/1631/1549 1135/1632/1550
f 1135/1632/1550 1158/1631/1549 1159/1633/1551
f 1135/1632/1550 1159/1633/1551 1136/1634/1552
f 1136/1634/1552 1159/1633/1551 1160/1635/1553
f 1136/1634/1552 1160/1635/1553 1137/1636/1554
f 1137/1636/1554 1160/1635/1553 1161/1637/1555
f 1137/1636/1554 1161/1637/1555 1138/1638/1556
f 1138/1638/1556 1161/1637/1555 1162/1639/1557
f 1138/1638/1556 1162/1639/1557 1139/1640/1558
f 1139/1640/1558 1162/1639/1557 1163/1641/1559
f 1139/1640/1558 1163/1641/1559 1140/1642/1560
f 1140/1642/1560 1163/1641/1559 1164/1643/1561
f 1140/1642/1560 1164/1643/1561 1141/1594/1514
f 1141/1594/1514 1164/1643/1561 1165/1595/1515
f 1165/1644/1562 1155/1645/1563 1142/1646/1564
f 1142/1646/1564 1155/1645/1563 1154/1647/1565
f 1142/1646/1564 1154/1647/1565 1143/1648/1566
f 1143/1648/1566 1154/1647/1565 1153/1649/1567
f 1143/1648/1566 1153/1649/1567 1144/1650/1568
f 1144/1650/1568 1153/1649/1567 1152/1651/1569
f 1144/1650/1568 1152/1651/1569 1145/1652/1570
f 1145/1652/1570 1152/1651/1569 1151/1653/1571
f 1145/1652/1570 1151/1653/1571 1146/1654/1572
f 1146/1654/1572 1151/1653/1571 1150/1655/1573
f 1146/1654/1572 1150/1655/1573 1147/1656/1574
f 1147/1656/1574 1150/1655/1573 1149/1657/1575
f 1147/1656/1574 1149/1657/1575 1148/1658/1576
f 1155/1645/1563 1165/1644/1562 1156/1659/1577
f 1156/1659/1577 1165/1644/1562 1164/1660/1578
f 1156/1659/1577 1164/1660/1578 1157/1661/1579
f 1157/1661/1579 1164/1660/1578 1163/1662/1580
f 1157/1661/1579 1163/1662/1580 1158/1663/1581
f 1158/1663/1581 1163/1662/1580 1162/1664/1582
f 1158/1663/1581 1162/1664/1582 1159/1665/1583
f 1159/1665/1583 1162/1664/1582 1161/1666/1584
f 1159/1665/1583 1161/1666/1584 1160/1667/1585
f 1041/1668/1586 1040/1669/1587 1166/1670/1588
f 1166/1670/1588 1040/1669/1587 1078/1671/1589
f 1166/1670/1588 1078/1671/1589 1200/1672/1590
f 1200/1672/1590 1078/1671/1589 1077/1673/1591
f 1200/1672/1590 1077/1673/1591 1199/1674/1592
f 1199/1674/1592 1077/1673/1591 1076/1675/1593
f 1199/1674/1592 1076/1675/1593 1198/1676/1594
f 1198/1676/1594 1076/1675/1593 1075/1677/1595
f 1198/1676/1594 1075/1677/1595 1197/1678/1596
f 1197/1678/1596 1075/1677/1595 1074/1679/1597
f 1197/1678/1596 1074/1679/1597 1196/1680/1598
f 1196/1680/1598 1074/1679/1597 1073/1681/1599
f 1196/1680/1598 1073/1681/1599 1195/1682/1600
f 1195/1682/1600 1073/1681/1599 1072/1683/1601
f 1195/1682/1600 1072/1683/1601 1194/1684/1602
f 1194/1684/1602 1072/1683/1601 1071/1685/1603
f 1194/1684/1602 1071/1685/1603 1193/1686/1604
f 1193/1686/1604 1071/1685/1603 1070/1687/1605
f 1193/1686/1604 1070/1687/1605 1192/1688/1606
f 1192/1688/1606 1070/1687/1605 1069/1689/1607
f 1192/1688/1606 1069/1689/1607 1068/1690/1608
f 1192/1688/1606 1068/1690/1608 1191/1691/1609
f 1191/1691/1609 1068/1690/1608 1067/1692/1610
f 1191/1691/1609 1067/1692/1610 1190/1693/1611
f 1190/1693/1611 1067/1692/1610 1066/1694/1612
f 1190/1693/1611 1066/1694/1612 1189/1695/1613
f 1189/1695/1613 1066/1694/1612 1065/1696/1614
f 1189/1695/1613 1065/1696/1614 1188/1697/1615
f 1188/1697/1615 1065/1696/1614 1064/1698/1616
f 1188/1697/1615 1064/1698/1616 1187/1699/1617
f 1187/1699/1617 1064/1698/1616 1063/1700/1618
f 1187/1699/1617 1063/1700/1618 1186/1701/1619
f 1186/1701/1619 1063/1700/1618 1062/1702/1620
f 1186/1701/1619 1062/1702/1620 1185/1703/1621
f 1185/1703/1621 1062/1702/1620 1061/1704/1622
f 1185/1703/1621 1061/1704/1622 1184/1705/1623
f 1184/1705/1623 1061/1704/1622 1060/1706/1624
f 1184/1705/1623 1060/1706/1624 1059/1707/1625
f 1184/1705/1623 1059/1707/1625 1183/1708/1626
f 1183/1708/1626 1059/1707/1625 1058/1709/1627
f 1183/1708/1626 1058/1709/1627 1182/1710/1628
f 1182/1710/1628 1058/1709/1627 1057/1711/1629
f 1182/1710/1628 1057/1711/1629 1181/1712/1630
f 1181/1712/1630 1057/1711/1629 1056/1713/1631
f 1181/1712/1630 1056/1713/1631 1180/1714/1632
f 1180/1714/1632 1056/1713/1631 1055/1715/1633
f 1180/1714/1632 1055/1715/1633 1179/1716/1634
f 1179/1716/1634 1055/1715/1633 1054/1717/1635
f 1179/1716/1634 1054/1717/1635 1178/1718/1636
f 1178/1718/1636 1054/1717/1635 1053/1719/1637
f 1178/1718/1636 1053/1719/1637 1177/1720/1638
f 1177/1720/1638 1053/1719/1637 1052/1721/1639
f 1177/1720/1638 1052/1721/1639 1176/1722/1640
f 1176/1722/1640 1052/1721/1639 1051/1723/1641
f 1176/1722/1640 1051/1723/1641 1175/1724/1642
f 1175/1724/1642 1051/1723/1641 1050/1725/1643
f 1175/1724/1642 1050/1725/1643 1049/1726/1644
f 1175/1724/1642 1049/1726/1644 1174/1727/1645
f 1174/1727/1645 1049/1726/1644 1048/1728/1646
f 1174/1727/1645 1048/1728/1646 1173/1729/1647
f 1173/1729/1647 1048/1728/1646 1047/1730/1648
f 1173/1729/1647 1047/1730/1648 1172/1731/1649
f 1172/1731/1649 1047/1730/1648 1046/1732/1650
f 1172/1731/1649 1046/1732/1650 1171/1733/1651
f 1171/1733/1651 1046/1732/1650 1045/1734/1652
f 1171/1733/1651 1045/1734/1652 1170/1735/1653
f 1170/1735/1653 1045/1734/1652 1044/1736/1654
f 1170/1735/1653 1044/1736/1654 1169/1737/1655
f 1169/1737/1655 1044/1736/1654 1043/1738/1656
f 1169/1737/1655 1043/1738/1656 1168/1739/1657
f 1168/1739/1657 1043/1738/1656 1042/1740/1658
f 1168/1739/1657 1042/1740/1658 1167/1741/1659
f 1167/1741/1659 1042/1740/1658 1041/1668/1586
f 1167/1741/1659 1041/1668/1586 1166/1670/1588
f 1200/1742/1660 1211/1743/1661 1166/1744/1662
f 1166/1744/1662 1211/1743/1661 1220/1745/1663
f 1166/1744/1662 1220/1745/1663 1167/1746/1664
f 1167/1746/1664 1220/1745/1663 1392/1747/1665
f 1167/1746/1664 1392/1747/1665 1168/1748/1666
f 1168/1748/1666 1392/1747/1665 1387/1749/1667
f 1168/1748/1666 1387/1749/1667 1169/1750/1668
f 1169/1750/1668 1387/1749/1667 1377/1751/1669
f 1169/1750/1668 1377/1751/1669 1170/1752/1670
f 1170/1752/1670 1377/1751/1669 1386/1753/1671
f 1170/1752/1670 1386/1753/1671 1208/1754/1672
f 1208/1754/1672 1386/1753/1671 1385/1755/1673
f 1208/1754/1672 1385/1755/1673 1373/1756/1674
f 1373/1756/1674 1385/1755/1673 1384/1757/1675
f 1373/1756/1674 1384/1757/1675 1374/1758/1676
f 1374/1758/1676 1384/1757/1675 1383/1759/1677
f 1374/1758/1676 1383/1759/1677 1375/1760/1678
f 1375/1760/1678 1383/1759/1677 1382/1761/1679
f 1375/1760/1678 1382/1761/1679 1376/1762/1680
f 1376/1762/1680 1382/1761/1679 1201/1763/1681
f 1211/1743/1661 1200/1742/1660 1221/1764/1682
f 1221/1764/1682 1200/1742/1660 1199/1765/1683
f 1221/1764/1682 1199/1765/1683 1226/1766/1684
f 1226/1766/1684 1199/1765/1683 1198/1767/1685
f 1226/1766/1684 1198/1767/1685 1231/1768/1686
f 1231/1768/1686 1198/1767/1685 1197/1769/1687
f 1231/1768/1686 1197/1769/1687 1236/1770/1688
f 1236/1770/1688 1197/1769/1687 1209/1771/1689
f 1236/1770/1688 1209/1771/1689 1249/1772/1690
f 1249/1772/1690 1209/1771/1689 1242/1773/1691
f 1249/1772/1690 1242/1773/1691 1243/1774/1692
f 1243/1774/1692 1242/1773/1691 1252/1775/1693
f 1243/1774/1692 1252/1775/1693 1253/1776/1694
f 1253/1776/1694 1252/1775/1693 1258/1777/1695
f 1253/1776/1694 1258/1777/1695 1259/1778/1696
f 1259/1778/1696 1258/1777/1695 1264/1779/1697
f 1259/1778/1696 1264/1779/1697 1201/1780/1681
f 1197/1769/1687 1196/1781/1698 1209/1771/1689
f 1209/1771/1689 1196/1781/1698 1241/1782/1699
f 1209/1771/1689 1241/1782/1699 1242/1773/1691
f 1242/1773/1691 1241/1782/1699 1251/1783/1700
f 1242/1773/1691 1251/1783/1700 1252/1775/1693
f 1252/1775/1693 1251/1783/1700 1257/1784/1701
f 1252/1775/1693 1257/1784/1701 1258/1777/1695
f 1258/1777/1695 1257/1784/1701 1263/1785/1702
f 1258/1777/1695 1263/1785/1702 1264/1779/1697
f 1264/1779/1697 1263/1785/1702 1269/1786/1703
f 1264/1779/1697 1269/1786/1703 1201/1787/1681
f 1196/1781/1698 1195/1788/1704 1241/1782/1699
f 1241/1782/1699 1195/1788/1704 1250/1789/1705
f 1241/1782/1699 1250/1789/1705 1251/1783/1700
f 1251/1783/1700 1250/1789/1705 1256/1790/1706
f 1251/1783/1700 1256/1790/1706 1257/1784/1701
f 1257/1784/1701 1256/1790/1706 1262/1791/1707
f 1257/1784/1701 1262/1791/1707 1263/1785/1702
f 1263/1785/1702 1262/1791/1707 1268/1792/1708
f 1263/1785/1702 1268/1792/1708 1269/1786/1703
f 1269/1786/1703 1268/1792/1708 1274/1793/1709
f 1269/1786/1703 1274/1793/1709 1201/1794/1681
f 1195/1788/1704 1194/1795/1710 1250/1789/1705
f 1250/1789/1705 1194/1795/1710 1255/1796/1711
f 1250/1789/1705 1255/1796/1711 1256/1790/1706
f 1256/1790/1706 1255/1796/1711 1261/1797/1712
f 1256/1790/1706 1261/1797/1712 1262/1791/1707
f 1262/1791/1707 1261/1797/1712 1267/1798/1713
f 1262/1791/1707 1267/1798/1713 1268/1792/1708
f 1268/1792/1708 1267/1798/1713 1273/1799/1714
f 1268/1792/1708 1273/1799/1714 1274/1793/1709
f 1274/1793/1709 1273/1799/1714 1279/1800/1715
f 1274/1793/1709 1279/1800/1715 1201/1801/1681
f 1194/1795/1710 1193/1802/1716 1255/1796/1711
f 1255/1796/1711 1193/1802/1716 1260/1803/1717
f 1255/1796/1711 1260/1803/1717 1261/1797/1712
f 1261/1797/1712 1260/1803/1717 1266/1804/1718
f 1261/1797/1712 1266/1804/1718 1267/1798/1713
f 1267/1798/1713 1266/1804/1718 1272/1805/1719
f 1267/1798/1713 1272/1805/1719 1273/1799/1714
f 1273/1799/1714 1272/1805/1719 1278/1806/1720
f 1273/1799/1714 1278/1806/1720 1279/1800/1715
f 1279/1800/1715 1278/1806/1720 1284/1807/1721
f 1279/1800/1715 1284/1807/1721 1201/1808/1681
f 1193/1802/1716 1192/1809/1722 1260/1803/1717
f 1260/1803/1717 1192/1809/1722 1265/1810/1723
f 1260/1803/1717 1265/1810/1723 1266/1804/1718
f 1266/1804/1718 1265/1810/1723 1271/1811/1724
f 1266/1804/1718 1271/1811/1724 1272/1805/1719
f 1272/1805/1719 1271/1811/1724 1277/1812/1725
f 1272/1805/1719 1277/1812/1725 1278/1806/1720
f 1278/1806/1720 1277/1812/1725 1283/1813/1726
f 1278/1806/1720 1283/1813/1726 1284/1807/1721
f 1284/1807/1721 1283/1813/1726 1289/1814/1727
f 1284/1807/1721 1289/1814/1727 1201/1815/1681
f 1192/1809/1722 1191/1816/1728 1265/1810/1723
f 1265/1810/1723 1191/1816/1728 1270/1817/1729
f 1265/1810/1723 1270/1817/1729 1271/1811/1724
f 1271/1811/1724 1270/1817/1729 1276/1818/1730
f 1271/1811/1724 1276/1818/1730 1277/1812/1725
f 1277/1812/1725 1276/1818/1730 1282/1819/1731
f 1277/1812/1725 1282/1819/1731 1283/1813/1726
f 1283/1813/1726 1282/1819/1731 1288/1820/1732
f 1283/1813/1726 1288/1820/1732 1289/1814/1727
f 1289/1814/1727 1288/1820/1732 1295/1821/1733
f 1289/1814/1727 1295/1821/1733 1201/1822/1681
f 1191/1816/1728 1190/1823/1734 1270/1817/1729
f 1270/1817/1729 1190/1823/1734 1275/1824/1735
f 1270/1817/1729 1275/1824/1735 1276/1818/1730
f 1276/1818/1730 1275/1824/1735 1281/1825/1736
f 1276/1818/1730 1281/1825/1736 1282/1819/1731
f 1282/1819/1731 1281/1825/1736 1287/1826/1737
f 1282/1819/1731 1287/1826/1737 1288/1820/1732
f 1288/1820/1732 1287/1826/1737 1296/1827/1738
f 1288/1820/1732 1296/1827/1738 1295/1821/1733
f 1295/1821/1733 1296/1827/1738 1294/1828/1739
f 1295/1821/1733 1294/1828/1739 1201/1829/1681
f 1190/1823/1734 1189/1830/1740 1275/1824/1735
f 1275/1824/1735 1189/1830/1740 1280/1831/1741
f 1275/1824/1735 1280/1831/1741 1281/1825/1736
f 1281/1825/1736 1280/1831/1741 1286/1832/1742
f 1281/1825/1736 1286/1832/1742 1287/1826/1737
f 1287/1826/1737 1286/1832/1742 1297/1833/1743
f 1287/1826/1737 1297/1833/1743 1296/1827/1738
f 1296/1827/1738 1297/1833/1743 1293/1834/1744
f 1296/1827/1738 1293/1834/1744 1294/1828/1739
f 1294/1828/1739 1293/1834/1744 1303/1835/1745
f 1294/1828/1739 1303/1835/1745 1201/1836/1681
f 1189/1830/1740 1188/1837/1746 1280/1831/1741
f 1280/1831/1741 1188/1837/1746 1285/1838/1747
f 1280/1831/1741 1285/1838/1747 1286/1832/1742
f 1286/1832/1742 1285/1838/1747 1298/1839/1748
f 1286/1832/1742 1298/1839/1748 1297/1833/1743
f 1297/1833/1743 1298/1839/1748 1292/1840/1749
f 1297/1833/1743 1292/1840/1749 1293/1834/1744
f 1293/1834/1744 1292/1840/1749 1302/1841/1750
f 1293/1834/1744 1302/1841/1750 1303/1835/1745
f 1303/1835/1745 1302/1841/1750 1308/1842/1751
f 1303/1835/1745 1308/1842/1751 1201/1843/1681
f 1285/1838/1747 1188/1837/1746 1210/1844/1752
f 1210/1844/1752 1188/1837/1746 1187/1845/1753
f 1210/1844/1752 1187/1845/1753 1290/1846/1754
f 1290/1846/1754 1187/1845/1753 1186/1847/1755
f 1290/1846/1754 1186/1847/1755 1299/1848/1756
f 1299/1848/1756 1186/1847/1755 1185/1849/1757
f 1299/1848/1756 1185/1849/1757 1304/1850/1758
f 1304/1850/1758 1185/1849/1757 1184/1851/1759
f 1304/1850/1758 1184/1851/1759 1202/1852/1760
f 1202/1853/1760 1184/1854/1759 1183/1855/1761
f 1202/1853/1760 1183/1855/1761 1309/1856/1762
f 1309/1856/1762 1183/1855/1761 1182/1857/1763
f 1309/1856/1762 1182/1857/1763 1314/1858/1764
f 1314/1858/1764 1182/1857/1763 1181/1859/1765
f 1314/1858/1764 1181/1859/1765 1319/1860/1766
f 1319/1860/1766 1181/1859/1765 1180/1861/1767
f 1319/1860/1766 1180/1861/1767 1207/1862/1768
f 1207/1862/1768 1180/1861/1767 1179/1863/1769
f 1207/1862/1768 1179/1863/1769 1337/1864/1770
f 1337/1864/1770 1179/1863/1769 1328/1865/1771
f 1337/1864/1770 1328/1865/1771 1329/1866/1772
f 1329/1866/1772 1328/1865/1771 1339/1867/1773
f 1329/1866/1772 1339/1867/1773 1340/1868/1774
f 1340/1868/1774 1339/1867/1773 1345/1869/1775
f 1340/1868/1774 1345/1869/1775 1346/1870/1776
f 1346/1870/1776 1345/1869/1775 1351/1871/1777
f 1346/1870/1776 1351/1871/1777 1352/1872/1778
f 1352/1872/1778 1351/1871/1777 1357/1873/1779
f 1352/1872/1778 1357/1873/1779 1201/1874/1681
f 1179/1863/1769 1178/1875/1780 1328/1865/1771
f 1328/1865/1771 1178/1875/1780 1338/1876/1781
f 1328/1865/1771 1338/1876/1781 1339/1867/1773
f 1339/1867/1773 1338/1876/1781 1344/1877/1782
f 1339/1867/1773 1344/1877/1782 1345/1869/1775
f 1345/1869/1775 1344/1877/1782 1350/1878/1783
f 1345/1869/1775 1350/1878/1783 1351/1871/1777
f 1351/1871/1777 1350/1878/1783 1356/1879/1784
f 1351/1871/1777 1356/1879/1784 1357/1873/1779
f 1357/1873/1779 1356/1879/1784 1362/1880/1785
f 1357/1873/1779 1362/1880/1785 1201/1881/1681
f 1178/1875/1780 1177/1882/1786 1338/1876/1781
f 1338/1876/1781 1177/1882/1786 1343/1883/1787
f 1338/1876/1781 1343/1883/1787 1344/1877/1782
f 1344/1877/1782 1343/1883/1787 1349/1884/1788
f 1344/1877/1782 1349/1884/1788 1350/1878/1783
f 1350/1878/1783 1349/1884/1788 1355/1885/1789
f 1350/1878/1783 1355/1885/1789 1356/1879/1784
f 1356/1879/1784 1355/1885/1789 1361/1886/1790
f 1356/1879/1784 1361/1886/1790 1362/1880/1785
f 1362/1880/1785 1361/1886/1790 1367/1887/1791
f 1362/1880/1785 1367/1887/1791 1201/1888/1681
f 1177/1882/1786 1176/1889/1792 1343/1883/1787
f 1343/1883/1787 1176/1889/1792 1348/1890/1793
f 1343/1883/1787 1348/1890/1793 1349/1884/1788
f 1349/1884/1788 1348/1890/1793 1354/1891/1794
f 1349/1884/1788 1354/1891/1794 1355/1885/1789
f 1355/1885/1789 1354/1891/1794 1360/1892/1795
f 1355/1885/1789 1360/1892/1795 1361/1886/1790
f 1361/1886/1790 1360/1892/1795 1366/1893/1796
f 1361/1886/1790 1366/1893/1796 1367/1887/1791
f 1367/1887/1791 1366/1893/1796 1372/1894/1797
f 1367/1887/1791 1372/1894/1797 1201/1895/1681
f 1176/1889/1792 1175/1896/1798 1348/1890/1793
f 1348/1890/1793 1175/1896/1798 1353/1897/1799
f 1348/1890/1793 1353/1897/1799 1354/1891/1794
f 1354/1891/1794 1353/1897/1799 1359/1898/1800
f 1354/1891/1794 1359/1898/1800 1360/1892/1795
f 1360/1892/1795 1359/1898/1800 1365/1899/1801
f 1360/1892/1795 1365/1899/1801 1366/1893/1796
f 1366/1893/1796 1365/1899/1801 1371/1900/1802
f 1366/1893/1796 1371/1900/1802 1372/1894/1797
f 1372/1894/1797 1371/1900/1802 1376/1762/1680
f 1372/1894/1797 1376/1762/1680 1201/1901/1681
f 1175/1896/1798 1174/1902/1803 1353/1897/1799
f 1353/1897/1799 1174/1902/1803 1358/1903/1804
f 1353/1897/1799 1358/1903/1804 1359/1898/1800
f 1359/1898/1800 1358/1903/1804 1364/1904/1805
f 1359/1898/1800 1364/1904/1805 1365/1899/1801
f 1365/1899/1801 1364/1904/1805 1370/1905/1806
f 1365/1899/1801 1370/1905/1806 1371/1900/1802
f 1371/1900/1802 1370/1905/1806 1375/1760/1678
f 1371/1900/1802 1375/1760/1678 1376/1762/1680
f 1174/1902/1803 1173/1906/1807 1358/1903/1804
f 1358/1903/1804 1173/1906/1807 1363/1907/1808
f 1358/1903/1804 1363/1907/1808 1364/1904/1805
f 1364/1904/1805 1363/1907/1808 1369/1908/1809
f 1364/1904/1805 1369/1908/1809 1370/1905/1806
f 1370/1905/1806 1369/1908/1809 1374/1758/1676
f 1370/1905/1806 1374/1758/1676 1375/1760/1678
f 1173/1906/1807 1172/1909/1810 1363/1907/1808
f 1363/1907/1808 1172/1909/1810 1368/1910/1811
f 1363/1907/1808 1368/1910/1811 1369/1908/1809
f 1369/1908/1809 1368/1910/1811 1373/1756/1674
f 1369/1908/1809 1373/1756/1674 1374/1758/1676
f 1172/1909/1810 1171/1911/1812 1368/1910/1811
f 1368/1910/1811 1171/1911/1812 1208/1754/1672
f 1368/1910/1811 1208/1754/1672 1373/1756/1674
f 1171/1911/1812 1170/1752/1670 1208/1754/1672
f 1206/1912/1813 1201/1913/1681 1308/1842/1751
f 1259/1778/1696 1201/1914/1681 1254/1915/1814
f 1254/1915/1814 1201/1916/1681 1245/1917/1815
f 1246/1918/1816 1201/1919/1681 1240/1920/1817
f 1240/1920/1817 1201/1921/1681 1235/1922/1818
f 1235/1922/1818 1201/1923/1681 1230/1924/1819
f 1230/1924/1819 1201/1925/1681 1225/1926/1820
f 1225/1926/1820 1201/1927/1681 1215/1928/1821
f 1215/1928/1821 1201/1929/1681 1216/1930/1822
f 1216/1930/1822 1201/1931/1681 1396/1932/1823
f 1396/1932/1823 1201/1933/1681 1391/1934/1824
f 1391/1934/1824 1201/1935/1681 1381/1936/1825
f 1381/1936/1825 1201/1937/1681 1382/1761/1679
f 1352/1872/1778 1201/1938/1681 1347/1939/1826
f 1347/1939/1826 1201/1940/1681 1342/1941/1827
f 1342/1941/1827 1201/1942/1681 1332/1943/1828
f 1332/1943/1828 1201/1944/1681 1333/1945/1829
f 1333/1945/1829 1201/1946/1681 1327/1947/1830
f 1327/1947/1830 1201/1948/1681 1323/1949/1831
f 1323/1949/1831 1201/1950/1681 1318/1951/1832
f 1318/1951/1832 1201/1952/1681 1313/1953/1833
f 1313/1953/1833 1201/1954/1681 1206/1955/1813
f 1202/1852/1760 1203/1956/1834 1304/1850/1758
f 1304/1850/1758 1203/1956/1834 1305/1957/1835
f 1304/1850/1758 1305/1957/1835 1299/1848/1756
f 1299/1848/1756 1305/1957/1835 1300/1958/1836
f 1299/1848/1756 1300/1958/1836 1290/1846/1754
f 1290/1846/1754 1300/1958/1836 1291/1959/1837
f 1290/1846/1754 1291/1959/1837 1210/1844/1752
f 1210/1844/1752 1291/1959/1837 1298/1839/1748
f 1210/1844/1752 1298/1839/1748 1285/1838/1747
f 1203/1956/1834 1204/1960/1838 1305/1957/1835
f 1305/1957/1835 1204/1960/1838 1306/1961/1839
f 1305/1957/1835 1306/1961/1839 1300/1958/1836
f 1300/1958/1836 1306/1961/1839 1301/1962/1840
f 1300/1958/1836 1301/1962/1840 1291/1959/1837
f 1291/1959/1837 1301/1962/1840 1292/1840/1749
f 1291/1959/1837 1292/1840/1749 1298/1839/1748
f 1203/1963/1834 1202/1853/1760 1310/1964/1841
f 1310/1964/1841 1202/1853/1760 1309/1856/1762
f 1310/1964/1841 1309/1856/1762 1315/1965/1842
f 1315/1965/1842 1309/1856/1762 1314/1858/1764
f 1315/1965/1842 1314/1858/1764 1320/1966/1843
f 1320/1966/1843 1314/1858/1764 1319/1860/1766
f 1320/1966/1843 1319/1860/1766 1324/1967/1844
f 1324/1967/1844 1319/1860/1766 1207/1862/1768
f 1324/1967/1844 1207/1862/1768 1336/1968/1845
f 1336/1968/1845 1207/1862/1768 1337/1864/1770
f 1336/1968/1845 1337/1864/1770 1329/1866/1772
f 1204/1960/1838 1205/1969/1846 1306/1961/1839
f 1306/1961/1839 1205/1969/1846 1307/1970/1847
f 1306/1961/1839 1307/1970/1847 1301/1962/1840
f 1301/1962/1840 1307/1970/1847 1302/1841/1750
f 1301/1962/1840 1302/1841/1750 1292/1840/1749
f 1204/1971/1838 1203/1963/1834 1311/1972/1848
f 1311/1972/1848 1203/1963/1834 1310/1964/1841
f 1311/1972/1848 1310/1964/1841 1316/1973/1849
f 1316/1973/1849 1310/1964/1841 1315/1965/1842
f 1316/1973/1849 1315/1965/1842 1321/1974/1850
f 1321/1974/1850 1315/1965/1842 1320/1966/1843
f 1321/1974/1850 1320/1966/1843 1325/1975/1851
f 1325/1975/1851 1320/1966/1843 1324/1967/1844
f 1325/1975/1851 1324/1967/1844 1335/1976/1852
f 1335/1976/1852 1324/1967/1844 1336/1968/1845
f 1335/1976/1852 1336/1968/1845 1330/1977/1853
f 1330/1977/1853 1336/1968/1845 1329/1866/1772
f 1330/1977/1853 1329/1866/1772 1340/1868/1774
f 1205/1969/1846 1206/1912/1813 1307/1970/1847
f 1307/1970/1847 1206/1912/1813 1308/1842/1751
f 1307/1970/1847 1308/1842/1751 1302/1841/1750
f 1205/1978/1846 1204/1971/1838 1312/1979/1854
f 1312/1979/1854 1204/1971/1838 1311/1972/1848
f 1312/1979/1854 1311/1972/1848 1317/1980/1855
f 1317/1980/1855 1311/1972/1848 1316/1973/1849
f 1317/1980/1855 1316/1973/1849 1322/1981/1856
f 1322/1981/1856 1316/1973/1849 1321/1974/1850
f 1322/1981/1856 1321/1974/1850 1326/1982/1857
f 1326/1982/1857 1321/1974/1850 1325/1975/1851
f 1326/1982/1857 1325/1975/1851 1334/1983/1858
f 1334/1983/1858 1325/1975/1851 1335/1976/1852
f 1334/1983/1858 1335/1976/1852 1331/1984/1859
f 1331/1984/1859 1335/1976/1852 1330/1977/1853
f 1331/1984/1859 1330/1977/1853 1341/1985/1860
f 1341/1985/1860 1330/1977/1853 1340/1868/1774
f 1341/1985/1860 1340/1868/1774 1346/1870/1776
f 1206/1955/1813 1205/1978/1846 1313/1953/1833
f 1313/1953/1833 1205/1978/1846 1312/1979/1854
f 1313/1953/1833 1312/1979/1854 1318/1951/1832
f 1318/1951/1832 1312/1979/1854 1317/1980/1855
f 1318/1951/1832 1317/1980/1855 1323/1949/1831
f 1323/1949/1831 1317/1980/1855 1322/1981/1856
f 1323/1949/1831 1322/1981/1856 1327/1947/1830
f 1327/1947/1830 1322/1981/1856 1326/1982/1857
f 1327/1947/1830 1326/1982/1857 1333/1945/1829
f 1333/1945/1829 1326/1982/1857 1334/1983/1858
f 1333/1945/1829 1334/1983/1858 1332/1943/1828
f 1332/1943/1828 1334/1983/1858 1331/1984/1859
f 1332/1943/1828 1331/1984/1859 1342/1941/1827
f 1342/1941/1827 1331/1984/1859 1341/1985/1860
f 1342/1941/1827 1341/1985/1860 1347/1939/1826
f 1347/1939/1826 1341/1985/1860 1346/1870/1776
f 1347/1939/1826 1346/1870/1776 1352/1872/1778
f 1245/1917/1815 1201/1986/1681 1246/1918/1816
f 1211/1743/1661 1212/1987/1861 1220/1745/1663
f 1220/1745/1663 1212/1987/1861 1219/1988/1862
f 1220/1745/1663 1219/1988/1862 1392/1747/1665
f 1392/1747/1665 1219/1988/1862 1393/1989/1863
f 1392/1747/1665 1393/1989/1863 1387/1749/1667
f 1387/1749/1667 1393/1989/1863 1388/1990/1864
f 1387/1749/1667 1388/1990/1864 1377/1751/1669
f 1377/1751/1669 1388/1990/1864 1378/1991/1865
f 1377/1751/1669 1378/1991/1865 1386/1753/1671
f 1386/1753/1671 1378/1991/1865 1385/1755/1673
f 1212/1987/1861 1213/1992/1866 1219/1988/1862
f 1219/1988/1862 1213/1992/1866 1218/1993/1867
f 1219/1988/1862 1218/1993/1867 1393/1989/1863
f 1393/1989/1863 1218/1993/1867 1394/1994/1868
f 1393/1989/1863 1394/1994/1868 1388/1990/1864
f 1388/1990/1864 1394/1994/1868 1389/1995/1869
f 1388/1990/1864 1389/1995/1869 1378/1991/1865
f 1378/1991/1865 1389/1995/1869 1379/1996/1870
f 1378/1991/1865 1379/1996/1870 1385/1755/1673
f 1385/1755/1673 1379/1996/1870 1384/1757/1675
f 1212/1987/1861 1211/1743/1661 1222/1997/1871
f 1222/1997/1871 1211/1743/1661 1221/1764/1682
f 1222/1997/1871 1221/1764/1682 1227/1998/1872
f 1227/1998/1872 1221/1764/1682 1226/1766/1684
f 1227/1998/1872 1226/1766/1684 1232/1999/1873
f 1232/1999/1873 1226/1766/1684 1231/1768/1686
f 1232/1999/1873 1231/1768/1686 1237/2000/1874
f 1237/2000/1874 1231/1768/1686 1236/1770/1688
f 1237/2000/1874 1236/1770/1688 1249/1772/1690
f 1213/1992/1866 1214/2001/1875 1218/1993/1867
f 1218/1993/1867 1214/2001/1875 1217/2002/1876
f 1218/1993/1867 1217/2002/1876 1394/1994/1868
f 1394/1994/1868 1217/2002/1876 1395/2003/1877
f 1394/1994/1868 1395/2003/1877 1389/1995/1869
f 1389/1995/1869 1395/2003/1877 1390/2004/1878
f 1389/1995/1869 1390/2004/1878 1379/1996/1870
f 1379/1996/1870 1390/2004/1878 1380/2005/1879
f 1379/1996/1870 1380/2005/1879 1384/1757/1675
f 1384/1757/1675 1380/2005/1879 1383/1759/1677
f 1213/1992/1866 1212/1987/1861 1223/2006/1880
f 1223/2006/1880 1212/1987/1861 1222/1997/1871
f 1223/2006/1880 1222/1997/1871 1228/2007/1881
f 1228/2007/1881 1222/1997/1871 1227/1998/1872
f 1228/2007/1881 1227/1998/1872 1233/2008/1882
f 1233/2008/1882 1227/1998/1872 1232/1999/1873
f 1233/2008/1882 1232/1999/1873 1238/2009/1883
f 1238/2009/1883 1232/1999/1873 1237/2000/1874
f 1238/2009/1883 1237/2000/1874 1248/2010/1884
f 1248/2010/1884 1237/2000/1874 1249/1772/1690
f 1248/2010/1884 1249/1772/1690 1243/1774/1692
f 1214/2001/1875 1215/1928/1821 1217/2002/1876
f 1217/2002/1876 1215/1928/1821 1216/1930/1822
f 1217/2002/1876 1216/1930/1822 1395/2003/1877
f 1395/2003/1877 1216/1930/1822 1396/1932/1823
f 1395/2003/1877 1396/1932/1823 1390/2004/1878
f 1390/2004/1878 1396/1932/1823 1391/1934/1824
f 1390/2004/1878 1391/1934/1824 1380/2005/1879
f 1380/2005/1879 1391/1934/1824 1381/1936/1825
f 1380/2005/1879 1381/1936/1825 1383/1759/1677
f 1383/1759/1677 1381/1936/1825 1382/1761/1679
f 1214/2001/1875 1213/1992/1866 1224/2011/1885
f 1224/2011/1885 1213/1992/1866 1223/2006/1880
f 1224/2011/1885 1223/2006/1880 1229/2012/1886
f 1229/2012/1886 1223/2006/1880 1228/2007/1881
f 1229/2012/1886 1228/2007/1881 1234/2013/1887
f 1234/2013/1887 1228/2007/1881 1233/2008/1882
f 1234/2013/1887 1233/2008/1882 1239/2014/1888
f 1239/2014/1888 1233/2008/1882 1238/2009/1883
f 1239/2014/1888 1238/2009/1883 1247/2015/1889
f 1247/2015/1889 1238/2009/1883 1248/2010/1884
f 1247/2015/1889 1248/2010/1884 1244/2016/1890
f 1244/2016/1890 1248/2010/1884 1243/1774/1692
f 1244/2016/1890 1243/1774/1692 1253/1776/1694
f 1215/1928/1821 1214/2001/1875 1225/1926/1820
f 1225/1926/1820 1214/2001/1875 1224/2011/1885
f 1225/1926/1820 1224/2011/1885 1230/1924/1819
f 1230/1924/1819 1224/2011/1885 1229/2012/1886
f 1230/1924/1819 1229/2012/1886 1235/1922/1818
f 1235/1922/1818 1229/2012/1886 1234/2013/1887
f 1235/1922/1818 1234/2013/1887 1240/1920/1817
f 1240/1920/1817 1234/2013/1887 1239/2014/1888
f 1240/1920/1817 1239/2014/1888 1246/1918/1816
f 1246/1918/1816 1239/2014/1888 1247/2015/1889
f 1246/1918/1816 1247/2015/1889 1245/1917/1815
f 1245/1917/1815 1247/2015/1889 1244/2016/1890
f 1245/1917/1815 1244/2016/1890 1254/1915/1814
f 1254/1915/1814 1244/2016/1890 1253/1776/1694
f 1254/1915/1814 1253/1776/1694 1259/1778/1696
# 1396 vertices
# 2016 texture params
# 1890 normals
# 2780 facets

# 3 groups
